# frame	protein_index	rx	ry	rz	r
0	24	1.780000	-0.170000	-3.347000	3.794695
0	23	-0.760000	2.030000	-3.275000	3.927356
1	24	0.870000	-0.850000	-2.643300	2.909714
1	23	-2.340000	0.720000	-5.256200	5.798417
2	24	2.530000	-1.300000	-3.482500	4.496522
2	23	-2.130000	-1.840000	-3.833200	4.755620
3	24	2.730000	-2.650000	-3.608200	5.243521
3	40	-2.610000	1.510000	-2.730300	4.067768
3	1	1.460000	-2.320000	-3.800000	4.685510
3	23	-3.320000	-1.690000	-2.736000	4.622142
4	24	3.400000	1.230000	-3.588600	5.094207
4	40	-0.280000	0.460000	-3.208600	3.253477
4	1	2.950000	0.080000	-4.421000	5.315462
4	23	-1.700000	-0.660000	-3.775000	4.192401
5	24	3.140000	0.160000	-2.741700	4.171585
5	40	-1.810000	-1.910000	-5.656000	6.238152
5	1	0.080000	-3.540000	-2.736000	4.474784
5	23	-2.410000	-2.510000	-5.424920	6.444995
6	24	1.680000	-0.740000	-5.611000	5.903670
6	40	-1.120000	-2.020000	-4.693400	5.230947
6	1	-0.420000	-2.880000	-4.172000	5.086884
6	23	-2.870000	-2.130000	-2.529000	4.378315
7	24	2.080000	-0.730000	-4.475000	4.988479
7	40	-1.490000	1.090000	-5.778000	6.065763
7	1	-2.790000	1.100000	-2.809000	4.109085
7	23	-3.760000	-2.510000	-3.168000	5.520319
8	24	-1.690000	0.840000	-4.218000	4.620955
8	40	1.130000	1.530000	-2.339000	3.014751
8	1	-0.870000	-1.250000	-5.588100	5.791913
8	23	-5.040000	0.370000	-2.603000	5.684550
9	24	1.750000	-1.010000	-0.730000	2.148371
9	40	-0.610000	2.310000	-3.214400	4.005068
9	1	-3.790000	-0.970000	-3.880400	5.510218
9	23	-2.020000	1.070000	-4.712000	5.237198
10	24	4.220000	-0.850000	-4.223700	6.030799
10	40	-0.430000	2.500000	-3.577600	4.385672
10	1	-2.400000	0.570000	-3.734000	4.475227
10	23	-1.960000	3.400000	-2.079000	4.441153
11	24	3.220000	-2.400000	-2.814200	4.903888
11	40	0.940000	1.110000	-4.422000	4.655082
11	1	-2.460000	-0.550000	-2.563000	3.594867
11	23	-1.360000	0.710000	-2.757900	3.155901
12	24	-0.280000	-4.110000	-3.180900	5.204673
12	40	0.490000	1.330000	-3.180100	3.481671
12	1	-2.190000	-1.240000	-4.383000	5.054146
12	23	-5.050000	-0.890000	-1.880000	5.461593
13	24	1.770000	-3.950000	-2.948900	5.237500
13	40	-0.290000	3.110000	-4.462600	5.447109
13	1	-4.040000	0.160000	-3.928000	5.637055
13	23	-3.050000	0.170000	-1.836000	3.564028
14	40	-0.930000	1.900000	-4.931300	5.365875
14	1	-4.350000	-0.970000	-3.450000	5.636125
15	40	-1.300000	0.630000	-3.788400	4.054488
15	1	-3.900000	-1.640000	-4.545500	6.209764
16	40	-2.100000	1.090000	-4.414800	5.008848
16	1	-3.980000	-1.730000	-4.256000	6.078391
17	40	-1.250000	-2.810000	-4.414700	5.380351
17	1	-0.670000	-3.460000	-4.020000	5.346111
18	40	-2.000000	-0.150000	-4.098800	4.563185
18	1	-3.350000	-1.340000	-4.953000	6.127831
19	40	-0.600000	0.430000	-4.200000	4.264376
19	1	-0.020000	-4.350000	-3.671000	5.692024
20	24	-2.870000	1.440000	-3.476400	4.732426
20	40	1.710000	1.860000	-4.360000	5.039177
20	1	2.820000	-0.010000	-4.909000	5.661341
20	31	-2.430000	-0.230000	-4.439600	5.066345
21	24	1.480000	-0.990000	-3.455800	3.887551
21	40	-0.890000	2.890000	-5.123000	5.948893
21	1	2.180000	1.130000	-4.137000	4.810828
21	31	-0.300000	-2.250000	-4.970500	5.464281
22	24	-0.270000	-0.580000	-4.080200	4.130052
22	40	-2.780000	-2.390000	-4.872000	6.097285
22	1	-3.050000	0.010000	-3.090000	4.341739
22	31	-1.260000	-2.490000	-3.192000	4.239878
23	24	-2.010000	-1.450000	-4.429000	5.075297
23	40	-1.130000	-2.380000	-5.105000	5.744765
23	1	-0.890000	-0.060000	-3.314000	3.431952
23	31	0.320000	-0.780000	-1.933000	2.108860
24	24	-0.010000	0.330000	-3.587600	3.602759
24	40	-0.440000	-0.120000	-3.617000	3.645640
24	1	-0.730000	2.560000	-4.067000	4.860760
24	31	0.670000	-0.910000	-3.517000	3.694088
25	24	-2.630000	-1.980000	-2.433100	4.093565
25	40	-0.720000	-4.410000	-4.099000	6.063687
25	1	-1.250000	0.270000	-2.622000	2.917239
25	31	-1.840000	-2.020000	-3.794670	4.676058
26	24	-0.600000	-0.530000	-4.067700	4.145731
26	40	1.390000	-2.130000	-3.143800	4.043820
26	1	1.960000	2.090000	-3.383000	4.433327
26	31	-1.390000	-0.990000	-3.551200	3.939952
27	24	1.380000	-1.060000	-3.657000	4.049895
27	40	-0.390000	1.190000	-2.128542	2.469593
27	1	-0.820000	2.700000	-3.816400	4.746294
27	31	0.980000	-2.600000	-2.375000	3.655274
28	24	0.640000	0.320000	-3.368000	3.443171
28	40	-0.080000	-3.300000	-3.061000	4.501791
28	1	-2.950000	-2.810000	-3.588000	5.428844
28	31	0.630000	-0.880000	-3.034000	3.221251
29	24	1.730000	4.190000	-1.556800	4.792977
29	40	1.560000	2.180000	-2.658200	3.775186
29	1	-2.480000	1.180000	-4.262000	5.070251
29	31	1.020000	0.190000	-4.801100	4.911930
30	24	3.110000	0.990000	-2.771000	4.281430
30	40	-0.160000	-2.280000	-4.656400	5.187105
30	1	-1.540000	-2.650000	-3.669000	4.780759
30	31	-0.100000	-0.420000	-5.150590	5.168653
31	38	-0.740000	3.140000	-3.997900	5.137159
31	40	-0.500000	-3.380000	-4.206900	5.419632
31	1	-0.560000	0.380000	-3.393000	3.459834
31	39	-3.510000	0.850000	-4.091000	5.457003
32	38	-2.080000	2.950000	-4.453000	5.732199
32	40	-0.400000	-1.500000	-4.645000	4.897553
32	1	1.070000	0.810000	-3.216000	3.484775
32	39	-1.950000	0.270000	-3.989000	4.448317
33	38	-0.140000	0.410000	-3.457500	3.484538
33	40	1.930000	-0.670000	-4.436100	4.883931
33	1	3.800000	1.550000	-2.658000	4.889526
33	39	-1.160000	-1.020000	-4.278700	4.548986
34	38	0.340000	1.970000	-3.944100	4.421812
34	40	-0.190000	-3.160000	-3.766200	4.919956
34	1	-0.090000	0.580000	-4.884000	4.919142
34	39	-1.610000	-3.390000	-3.517000	5.143296
35	38	1.380000	1.970000	-4.757000	5.330511
35	40	-0.030000	-1.810000	-4.634000	4.975033
35	1	-1.360000	0.650000	-4.681000	4.917709
35	39	-1.840000	-2.310000	-3.295000	4.424785
36	38	1.740000	3.180000	-4.361000	5.670831
36	40	1.430000	0.060000	-2.053500	2.503071
36	1	3.450000	3.540000	-4.698360	6.819728
36	39	-1.970000	-2.560000	-3.984000	5.129011
37	38	0.500000	3.720000	-4.376200	5.765373
37	40	1.580000	-1.350000	-4.476000	4.934924
37	1	2.700000	2.140000	-3.398000	4.839009
37	39	-4.530000	-1.360000	-3.634000	5.964600
38	38	4.090000	2.100000	-4.874000	6.700297
38	40	-0.730000	-4.850000	-3.241100	5.878786
38	1	0.750000	1.770000	-4.244100	4.659161
38	39	-2.820000	-2.620000	-2.324000	4.496418
39	38	3.290000	1.850000	-3.473300	5.129368
39	39	-2.800000	-1.610000	-4.130200	5.243153
40	38	2.180000	3.320000	-2.954000	4.949840
40	39	-4.250000	0.620000	-4.797000	6.438797
41	38	3.220000	-0.430000	-3.212600	4.568818
41	40	-2.860000	0.060000	-4.708300	5.509200
41	31	-0.200000	1.950000	-6.044200	6.354121
41	39	-1.850000	-3.790000	-4.313600	6.032723
42	38	0.990000	1.540000	-5.497000	5.793851
42	40	-2.830000	-1.560000	-1.736000	3.668269
42	31	-1.530000	0.190000	-6.058800	6.251884
42	39	-0.640000	-2.920000	-2.065000	3.633211
43	38	-0.480000	0.420000	-5.104000	5.143697
43	40	-0.090000	-0.390000	-6.199000	6.211908
43	31	0.760000	2.620000	-3.167000	4.179939
43	39	-3.680000	-3.150000	-2.940000	5.666436
44	38	0.310000	1.580000	-5.685000	5.908614
44	40	0.370000	-3.220000	-4.289700	5.376507
44	31	-0.470000	1.320000	-4.821400	5.020876
44	39	-2.790000	-2.910000	-2.861000	4.943432
45	38	1.400000	0.380000	-4.348600	4.584182
45	40	1.470000	-0.200000	-4.153800	4.410777
45	31	0.670000	2.500000	-5.465700	6.047543
45	39	1.200000	-2.150000	-3.731000	4.470219
46	38	0.260000	2.480000	-4.185400	4.871917
46	40	-0.640000	0.490000	-3.862480	3.945688
46	31	1.560000	1.140000	-4.559700	4.952178
46	39	-1.380000	1.070000	-4.535000	4.859581
47	38	1.310000	1.560000	-5.128000	5.517797
47	40	-0.560000	-0.010000	-5.366000	5.395151
47	31	-0.160000	2.160000	-2.997000	3.697730
47	39	0.780000	-2.040000	-4.734000	5.213517
48	38	2.740000	1.080000	-5.433000	6.179926
48	40	0.210000	-2.440000	-3.843900	4.557770
48	31	-0.560000	-1.340000	-5.415300	5.606663
48	39	1.920000	-2.540000	-2.184000	3.861069
49	38	2.810000	2.900000	-3.247000	5.181613
49	40	-0.100000	0.320000	-4.288400	4.301485
49	31	-1.160000	1.890000	-4.830600	5.315298
49	39	-0.640000	-1.330000	-5.075073	5.285344
50	38	2.840000	1.780000	-2.743100	4.331120
50	40	3.940000	-1.260000	-3.504100	5.421247
50	31	0.630000	1.530000	-4.487000	4.782360
50	39	-0.270000	-3.130000	-3.935900	5.035981
51	38	2.920000	1.370000	-4.403450	5.458358
51	40	2.770000	-0.310000	-2.348500	3.644784
51	31	1.500000	-1.120000	-4.559390	4.928736
51	39	0.170000	-1.840000	-3.969000	4.378066
52	38	-0.610000	0.070000	-4.804000	4.843079
52	40	3.700000	-0.020000	-3.938400	5.403831
52	31	1.460000	-0.740000	-4.525000	4.811946
52	39	-2.790000	-2.090000	-3.584000	4.999726
53	38	1.050000	1.730000	-5.130000	5.514735
53	40	1.500000	-1.410000	-3.778000	4.302486
53	31	0.930000	-0.380000	-6.295300	6.374959
53	39	-3.480000	0.770000	-3.915000	5.294386
54	38	2.060000	1.510000	-4.425000	5.109239
54	40	2.670000	-0.650000	-4.910000	5.626678
54	31	2.580000	-1.240000	-2.790000	3.997262
54	39	-2.430000	-0.410000	-3.601000	4.363508
55	38	3.930000	0.200000	-3.139500	5.034020
55	40	-0.630000	0.180000	-5.582000	5.620322
55	31	-1.100000	-2.090000	-4.092000	4.724676
55	39	0.790000	-2.100000	-3.636000	4.272540
56	38	4.300000	-0.020000	-2.145200	4.805443
56	40	-1.290000	-0.240000	-4.837000	5.011813
56	31	1.000000	-4.380000	-2.809000	5.298573
56	39	-1.740000	-1.140000	-4.825600	5.254866
57	38	1.320000	-2.190000	-4.627000	5.286552
57	40	0.150000	2.270000	-3.977000	4.581695
57	31	0.120000	-1.750000	-4.001000	4.368627
57	39	-3.730000	-0.960000	-2.081000	4.377792
58	38	4.720000	-0.680000	-4.278000	6.406410
58	40	1.750000	2.940000	-3.949500	5.225385
58	31	1.020000	-2.690000	-5.033000	5.797205
58	39	-3.720000	-1.760000	-3.212000	5.220435
59	38	4.140000	-0.540000	-2.573500	4.904498
59	40	1.170000	2.370000	-5.035000	5.686565
59	31	-0.200000	-2.130000	-4.280000	4.784903
59	39	-3.560000	-1.820000	-4.939000	6.354504
60	38	3.140000	-1.320000	-3.980000	5.238549
60	40	1.920000	3.360000	-4.690800	6.081086
60	31	2.290000	-0.940000	-4.130000	4.815039
60	39	-5.320000	-0.070000	-3.729000	6.497133
61	38	3.640000	0.790000	-4.729000	6.019729
61	40	0.980000	1.790000	-4.953000	5.356931
61	31	-0.990000	-0.090000	-3.849000	3.975299
61	39	-4.040000	0.870000	-3.439000	5.376358
62	38	5.170000	0.680000	-3.034300	6.033098
62	40	0.730000	-0.580000	-4.282000	4.382331
62	31	-0.380000	-1.740000	-4.169000	4.533493
62	39	-2.220000	0.660000	-4.424600	4.994105
63	38	4.160000	-1.530000	-2.364800	5.023821
63	40	3.950000	0.270000	-3.413400	5.227495
63	31	-1.780000	-1.080000	-5.152000	5.556789
63	39	-2.790000	-0.720000	-4.997400	5.768579
64	38	3.930000	-1.630000	-1.444400	4.493116
64	40	2.710000	0.800000	-4.192000	5.055390
64	31	-1.390000	-0.170000	-4.822000	5.021223
64	39	-3.570000	-0.500000	-4.315000	5.622644
65	38	2.360000	-0.720000	-3.662700	4.416262
65	40	1.720000	-0.740000	-4.603000	4.969266
65	31	-1.430000	-1.340000	-4.048000	4.497422
65	39	-4.330000	1.050000	-4.712300	6.485150
66	38	1.400000	0.590000	-4.092000	4.364924
66	40	-0.890000	-1.180000	-4.830000	5.051079
66	31	-0.060000	-0.920000	-4.424000	4.519046
66	39	-3.230000	1.530000	-3.901000	5.290709
67	24	1.060000	-0.540000	-4.556100	4.708848
67	38	1.720000	-2.500000	-2.236500	3.769659
67	40	0.670000	1.590000	-4.317000	4.649031
67	1	-0.760000	2.360000	-5.130000	5.697728
67	31	-0.910000	-2.050000	-2.712000	3.519310
67	39	-2.760000	-0.970000	-3.515000	4.573153
68	24	-0.770000	-4.850000	-3.741000	6.173369
68	38	1.550000	-0.340000	-3.686000	4.013066
68	40	2.550000	-1.450000	-4.672000	5.516574
68	1	-3.400000	-1.590000	-3.959000	5.455436
68	31	-2.560000	-1.530000	-2.480000	3.878776
68	39	-1.130000	-0.090000	-2.629000	2.862978
69	24	3.140000	-0.780000	-2.758200	4.251549
69	38	2.030000	2.810000	-3.969000	5.269721
69	40	3.790000	0.680000	-3.581000	5.258333
69	1	2.200000	-0.150000	-5.968000	6.362352
69	31	-0.510000	0.560000	-3.798000	3.872790
69	39	-0.520000	2.190000	-2.560000	3.408827
70	24	2.990000	-0.480000	-4.588000	5.497294
70	38	0.420000	-1.620000	-3.194000	3.605889
70	40	2.360000	0.230000	-3.174000	3.961916
70	1	-1.620000	2.510000	-4.279000	5.218653
70	31	-3.410000	1.520000	-3.522000	5.132542
70	39	-4.470000	-2.350000	-2.224000	5.518113
71	24	3.350000	-0.700000	-3.115800	4.628251
71	38	3.810000	2.210000	-3.181400	5.433370
71	40	3.550000	0.710000	-4.559000	5.821605
71	1	-0.060000	0.720000	-6.177000	6.219110
71	31	-0.590000	2.970000	-2.754000	4.093106
71	39	-2.970000	-1.220000	-2.954000	4.362960
72	24	2.380000	-2.570000	-5.124000	6.206825
72	38	3.000000	0.980000	-3.696000	4.860125
72	40	0.780000	-2.470000	-3.651000	4.476505
72	1	1.700000	-0.430000	-4.768000	5.080229
72	31	-2.880000	-1.370000	-4.285000	5.341585
72	39	-2.370000	-2.000000	-3.761000	4.874630
73	24	-2.170000	0.410000	-4.817700	5.299739
73	38	3.250000	1.040000	-1.955600	3.932998
73	40	-0.620000	1.880000	-4.452000	4.872279
73	1	-3.510000	-0.420000	-4.604000	5.804594
73	31	-0.380000	0.270000	-4.324000	4.349055
73	39	-0.660000	-1.690000	-5.480100	5.772625
74	24	1.920000	0.360000	-3.215410	3.762295
74	38	4.430000	0.810000	-3.698500	5.827513
74	40	0.190000	2.210000	-3.791000	4.392252
74	1	-0.420000	-0.510000	-5.485600	5.525243
74	31	-0.970000	-2.680000	-4.652000	5.455676
74	39	-0.660000	-1.610000	-4.601000	4.919035
75	24	-0.600000	-0.210000	-6.107000	6.139996
75	38	2.600000	3.220000	-4.936000	6.441467
75	40	0.830000	1.260000	-5.079000	5.298372
75	1	-1.390000	2.580000	-3.063000	4.239159
75	31	0.370000	-1.140000	-3.606000	3.799965
75	39	-0.410000	-0.180000	-4.135000	4.159174
76	24	-1.230000	-2.830000	-3.127500	4.393524
76	38	0.330000	1.880000	-5.488000	5.810460
76	40	-0.070000	4.030000	-3.286000	5.200346
76	1	-2.730000	0.830000	-5.127000	5.867532
76	31	0.500000	1.540000	-3.667000	4.008552
76	39	-3.760000	-1.520000	-3.144000	5.131543
77	24	1.010000	-2.270000	-4.117000	4.808606
77	38	3.410000	1.100000	-2.463000	4.347927
77	40	1.750000	2.650000	-4.589000	5.580674
77	1	-0.960000	-1.220000	-4.807000	5.051460
77	31	1.460000	-1.280000	-4.047000	4.488676
77	39	-3.300000	-0.750000	-3.989000	5.231120
78	18	-0.630000	-2.310000	-4.116700	4.762375
78	24	-0.120000	-0.970000	-6.002000	6.081061
78	38	2.060000	3.050000	-2.413900	4.401479
78	40	1.700000	4.220000	-3.385000	5.670681
78	1	-1.680000	-0.270000	-2.561000	3.074739
78	31	1.310000	0.640000	-3.308000	3.615047
78	35	-0.500000	0.490000	-5.645000	5.688244
78	39	-3.130000	0.280000	-4.480300	5.472512
79	18	0.270000	-1.750000	-5.569500	5.844205
79	24	0.860000	1.810000	-4.248600	4.697478
79	38	2.580000	2.910000	-5.212000	6.503033
79	40	2.360000	-0.450000	-5.932000	6.400057
79	1	-2.680000	2.250000	-4.412000	5.631220
79	31	0.410000	-4.470000	-2.214000	5.005077
79	35	1.520000	2.220000	-3.452400	4.376970
79	39	-4.430000	-0.800000	-2.910000	5.360317
80	18	0.710000	-3.940000	-2.971000	4.985433
80	24	-0.890000	0.990000	-4.751200	4.934177
80	38	2.480000	4.880000	-2.104100	5.864472
80	40	-0.540000	0.610000	-4.982000	5.048170
80	1	-2.440000	1.230000	-5.042000	5.734829
80	31	-0.330000	-1.850000	-4.728000	5.087768
80	35	-0.120000	0.410000	-4.788000	4.807020
80	39	-1.870000	-2.860000	-5.003900	6.059333
81	18	0.740000	1.320000	-4.030300	4.305034
81	24	1.570000	-0.350000	-5.254000	5.494717
81	38	2.630000	2.920000	-3.841600	5.495561
81	40	2.610000	-0.240000	-5.321000	5.931504
81	1	-1.700000	2.080000	-4.820000	5.518043
81	31	0.480000	-0.960000	-4.526000	4.651524
81	35	-1.400000	3.480000	-3.482800	5.118622
81	39	-0.370000	-4.590000	-4.457000	6.408576
82	18	-0.230000	-0.860000	-6.835000	6.892730
82	24	3.762000	-0.460000	-5.198000	6.432997
82	38	1.240000	3.240000	-4.853000	5.965468
82	40	1.500000	-1.890000	-5.256000	5.783393
82	1	-0.850000	0.400000	-4.386000	4.485476
82	31	1.650000	-2.640000	-3.070000	4.372299
82	35	-1.090000	3.680000	-3.345000	5.091122
82	39	-0.370000	-4.500000	-2.824000	5.325587
83	18	2.440000	-2.970000	-4.336700	5.794952
83	24	2.690000	-0.110000	-5.411000	6.043767
83	38	1.240000	3.350000	-4.468000	5.720413
83	40	1.270000	0.520000	-5.821000	5.980580
83	1	-1.330000	-0.630000	-5.489000	5.682862
83	31	1.020000	1.520000	-3.254000	3.733539
83	35	0.750000	3.630000	-3.965200	5.427910
83	39	-0.920000	-2.330000	-2.718000	3.696326
84	18	1.110000	0.200000	-5.753000	5.862517
84	24	2.686000	-1.350000	-4.873000	5.725664
84	38	1.070000	2.820000	-3.915000	4.942117
84	40	-0.530000	-0.760000	-4.486000	4.580687
84	1	-1.690000	-0.560000	-5.935000	6.196283
84	31	-2.240000	1.520000	-5.347000	5.993197
84	35	-0.410000	3.870000	-2.446000	4.596511
84	39	-0.660000	-3.350000	-3.766000	5.083390
85	10	1.600000	1.210000	-4.804000	5.206008
85	18	0.580000	-4.510000	-3.717000	5.873039
85	24	0.520000	0.020000	-5.385000	5.410085
85	38	-0.680000	1.090000	-4.191000	4.383490
85	40	1.870000	-4.200000	-4.176000	6.210948
85	1	-2.758000	0.450000	-5.503000	6.171878
85	11	0.740000	-1.430000	-5.973000	6.186213
85	31	1.070000	-2.080000	-4.161000	4.773387
85	35	-0.360000	-1.670000	-4.474290	4.789339
85	39	-1.840000	-3.220000	-3.910000	5.389072
86	10	1.180000	1.840000	-4.742000	5.221548
86	18	0.890000	-0.150000	-4.794800	4.879007
86	24	0.510000	-2.120000	-5.606000	6.015126
86	38	0.880000	-0.300000	-5.508000	5.585917
86	40	-1.930000	-2.220000	-4.373000	5.270335
86	1	1.344000	-0.670000	-5.273000	5.482679
86	11	-2.560000	-1.870000	-5.446000	6.301541
86	31	-2.730000	0.580000	-5.440000	6.114156
86	35	-0.700000	1.710000	-4.177800	4.568163
86	39	-1.800000	-3.760000	-2.535000	4.878916
87	10	1.900000	-0.550000	-6.007600	6.324852
87	18	0.300000	-0.280000	-5.656230	5.671097
87	24	-2.182000	-0.730000	-5.339000	5.813686
87	38	1.320000	2.200000	-4.684000	5.340623
87	1	1.050000	-1.260000	-6.061000	6.278998
87	11	-0.930000	-4.110000	-3.852700	5.709667
87	35	-1.560000	2.160000	-4.342100	5.094412
87	39	-1.620000	-1.660000	-3.775000	4.430646
88	10	1.330000	2.130000	-5.476000	6.024315
88	18	-3.120000	-2.390000	-3.722000	5.412927
88	24	-2.160000	-1.270000	-5.181000	5.755107
88	38	5.200000	0.910000	-1.422800	5.467400
88	1	-0.180000	-1.310000	-5.166000	5.332547
88	11	-1.980000	-1.000000	-5.382700	5.821843
88	35	-3.110000	-1.000000	-4.821000	5.823585
88	39	-1.390000	-1.580000	-4.344000	4.826887
89	10	3.090000	2.530000	-4.827000	6.264897
89	18	0.570000	-1.960000	-3.624000	4.159312
89	24	-1.578000	-0.910000	-5.170000	5.481522
89	38	1.450000	2.930000	-5.267400	6.199428
89	1	-0.785000	-1.240000	-5.061000	5.269492
89	11	-0.350000	-0.520000	-5.879000	5.912321
89	35	1.470000	2.440000	-4.289600	5.149288
89	39	-3.750000	3.600000	-1.496000	5.409299
90	10	1.160000	0.360000	-6.191400	6.309408
90	18	-0.220000	-3.640000	-2.406000	4.368848
90	24	-2.019000	-2.910000	-5.150000	6.250357
90	38	4.340000	-2.040000	-2.217800	5.283544
90	40	1.490000	-2.680000	-2.337000	3.855395
90	1	-1.570000	-0.930000	-5.726000	6.009732
90	11	-3.210000	-2.060000	-4.425900	5.842627
90	31	-2.880000	-1.260000	-4.398000	5.405960
90	35	2.770000	2.430000	-4.865000	6.102952
90	39	-3.190000	-1.540000	-2.655000	4.426819
91	10	1.270000	-0.210000	-4.539000	4.718000
91	18	-1.940000	-1.560000	-5.481200	6.020029
91	24	-0.478000	-1.330000	-5.487000	5.666088
91	38	4.120000	-0.920000	-0.963900	4.330116
91	40	2.480000	-2.220000	-2.449500	4.132657
91	1	0.992000	0.610000	-5.509000	5.630741
91	11	-2.550000	0.320000	-4.843500	5.483101
91	31	-0.830000	-1.610000	-4.123000	4.503346
91	35	-0.740000	2.990000	-2.928000	4.249810
91	39	1.420000	-0.770000	-4.769000	5.035143
92	10	2.540000	0.400000	-3.878000	4.653008
92	18	0.060000	-1.200000	-3.204000	3.421873
92	24	-1.290000	-0.740000	-4.935000	5.154214
92	38	2.370000	0.350000	-4.800000	5.364644
92	40	4.080000	1.150000	-2.712200	5.032388
92	1	4.275000	0.730000	-5.112000	6.703810
92	11	-2.370000	1.890000	-5.240900	6.054423
92	31	0.890000	0.490000	-4.670000	4.779236
92	35	0.170000	3.440000	-5.155300	6.199969
92	39	-3.510000	0.150000	-3.134000	4.707925
93	10	2.700000	0.140000	-4.100000	4.911171
93	24	-1.867000	-0.940000	-5.447000	5.834304
93	38	3.020000	0.470000	-4.788000	5.680338
93	40	-1.150000	-0.960000	-4.283000	4.537421
93	1	2.938000	2.530000	-4.832000	6.195238
93	11	-1.500000	-1.820000	-4.384200	4.978314
93	31	-2.280000	0.350000	-2.161000	3.160826
93	39	-2.170000	0.290000	-2.992000	3.707434
94	10	1.280000	3.520000	-4.231000	5.650678
94	24	-1.083000	-1.100000	-5.179000	5.404159
94	38	2.670000	-1.350000	-4.193200	5.151148
94	40	1.690000	0.180000	-2.701300	3.191476
94	1	2.891000	0.200000	-4.709000	5.529246
94	11	-1.460000	-1.770000	-4.264500	4.842568
94	31	1.010000	2.490000	-4.186000	4.974213
94	39	-3.450000	-0.580000	-2.794000	4.477202
95	10	-0.200000	4.030000	-4.515000	6.055256
95	24	1.250000	-1.710000	-4.329000	4.819423
95	38	4.260000	0.040000	-2.950000	5.181863
95	40	2.460000	0.800000	-4.329000	5.042999
95	1	1.573000	-1.480000	-5.231000	5.659337
95	11	-3.140000	-1.850000	-3.970100	5.389229
95	31	-0.200000	1.840000	-3.098000	3.608768
95	39	-0.950000	2.850000	-3.495000	4.608690
96	10	1.700000	2.030000	-4.321000	5.067735
96	24	-1.150000	-2.210000	-4.687700	5.308590
96	38	3.520000	0.850000	-4.249000	5.582732
96	40	-1.390000	0.370000	-3.405000	3.696353
96	1	1.252000	1.860000	-5.109000	5.579336
96	11	0.530000	-2.940000	-3.779700	4.817741
96	31	-1.050000	3.870000	-3.034000	5.028375
96	39	0.620000	1.180000	-2.725000	3.033550
97	10	0.860000	1.480000	-4.263700	4.594468
97	24	-3.875000	-1.380000	-3.717400	5.544284
97	38	3.320000	0.620000	-1.840000	3.846089
97	40	1.810000	-1.200000	-3.742800	4.327199
97	1	3.213000	1.410000	-5.158200	6.238469
97	11	0.220000	-1.850000	-4.116200	4.518186
97	31	0.510000	2.080000	-3.352000	3.977739
97	39	-0.660000	0.160000	-5.156700	5.201226
98	10	3.510000	1.900000	-4.338000	5.894773
98	24	-2.900000	-2.150000	-4.639000	5.878165
98	32	-0.740000	-1.710000	-4.301200	4.687432
98	38	2.230000	0.560000	-2.481300	3.382802
98	40	1.010000	-0.330000	-2.982500	3.166118
98	1	2.180000	0.940000	-4.323000	4.931970
98	11	1.160000	0.250000	-5.408400	5.537047
98	31	-1.480000	2.610000	-3.170000	4.364791
98	33	2.830000	-0.990000	-2.928000	4.190726
98	39	-1.460000	0.490000	-3.828000	4.126171
99	10	0.570000	2.720000	-4.040900	4.904301
99	24	0.860000	-3.530000	-4.954000	6.143502
99	32	-2.240000	-2.500000	-4.029000	5.244086
99	38	-0.050000	2.980000	-2.606000	3.959057
99	40	4.190000	-1.600000	-3.086000	5.444217
99	1	4.230000	1.960000	-3.580000	5.878001
99	11	-1.380000	-0.710000	-5.174900	5.402600
99	31	1.430000	1.620000	-2.551000	3.343187
99	33	2.270000	1.030000	-1.859000	3.109611
99	39	-1.710000	1.440000	-3.852000	4.453718
100	10	0.330000	0.980000	-4.724400	4.836244
100	24	-2.170000	-1.280000	-4.557000	5.207067
100	32	-2.590000	-3.180000	-3.147000	5.169537
100	38	0.070000	3.570000	-2.384800	4.293841
100	40	-0.530000	-1.150000	-4.454000	4.630498
100	1	0.240000	2.520000	-4.677000	5.318113
100	11	-1.340000	-3.060000	-4.156900	5.332825
100	31	-1.790000	2.880000	-3.289000	4.723984
100	33	0.780000	1.310000	-3.957300	4.240840
100	39	-2.380000	1.600000	-1.718000	3.343041
101	24	-1.810000	-2.630000	-4.977000	5.912997
101	32	-2.960000	0.560000	-5.831000	6.563213
101	38	1.080000	3.990000	-2.548000	4.855801
101	40	0.010000	0.910000	-4.757000	4.843268
101	1	1.840000	0.710000	-3.406000	3.935802
101	31	0.450000	3.600000	-1.846000	4.070653
101	33	3.010000	5.020000	-1.971000	6.176191
101	39	-1.510000	4.050000	-2.037000	4.778281
102	24	-1.970000	-3.140000	-5.445000	6.586997
102	32	-1.000000	-3.030000	-5.193900	6.095695
102	38	5.100000	1.700000	-2.997300	6.154982
102	40	0.410000	-0.480000	-5.614000	5.649380
102	1	2.480000	0.770000	-4.549000	5.238005
102	31	-0.740000	1.720000	-1.474000	2.382997
102	33	1.800000	4.180000	-2.368000	5.130285
102	39	-1.050000	-2.940000	-2.715000	4.137309
103	24	-1.820000	-2.960000	-3.692600	5.070433
103	32	-2.020000	-2.680000	-5.365900	6.328956
103	40	1.850000	-2.890000	-2.977800	4.543335
103	1	2.000000	1.230000	-6.063000	6.501759
103	31	0.000000	-2.610000	-3.210000	4.137173
103	33	0.250000	3.000000	-4.298900	5.248146
104	24	-1.000000	-0.200000	-6.471000	6.550866
104	32	2.050000	-1.210000	-5.024600	5.559964
104	40	-1.250000	0.470000	-2.786700	3.090161
104	1	3.390000	4.040000	-3.913000	6.566983
104	31	-2.240000	-0.450000	-2.237000	3.197541
104	33	4.130000	3.020000	-2.725500	5.797038
105	24	-2.090000	-1.230000	-5.738000	6.229418
105	32	-1.850000	0.140000	-4.183400	4.576345
105	40	0.450000	3.400000	-2.392300	4.181579
105	1	3.661000	0.140000	-4.144000	5.531298
105	31	-0.730000	1.820000	-4.299000	4.725114
105	33	1.720000	2.900000	-3.777300	5.063240
106	32	-3.540000	2.260000	-3.905500	5.735166
106	38	1.400000	-0.060000	-4.005000	4.243068
106	40	0.710000	2.300000	-2.544200	3.502435
106	31	-1.740000	1.320000	-4.182000	4.717958
106	33	0.320000	3.790000	-3.188000	4.962846
106	39	-1.000000	-0.420000	-2.983000	3.174065
107	32	-2.070000	-1.010000	-2.314000	3.264904
107	38	0.300000	3.320000	-2.280000	4.038663
107	40	-1.590000	-1.770000	-3.331900	4.094210
107	31	-2.210000	-4.630000	-1.693000	5.402522
107	33	2.950000	-1.040000	-4.234000	5.264110
107	39	-2.860000	2.170000	-3.531000	5.035520
108	32	-1.540000	-1.920000	-2.828000	3.749078
108	38	2.970000	2.630000	-2.535400	4.708084
108	40	1.840000	3.860000	-2.873000	5.151634
108	31	-0.300000	1.100000	-3.728000	3.898459
108	33	-1.680000	1.630000	-4.775000	5.317887
108	39	-1.080000	-0.100000	-4.158000	4.297134
109	32	0.210000	-3.600000	-4.904380	6.087450
109	38	1.780000	3.140000	-3.664000	5.143238
109	40	-0.370000	1.450000	-3.303400	3.626548
109	31	-2.510000	-3.160000	-2.937000	4.991159
109	33	-0.360000	2.130000	-3.480300	4.096216
109	39	-1.160000	3.030000	-2.779000	4.271925
110	32	1.410000	-1.900000	-4.173100	4.797172
110	38	3.310000	1.730000	-2.824000	4.682305
110	40	3.330000	1.190000	-3.211700	4.777030
110	31	-0.300000	-2.990000	-2.769000	4.086253
110	33	0.390000	1.450000	-5.596200	5.794140
110	39	-0.990000	0.610000	-2.690000	2.930580
111	32	0.820000	-0.480000	-6.479000	6.548301
111	38	0.930000	-1.170000	-2.602000	3.000701
111	40	2.420000	0.480000	-1.804200	3.056458
111	31	1.150000	-2.570000	-4.891300	5.643777
111	33	1.750000	2.260000	-3.110000	4.224003
111	39	-3.050000	-3.060000	-3.435300	5.519727
112	32	2.160000	-2.060000	-4.948900	5.779343
112	38	4.780000	0.340000	-2.505600	5.407590
112	40	2.360000	-0.690000	-4.288000	4.942939
112	31	0.950000	-3.090000	-2.173000	3.895193
112	33	2.230000	-0.190000	-3.464000	4.124112
112	39	-0.640000	-2.040000	-2.635000	3.393291
113	32	-0.070000	-2.760000	-4.326000	5.131937
113	38	2.140000	0.560000	-3.737000	4.342622
113	40	3.610000	2.520000	-3.442000	5.588369
113	31	0.420000	1.160000	-3.832000	4.025695
113	33	-1.000000	0.080000	-5.992700	6.076089
113	39	-3.810000	-2.480000	-3.713000	5.869657
114	32	2.310000	-0.730000	-5.273290	5.803153
114	38	3.810000	0.340000	-4.391000	5.823451
114	40	2.320000	1.870000	-1.935300	3.553123
114	31	-0.420000	-0.300000	-4.747500	4.775474
114	33	1.820000	2.160000	-5.043100	5.780213
114	39	-2.970000	-0.330000	-2.926000	4.182257
115	32	-0.670000	-1.240000	-3.469000	3.744391
115	38	3.160000	-2.520000	-4.200000	5.828894
115	40	2.340000	4.540000	-2.461100	5.669587
115	31	-1.410000	1.510000	-4.404000	4.864506
115	33	-0.420000	0.820000	-4.702600	4.791998
115	39	-3.060000	-3.150000	-2.166000	4.896698
116	32	1.370000	-1.820000	-4.418600	4.971250
116	38	4.620000	1.140000	-2.099800	5.201265
116	40	-0.290000	3.580000	-3.361000	4.919026
116	31	-3.010000	-0.910000	-3.950000	5.048832
116	33	2.000000	0.500000	-4.778600	5.204327
116	39	-0.680000	-2.260000	-4.353000	4.951627
117	32	0.940000	2.220000	-4.206000	4.847931
117	38	4.270000	1.280000	-2.972000	5.357619
117	40	1.910000	3.630000	-4.478000	6.072683
117	31	-3.570000	-0.420000	-3.053000	4.716154
117	33	-1.350000	1.180000	-5.365800	5.657447
117	39	-1.310000	-3.520000	-3.941000	5.444078
118	32	-2.350000	-0.630000	-4.172300	4.829854
118	38	1.670000	2.670000	-4.072000	5.147716
118	40	0.570000	2.900000	-4.181000	5.120123
118	31	-0.240000	-0.740000	-2.967000	3.067293
118	33	-0.810000	-4.240000	-4.545800	6.268812
118	39	-3.940000	-2.140000	-3.370000	5.608930
119	32	0.040000	2.790000	-5.152600	5.859606
119	38	4.550000	1.400000	-4.009000	6.223711
119	40	1.620000	1.880000	-4.200000	4.878401
119	31	0.420000	-2.180000	-4.156000	4.711808
119	33	3.270000	-0.320000	-4.107000	5.259539
119	39	-1.100000	-3.030000	-3.696000	4.904214
120	32	0.530000	1.950000	-5.224000	5.601212
120	38	4.060000	2.340000	-1.914300	5.061990
120	40	1.590000	2.460000	-4.832400	5.650822
120	31	-1.420000	-3.170000	-1.970000	3.993269
120	33	3.460000	-0.310000	-3.256000	4.761222
120	39	-0.820000	-0.820000	-5.388300	5.511676
121	32	-1.630000	1.310000	-6.087400	6.436570
121	38	2.020000	0.850000	-3.634000	4.243684
121	40	3.620000	1.010000	-2.563500	4.549289
121	31	-0.120000	-3.740000	-4.789000	6.077542
121	33	2.810000	0.690000	-4.051000	4.978233
121	39	-2.840000	-1.660000	-4.631000	5.680437
122	32	-0.540000	2.680000	-4.859330	5.575580
122	38	1.980000	1.930000	-2.568900	3.774195
122	40	2.840000	0.260000	-3.133000	4.236613
122	31	-0.300000	-3.370000	-4.164000	5.365240
122	33	4.370000	0.780000	-4.639300	6.420935
122	39	-1.990000	-0.710000	-5.344600	5.747082
123	32	-2.740000	-0.220000	-5.490800	6.140430
123	38	3.170000	1.860000	-3.761000	5.258671
123	40	3.540000	0.540000	-2.771000	4.527874
123	31	-1.470000	-2.040000	-5.239400	5.811524
123	33	2.000000	-1.620000	-2.635000	3.683426
123	39	-0.400000	-1.410000	-3.932000	4.196275
124	32	-2.040000	1.550000	-3.783800	4.569600
124	38	-0.490000	-0.940000	-4.430000	4.555063
124	40	4.580000	0.270000	-3.431000	5.728967
124	31	-2.260000	-0.030000	-4.823000	5.326334
124	33	0.790000	0.400000	-4.467200	4.554116
124	39	-3.810000	-1.580000	-3.542000	5.436751
125	32	0.910000	0.430000	-5.574300	5.664435
125	38	3.950000	2.050000	-4.634000	6.424870
125	40	2.690000	0.670000	-5.281000	5.964391
125	31	-4.810000	1.480000	-2.155000	5.474534
125	33	3.000000	-0.620000	-3.314000	4.512981
125	39	-1.470000	-2.180000	-4.303000	5.042728
126	32	-3.790000	1.720000	-3.995000	5.769101
126	38	1.130000	-1.180000	-5.515000	5.751915
126	40	2.670000	0.510000	-3.262000	4.246133
126	31	-1.780000	1.380000	-4.109000	4.685796
126	33	2.580000	0.580000	-5.386730	6.000805
126	39	-2.490000	-2.830000	-3.179000	4.931028
127	32	-4.260000	0.550000	-3.191000	5.350942
127	40	3.020000	-2.250000	-3.703000	5.281582
127	31	-2.150000	1.230000	-4.563000	5.191952
127	33	0.400000	0.650000	-4.628970	4.691467
128	26	1.880000	1.110000	-4.698400	5.180875
128	32	-1.890000	-0.800000	-5.595400	5.959916
128	40	4.670000	-2.350000	-2.697200	5.882711
128	25	2.500000	-0.490000	-5.115000	5.714309
128	31	-3.230000	3.760000	-4.378000	6.613425
128	33	0.060000	0.260000	-4.742000	4.749501
129	26	-0.360000	-0.400000	-4.741400	4.771842
129	32	-0.900000	0.470000	-5.566800	5.658636
129	40	1.470000	-2.560000	-4.925000	5.741962
129	25	-0.860000	-1.420000	-4.669900	4.956205
129	31	-4.170000	3.240000	-2.653000	5.909730
129	33	1.080000	-2.160000	-4.669000	5.256573
130	26	-0.700000	-0.620000	-5.766100	5.841430
130	32	-1.570000	1.570000	-5.030200	5.498428
130	40	1.610000	-3.260000	-4.950000	6.141840
130	25	-0.240000	-0.750000	-3.757000	3.838639
130	31	-1.690000	3.480000	-3.305000	5.088175
130	33	-0.010000	-0.560000	-5.136300	5.166747
131	26	2.520000	1.690000	-4.984000	5.834960
131	40	4.090000	-1.930000	-3.684000	5.833083
131	25	0.500000	-0.280000	-4.848000	4.881752
131	31	-0.720000	0.680000	-4.039000	4.158644
132	26	0.010000	0.700000	-4.964800	5.013915
132	40	4.400000	-1.330000	-4.147000	6.190841
132	25	-1.280000	-1.790000	-4.290000	4.821473
132	31	0.110000	2.100000	-3.181000	3.813248
133	26	1.310000	0.510000	-4.283626	4.508398
133	40	2.180000	-1.560000	-3.537000	4.438059
133	25	1.930000	0.340000	-4.070000	4.517234
133	31	-1.720000	0.620000	-4.799000	5.135484
134	26	-1.220000	0.030000	-4.431900	4.596851
134	40	2.330000	-3.700000	-3.224500	5.432891
134	25	2.440000	0.390000	-4.755000	5.358706
134	31	-0.730000	-0.310000	-5.047000	5.108934
135	26	0.130000	1.370000	-5.159000	5.339390
135	25	3.190000	2.740000	-3.033000	5.184862
136	26	-3.680000	0.110000	-3.372900	4.993091
136	25	1.010000	0.090000	-4.869000	4.973466
137	26	-3.490000	-3.020000	-4.747200	6.620907
137	25	-1.100000	-1.120000	-5.026000	5.265461
138	26	-2.360000	-1.200000	-5.440000	6.050058
138	25	0.800000	3.210000	-3.013000	4.474625
139	26	-1.190000	-1.250000	-5.131500	5.413953
139	25	0.470000	3.170000	-3.424000	4.689731
140	26	-0.360000	-1.410000	-3.587400	3.871323
140	25	2.060000	2.070000	-5.508500	6.234747
144	40	-2.080000	1.150000	-4.556000	5.138680
144	39	1.170000	0.240000	-4.085000	4.256022
145	40	-3.190000	0.430000	-3.544000	4.787581
145	39	1.020000	0.640000	-4.568000	4.724047
146	40	-2.220000	-0.840000	-4.697000	5.262681
146	39	1.800000	3.500000	-3.191000	5.066802
147	40	0.890000	-1.460000	-4.420000	4.739209
147	39	4.450000	2.040000	-2.581000	5.534046
148	40	2.870000	-2.360000	-3.935600	5.412527
148	39	3.820000	1.350000	-2.603000	4.815652
149	40	1.010000	-1.700000	-2.147500	2.919222
149	39	0.910000	1.960000	-5.563600	5.968530
150	40	2.140000	-1.440000	-2.430500	3.544084
150	39	0.630000	2.090000	-4.802000	5.274865
151	40	0.750000	0.720000	-4.368000	4.490025
151	39	-1.580000	3.010000	-4.065000	5.299125
152	40	2.820000	-2.700000	-3.748000	5.412015
152	39	-1.570000	0.590000	-4.346000	4.658403
153	40	1.940000	-0.470000	-4.834000	5.229919
153	39	0.380000	4.010000	-2.858000	4.938893
154	40	3.070000	-1.070000	-3.929000	5.099690
154	39	0.010000	0.840000	-3.195000	3.303593
155	40	1.180000	-2.780000	-3.453500	4.587751
155	39	-1.070000	2.160000	-4.765000	5.340012
156	40	2.640000	-2.480000	-4.057000	5.438681
156	39	-1.470000	3.020000	-4.635000	5.724030
158	26	-2.220000	0.430000	-4.479450	5.017845
158	33	2.110000	1.800000	-5.245500	5.933580
159	6	-0.280000	0.480000	-4.729100	4.761637
159	26	-1.640000	-1.740000	-5.308100	5.821780
159	17	0.110000	2.610000	-5.712500	6.281469
159	33	1.540000	0.440000	-3.995000	4.304094
160	26	-1.230000	1.400000	-4.649300	5.008881
160	33	2.910000	2.280000	-5.314000	6.473415
161	26	-2.170000	1.070000	-5.703000	6.194999
161	33	3.150000	1.200000	-3.307000	4.722155
162	40	-2.000000	-1.630000	-5.497000	6.072389
162	39	-2.340000	3.850000	-4.009000	6.030770
163	40	-1.280000	-2.820000	-4.496000	5.459379
163	39	1.150000	3.210000	-4.142000	5.364957
164	40	-0.460000	-2.750000	-4.795000	5.546722
164	39	1.230000	3.750000	-3.472000	5.256442
165	40	1.370000	-4.580000	-3.839000	6.131168
165	39	0.720000	1.860000	-5.320000	5.681584
166	40	0.990000	-3.720000	-3.055600	4.914793
166	39	-0.220000	2.430000	-4.958000	5.525854
167	40	1.610000	-2.900000	-5.077000	6.064489
167	39	0.600000	3.490000	-3.167000	4.750788
168	40	-2.130000	-5.290000	-3.316000	6.596731
168	39	-1.330000	-1.120000	-4.729000	5.038526
169	40	0.270000	-1.930000	-4.974000	5.342142
169	39	0.700000	2.410000	-2.458000	3.512814
170	40	1.210000	-2.430000	-4.990000	5.680590
170	39	0.070000	-0.030000	-4.126000	4.126703
171	40	2.620000	-4.130000	-4.048000	6.348827
171	39	-0.390000	0.610000	-5.550000	5.597026
172	40	0.380000	-3.800000	-4.832000	6.158947
172	39	-2.690000	2.520000	-4.608000	5.900861
173	40	-0.430000	-3.610000	-4.640900	5.895333
173	39	-1.800000	1.180000	-3.856000	4.416009
174	40	-0.180000	-3.750000	-2.709000	4.629642
174	39	-0.750000	-2.540000	-4.921000	5.588411
175	40	0.390000	0.170000	-5.433000	5.449632
175	39	-2.620000	0.390000	-3.387000	4.299799
176	40	2.590000	1.260000	-3.562000	4.580780
176	39	-0.340000	1.420000	-5.746000	5.928618
177	40	-0.100000	-1.290000	-4.644000	4.820875
177	39	-2.000000	-0.480000	-5.509000	5.880432
178	40	2.360000	-1.860000	-4.478000	5.392744
178	39	-0.710000	-0.020000	-4.537000	4.592262
179	40	1.360000	-2.920000	-3.377000	4.666919
179	39	-0.750000	-0.650000	-4.708000	4.811472
180	40	-1.060000	-0.270000	-4.806000	4.928908
180	39	-1.420000	2.230000	-2.877000	3.907228
181	40	1.800000	1.490000	-3.806000	4.466065
181	39	0.990000	2.380000	-4.258000	4.977456
182	40	-0.940000	0.930000	-4.047000	4.257547
182	39	-1.500000	0.690000	-5.125000	5.384396
183	32	-0.630000	-1.100000	-4.461000	4.637609
183	40	1.010000	1.350000	-4.595000	4.894551
183	35	3.070000	-1.920000	-1.943000	4.109325
183	39	-0.810000	-1.930000	-2.888000	3.566727
184	32	-3.990000	0.650000	-3.038800	5.057362
184	40	-2.670000	-1.370000	-3.706000	4.768672
184	31	2.070000	0.230000	-5.203000	5.604374
184	35	1.620000	0.600000	-1.964000	2.615664
185	32	-2.970000	-1.390000	-2.306000	4.008820
185	40	-3.940000	0.440000	-2.783400	4.844019
185	31	0.800000	-0.770000	-5.672000	5.779661
185	35	1.260000	-0.040000	-2.798000	3.068877
186	32	-2.330000	0.560000	-4.110000	4.757583
186	40	-3.200000	0.330000	-3.047910	4.431552
186	31	1.950000	-0.320000	-5.760000	6.089540
186	35	3.750000	-1.800000	-3.020000	5.140321
187	32	-2.020000	3.270000	-3.214000	5.010299
187	40	-1.490000	0.500000	-4.954000	5.197328
187	31	-1.680000	0.040000	-4.743000	5.031903
187	35	3.150000	-1.920000	-3.075000	4.802554
188	32	-2.760000	2.570000	-4.279000	5.703713
188	40	2.050000	0.980000	-4.307000	4.869615
188	31	0.910000	-0.250000	-4.624000	4.719319
188	35	2.590000	-4.000000	-3.238000	5.761314
189	32	-0.490000	4.550000	-3.081800	5.517254
189	40	0.460000	-0.510000	-5.242000	5.286801
189	31	-0.980000	-2.350000	-5.147000	5.742344
189	35	2.200000	0.130000	-5.220900	5.666983
190	32	-3.170000	4.470000	-2.584100	6.058661
190	40	2.990000	0.340000	-4.363900	5.300879
190	31	-1.930000	-2.160000	-5.565000	6.273733
190	35	1.740000	-0.360000	-4.819700	5.136799
191	32	-3.080000	-2.000000	-2.624600	4.513859
191	40	3.270000	-0.300000	-5.131000	6.091803
191	31	-3.040000	-2.430000	-3.976000	5.563729
191	35	0.080000	-4.880000	-3.068000	5.764844
192	32	0.690000	3.780000	-3.198200	4.999298
192	40	1.580000	3.060000	-4.724000	5.846039
192	31	-1.870000	-0.870000	-3.855000	4.372050
192	35	2.400000	-3.860000	-2.841000	5.360119
193	32	-0.650000	3.410000	-1.364500	3.729941
193	40	3.900000	0.020000	-5.076000	6.401264
193	31	-2.720000	-3.480000	-3.897000	5.890281
193	35	3.290000	-1.710000	-4.283100	5.665081
194	32	0.130000	4.060000	-2.365200	4.700497
194	40	2.920000	1.360000	-3.532300	4.780496
194	31	-1.350000	-2.640000	-5.196300	5.982778
194	35	0.920000	-0.760000	-4.345100	4.505984
195	32	-1.780000	1.350000	-3.255500	3.948314
195	40	2.540000	2.110000	-5.315000	6.257230
195	31	-3.890000	-0.900000	-3.814000	5.521657
195	35	2.460000	-0.520000	-3.916570	4.654194
196	32	-2.490000	4.360000	-2.998900	5.848342
196	40	2.420000	0.960000	-4.960000	5.601750
196	31	-3.410000	-2.650000	-2.620000	5.051237
196	35	4.760000	0.560000	-2.492000	5.401969
197	32	-2.830000	0.810000	-5.518000	6.254065
197	40	5.070000	2.000000	-1.951900	5.789198
197	31	-0.050000	-0.610000	-5.051600	5.088542
197	35	5.290000	-2.830000	-1.998000	6.323370
198	32	-3.400000	3.770000	-3.948100	6.431205
198	40	2.120000	2.390000	-2.782300	4.236472
198	31	-4.030000	-0.040000	-3.771700	5.519803
198	35	4.520000	2.000000	-2.523000	5.549408
199	32	-2.760000	1.430000	-4.271930	5.283170
199	40	3.540000	1.060000	-4.692500	5.972835
199	31	-1.890000	-2.090000	-4.956000	5.701064
199	35	4.710000	0.540000	-4.263700	6.376115
200	32	-1.690000	2.950000	-4.511000	5.648692
200	40	1.260000	-0.530000	-4.504000	4.706858
200	31	-3.790000	-2.070000	-3.353000	5.467322
200	35	3.800000	2.000000	-2.790000	5.120947
201	32	-1.710000	2.670000	-2.840700	4.257062
201	40	2.870000	-0.160000	-3.904000	4.848063
201	31	-1.430000	0.030000	-4.713000	4.925258
201	35	2.280000	1.310000	-4.343600	5.077535
202	32	-2.700000	2.230000	-4.431000	5.647713
202	40	1.480000	0.910000	-6.055000	6.299327
202	31	-2.420000	-0.750000	-2.650000	3.666251
202	35	3.330000	1.770000	-1.943000	4.242293
203	32	-0.300000	1.970000	-3.375900	3.920153
203	40	3.660000	-1.590000	-3.584100	5.363718
203	31	-1.020000	-1.030000	-4.806000	5.019854
203	35	3.640000	1.220000	-3.208000	5.002926
204	32	2.210000	2.970000	-3.099000	4.827919
204	40	0.850000	-1.060000	-2.520100	2.863041
204	31	-3.150000	-1.100000	-4.306000	5.447397
204	35	5.030000	1.720000	-2.589000	5.912886
205	32	0.190000	0.240000	-4.290000	4.300907
205	40	4.310000	-1.100000	-4.558000	6.368788
205	31	-2.000000	0.200000	-3.323000	3.883597
205	35	3.860000	-1.480000	-2.845000	5.018369
206	32	-0.430000	1.530000	-5.627000	5.847130
206	40	3.800000	-1.860000	-3.514000	5.499800
206	31	-3.740000	0.710000	-3.142000	4.935976
206	35	4.050000	1.540000	-3.296000	5.444053
207	32	-1.660000	-2.200000	-2.816900	3.940879
207	40	3.990000	1.850000	-4.280000	6.136856
207	31	-2.310000	3.330000	-3.257000	5.199332
207	35	2.730000	-2.520000	-4.977500	6.211184
208	32	-2.170000	1.690000	-3.770300	4.666922
208	40	1.640000	1.230000	-3.822800	4.337776
208	31	-2.340000	1.680000	-4.191000	5.085517
208	35	1.030000	1.550000	-3.472000	3.939313
209	32	-4.060000	-0.660000	-1.267000	4.304008
209	40	1.920000	-1.450000	-3.584700	4.317288
209	31	-2.550000	0.120000	-4.076000	4.809436
209	35	2.110000	-0.980000	-5.324300	5.810393
210	32	-3.720000	0.390000	-3.732000	5.283779
210	40	4.090000	-0.010000	-3.345700	5.284119
210	31	-2.390000	1.370000	-4.736800	5.479624
210	35	-0.240000	2.970000	-3.231000	4.395209
211	32	-3.760000	-1.200000	-3.340700	5.170868
211	40	1.250000	-0.640000	-5.308000	5.490625
211	31	-3.480000	0.380000	-1.169000	3.690713
211	35	1.390000	2.440000	-4.157000	5.016607
212	32	-3.910000	-2.910000	-3.718600	6.130594
212	40	3.470000	-1.550000	-2.554200	4.579011
212	31	-3.340000	-0.410000	-4.088000	5.294851
212	35	3.690000	2.440000	-4.455100	6.278345
213	32	-4.230000	-1.980000	-2.133700	5.134781
213	40	2.990000	-2.610000	-3.553000	5.326914
213	31	-1.500000	-0.920000	-3.685000	4.083580
213	35	1.070000	3.130000	-5.108200	6.085681
214	32	-2.690000	-2.080000	-3.119500	4.614518
214	40	1.100000	0.810000	-2.656150	2.986843
214	31	-2.460000	1.720000	-4.459400	5.375523
214	35	0.410000	3.260000	-5.006500	5.988384
215	32	-1.750000	-1.500000	-3.627800	4.298073
215	40	2.160000	-0.350000	-3.846000	4.424909
215	31	0.240000	3.030000	-3.956000	4.988831
215	35	1.120000	3.850000	-3.622600	5.403715
216	32	1.090000	-4.520000	-3.172400	5.628732
216	40	1.840000	-0.840000	-4.292000	4.744730
216	31	-2.450000	3.620000	-3.252000	5.448156
216	35	2.570000	2.530000	-3.796800	5.236553
217	32	-0.510000	-3.200000	-4.140000	5.257347
217	40	2.260000	-0.690000	-4.947000	5.482382
217	31	-1.750000	3.130000	-2.755000	4.522104
217	35	3.220000	0.620000	-3.690000	4.936487
218	32	-1.340000	-2.040000	-5.947000	6.428375
218	40	0.780000	-0.250000	-4.665000	4.736362
218	31	-3.000000	1.980000	-3.189000	4.805218
218	35	3.980000	1.980000	-1.993000	4.871637
219	32	-4.030000	0.130000	-3.960100	5.651565
219	40	2.450000	0.970000	-4.424000	5.149289
219	31	-3.340000	2.620000	-2.228000	4.794161
219	35	0.470000	4.400000	-4.523310	6.327814
220	32	-3.420000	-1.790000	-4.486000	5.918167
220	40	3.590000	-3.160000	-3.294600	5.807589
220	31	-1.540000	0.770000	-3.619000	4.007700
220	35	0.880000	1.700000	-2.504000	3.151891
221	32	-1.100000	-2.370000	-3.545800	4.404497
221	40	2.560000	-2.020000	-1.764900	3.707947
221	31	-3.050000	1.640000	-4.491260	5.671289
221	35	3.710000	1.080000	-2.712000	4.720746
222	32	-3.250000	-1.170000	-3.469200	4.895585
222	40	1.630000	-0.780000	-2.784000	3.319029
222	31	-2.960000	2.920000	-3.773000	5.614582
222	35	1.240000	-0.290000	-4.468900	4.646802
223	32	-1.220000	-0.980000	-3.757900	4.070702
223	38	-0.350000	-2.610000	-5.492000	6.090703
223	40	3.230000	-3.100000	-4.083000	6.059190
223	31	-1.030000	3.140000	-4.121000	5.282342
223	35	3.710000	-0.420000	-4.666600	5.976425
223	39	-2.580000	-2.380000	-2.386000	4.244266
224	32	-2.990000	-0.980000	-2.518800	4.030490
224	38	-0.040000	1.840000	-3.415100	3.879447
224	40	1.850000	-2.020000	-5.266000	5.935794
224	31	-0.830000	3.400000	-2.398000	4.242559
224	35	1.370000	0.730000	-3.852400	4.153407
224	39	1.300000	2.000000	-3.925000	4.592997
225	32	-2.010000	-2.080000	-2.631900	3.910677
225	38	-3.740000	-1.810000	-3.014900	5.133549
225	40	3.950000	-1.400000	-4.762000	6.343433
225	31	1.340000	4.800000	-1.192000	5.124106
225	35	3.260000	2.360000	-2.298500	4.634685
225	39	1.020000	1.980000	-4.875000	5.359704
226	32	-1.970000	-4.820000	-1.708000	5.480015
226	38	-1.180000	-1.590000	-4.220000	4.661427
226	40	2.990000	-2.180000	-4.000000	5.449082
226	31	-0.570000	5.140000	-3.258000	6.112206
226	35	3.340000	0.770000	-4.500000	5.656722
226	39	2.180000	-0.080000	-2.876000	3.609734
227	32	-1.840000	-3.750000	-2.949400	5.113420
227	38	-2.400000	-1.060000	-3.210000	4.145805
227	40	0.960000	-3.280000	-4.170000	5.391558
227	31	-1.070000	2.910000	-2.355000	3.893459
227	35	1.860000	1.810000	-2.594630	3.669851
227	39	1.060000	0.160000	-3.572000	3.729395
228	32	-2.690000	-1.520000	-3.911020	4.984233
228	38	-0.750000	-0.200000	-3.348000	3.436801
228	40	-2.560000	-2.740000	-2.864000	4.718442
228	31	-2.960000	3.450000	-3.973000	6.037287
228	35	2.470000	2.990000	-2.442000	4.583052
228	39	2.220000	0.390000	-4.544000	5.072321
229	32	-3.020000	-1.500000	-2.453000	4.169845
229	38	-2.660000	-1.460000	-2.656700	4.033021
229	40	2.610000	-1.840000	-1.951500	3.742466
229	31	2.610000	3.410000	-4.035000	5.892489
229	35	2.870000	2.300000	-5.081000	6.272437
229	39	-0.280000	-1.380000	-4.628000	4.837477
230	32	-0.280000	-2.220000	-2.792000	3.577997
230	38	-3.000000	-0.750000	-2.687800	4.097166
230	40	-0.550000	-2.900000	-3.902000	4.892658
230	31	-0.750000	1.900000	-2.475000	3.209069
230	35	1.640000	1.240000	-4.960000	5.369246
230	39	2.010000	-0.650000	-4.661000	5.117374
231	32	-4.660000	-0.730000	-3.233700	5.718856
231	38	-2.100000	-1.590000	-3.553000	4.422885
231	40	-0.140000	-1.700000	-1.794700	2.475994
231	31	-1.200000	3.140000	-4.059000	5.270207
231	35	-0.730000	1.630000	-3.434100	3.870768
231	39	1.720000	0.500000	-3.557000	3.982543
232	32	-2.170000	-2.450000	-3.439300	4.747650
232	38	-3.900000	0.690000	-2.618300	4.747799
232	40	2.000000	-2.740000	-3.234000	4.686828
232	31	1.840000	0.990000	-4.166000	4.660607
232	35	0.630000	3.330000	-3.791600	5.085473
232	39	0.540000	1.150000	-4.691000	4.859998
233	32	0.630000	-0.290000	-4.226200	4.282729
233	38	-3.570000	-0.530000	-2.026600	4.139192
233	40	-0.900000	0.160000	-3.059000	3.192660
233	31	-1.260000	3.920000	-3.414000	5.348775
233	35	3.050000	3.070000	-4.107400	5.966417
233	39	-0.030000	0.200000	-5.015300	5.019376
234	32	-0.950000	-4.440000	-4.207700	6.190383
234	38	-1.050000	1.810000	-4.115000	4.616473
234	40	0.190000	-4.540000	-2.186600	5.042710
234	31	-1.120000	1.960000	-4.699000	5.213118
234	35	1.390000	2.450000	-4.367810	5.197342
234	39	2.170000	1.630000	-4.028000	4.857014
235	32	-2.830000	-3.030000	-3.660000	5.530407
235	38	-4.550000	0.510000	-3.530000	5.781306
235	40	1.540000	-3.320000	-3.997600	5.419853
235	31	3.220000	0.110000	-3.293000	4.606989
235	35	3.230000	1.590000	-4.300010	5.608127
235	39	1.200000	-0.260000	-4.259000	4.432458
236	32	-2.500000	-4.160000	-3.320900	5.880814
236	38	-0.510000	-2.120000	-5.134000	5.577854
236	35	2.110000	1.550000	-5.226500	5.845588
236	39	2.310000	-2.760000	-1.552000	3.919490
237	32	-3.140000	-1.710000	-5.078000	6.210458
237	38	-2.300000	1.150000	-2.044600	3.285253
237	35	2.400000	2.770000	-4.431000	5.750362
237	39	0.510000	1.260000	-4.687300	4.880418
238	6	1.000000	3.680000	-4.403500	5.825222
238	32	-1.490000	-2.480000	-4.379500	5.248859
238	38	-3.020000	-0.080000	-2.857900	4.158653
238	35	3.600000	0.280000	-3.977900	5.372345
238	39	0.870000	0.780000	-4.619200	4.764694
238	41	-2.310000	1.370000	-5.544000	6.160271
239	6	-1.450000	1.910000	-5.247000	5.769021
239	32	-2.910000	-1.230000	-3.959500	5.065436
239	38	-2.530000	-1.510000	-2.141000	3.642098
239	35	0.610000	0.860000	-4.382770	4.507812
239	39	0.160000	2.170000	-5.318500	5.746385
239	41	-3.203000	-1.000000	-4.608000	5.700252
240	6	2.293000	2.380000	-3.377000	4.725080
240	32	-4.550000	-2.670000	-3.305000	6.225305
240	38	-2.170000	-0.870000	-4.420000	5.000220
240	35	-0.210000	0.700000	-5.205200	5.256254
240	39	1.670000	2.530000	-4.118000	5.113485
240	41	-0.113000	-1.980000	-5.748160	6.080667
241	32	-2.580000	0.030000	-4.005600	4.764675
241	38	-0.200000	-0.930000	-5.318000	5.402409
241	35	3.410000	2.870000	-4.112800	6.064662
241	39	1.880000	0.540000	-4.207000	4.639488
242	32	-3.190000	-0.420000	-3.685000	4.892006
242	38	2.070000	-0.660000	-2.980500	3.688344
242	35	1.790000	0.020000	-5.145400	5.447902
242	39	2.930000	0.890000	-4.585000	5.513549
243	32	0.770000	-2.280000	-5.136400	5.672205
243	38	2.510000	-2.780000	-4.657000	5.976299
243	35	4.160000	1.150000	-3.693700	5.680803
243	39	2.830000	-0.150000	-2.535000	3.802318
244	32	-1.680000	1.550000	-3.855400	4.482076
244	38	-2.780000	1.260000	-3.645200	4.754312
244	35	1.790000	2.260000	-4.975500	5.750417
244	39	-0.390000	1.650000	-5.020700	5.299248
245	32	-4.500000	-0.880000	-2.412000	5.180940
245	38	-1.470000	-0.360000	-4.295000	4.553847
245	35	0.560000	-0.270000	-5.291800	5.328194
245	39	0.720000	0.250000	-5.306000	5.360460
246	32	-2.380000	0.060000	-4.852630	5.405184
246	38	-2.240000	2.930000	-3.381700	5.003838
246	35	3.200000	2.760000	-3.798200	5.681894
246	39	0.790000	1.530000	-5.168000	5.447313
247	32	-1.880000	-1.820000	-5.184500	5.807395
247	38	-2.240000	-0.150000	-5.756000	6.178320
247	35	3.870000	-0.450000	-3.680000	5.359272
247	39	3.480000	-1.840000	-2.817000	4.840608
248	32	-3.070000	-2.720000	-2.015000	4.569850
248	38	-4.580000	-1.640000	-2.781700	5.603914
248	40	2.160000	-2.600000	-6.058000	6.937216
248	21	-2.760000	1.680000	-2.065000	3.834609
248	35	0.830000	1.290000	-5.395000	5.608835
248	39	1.940000	-2.600000	-5.556100	6.433805
249	6	-1.060000	2.500000	-5.039000	5.724083
249	32	-2.610000	-2.170000	-4.343400	5.512361
249	40	0.930000	-3.290000	-4.366000	5.545354
249	21	-0.190000	1.310000	-3.805000	4.028675
249	35	-1.250000	3.530000	-3.199800	4.925659
249	41	-1.681000	-2.780000	-4.984000	5.949321
250	6	0.299000	1.790000	-5.393200	5.690352
250	32	-2.010000	-4.120000	-3.670800	5.872757
250	40	-0.670000	-3.080000	-4.840700	5.776476
250	21	-2.010000	2.750000	-4.103000	5.332655
250	35	0.980000	2.930000	-4.714100	5.636314
250	41	1.487000	-2.280000	-3.428000	4.377300
251	6	-1.426000	2.300000	-4.068400	4.886241
251	40	-0.400000	-2.330000	-5.801000	6.264224
251	21	-3.020000	2.600000	-2.497000	4.702702
251	41	-1.387000	-1.240000	-5.273600	5.592158
252	6	-0.614000	0.870000	-4.268490	4.399307
252	32	-0.980000	-2.860000	-4.537500	5.452422
252	40	2.930000	-1.210000	-3.840000	4.979418
252	21	1.490000	2.410000	-3.998000	4.900225
252	35	0.850000	1.890000	-2.254000	3.061881
252	41	-1.989000	-1.220000	-4.887000	5.415468
253	6	-2.734000	0.560000	-5.444000	6.117638
253	32	1.780000	-3.540000	-3.658200	5.392813
253	40	2.700000	-2.810000	-4.204800	5.732926
253	21	1.440000	-0.790000	-4.509000	4.798831
253	35	0.900000	1.110000	-4.944100	5.146477
253	41	-1.358000	0.230000	-4.149000	4.371643
254	6	-2.136000	0.030000	-4.438620	4.925926
254	32	0.840000	-4.720000	-3.199000	5.763471
254	40	-0.470000	-3.610000	-2.880000	4.641918
254	21	-0.450000	1.250000	-4.940600	5.116105
254	35	0.030000	2.730000	-4.302600	5.095701
254	41	0.739000	-1.850000	-5.889700	6.217490
255	6	-1.504000	3.650000	-4.532000	6.010286
255	32	1.670000	-2.670000	-5.456660	6.300233
255	40	1.450000	-2.350000	-3.902100	4.780312
255	21	3.390000	1.320000	-4.213000	5.566316
255	35	-1.120000	1.970000	-3.473500	4.147349
255	41	1.028000	1.520000	-5.142000	5.459611
256	6	0.165000	2.990000	-4.358000	5.287673
256	32	1.020000	-5.700000	-3.712000	6.878179
256	40	0.430000	-0.300000	-5.603000	5.627478
256	21	0.350000	3.410000	-2.477000	4.229200
256	35	-1.210000	0.670000	-4.546400	4.752131
256	41	1.607000	-1.920000	-5.427000	5.976720
257	6	-1.987000	2.590000	-5.476000	6.375174
257	32	-1.560000	-4.900000	-3.720000	6.346810
257	40	1.140000	-2.070000	-3.216600	3.991368
257	21	2.670000	-1.140000	-4.415000	5.284007
257	35	-0.320000	1.250000	-5.313600	5.468020
257	41	0.305000	-2.770000	-4.150000	4.998842
258	6	-1.439000	0.920000	-5.483000	5.742857
258	32	2.460000	-2.560000	-3.115000	4.723180
258	40	-2.950000	-2.950000	-5.276000	6.726156
258	21	1.760000	-2.540000	-3.473000	4.648756
258	35	2.000000	-1.640000	-4.611500	5.287299
258	41	-1.278000	-2.110000	-4.258000	4.920970
259	6	2.700000	1.250000	-5.088000	5.894086
259	32	0.430000	-2.940000	-4.498800	5.391447
259	40	-0.190000	1.050000	-3.203200	3.376254
259	21	1.100000	1.450000	-5.763100	6.043660
259	35	0.470000	-0.670000	-4.163000	4.242684
259	41	1.172000	-0.300000	-5.627000	5.755581
260	6	-1.126000	1.880000	-3.987500	4.549993
260	32	-0.970000	-1.020000	-5.285600	5.469814
260	40	0.270000	-0.880000	-4.440000	4.534413
260	21	1.050000	-0.920000	-4.672000	4.876114
260	35	1.850000	-0.390000	-3.599000	4.065391
260	41	-4.044000	-1.920000	-4.821000	6.578934
261	6	1.864000	0.040000	-6.539000	6.799604
261	32	-3.840000	0.720000	-2.745000	4.774832
261	40	-0.660000	0.180000	-5.616000	5.657513
261	21	-1.760000	0.780000	-4.586000	4.973670
261	35	-2.090000	0.880000	-5.484300	5.934648
261	41	-0.047000	-3.300000	-4.009000	5.192715
262	6	-1.146000	0.290000	-5.276000	5.406810
262	32	1.370000	4.010000	-3.085100	5.241645
262	40	-2.520000	-0.730000	-4.786000	5.457939
262	21	-1.370000	-0.660000	-3.910000	4.195307
262	35	2.990000	0.520000	-4.099900	5.100949
262	41	-1.501000	-2.440000	-4.929000	5.701021
263	32	-3.970000	1.790000	-3.001100	5.288819
263	40	1.780000	-0.210000	-6.008000	6.269654
263	21	2.880000	1.080000	-3.161000	4.410524
263	35	-0.940000	-0.900000	-4.093430	4.295319
264	32	0.920000	0.920000	-5.317000	5.473873
264	40	-0.170000	-1.680000	-4.955000	5.234819
264	21	2.000000	-0.570000	-4.979000	5.395863
264	35	3.210000	-0.530000	-3.111000	4.501480
265	32	-0.360000	1.860000	-3.975280	4.403641
265	40	-1.730000	-2.690000	-3.761100	4.937092
265	21	1.500000	0.240000	-5.843000	6.037239
265	35	0.620000	-2.420000	-3.576600	4.362667
266	32	-1.830000	1.010000	-3.611400	4.172674
266	40	-0.580000	-2.140000	-4.527000	5.040806
266	21	2.710000	1.020000	-4.113000	5.030037
266	35	-0.340000	-1.410000	-4.912500	5.122144
267	10	-0.670000	-0.910000	-1.894500	2.205931
267	32	-4.420000	1.530000	-3.537900	5.864643
267	40	-1.100000	-2.580000	-4.949600	5.689019
267	21	-0.120000	1.200000	-5.065000	5.206594
267	31	2.160000	-0.130000	-4.891600	5.348855
267	35	-2.010000	-0.270000	-4.883000	5.287409
268	10	0.410000	-0.360000	-2.615500	2.671805
268	32	-1.580000	-1.220000	-4.588790	5.004178
268	40	1.110000	-4.100000	-3.223800	5.332447
268	21	1.790000	-1.260000	-4.948200	5.410765
268	31	1.310000	1.910000	-3.382400	4.099369
268	35	0.840000	-3.330000	-4.704000	5.824270
269	10	0.830000	1.740000	-2.964000	3.535788
269	32	-0.570000	0.750000	-5.218700	5.303040
269	40	-0.210000	0.380000	-5.181000	5.199160
269	21	-0.080000	1.310000	-4.132000	4.335427
269	31	0.440000	1.420000	-3.255000	3.578411
269	35	1.960000	-0.440000	-4.950000	5.342069
270	10	-1.190000	1.550000	-5.206000	5.560669
270	32	-1.860000	1.790000	-4.481000	5.171369
270	40	0.020000	0.980000	-3.952200	4.071939
270	21	-2.310000	0.970000	-4.388000	5.052875
270	31	-0.210000	3.670000	-2.541000	4.468745
270	35	-0.670000	-1.030000	-5.899760	6.026356
271	10	1.290000	0.490000	-4.028000	4.257814
271	32	1.540000	0.830000	-5.401000	5.677262
271	40	0.550000	1.110000	-3.459900	3.674984
271	21	0.440000	0.090000	-5.662300	5.680083
271	31	2.160000	2.550000	-2.542000	4.198793
271	35	-0.130000	-3.510000	-3.748000	5.136585
272	10	-0.330000	-3.030000	-2.323600	3.832612
272	32	-0.940000	3.930000	-5.146000	6.542921
272	40	-1.400000	-3.400000	-4.180000	5.567082
272	21	-1.510000	-1.970000	-2.587000	3.585187
272	31	-0.200000	-2.090000	-4.668400	5.118795
272	35	0.010000	-1.010000	-4.545000	4.655881
273	10	0.390000	0.440000	-3.101800	3.157034
273	32	-3.140000	-0.480000	-3.187300	4.499876
273	40	2.460000	-1.150000	-4.152800	4.961839
273	21	2.440000	0.130000	-4.568000	5.180456
273	31	0.450000	0.960000	-4.696700	4.814882
273	35	-2.120000	-2.270000	-5.912900	6.679048
274	10	-1.890000	-0.620000	-4.220000	4.665287
274	32	-1.350000	0.170000	-5.213800	5.388424
274	40	1.850000	-0.530000	-4.807000	5.177900
274	21	2.170000	0.160000	-3.804000	4.382341
274	31	1.460000	1.710000	-3.320000	4.009751
274	35	-1.860000	-1.990000	-4.569800	5.320035
275	10	0.240000	-1.670000	-2.148400	2.731689
275	32	-1.010000	2.920000	-3.707450	4.826146
275	40	-0.330000	1.460000	-4.327000	4.578584
275	21	0.590000	3.930000	-3.233000	5.123016
275	31	-2.650000	0.370000	-3.762200	4.616660
275	35	0.450000	3.070000	-4.281000	5.287188
276	10	3.610000	1.030000	-3.242700	4.960656
276	32	3.210000	1.390000	-4.305800	5.547622
276	40	-1.390000	-0.130000	-4.350000	4.568534
276	21	1.760000	3.240000	-4.144000	5.546885
276	31	-0.860000	2.180000	-4.390800	4.977060
276	35	3.540000	0.860000	-3.671000	5.171793
277	10	1.610000	-2.700000	-4.908000	5.828427
277	32	-1.460000	-2.150000	-5.499000	6.082195
277	40	-1.720000	-0.560000	-4.358000	4.718492
277	21	1.480000	1.080000	-5.349000	5.654078
277	31	-4.470000	-0.190000	-1.883000	4.854141
277	35	-1.950000	-1.810000	-3.505000	4.400412
278	10	2.510000	1.280000	-5.215000	5.927455
278	32	-0.060000	3.430000	-4.172700	5.401845
278	31	-3.770000	2.230000	-1.915000	4.780484
278	35	0.610000	1.600000	-5.762000	6.011052
279	10	2.900000	-0.910000	-2.316900	3.821796
279	32	1.860000	2.620000	-2.791900	4.256607
279	31	-3.750000	1.800000	-4.541060	6.158224
279	35	1.690000	-0.700000	-4.913000	5.242487
280	10	2.620000	-2.910000	-1.899800	4.352211
280	32	-1.820000	3.050000	-2.381300	4.276154
280	31	-4.550000	-0.770000	-4.384300	6.365335
280	35	-1.920000	-1.190000	-6.048500	6.456536
281	10	4.700000	1.430000	-2.858100	5.683629
281	20	1.880000	-1.790000	-5.907000	6.452220
281	32	-2.030000	-0.330000	-3.045800	3.675146
281	9	-1.580000	0.740000	-6.600000	6.826712
281	31	-3.970000	0.910000	-3.981400	5.695660
281	35	-1.860000	-3.240000	-4.169000	5.598014
282	10	5.100000	0.820000	-2.928400	5.937839
282	20	0.690000	-0.830000	-6.545000	6.633402
282	32	-1.490000	1.950000	-5.000000	5.569794
282	9	-2.000000	2.520000	-4.911000	5.870973
282	31	-4.820000	-0.810000	-2.639000	5.554532
282	35	-1.940000	-2.550000	-3.743000	4.927083
283	10	3.560000	0.020000	-4.121000	5.445791
283	20	1.030000	-1.540000	-5.897000	6.181190
283	32	-2.110000	1.360000	-4.689700	5.319303
283	9	-1.130000	0.480000	-6.246000	6.365518
283	31	-4.180000	-0.170000	-2.745000	5.003631
283	35	-1.340000	-3.660000	-4.150000	5.693303
284	10	3.050000	-2.090000	-3.520600	5.105411
284	20	1.270000	-2.820000	-6.036100	6.782315
284	32	-0.010000	2.090000	-4.061200	4.567444
284	9	-1.260000	-0.300000	-6.172000	6.306440
284	31	-3.740000	-2.090000	-3.166000	5.327218
284	35	0.760000	0.760000	-4.750900	4.870960
285	6	1.284000	2.130000	-6.269000	6.744325
285	10	4.350000	-0.450000	-3.987000	5.917869
285	20	2.760000	-1.050000	-5.167300	5.951562
285	32	0.170000	3.460000	-5.728300	6.694320
285	9	0.420000	0.730000	-6.152000	6.209380
285	31	-4.300000	-0.680000	-3.440000	5.548513
285	35	-2.400000	0.300000	-4.976000	5.532683
285	41	-0.059000	-3.090000	-4.608000	5.548445
286	6	-0.001000	2.880000	-4.584350	5.413933
286	10	3.920000	0.800000	-3.967900	5.634770
286	20	0.810000	-0.870000	-6.143000	6.256952
286	32	1.600000	1.780000	-5.868000	6.337336
286	9	1.090000	3.800000	-3.694000	5.410521
286	31	-5.640000	1.210000	-3.501000	6.747644
286	35	-1.740000	-2.890000	-2.835000	4.406464
286	41	-0.330000	-1.590000	-5.148400	5.398428
287	6	-0.323000	2.390000	-5.114000	5.654151
287	10	4.170000	-1.630000	-4.064000	6.046643
287	20	1.040000	-0.920000	-5.587000	5.756958
287	32	-1.620000	1.710000	-3.566900	4.274491
287	9	0.270000	1.810000	-5.395000	5.696931
287	31	-2.830000	-1.110000	-3.710000	4.796363
287	35	-1.470000	-2.550000	-5.493000	6.231890
287	41	-0.181000	-1.220000	-5.369000	5.508840
288	6	-1.657000	2.190000	-5.501600	6.148931
288	10	3.470000	-0.950000	-2.448400	4.351788
288	20	1.020000	0.540000	-5.196000	5.322632
288	32	0.140000	0.140000	-4.365000	4.369488
288	40	-0.110000	-4.140000	-3.509900	5.428729
288	9	1.250000	1.920000	-5.311000	5.784083
288	21	1.040000	3.410000	-4.319000	5.600309
288	31	-2.220000	1.830000	-4.727000	5.533699
288	35	0.260000	-1.770000	-4.942000	5.255841
288	41	-1.859000	-2.870000	-5.131000	6.166031
289	6	-1.032000	0.990000	-4.025300	4.271787
289	10	1.740000	0.120000	-3.740000	4.126694
289	20	1.110000	-1.070000	-5.413000	5.628283
289	32	-0.050000	0.690000	-5.337000	5.381651
289	40	1.580000	-2.410000	-3.918000	4.863664
289	9	1.870000	1.580000	-5.152000	5.704069
289	21	2.760000	2.610000	-4.031000	5.538832
289	31	-1.410000	3.320000	-2.485000	4.380151
289	35	0.950000	-0.300000	-5.043000	5.140462
289	41	-0.504000	-2.740000	-5.913100	6.536541
290	6	1.552000	2.620000	-3.719800	4.807288
290	10	0.900000	-1.790000	-4.101400	4.564601
290	20	-0.120000	-1.780000	-5.622000	5.898278
290	32	1.300000	1.400000	-5.583000	5.900838
290	40	-0.170000	-3.590000	-3.896000	5.300549
290	9	0.570000	2.320000	-4.400000	5.006725
290	21	0.920000	2.340000	-4.286000	4.969084
290	31	-1.250000	-0.380000	-4.742000	4.918685
290	35	0.160000	-1.290000	-4.572000	4.753197
290	41	0.053000	-1.920000	-6.003500	6.303271
291	6	2.176000	3.740000	-4.297000	6.098097
291	10	-2.750000	-0.430000	-4.406100	5.211633
291	20	0.210000	-2.180000	-5.653400	6.062791
291	40	-1.740000	-0.910000	-4.152230	4.593116
291	9	0.760000	-1.730000	-4.907000	5.258246
291	21	-0.640000	2.000000	-5.883000	6.246542
291	31	-3.680000	-0.160000	-3.799000	5.291541
291	41	-0.501000	0.590000	-5.604000	5.657200
292	6	0.275000	0.920000	-4.889200	4.982600
292	10	1.640000	0.210000	-2.863140	3.306247
292	20	1.520000	0.440000	-5.639200	5.857011
292	40	-2.840000	-2.250000	-3.240050	4.860661
292	9	0.400000	-0.610000	-5.413000	5.461929
292	21	-0.720000	2.070000	-5.577000	5.992181
292	31	-1.500000	2.900000	-4.578000	5.622996
292	41	-0.835000	-0.880000	-5.424000	5.558003
293	6	0.589000	1.170000	-4.858500	5.031982
293	10	0.750000	-3.060000	-4.388600	5.402399
293	20	1.880000	0.030000	-5.532150	5.842943
293	40	-0.280000	-2.780000	-4.508200	5.303835
293	9	0.600000	-0.340000	-5.631500	5.673570
293	21	1.280000	1.580000	-4.760000	5.176138
293	31	-1.730000	2.560000	-5.387000	6.210175
293	41	-0.368000	0.410000	-5.176000	5.205238
294	6	-0.014000	-0.340000	-5.659900	5.670120
294	10	-0.500000	-2.450000	-5.449000	5.995340
294	20	0.900000	-1.210000	-6.116000	6.299171
294	40	-3.300000	-0.490000	-4.497000	5.599385
294	9	-1.110000	-1.330000	-4.335000	4.668321
294	21	-0.790000	2.060000	-4.074000	4.633053
294	31	-2.400000	4.740000	-2.720000	5.968752
294	41	1.071000	-0.070000	-5.152000	5.262608
295	6	-0.240000	3.130000	-3.823000	4.946699
295	10	0.950000	-3.470000	-4.389700	5.675638
295	20	1.050000	1.940000	-6.125000	6.510125
295	40	-2.470000	-2.650000	-4.137600	5.499376
295	9	-1.690000	-0.670000	-4.417000	4.776493
295	21	0.960000	1.370000	-4.122000	4.448526
295	31	-1.630000	2.430000	-4.401000	5.284941
295	41	0.340000	-0.420000	-5.371000	5.398115
296	6	1.288000	0.610000	-5.941000	6.109544
296	10	1.170000	-3.310000	-4.501000	5.708240
296	20	1.130000	1.360000	-5.336600	5.621904
296	40	-1.840000	-2.840000	-3.868400	5.139622
296	9	-0.730000	-1.940000	-4.843000	5.267936
296	21	0.710000	0.880000	-5.230000	5.350832
296	31	-1.450000	3.610000	-4.417000	5.885957
296	41	2.088000	0.810000	-4.773000	5.272321
297	6	-3.008000	0.520000	-4.918000	5.788367
297	10	-1.420000	-2.810000	-4.299000	5.328593
297	20	3.150000	1.010000	-4.824500	5.849650
297	40	-2.730000	-2.210000	-3.316300	4.830615
297	9	0.780000	-2.080000	-5.043300	5.510869
297	21	0.510000	0.930000	-4.711000	4.828925
297	31	-0.210000	1.250000	-4.856000	5.018699
297	41	-2.965000	0.600000	-4.586000	5.493871
298	6	0.820000	0.050000	-4.594000	4.666876
298	10	-0.550000	-3.330000	-3.664000	4.981596
298	20	2.360000	1.880000	-4.152000	5.132553
298	40	-1.380000	-0.390000	-3.818000	4.078434
298	9	-3.400000	-0.710000	-4.799000	5.924061
298	21	1.040000	1.710000	-4.639000	5.052328
298	31	1.870000	-0.490000	-5.285000	5.627453
298	41	0.993000	-0.220000	-4.468000	4.582300
299	6	-0.490000	-1.290000	-4.863100	5.055091
299	10	-1.040000	-2.160000	-2.723100	3.628012
299	20	3.560000	2.330000	-4.015000	5.850019
299	40	-1.630000	-1.250000	-2.949900	3.594622
299	9	-2.850000	-0.150000	-4.563000	5.382004
299	21	-1.740000	1.840000	-4.366000	5.047292
299	31	0.520000	1.390000	-5.081000	5.293303
299	41	-1.270000	-1.000000	-3.825000	4.152532
300	10	0.190000	0.480000	-3.929000	3.962769
300	20	4.370000	0.290000	-4.814900	6.508783
300	9	-2.850000	-2.530000	-5.851000	6.982664
300	31	1.100000	1.010000	-5.541000	5.738709
301	10	-0.510000	-1.850000	-4.241000	4.654963
301	20	2.370000	2.050000	-4.700500	5.649257
301	9	-3.840000	-2.040000	-5.056000	6.668608
301	31	2.240000	-1.250000	-4.007000	4.757746
302	10	-3.000000	0.200000	-4.825000	5.685123
302	20	3.120000	0.100000	-5.662700	6.466109
302	9	-1.100000	1.290000	-4.791000	5.082104
302	31	-0.780000	2.630000	-2.703000	3.851170
303	10	-0.430000	0.740000	-4.173000	4.259863
303	20	1.920000	-2.990000	-5.215300	6.310773
303	9	-3.320000	-0.650000	-3.989000	5.230394
303	31	1.800000	0.580000	-4.282000	4.681017
304	10	-1.820000	0.130000	-4.669000	5.012870
304	20	2.320000	-0.550000	-5.946000	6.406233
304	9	-3.920000	-0.290000	-3.690000	5.391345
304	31	0.770000	0.440000	-3.686000	3.791187
305	10	-2.570000	-2.150000	-3.308000	4.708531
305	20	3.250000	-1.920000	-4.495000	5.869747
305	9	-1.590000	-1.380000	-4.154000	4.657061
305	31	-2.160000	-2.150000	-4.499000	5.434069
306	10	1.180000	-1.250000	-3.922000	4.282170
306	20	3.010000	-0.570000	-5.443900	6.246683
306	9	-1.490000	-1.140000	-4.992000	5.332895
306	31	0.920000	-1.660000	-4.422000	4.812077
307	10	-1.540000	0.170000	-6.142000	6.334403
307	20	-0.520000	0.120000	-5.915000	5.939026
307	9	-3.200000	1.290000	-4.023000	5.299871
307	31	-2.820000	0.850000	-3.379000	4.482470
308	10	-0.280000	-0.380000	-5.380900	5.401563
308	20	1.070000	-1.300000	-5.747600	5.989141
308	9	-0.530000	-1.350000	-4.745000	4.961696
308	31	-0.980000	2.570000	-4.424000	5.209326
309	10	0.120000	-1.150000	-5.609000	5.726935
309	20	-0.730000	0.060000	-6.990000	7.028271
309	9	-2.460000	2.220000	-3.695000	4.963167
309	31	1.620000	0.560000	-3.877000	4.239001
310	10	-0.350000	-0.270000	-5.888000	5.904570
310	20	2.290000	-1.170000	-4.668400	5.329818
310	9	0.120000	0.180000	-5.959000	5.962926
310	31	2.560000	0.200000	-4.163000	4.891234
311	10	-3.150000	0.840000	-4.979000	5.951348
311	20	2.130000	-1.770000	-5.529000	6.183821
311	9	0.920000	1.790000	-3.803000	4.302709
311	31	0.740000	0.160000	-3.701000	3.777645
312	10	-3.360000	0.090000	-4.589000	5.688288
312	20	2.470000	-1.170000	-5.073000	5.762389
312	9	-1.660000	-0.930000	-4.177000	4.589970
312	31	1.270000	0.170000	-4.434000	4.615426
313	10	-1.610000	1.650000	-4.656000	5.195473
313	20	2.040000	1.530000	-5.305000	5.886045
313	9	-2.050000	0.630000	-4.910000	5.357938
313	31	1.710000	2.140000	-3.396000	4.363086
314	10	-2.470000	-0.480000	-4.599300	5.242601
314	20	3.550000	1.070000	-5.423000	6.569348
314	9	-1.740000	-1.540000	-4.925000	5.445624
314	31	-0.140000	-0.350000	-5.594000	5.606687
315	10	-1.680000	-3.450000	-4.514100	5.924694
315	20	0.100000	-0.270000	-5.539000	5.546478
315	9	-4.100000	-2.560000	-3.728000	6.104227
315	31	-0.270000	-2.910000	-4.680000	5.517554
316	10	-0.690000	1.700000	-4.900000	5.232218
316	20	1.940000	0.060000	-4.838000	5.212815
316	9	-1.500000	-0.210000	-4.868000	5.098188
316	31	-0.950000	1.150000	-4.917000	5.138277
317	10	1.380000	2.580000	-3.784400	4.783564
317	20	0.750000	-1.290000	-4.726000	4.955974
317	9	-1.430000	-0.960000	-5.433000	5.699473
317	31	1.950000	1.400000	-5.997000	6.459606
318	10	-1.640000	-1.070000	-5.939000	6.253497
318	20	2.920000	-0.840000	-4.873000	5.742659
318	9	0.690000	-1.210000	-4.544000	4.752698
318	31	2.230000	-2.150000	-3.578000	4.732598
319	10	-2.760000	0.370000	-5.643400	6.293049
319	20	1.020000	0.690000	-4.914000	5.065955
319	9	-0.570000	-0.370000	-4.194000	4.248698
319	31	0.870000	0.070000	-5.436000	5.505624
320	10	1.150000	-0.600000	-5.021800	5.186615
320	20	0.260000	-2.830000	-5.325000	6.035903
320	9	-0.250000	-2.940000	-5.148000	5.933633
320	31	2.950000	1.780000	-4.849000	5.948420
321	10	1.100000	0.340000	-5.073400	5.202402
321	20	0.040000	1.070000	-5.326000	5.432566
321	9	-0.610000	1.610000	-4.425000	4.748139
321	31	1.590000	0.230000	-4.873000	5.130997
322	10	0.280000	0.670000	-6.076900	6.120132
322	20	-1.320000	-1.910000	-6.071000	6.499811
322	9	-2.500000	0.970000	-4.030000	4.840640
322	31	2.480000	1.630000	-3.582000	4.651669
323	10	-2.740000	-0.090000	-5.853700	6.463861
323	20	1.090000	-1.750000	-6.134000	6.471210
323	9	-0.160000	1.100000	-4.419000	4.556661
323	31	-1.850000	-0.350000	-4.775000	5.132799
324	10	-1.450000	0.110000	-3.970800	4.228694
324	31	1.470000	-0.470000	-4.801900	5.043812
325	10	-1.820000	-1.240000	-4.189880	4.733402
325	31	1.290000	-0.060000	-5.184600	5.343012
326	10	-0.560000	2.120000	-4.890300	5.359387
326	31	-0.050000	3.390000	-3.948000	5.203970
327	10	-2.030000	0.970000	-4.261100	4.818586
327	31	-2.000000	1.000000	-5.831600	6.245603
328	10	0.560000	-2.120000	-5.826000	6.224972
328	31	-1.760000	0.080000	-4.006000	4.376304
329	10	-1.330000	-1.250000	-4.270500	4.644197
329	31	-2.320000	1.540000	-4.399000	5.206266
330	10	0.110000	-1.570000	-4.403000	4.675832
330	31	-0.230000	2.280000	-4.607000	5.145459
331	10	2.340000	-2.590000	-4.684200	5.841697
331	31	0.950000	2.290000	-5.050000	5.625753
332	10	-0.330000	-1.850000	-5.362000	5.681764
332	31	-1.470000	1.170000	-4.011000	4.429212
333	10	1.320000	-3.020000	-5.227000	6.179347
333	31	-0.460000	2.530000	-4.014000	4.767043
334	10	0.950000	-2.130000	-6.376000	6.789166
334	31	-2.840000	3.870000	-2.510000	5.416881
335	10	0.560000	-0.840000	-4.714000	4.820892
335	31	-1.390000	4.200000	-4.214000	6.109820
336	10	1.860000	-2.600000	-4.177800	5.260572
336	31	-0.380000	0.120000	-5.944600	5.957942
337	10	1.990000	-0.580000	-4.288000	4.762714
337	31	0.910000	-0.450000	-5.268000	5.364925
338	10	1.480000	0.190000	-5.655000	5.848549
338	31	-0.560000	1.510000	-5.233000	5.475216
342	10	-1.490000	-1.400000	-5.084300	5.479982
342	32	2.560000	0.400000	-6.349000	6.857361
342	31	-0.920000	-0.380000	-5.381000	5.472290
342	39	2.450000	-2.460000	-3.394000	4.855238
343	10	-1.480000	-1.810000	-4.289000	4.884877
343	32	0.570000	1.200000	-5.688000	5.841082
343	31	-0.700000	-2.300000	-4.340000	4.961411
343	39	-0.670000	-3.150000	-3.847000	5.017052
344	10	-0.490000	2.320000	-4.617100	5.190387
344	32	2.440000	2.140000	-4.190000	5.299934
344	31	0.080000	0.700000	-5.877600	5.919678
344	39	0.480000	-0.630000	-4.873000	4.936945
345	10	0.930000	0.880000	-4.984700	5.146507
345	32	3.190000	0.930000	-4.659000	5.722524
345	31	1.170000	1.080000	-5.047000	5.292212
345	39	-0.410000	-2.870000	-5.074000	5.843841
346	10	0.210000	-0.080000	-5.507000	5.511583
346	32	-0.460000	2.630000	-4.876000	5.559125
346	31	1.340000	-1.150000	-4.043000	4.411797
346	39	-2.890000	-1.130000	-5.715000	6.503093
347	10	-0.480000	0.330000	-3.714200	3.759599
347	32	-0.600000	0.840000	-5.538000	5.633387
347	31	0.110000	-0.500000	-5.077000	5.102747
347	39	-0.630000	-1.560000	-5.204000	5.469197
348	10	2.050000	3.650000	-3.562000	5.496621
348	32	-0.180000	1.010000	-3.704100	3.843547
348	31	0.870000	2.650000	-5.002000	5.727076
348	39	-1.420000	-2.010000	-5.586000	6.104088
349	32	0.470000	-0.160000	-6.288000	6.307570
349	39	-1.390000	1.530000	-3.556000	4.113166
350	32	0.970000	0.260000	-5.349000	5.442454
350	39	-1.350000	2.700000	-4.412000	5.345862
351	26	-1.830000	-0.260000	-3.615600	4.060673
351	32	-0.770000	0.820000	-6.292000	6.391758
351	35	-1.400000	1.440000	-4.985000	5.374367
351	39	-2.000000	3.030000	-3.751000	5.220240
352	26	-0.800000	-1.660000	-5.040000	5.366302
352	32	-0.490000	-0.450000	-6.278000	6.313152
352	35	-2.220000	0.570000	-5.926000	6.353800
352	39	-0.320000	1.250000	-4.522000	4.702487
353	26	-1.310000	1.640000	-5.258200	5.661658
353	32	-2.280000	-0.890000	-5.899000	6.386603
353	35	-4.300000	1.120000	-4.417000	6.265324
353	39	2.420000	1.620000	-3.460000	4.522433
354	26	1.920000	-2.260000	-5.394900	6.156212
354	35	0.250000	0.610000	-5.276000	5.317027
355	26	0.900000	-0.770000	-5.900500	6.018206
355	35	0.010000	0.860000	-6.012000	6.073207
356	26	1.270000	-1.780000	-5.669400	6.076462
356	35	-3.280000	0.850000	-5.895000	6.799406
357	26	1.790000	-1.150000	-5.520300	5.916106
357	35	-0.650000	-0.670000	-6.488000	6.554811
358	26	1.610000	-0.710000	-5.929000	6.184597
358	35	0.600000	0.110000	-4.890000	4.927900
359	26	1.090000	-0.650000	-5.916000	6.050591
359	35	1.210000	-1.140000	-5.580000	5.822379
360	10	2.390000	0.240000	-5.841000	6.315614
360	31	-1.180000	-0.660000	-4.934000	5.115892
361	10	-0.380000	1.930000	-5.009500	5.381858
361	31	0.720000	-1.080000	-6.030000	6.168120
362	10	0.180000	3.580000	-4.817700	6.004917
362	31	-0.190000	-1.150000	-5.175000	5.304642
363	10	-0.880000	3.730000	-4.703200	6.066909
363	31	-1.020000	-0.980000	-5.936000	6.102204
364	10	1.490000	1.120000	-5.492000	5.799704
364	31	1.800000	-2.170000	-4.172000	5.035324
365	10	0.860000	1.980000	-5.067500	5.508135
365	31	0.520000	0.520000	-5.015000	5.068631
366	10	0.200000	-1.390000	-4.338400	4.560024
366	31	-1.320000	0.160000	-6.181500	6.322890
367	10	3.140000	-1.230000	-4.977960	6.012702
367	31	2.350000	0.380000	-5.486000	5.980225
368	10	3.440000	0.360000	-4.514200	5.686933
368	31	2.900000	0.310000	-4.939000	5.735837
369	10	-0.320000	-0.390000	-5.480000	5.503172
369	31	-0.640000	0.380000	-4.862000	4.918642
370	10	0.700000	-1.530000	-4.137000	4.466057
370	31	1.730000	-4.060000	-4.054000	5.992613
371	10	-1.900000	1.050000	-3.991000	4.543191
371	31	-1.410000	1.170000	-5.076000	5.396552
372	10	-1.200000	2.270000	-3.844100	4.622770
372	31	0.710000	0.340000	-5.928700	5.980734
373	10	1.340000	1.430000	-4.535000	4.940316
373	31	1.640000	-0.100000	-4.210000	4.519259
420	14	-1.280000	0.510000	-6.499000	6.643456
420	21	-0.630000	-0.810000	-6.296000	6.379076
421	14	-0.200000	-0.290000	-6.401000	6.410686
421	21	0.810000	0.770000	-6.081000	6.182844
422	14	-0.850000	-1.110000	-6.051000	6.210411
422	21	1.090000	1.550000	-6.572000	6.839721
423	14	1.610000	-0.550000	-5.899900	6.140311
423	21	1.880000	1.550000	-5.315000	5.846890
424	14	-1.040000	0.330000	-5.849800	5.950686
424	21	0.870000	0.530000	-5.982000	6.068124
425	2	3.031200	-2.500000	-3.471740	5.243201
425	14	-0.970000	1.250000	-6.143900	6.344360
425	3	-1.560790	-1.230000	-5.488000	5.836704
425	21	1.090000	0.510000	-6.036000	6.154795
426	2	2.064800	2.320000	-5.364000	6.198249
426	14	-1.560000	0.350000	-5.790500	6.007162
426	3	-2.322200	2.700000	-3.174000	4.770418
426	21	0.850000	0.150000	-6.162000	6.222158
427	2	1.188800	0.340000	-5.393000	5.532928
427	14	-0.320000	-1.710000	-6.785200	7.004673
427	3	-3.770700	-0.760000	-1.987000	4.329428
427	21	2.720000	-1.740000	-6.457000	7.219339
428	2	0.882640	0.310000	-4.025200	4.132480
428	14	-0.780000	0.470000	-6.692700	6.754371
428	3	-1.064000	-0.840000	-3.755000	3.992208
428	21	2.550000	-1.100000	-5.980000	6.593398
429	2	-1.206300	3.200000	-3.053900	4.584917
429	14	-0.700000	-0.370000	-6.748000	6.794292
429	3	-2.457300	0.100000	-5.195300	5.747997
429	21	0.880000	-3.810000	-4.752000	6.154023
430	2	-1.689000	-1.020000	-4.640000	5.042095
430	14	-1.310000	2.550000	-6.011200	6.659814
430	3	-2.518000	-2.480000	-4.225000	5.508298
430	21	2.380000	-1.950000	-5.638000	6.422923
431	2	-1.638000	2.730000	-4.009300	5.119612
431	3	-1.859600	0.820000	-5.235000	5.615669
432	2	1.287000	1.970000	-4.396000	4.986189
432	3	1.906000	2.040000	-3.825000	4.735511
433	2	1.684800	-1.520000	-4.238900	4.808037
433	3	0.248000	1.120000	-4.729500	4.866629
434	2	2.409000	0.820000	-5.086000	5.687097
434	3	0.647000	1.680000	-3.706000	4.120127
435	2	-1.137000	0.490000	-4.282000	4.457398
435	3	-2.375000	1.650000	-4.368000	5.238564
436	2	-0.168600	1.200000	-5.248000	5.386087
436	3	-1.324600	2.510000	-4.558000	5.369360
437	2	-2.685100	-1.140000	-4.237000	5.144077
437	3	-1.090600	2.170000	-4.772000	5.354465
438	2	-2.106100	-1.760000	-3.715000	4.618927
438	3	-1.700500	0.790000	-4.676000	5.037934
439	2	-0.630600	-0.980000	-6.197000	6.305622
439	3	0.695400	4.450000	-2.510000	5.156179
440	2	-2.788000	-1.940000	-3.300000	4.735667
440	3	-0.061000	3.400000	-3.842000	5.130759
441	2	-1.344200	-3.560000	-3.185300	4.962521
441	3	1.581200	1.480000	-4.863400	5.323838
442	2	0.951000	-4.650000	-1.995000	5.148488
442	3	1.696000	0.660000	-5.965850	6.237258
443	2	-0.629000	-3.870000	-4.181000	5.731780
443	3	1.453800	1.020000	-3.285000	3.734322
444	2	-2.432700	-3.260000	-2.035900	4.548683
444	3	-0.077090	0.620000	-5.173800	5.211387
445	2	0.920000	-3.320000	-3.802000	5.130692
445	3	2.768900	1.640000	-4.139000	5.242874
446	2	-1.181000	-3.370000	-3.605900	5.074857
446	3	0.843000	1.200000	-5.565000	5.754987
447	2	1.210500	-4.290000	-5.081400	6.759441
447	3	0.646000	0.890000	-4.579000	4.709210
448	2	0.843940	-3.100000	-4.933400	5.887331
448	3	0.279500	1.600000	-6.086000	6.299009
449	2	-1.547300	-3.190000	-5.277000	6.357434
449	3	-1.062000	0.510000	-4.808000	4.950233
450	2	1.775000	-1.920000	-4.831000	5.493231
450	3	-0.017000	0.740000	-4.541000	4.600931
451	2	0.444000	-2.370000	-4.815700	5.385629
451	3	-1.006000	0.450000	-4.914000	5.036063
452	2	1.817000	-3.410000	-4.123270	5.650747
452	3	0.606000	0.820000	-5.203000	5.301966
453	2	-1.979000	1.910000	-3.109000	4.150954
453	3	-1.141000	2.320000	-5.761000	6.314539
454	2	-4.710000	1.020000	-3.388300	5.891102
454	3	-1.409000	1.600000	-5.544900	5.940639
455	2	-2.209000	-0.260000	-4.484900	5.006157
455	3	-1.238000	0.260000	-4.631000	4.800667
456	2	-1.173000	-3.420000	-3.112200	4.770547
456	3	0.491000	-1.730000	-6.256100	6.509437
457	2	0.202000	-1.030000	-3.849370	3.989906
457	3	0.506000	-1.810000	-6.186900	6.466055
458	2	0.606000	-3.750000	-4.665000	6.015975
458	3	-0.675000	-2.620000	-3.961000	4.796827
459	2	-2.099000	-1.180000	-4.477300	5.083740
459	3	-0.385000	0.950000	-5.959700	6.047210
460	2	-2.521000	-2.590000	-3.724400	5.189865
460	3	-1.052000	2.130000	-5.014600	5.548857
461	2	-0.545000	-0.230000	-6.441600	6.468704
461	3	-1.577000	2.240000	-5.647000	6.276395
462	2	0.858000	-0.080000	-6.095900	6.156506
462	3	1.449000	1.320000	-4.932000	5.307224
463	2	-0.494000	-1.850000	-5.114200	5.460914
463	3	0.706000	0.070000	-5.631000	5.675517
464	2	0.119000	-2.290000	-5.820100	6.255544
464	3	1.827000	-1.530000	-5.381000	5.885065
465	2	0.133000	2.150000	-5.392500	5.806827
465	3	1.547000	0.720000	-5.704000	5.953757
478	4	0.050000	-1.780000	-4.690000	5.016672
478	11	0.690000	-3.060000	-5.759000	6.557879
479	4	0.320000	-0.040000	-4.457000	4.468652
479	11	-0.740000	0.640000	-5.490000	5.576495
480	4	0.100000	1.470000	-4.980000	5.193390
480	11	-2.500000	1.930000	-4.177000	5.236624
481	4	0.420000	-2.290000	-4.923000	5.445772
481	11	-2.150000	-2.350000	-4.293000	5.345545
482	4	2.860000	-0.710000	-4.558000	5.427620
482	11	0.080000	-2.270000	-4.235000	4.805676
483	4	0.790000	-1.610000	-5.514000	5.798310
483	11	-2.530000	-2.980000	-3.738000	5.408692
484	4	0.310000	0.570000	-5.095000	5.136149
484	11	-1.130000	0.240000	-4.090000	4.250012
485	4	1.170000	0.650000	-3.109000	3.384861
485	11	0.390000	0.790000	-5.717000	5.784487
486	4	-0.800000	0.440000	-5.961000	6.030516
486	11	-0.500000	-0.590000	-3.725000	3.804435
487	4	-2.620000	1.940000	-4.690000	5.711751
487	11	-0.500000	-1.570000	-3.782000	4.125339
488	4	-3.580000	2.440000	-3.348000	5.475318
488	11	-0.310000	-1.370000	-6.072000	6.232350
489	4	-2.510000	0.830000	-4.913000	5.579119
489	11	-0.490000	0.350000	-4.675000	4.713621
490	4	-1.040000	-0.790000	-5.555000	5.706463
490	11	2.590000	0.680000	-5.295000	5.933593
491	4	-1.760000	-0.370000	-5.577000	5.859815
491	11	-1.600000	1.160000	-5.316000	5.671460
492	4	-0.010000	-0.930000	-5.143000	5.226418
492	11	1.250000	-0.310000	-5.381000	5.532970
493	4	-1.200000	-1.670000	-5.881000	6.230173
493	11	-1.760000	-0.420000	-5.259000	5.561572
494	4	-2.970000	1.270000	-5.332000	6.234102
494	11	1.160000	1.560000	-6.255000	6.550132
495	4	0.030000	-3.240000	-5.211000	6.136206
495	11	-0.030000	-2.360000	-5.549000	6.030083
496	4	0.250000	-0.410000	-5.106500	5.129029
496	11	1.030000	-0.220000	-6.494000	6.578855
497	4	-1.600000	-1.080000	-6.676000	6.949487
497	11	0.060000	0.270000	-4.970000	4.977690
531	40	-1.240000	-0.900000	-6.281000	6.465181
531	25	-0.260000	1.970000	-5.644000	5.983581
532	40	1.490000	0.740000	-5.731000	5.967584
532	25	-0.730000	3.260000	-4.697000	5.763880
533	40	0.340000	2.210000	-5.109010	5.576888
533	25	-0.710000	2.310000	-6.198000	6.652474
534	40	-1.080000	-1.340000	-6.651000	6.870066
534	25	-2.410000	1.280000	-4.532000	5.290135
535	28	1.650000	1.500000	-5.544700	5.976303
535	40	0.490000	-3.200000	-5.027000	5.979200
535	25	1.150000	1.870000	-5.870000	6.267081
535	27	-1.120000	0.780000	-4.968000	5.152070
536	28	1.750000	-1.040000	-4.853000	5.262671
536	40	-1.910000	-3.150000	-4.838000	6.080859
536	25	0.200000	-0.050000	-5.249400	5.253447
536	27	-0.280000	-1.970000	-5.170000	5.539693
537	28	1.310000	-1.390000	-4.960000	5.315054
537	40	-0.630000	-1.530000	-5.786700	6.018613
537	25	1.360000	2.100000	-4.601000	5.237251
537	27	-2.150000	1.110000	-3.869000	4.563306
538	28	0.580000	0.830000	-6.496000	6.574444
538	40	-2.200000	-1.170000	-4.800400	5.408580
538	25	2.030000	2.240000	-5.312000	6.111943
538	27	-2.200000	2.980000	-3.111000	4.837222
539	28	2.710000	0.440000	-3.509000	4.455422
539	40	-1.930000	-2.400000	-5.084475	5.944475
539	25	1.980000	1.060000	-5.819100	6.237461
539	27	-0.890000	1.900000	-5.898700	6.260732
540	28	0.210000	1.200000	-6.108000	6.228303
540	40	-2.710000	-2.300000	-4.757800	5.938919
540	25	1.600000	1.090000	-5.242410	5.588467
540	27	-1.060000	4.545000	-4.183000	6.267225
541	28	1.060000	-0.060000	-5.343000	5.447463
541	40	-2.830000	1.010000	-4.144300	5.119006
541	25	1.930000	2.390000	-5.770000	6.536811
541	27	0.440000	-0.750000	-4.392000	4.477250
542	40	-1.300000	0.700000	-5.102400	5.311731
542	25	2.310000	1.140000	-5.400000	5.982951
543	40	-1.640000	-1.030000	-5.451900	5.785647
543	25	0.440000	1.300000	-6.355000	6.501509
544	40	-2.470000	-0.450000	-5.117760	5.700427
544	25	0.880000	0.590000	-5.118000	5.226512
550	26	1.120000	4.040000	-4.325400	6.023710
550	21	-1.890000	-1.820000	-5.084000	5.721150
551	26	0.380000	2.680000	-4.388000	5.155710
551	21	-2.790000	-1.530000	-5.231700	6.123372
552	26	0.650000	3.600000	-5.546500	6.644258
552	21	-2.950000	0.330000	-4.420000	5.324265
553	26	1.070000	0.210000	-5.869000	5.969436
553	21	-1.690000	-2.370000	-3.901000	4.867320
554	26	1.820000	2.220000	-3.848650	4.801344
554	21	-3.080000	0.340000	-4.289000	5.291268
555	26	0.970000	0.110000	-4.403400	4.510314
555	21	-0.460000	-1.910000	-5.219000	5.576528
556	26	1.560000	-1.250000	-4.458900	4.886501
556	21	-0.790000	-3.340000	-5.105000	6.151482
558	26	-1.220000	2.520000	-4.686700	5.459300
558	21	-1.400000	1.340000	-4.342000	4.754846
559	26	0.560000	0.300000	-5.617000	5.652812
559	21	0.600000	-1.690000	-3.235000	3.698828
560	26	0.690000	1.340000	-3.757900	4.048890
560	21	0.540000	0.180000	-5.488200	5.517639
561	26	-0.040000	0.310000	-5.428000	5.436992
561	21	-0.880000	-1.780000	-4.403000	4.830032
562	26	0.250000	-1.300000	-5.683100	5.835249
562	34	-1.150000	0.800000	-5.659210	5.830022
562	21	-0.900000	-1.430000	-4.755000	5.046278
562	37	2.130000	-1.650000	-5.558800	6.177350
563	26	1.410000	-1.440000	-4.966600	5.359927
563	34	-0.880000	0.630000	-5.993000	6.089938
563	21	-0.500000	-1.780000	-4.984200	5.316075
563	37	0.880000	-2.870000	-3.024000	4.260971
564	26	1.950000	0.660000	-3.996000	4.495121
564	34	0.220000	1.650000	-4.626421	4.916774
564	40	-1.590000	0.600000	-4.452000	4.765334
564	21	-1.470000	-1.360000	-6.632000	6.927765
564	25	1.010000	1.630000	-5.727000	6.039497
564	37	0.460000	-2.100000	-5.192000	5.619472
565	26	-0.170000	0.010000	-4.928300	4.931241
565	34	-0.160000	0.770000	-4.374000	4.444140
565	40	-1.650000	2.950000	-4.856900	5.917303
565	21	-1.390000	-1.730000	-5.539300	5.967315
565	25	0.670000	1.380000	-5.496800	5.706848
565	37	1.290000	-3.000000	-5.644830	6.521365
566	26	-1.820000	1.870000	-4.679500	5.357893
566	34	0.500000	3.350000	-5.053000	6.083199
566	40	-0.470000	2.990000	-5.212000	6.027101
566	21	-3.680000	-1.340000	-4.223000	5.759490
566	25	-1.070000	1.300000	-4.926910	5.206663
566	37	2.870000	-1.190000	-5.719630	6.509007
567	26	0.080000	2.020000	-5.149000	5.531636
567	34	-1.200000	2.470000	-5.545570	6.188235
567	40	-2.040000	0.850000	-5.754800	6.164562
567	21	-0.780000	-3.540000	-3.412000	4.978127
567	25	-0.810000	-1.740000	-4.999100	5.354876
567	37	2.790000	-2.420000	-5.009500	6.223792
568	34	-2.120000	3.300000	-4.009700	5.609108
568	40	-0.720000	2.550000	-4.964700	5.627535
568	25	2.110000	-0.480000	-5.121800	5.560156
568	37	1.160000	-2.410000	-6.103400	6.663722
569	34	0.260000	3.190000	-4.423700	5.460112
569	40	-2.950000	0.730000	-5.821000	6.566539
569	25	1.090000	-1.430000	-4.769000	5.096701
569	37	3.240000	-1.030000	-5.452500	6.425594
570	40	-2.180000	-0.850000	-6.124400	6.556156
570	25	1.240000	-0.790000	-4.968000	5.180996
573	4	-1.780000	4.230000	-4.377000	6.341879
573	41	1.400000	-2.360000	-5.110000	5.800147
574	4	0.050000	2.090000	-5.706000	6.076927
574	41	2.030000	-4.430000	-3.808000	6.184389
575	4	0.180000	1.470000	-5.287000	5.490507
575	41	2.870000	-3.820000	-4.741000	6.731001
576	4	-2.970000	3.400000	-4.604000	6.448078
576	41	0.370000	-2.160000	-5.644000	6.054522
577	4	-0.920000	3.190000	-5.906000	6.775200
577	22	-0.760000	1.930000	-5.216400	5.613673
577	31	-1.310000	0.720000	-4.181000	4.440187
577	41	0.180000	-3.050000	-5.168000	6.003593
578	4	-2.270000	3.100000	-3.701200	5.334958
578	22	-1.060000	0.440000	-5.485300	5.604080
578	31	0.840000	-1.380000	-4.210000	4.509335
578	41	-0.530000	-2.870000	-6.072600	6.737527
579	4	-0.840000	1.160000	-6.096000	6.261982
579	22	0.030000	1.320000	-5.936000	6.081069
579	31	2.000000	0.670000	-2.566000	3.321635
579	41	1.120000	-4.820000	-4.333000	6.577362
580	4	0.430000	3.040000	-5.206700	6.044520
580	10	-1.630000	1.110000	-5.733300	6.062980
580	22	-0.310000	-1.910000	-3.294000	3.820293
580	31	-0.920000	-1.480000	-5.867900	6.121197
580	35	2.580000	-1.650000	-4.212000	5.207672
580	41	2.950000	-2.440000	-4.414000	5.842901
581	4	-1.470000	3.770000	-4.309900	5.911771
581	10	-0.240000	1.570000	-4.300000	4.583939
581	22	-1.380000	1.890000	-3.540700	4.244179
581	31	-2.930000	0.810000	-3.939900	4.976325
581	35	0.080000	-0.750000	-6.429000	6.473094
581	41	0.770000	-2.950000	-5.736100	6.496017
582	4	-2.240000	1.790000	-4.922600	5.696814
582	10	-2.900000	2.990000	-3.443000	5.404105
582	22	-3.240000	-2.280000	-5.250800	6.577758
582	31	-2.770000	-0.670000	-3.830000	4.773961
582	35	-0.900000	0.870000	-5.733000	5.868065
582	41	0.030000	-2.300000	-5.676900	6.125202
583	4	-1.710000	1.760000	-5.506000	6.028079
583	10	1.060000	1.130000	-4.105000	4.387656
583	22	0.910000	-0.990000	-5.758000	5.912932
583	26	-1.470000	1.260000	-4.664400	5.050260
583	21	2.310000	-1.170000	-4.613970	5.290909
583	31	-1.370000	-0.790000	-2.776000	3.194867
583	35	-0.760000	-0.770000	-5.638000	5.740866
583	41	1.740000	-3.050000	-4.048000	5.358769
584	4	-0.450000	-0.120000	-4.958300	4.980124
584	10	1.290000	1.130000	-5.721300	5.972794
584	22	-0.010000	-1.290000	-2.820000	3.101064
584	26	-0.450000	2.570000	-5.778700	6.340408
584	21	1.600000	-0.920000	-4.464500	4.830959
584	31	-0.860000	-1.320000	-5.479500	5.701484
584	35	0.460000	-2.240000	-5.327300	5.797355
584	41	2.970000	-2.660000	-4.752000	6.203064
585	4	-1.640000	3.850000	-2.521000	4.885442
585	10	-1.730000	0.320000	-5.709700	5.974611
585	22	1.660000	-1.600000	-6.035000	6.460404
585	26	-3.650000	0.920000	-3.376000	5.056311
585	21	-1.300000	-2.130000	-5.873000	6.381146
585	31	-1.540000	-1.540000	-2.143000	3.055429
585	35	-0.970000	-1.590000	-3.919000	4.339074
585	41	0.490000	-0.850000	-5.470200	5.557489
586	4	-3.400000	1.780000	-5.008100	6.309474
586	10	-1.220000	2.060000	-5.016800	5.558802
586	22	0.170000	0.260000	-4.793400	4.803455
586	26	-1.270000	3.110000	-3.595400	4.920559
586	21	1.200000	2.270000	-3.911900	4.679301
586	31	-2.270000	0.630000	-4.184000	4.801631
586	35	-1.560000	0.300000	-4.168000	4.460474
586	41	2.980000	-2.350000	-4.039000	5.542240
587	4	-2.060000	4.290000	-3.946100	6.182185
587	10	-0.770000	1.680000	-4.377000	4.751150
587	22	3.010000	-0.770000	-4.139500	5.175757
587	26	-0.140000	-1.920000	-3.505000	3.998878
587	21	1.600000	-0.380000	-6.104000	6.321647
587	31	0.550000	-0.500000	-3.388900	3.469459
587	35	0.270000	1.120000	-5.354300	5.476845
587	41	2.960000	-2.060000	-4.293000	5.606697
588	4	-1.470000	2.200000	-4.625900	5.329151
588	10	-0.880000	0.680000	-5.290700	5.406321
588	22	0.060000	-3.250000	-1.865000	3.747576
588	26	0.550000	-0.460000	-6.327000	6.367498
588	21	1.910000	1.340000	-3.321000	4.058662
588	31	-2.470000	-1.770000	-5.831900	6.576082
588	35	-1.170000	1.460000	-4.568400	4.936677
588	41	3.890000	-2.060000	-5.039600	6.691283
589	4	-2.360000	3.410000	-4.471000	6.098159
589	10	0.690000	2.580000	-4.721000	5.424052
589	22	2.620000	0.910000	-2.944000	4.044705
589	26	2.550000	-1.380000	-5.762340	6.450695
589	21	2.530000	-1.990000	-4.653000	5.657863
589	31	-0.920000	1.270000	-5.376900	5.600924
589	35	-0.770000	0.770000	-6.246400	6.340608
589	41	2.170000	-2.760000	-5.367000	6.413360
590	4	1.840000	-0.470000	-4.878000	5.234633
590	10	0.940000	-0.630000	-5.552000	5.666145
590	22	0.610000	0.040000	-3.659100	3.709813
590	26	-0.110000	-0.400000	-6.521000	6.534183
590	21	-1.890000	1.230000	-3.994000	4.586615
590	31	-1.360000	3.570000	-3.409000	5.120135
590	35	1.130000	1.370000	-5.433500	5.716356
590	41	2.150000	-3.270000	-4.420000	5.903541
591	4	-0.610000	2.360000	-5.763000	6.257305
591	10	1.180000	2.160000	-4.669000	5.278026
591	22	0.600000	-2.730000	-4.960000	5.693373
591	26	2.060000	0.050000	-5.329400	5.713896
591	21	-0.160000	1.200000	-4.925000	5.071610
591	31	-3.400000	0.670000	-2.796000	4.452698
591	35	1.900000	2.380000	-6.351600	7.043949
591	41	-0.600000	-2.070000	-3.711000	4.291436
592	4	0.160000	1.730000	-4.763630	5.070569
592	10	-1.220000	-0.050000	-5.838900	5.965204
592	22	-2.090000	0.330000	-3.438800	4.037616
592	26	1.490000	-2.390000	-5.430700	6.117573
592	21	-0.920000	0.330000	-5.430500	5.517756
592	31	-4.040000	1.350000	-4.441100	6.153655
592	35	1.070000	-0.890000	-4.776000	4.974653
592	41	0.750000	-3.440000	-4.740000	5.904549
593	4	-1.230000	3.190000	-4.626600	5.752776
593	26	2.010000	0.780000	-5.710800	6.104239
593	21	-0.010000	1.260000	-6.057000	6.186675
593	41	0.390000	-1.660000	-5.429100	5.690591
594	4	0.910000	0.260000	-5.787000	5.863878
594	26	1.230000	-1.190000	-4.548000	4.859352
594	21	-1.370000	0.180000	-6.722700	6.863235
594	41	2.330000	-2.850000	-5.554000	6.663206
595	4	-0.810000	3.000000	-4.620600	5.568307
595	26	1.200000	-1.760000	-5.320000	5.730620
595	21	0.240000	-0.160000	-6.263100	6.269739
595	41	0.110000	-3.150000	-5.227000	6.103780
596	4	-1.450000	2.610000	-5.224500	6.017475
596	22	1.010000	-2.580000	-5.055000	5.764506
596	26	-0.450000	-0.450000	-6.046000	6.079401
596	21	-0.820000	0.210000	-5.636300	5.699507
596	31	-3.700000	-1.290000	-2.765000	4.795761
596	41	2.090000	-2.640000	-5.334600	6.308380
597	4	-1.320000	3.400000	-5.032900	6.215503
597	22	-1.530000	-0.960000	-4.111500	4.490761
597	26	-0.310000	0.070000	-6.035600	6.043961
597	21	-2.800000	-0.330000	-3.619400	4.587914
597	31	-3.750000	0.610000	-3.817000	5.385544
597	41	1.300000	-2.550000	-5.300300	6.023760
598	4	-1.490000	0.650000	-4.498900	4.783587
598	22	1.520000	-0.490000	-3.727300	4.055030
598	26	1.770000	-0.700000	-5.215300	5.551779
598	21	-1.390000	0.420000	-5.367280	5.560233
598	31	-2.970000	2.690000	-4.233000	5.828833
598	41	1.010000	-3.740000	-5.408000	6.652380
599	4	-0.930000	4.220000	-3.791740	5.748964
599	22	4.200000	-1.150000	-3.232500	5.423242
599	26	1.700000	-0.950000	-5.849000	6.164682
599	21	-0.770000	0.650000	-6.098200	6.180893
599	31	0.530000	1.770000	-1.996000	2.719893
599	41	1.770000	-0.350000	-6.068000	6.330563
600	4	-2.980000	1.160000	-4.323910	5.377936
600	22	-0.720000	-1.180000	-5.037000	5.223234
600	26	1.570000	0.500000	-5.914300	6.139531
600	21	-0.500000	0.320000	-5.784700	5.815080
600	31	-3.300000	0.940000	-1.644000	3.804778
600	41	0.760000	-2.190000	-6.178400	6.598964
601	4	-2.420000	2.950000	-5.431000	6.637369
601	22	0.300000	-0.640000	-4.845000	4.896287
601	26	2.990000	1.950000	-5.137000	6.255507
601	21	0.030000	-0.340000	-5.735000	5.745148
601	31	-3.650000	-0.370000	-3.454000	5.038801
601	41	2.580000	-1.290000	-4.938000	5.718771
602	4	-3.020000	2.350000	-4.688000	6.051466
602	22	2.930000	1.480000	-3.149600	4.549207
602	26	3.080000	-0.120000	-5.979300	6.727022
602	21	-1.150000	-2.250000	-5.051500	5.648243
602	31	0.320000	2.840000	-5.444200	6.148765
602	41	2.780000	-0.940000	-3.506000	4.572093
603	4	-4.480000	0.660000	-4.275800	6.228039
603	22	0.920000	1.350000	-4.032590	4.350940
603	26	2.770000	1.000000	-5.157000	5.938649
603	21	-0.450000	0.360000	-6.229100	6.255700
603	31	-1.980000	0.970000	-4.325000	4.854578
603	41	0.370000	-1.490000	-4.586000	4.836155
604	4	-2.890000	-1.230000	-4.806000	5.741310
604	22	2.770000	-0.820000	-4.028000	4.956822
604	26	-0.350000	1.680000	-4.926000	5.216357
604	21	-0.890000	1.110000	-5.565040	5.744029
604	31	-0.370000	0.410000	-4.425000	4.459330
604	41	2.120000	-2.710000	-5.865000	6.799759
605	4	-0.140000	-0.610000	-5.329000	5.365626
605	22	-0.230000	-1.390000	-4.712000	4.918124
605	26	-1.710000	0.870000	-3.790000	4.247952
605	21	-0.870000	-0.170000	-6.379900	6.441190
605	31	-2.360000	-1.160000	-3.558000	4.424315
605	41	2.600000	-0.470000	-2.713000	3.786987
606	4	-3.160000	-0.160000	-3.141400	4.458654
606	22	-3.270000	1.690000	-3.933100	5.386861
606	26	1.590000	0.790000	-4.802000	5.119707
606	21	1.550000	0.320000	-6.047500	6.251172
606	31	-3.010000	0.960000	-4.142000	5.209402
606	41	0.740000	1.600000	-5.109000	5.404580
607	4	-1.730000	-2.370000	-5.146000	5.923775
607	22	-1.620000	1.770000	-6.477000	6.907158
607	26	-0.670000	0.940000	-4.739000	4.877563
607	21	0.100000	0.240000	-6.191740	6.197196
607	31	-3.600000	-2.110000	-1.288000	4.367041
607	41	3.130000	-1.890000	-3.506000	5.065672
608	4	-1.840000	2.220000	-5.030000	5.797836
608	22	0.600000	1.460000	-4.222200	4.507613
608	26	-2.040000	2.650000	-4.220000	5.384468
608	21	-2.050000	0.210000	-6.423100	6.745577
608	31	-1.420000	-0.330000	-4.681800	4.903524
608	41	4.860000	0.010000	-4.363000	6.531115
609	4	-3.240000	-1.610000	-4.612000	5.861761
609	22	1.310000	-1.450000	-4.794900	5.177805
609	26	-0.210000	-2.580000	-5.029100	5.656178
609	21	0.900000	-0.810000	-6.603600	6.713690
609	31	0.720000	-2.320000	-4.704000	5.294187
609	41	3.020000	-0.820000	-3.901000	5.001060
610	4	-3.080000	-0.430000	-5.136000	6.004148
610	22	1.020000	-2.300000	-2.928900	3.861199
610	26	-2.030000	1.770000	-5.190200	5.847391
610	21	-0.470000	-0.390000	-6.137100	6.167414
610	31	1.530000	-1.380000	-5.094300	5.495197
610	41	2.150000	0.320000	-4.909000	5.368722
611	4	-3.230000	0.360000	-5.133000	6.075376
611	22	-2.940000	0.810000	-3.860600	4.919749
611	26	-2.370000	-0.520000	-5.274300	5.805647
611	21	-1.430000	-0.050000	-5.488400	5.671855
611	31	-2.430000	-0.280000	-5.090000	5.647247
611	41	2.030000	0.690000	-5.597000	5.993614
612	4	-4.720000	-2.210000	-3.977000	6.555839
612	22	0.250000	1.000000	-6.405000	6.487413
612	26	-2.030000	-1.580000	-5.040100	5.658614
612	21	-0.650000	-1.610000	-6.540000	6.766550
612	31	-0.380000	3.890000	-3.712000	5.390310
612	41	1.930000	-2.800000	-5.082000	6.114869
613	4	-2.660000	-0.820000	-4.530000	5.316851
613	22	-0.010000	-2.320000	-5.767000	6.216172
613	26	-1.660000	-0.740000	-4.977000	5.298465
613	21	-1.150000	-0.820000	-5.711800	5.883839
613	31	-1.540000	-0.740000	-4.454000	4.770463
613	41	2.090000	-1.620000	-5.210000	5.842654
614	4	-0.970000	0.640000	-5.110000	5.240477
614	22	-1.010000	-1.090000	-5.671000	5.862460
614	26	0.520000	-0.560000	-5.599000	5.650912
614	21	0.280000	-0.150000	-6.003000	6.011398
614	31	0.290000	2.640000	-4.510000	5.233909
614	41	2.430000	-1.620000	-4.483000	5.350382
615	4	-0.080000	1.400000	-5.315000	5.496874
615	22	-2.120000	-2.110000	-4.013700	5.005626
615	26	-1.180000	-1.080000	-5.890000	6.103352
615	21	-0.300000	1.050000	-4.061000	4.205261
615	31	-2.630000	0.530000	-5.656000	6.260043
615	41	-0.370000	-2.240000	-4.644000	5.169259
616	4	-1.130000	-2.050000	-3.478000	4.192360
616	22	1.170000	1.950000	-3.397300	4.088159
616	26	-1.610000	1.080000	-5.567200	5.895101
616	21	-1.060000	-0.940000	-5.202000	5.391475
616	31	-1.170000	1.820000	-6.324300	6.684166
616	41	0.910000	-2.140000	-4.395000	4.972296
617	4	-1.540000	0.090000	-4.118000	4.397457
617	22	2.170000	-0.730000	-4.097800	4.694014
617	26	-1.460000	1.070000	-5.147150	5.456157
617	21	-1.340000	1.820000	-5.608000	6.046293
617	31	1.050000	3.140000	-5.161000	6.131723
617	41	1.770000	-2.020000	-4.069000	4.875455
618	4	-0.370000	-2.600000	-5.497000	6.092119
618	22	-0.810000	2.110000	-5.824000	6.247173
618	26	-0.550000	-0.680000	-4.875400	4.953224
618	21	-0.120000	-1.080000	-5.731000	5.833109
618	31	-2.340000	2.730000	-3.771000	5.210465
618	41	4.580000	-2.690000	-2.901000	6.052132
619	22	-0.950000	-1.550000	-5.257100	5.562562
619	26	1.980000	0.590000	-5.707000	6.069460
619	21	-0.390000	2.150000	-4.734000	5.213958
619	31	-2.670000	0.980000	-4.921000	5.683796
620	22	0.480000	0.260000	-5.698000	5.724090
620	26	1.430000	-0.600000	-5.679000	5.886930
620	21	0.080000	1.480000	-5.923000	6.105631
620	31	-2.070000	3.740000	-5.120000	6.669850
621	22	2.070000	-2.460000	-3.466000	4.727542
621	26	0.380000	-0.860000	-5.912000	5.986296
621	21	-1.640000	-0.610000	-4.883000	5.187040
621	31	-1.250000	0.620000	-6.941300	7.080152
622	4	0.320000	0.110000	-4.685000	4.697204
622	22	-0.280000	-2.060000	-5.727000	6.092662
622	26	0.130000	-1.430000	-5.129000	5.326203
622	11	-3.220000	0.940000	-4.547000	5.650417
622	21	1.160000	-0.210000	-5.842000	5.959754
622	31	-2.910000	1.890000	-4.749000	5.881599
623	4	1.940000	0.630000	-5.328600	5.705653
623	26	-0.930000	-0.150000	-5.294500	5.377651
623	11	-0.610000	0.920000	-5.352000	5.464650
623	21	0.580000	-1.290000	-6.321000	6.477310
624	4	-0.910000	-0.750000	-5.926000	6.042191
624	26	-0.220000	1.290000	-5.179000	5.341773
624	11	-1.910000	2.530000	-4.712000	5.679080
624	21	-0.160000	2.750000	-4.265000	5.077236
625	4	-0.920000	-3.190000	-5.479000	6.406398
625	26	-0.730000	-0.140000	-5.888000	5.934732
625	11	-1.330000	-0.890000	-5.457000	5.686814
625	21	-1.290000	1.630000	-5.174000	5.575955
626	4	-0.320000	-1.700000	-4.399400	4.727274
626	26	1.920000	-1.200000	-4.942000	5.435969
626	11	0.970000	1.060000	-6.061000	6.228982
626	21	3.520000	-0.900000	-5.095000	6.257749
627	4	1.090000	-1.280000	-4.460000	4.766351
627	26	0.630000	-0.270000	-5.615000	5.656680
627	11	2.170000	-0.730000	-5.387000	5.853338
627	21	0.520000	3.350000	-5.134000	6.152305
628	4	1.110000	-0.410000	-5.532000	5.657139
628	26	-0.190000	0.340000	-5.128000	5.142770
628	11	2.200000	-0.130000	-4.789000	5.271757
628	21	-0.190000	2.580000	-5.147000	5.760565
629	4	-3.570000	-1.220000	-5.327400	6.527978
629	26	0.580000	-1.450000	-4.510600	4.773302
629	11	0.210000	-0.300000	-5.617000	5.628924
629	21	1.220000	0.560000	-4.997000	5.174167
630	4	-1.950000	1.740000	-4.958000	5.604629
630	26	-0.780000	1.180000	-6.091000	6.253086
630	11	0.540000	1.990000	-5.040000	5.445484
630	21	1.170000	1.280000	-4.031000	4.388196
631	4	-1.050000	-1.310000	-5.854000	6.089985
631	26	0.320000	-0.640000	-4.268900	4.328453
631	11	0.940000	0.720000	-5.222000	5.354557
631	21	0.240000	2.160000	-5.622000	6.027444
632	2	-1.030000	2.320000	-5.688340	6.229006
632	4	-1.150000	-1.610000	-5.352800	5.706756
632	26	1.640000	-0.710000	-3.924700	4.312420
632	11	0.730000	-0.620000	-6.095000	6.169791
632	21	0.650000	0.020000	-5.708000	5.744925
632	37	-0.450000	-3.180000	-4.136000	5.236544
633	2	-1.470000	2.070000	-3.540900	4.357037
633	4	-2.000000	-0.310000	-6.292000	6.609490
633	26	0.580000	0.450000	-4.428800	4.489228
633	11	1.530000	0.430000	-5.797000	6.010908
633	21	-0.420000	-0.070000	-5.779000	5.794665
633	37	-3.090000	-2.750000	-4.110800	5.831747
634	2	-1.200000	0.780000	-4.112200	4.354146
634	4	0.720000	-0.370000	-6.229000	6.281381
634	26	0.650000	-1.410000	-4.739100	4.986950
634	11	2.420000	1.260000	-5.687000	6.307612
634	21	-0.700000	0.780000	-5.506000	5.604858
634	37	0.670000	-5.080000	-4.199000	6.624719
635	2	1.430000	3.510000	-4.232000	5.681094
635	4	-0.470000	0.210000	-6.009000	6.031010
635	22	0.190000	-0.940000	-5.589000	5.670681
635	26	-2.190000	-3.520000	-2.926450	5.074506
635	11	0.120000	3.810000	-6.276000	7.342934
635	21	-1.800000	-0.970000	-6.208000	6.536066
635	31	2.620000	1.260000	-5.106000	5.875648
635	37	0.840000	-4.040000	-2.904000	5.045832
636	2	-0.680000	2.140000	-5.622000	6.053832
636	4	-0.110000	-2.030000	-5.420200	5.788918
636	22	-0.540000	-1.590000	-5.325000	5.583487
636	26	-0.120000	-1.060000	-5.657000	5.756705
636	11	-0.020000	2.040000	-6.051000	6.385656
636	21	0.250000	1.030000	-4.677000	4.795595
636	31	0.930000	1.690000	-5.918000	6.224446
636	37	1.870000	-4.440000	-3.117000	5.738135
637	2	-0.450000	3.110000	-3.853300	4.972175
637	4	2.020000	-1.970000	-3.638900	4.604660
637	22	-2.920000	-0.090000	-5.244000	6.002836
637	26	2.270000	-2.280000	-4.341800	5.403936
637	11	1.530000	3.350000	-5.725000	6.807277
637	21	3.100000	-2.300000	-4.441000	5.884087
637	31	-2.540000	1.030000	-5.426000	6.078978
637	37	0.670000	-1.520000	-5.862100	6.092907
638	2	1.160000	-0.120000	-4.011500	4.177575
638	18	-0.340000	0.530000	-5.527500	5.563251
638	22	-0.010000	-2.440000	-5.710000	6.209493
638	26	1.010000	-1.650000	-4.660300	5.045889
638	21	0.700000	0.870000	-4.699800	4.830634
638	31	0.130000	-0.060000	-5.492000	5.493866
638	33	-1.270000	-2.700000	-5.726000	6.456778
638	37	0.830000	-4.230000	-4.994900	6.597789
639	2	-2.730000	1.530000	-4.751600	5.689596
639	18	-0.750000	3.800000	-5.026000	6.345327
639	22	0.030000	-0.390000	-5.957000	5.969828
639	26	0.080000	-0.710000	-5.041700	5.092076
639	21	0.320000	1.560000	-4.643000	4.908508
639	31	1.250000	-0.040000	-5.981000	6.110357
639	33	0.780000	1.620000	-5.477000	5.764575
639	37	-0.590000	-3.970000	-5.016300	6.424349
640	2	-3.560000	1.030000	-4.189900	5.593725
640	18	-0.328000	1.230000	-5.266300	5.417970
640	22	-2.230000	0.550000	-6.158000	6.572394
640	26	0.980000	-1.580000	-6.002000	6.283375
640	21	-0.820000	-0.070000	-3.679000	3.769926
640	31	-0.500000	-0.460000	-5.520000	5.561654
640	33	-1.610000	-1.870000	-4.841000	5.433625
640	37	-2.140000	-3.120000	-5.702000	6.843011
641	2	1.230000	3.750000	-4.412200	5.919705
641	18	0.915000	1.000000	-5.060700	5.239075
641	22	-0.370000	0.910000	-5.781000	5.863869
641	26	0.180000	-2.730000	-5.455000	6.102649
641	21	0.930000	1.060000	-5.423000	5.603341
641	31	2.550000	0.980000	-4.712000	5.446636
641	33	0.450000	-2.920000	-4.607000	5.472965
641	37	2.440000	-0.650000	-4.466000	5.130425
642	2	-0.710000	3.390000	-3.434000	4.877351
642	18	-1.640000	3.880000	-4.300000	6.019468
642	22	-1.280000	2.310000	-5.006000	5.659906
642	26	-0.870000	-3.310000	-4.275000	5.476187
642	21	1.350000	-1.480000	-6.151800	6.469741
642	31	-2.190000	1.590000	-4.451000	5.209184
642	33	1.050000	-2.000000	-5.164000	5.636435
642	37	2.190000	0.200000	-4.867600	5.341313
643	2	-2.790000	-0.350000	-5.267300	5.970850
643	18	-1.140000	1.150000	-5.251000	5.495007
643	22	1.800000	-0.410000	-5.624000	5.919246
643	26	-1.160000	1.440000	-4.983700	5.315681
643	21	-2.150000	1.390000	-5.295200	5.881645
643	31	0.060000	-0.550000	-4.645000	4.677833
643	33	3.200000	-1.800000	-5.089000	6.275183
643	37	2.030000	-3.710000	-4.121000	5.904883
644	2	-3.060000	0.920000	-4.326950	5.378894
644	18	-1.000000	0.220000	-6.212000	6.295820
644	22	0.570000	0.600000	-5.774000	5.833007
644	26	1.580000	0.410000	-5.110100	5.364478
644	21	-0.600000	2.200000	-5.046900	5.538159
644	31	2.330000	-0.220000	-4.882000	5.413984
644	33	1.680000	-3.460000	-5.311000	6.557493
644	37	1.200000	-1.810000	-4.774900	5.245548
645	2	-2.870000	1.130000	-4.318500	5.306905
645	18	-1.280000	1.910000	-4.404000	4.968070
645	26	1.070000	0.010000	-5.622700	5.723614
645	28	0.230000	2.920000	-3.874000	4.856663
645	1	1.810000	-2.690000	-5.793000	6.638603
645	21	-1.880000	1.670000	-5.375300	5.934404
645	33	1.720000	-1.940000	-5.488000	6.069608
645	37	1.860000	-3.730000	-3.352000	5.348682
646	2	-0.800000	3.730000	-5.032400	6.314899
646	18	-2.840000	2.170000	-4.291500	5.584933
646	26	1.360000	-1.160000	-6.029400	6.288789
646	28	0.530000	2.550000	-4.456000	5.161331
646	1	1.620000	-2.160000	-4.435000	5.192227
646	21	-1.600000	0.240000	-6.310200	6.514309
646	33	2.078000	-3.380000	-4.996000	6.379851
646	37	2.250000	-1.010000	-5.351700	5.892647
647	2	1.170000	0.970000	-6.911000	7.076137
647	18	-2.710000	3.140000	-4.619000	6.207968
647	26	-1.570000	-1.920000	-4.594500	5.221181
647	28	-1.070000	-0.970000	-4.643000	4.862432
647	1	-0.320000	-3.430000	-4.069000	5.331422
647	21	-0.790000	0.730000	-5.559100	5.662207
647	33	4.161000	-1.140000	-4.521000	6.249237
647	37	4.170000	-2.030000	-3.938000	6.084213
648	2	-0.770000	2.420000	-6.085200	6.593858
648	18	-1.370000	1.480000	-5.514000	5.871243
648	26	0.030000	-1.370000	-4.280100	4.494113
648	28	-2.530000	0.120000	-4.971000	5.579081
648	1	-2.050000	-2.010000	-3.381000	4.435511
648	21	-0.750000	0.260000	-5.233700	5.293554
648	33	4.138000	-1.260000	-4.897000	6.533854
648	37	-0.180000	-2.540000	-4.776900	5.413204
649	18	-1.910000	3.500000	-4.967000	6.369395
649	26	-0.270000	-1.510000	-6.034600	6.226508
649	28	-0.870000	-1.150000	-4.837000	5.047372
649	1	1.040000	0.440000	-5.460000	5.575554
649	21	0.710000	0.080000	-5.521000	5.567041
649	33	1.944000	-1.390000	-4.594000	5.178424
650	18	-0.740000	2.950000	-5.539000	6.319068
650	26	-2.270000	-0.360000	-4.769900	5.294756
650	28	-0.720000	-1.250000	-5.644000	5.825430
650	1	3.140000	2.300000	-4.303000	5.802190
650	21	-1.480000	-2.110000	-6.191913	6.706884
650	33	2.746000	-3.450000	-5.526000	7.069632
651	18	-0.710000	4.130000	-5.498600	6.913436
651	26	2.400000	-0.880000	-4.998700	5.614392
651	28	-2.350000	-1.800000	-3.239000	4.387895
651	1	-0.880000	-0.410000	-5.957000	6.035590
651	21	2.330000	-1.600000	-5.821100	6.471020
651	33	0.500000	-1.530000	-5.694000	5.917139
652	18	-1.970000	0.800000	-5.996000	6.361833
652	26	0.760000	0.080000	-5.840200	5.889986
652	28	-0.250000	2.320000	-5.554000	6.024269
652	1	1.470000	2.800000	-4.752000	5.708100
652	21	0.280000	-0.660000	-5.953000	5.996016
652	33	0.030000	-2.570000	-5.279000	5.871426
653	18	-0.310000	1.760000	-5.391000	5.679488
653	26	-1.940000	-1.270000	-5.764800	6.213648
653	28	-1.890000	2.110000	-5.365000	6.066912
653	1	-2.190000	2.640000	-3.320000	4.773688
653	21	-0.730000	-1.070000	-5.643800	5.790534
653	33	3.130000	-3.110000	-4.524000	6.319460
654	18	-1.630000	3.420000	-5.462000	6.647311
654	26	-1.980000	-1.360000	-5.630200	6.121205
654	28	-1.230000	3.490000	-4.877000	6.121938
654	1	-0.080000	2.040000	-3.609000	4.146430
654	21	-1.100000	0.070000	-4.527000	4.659252
654	33	2.380000	-2.860000	-4.917000	6.166108
655	18	-2.982000	2.730000	-5.164000	6.558363
655	26	-0.900000	-1.540000	-6.226000	6.476471
655	28	-0.760000	-0.830000	-6.109000	6.211794
655	1	2.600000	-1.840000	-2.647000	4.141523
655	21	1.170000	1.480000	-4.443000	4.826961
655	33	-0.163000	-3.790000	-4.386000	5.798937
656	18	-2.327000	3.230000	-5.744000	6.988660
656	26	-0.610000	-3.370000	-5.846000	6.775302
656	28	-2.860000	-0.780000	-5.072000	5.874792
656	1	0.790000	-1.120000	-4.531000	4.733758
656	21	0.740000	-0.450000	-5.353000	5.422611
656	33	1.259000	-2.940000	-4.597000	5.600097
657	18	-1.100000	1.240000	-5.243000	5.498786
657	26	-1.140000	-0.530000	-5.733800	5.870005
657	28	0.650000	0.180000	-4.993000	5.038348
657	1	4.160000	-2.000000	-4.002000	6.109141
657	21	0.260000	1.420000	-5.380000	5.570314
657	33	1.898000	-2.650000	-5.441000	6.342664
658	18	-1.780000	1.720000	-5.908000	6.405565
658	26	-1.800000	-2.950000	-4.996050	6.074785
658	28	-0.590000	0.430000	-6.104000	6.147505
658	1	1.690000	0.310000	-3.798000	4.168573
658	21	1.130000	-0.520000	-5.532000	5.670126
658	33	2.332000	0.120000	-4.117000	4.733108
659	18	-2.370000	-0.080000	-5.600000	6.081390
659	26	-1.110000	0.860000	-5.482000	5.658977
659	28	-2.060000	0.570000	-5.754000	6.138161
659	1	2.010000	-3.410000	-3.947000	5.589902
659	21	2.030000	1.910000	-4.483000	5.278853
659	33	2.841000	-1.380000	-4.137000	5.204849
660	18	-0.870000	0.590000	-4.995300	5.104706
660	26	-0.340000	-2.110000	-5.393000	5.801047
660	28	-2.250000	0.330000	-5.309000	5.775542
660	1	2.650000	-3.050000	-2.886000	4.965279
660	21	2.820000	-1.670000	-5.263000	6.200038
660	33	1.660000	-1.750000	-5.365000	5.882289
661	18	-2.100000	1.070000	-5.894000	6.347766
661	26	-1.050000	-1.610000	-5.337400	5.672957
661	28	-1.330000	3.470000	-4.735000	6.019138
661	1	3.610000	-2.090000	-3.632000	5.530970
661	21	0.470000	-2.460000	-5.306000	5.867379
661	33	1.000000	-1.900000	-5.052000	5.489326
662	18	-0.550000	2.800000	-4.643010	5.449774
662	26	0.000000	0.940000	-3.946900	4.057292
662	28	-0.820000	2.320000	-4.818000	5.409984
662	1	2.300000	-2.870000	-4.683000	5.954611
662	21	1.130000	-0.710000	-6.200400	6.342394
662	33	1.040000	-1.320000	-5.333300	5.591788
663	18	-0.980000	0.310000	-5.124800	5.226861
663	26	0.080000	0.510000	-5.603000	5.626732
663	28	-1.230000	1.780000	-5.287000	5.712589
663	1	-1.410000	-1.020000	-4.417000	4.747461
663	21	1.100000	-2.030000	-5.359000	5.835219
663	33	0.159000	-1.260000	-4.244000	4.429945
664	18	0.720000	-0.280000	-5.359800	5.415188
664	26	-3.600000	1.660000	-3.979600	5.617189
664	28	0.710000	3.520000	-4.078000	5.433653
664	1	0.320000	0.050000	-6.026000	6.034698
664	21	0.690000	-1.830000	-5.654900	5.983552
664	33	1.000000	-0.870000	-4.469000	4.661423
665	18	1.910000	0.670000	-5.164700	5.547173
665	26	-1.730000	0.700000	-5.206100	5.530495
665	28	0.680000	0.670000	-5.011000	5.101120
665	1	-1.750000	-2.510000	-5.311000	6.129382
665	21	3.810000	-1.850000	-4.791000	6.394707
665	33	1.530000	0.660000	-4.538000	4.834247
666	18	0.500000	1.010000	-4.763500	4.895001
666	26	-2.260000	1.250000	-4.057100	4.809383
666	28	-0.380000	0.650000	-5.107000	5.162204
666	1	-2.560000	-3.010000	-4.761000	6.187150
666	21	0.950000	-0.590000	-6.165700	6.266295
666	33	-1.050000	-1.170000	-5.381000	5.605940
667	18	1.960000	-2.320000	-4.211400	5.192291
667	26	-2.800000	1.540000	-4.627000	5.623231
667	21	-0.770000	-0.400000	-4.200000	4.288694
667	33	1.490000	-0.950000	-5.521000	5.796899
668	18	0.650000	1.270000	-5.182600	5.375383
668	26	-2.010000	2.160000	-4.343100	5.250545
668	21	-3.420000	0.210000	-4.118000	5.357091
668	33	0.790000	1.560000	-5.400000	5.676064
669	18	-1.040000	-2.280000	-5.143000	5.721053
669	26	0.740000	2.060000	-3.540800	4.162747
669	21	-2.440000	-0.250000	-5.813000	6.309284
669	33	0.861000	-0.250000	-4.430000	4.519814
670	18	-1.310000	-0.460000	-6.963000	7.100075
670	26	0.450000	-1.080000	-5.766000	5.883507
670	21	-3.070000	0.000000	-3.870000	4.939818
670	33	0.040000	-2.750000	-3.808000	4.697336
671	18	-0.043000	-0.190000	-5.581000	5.584399
671	26	1.180000	-1.100000	-6.548000	6.743790
671	21	-2.140000	2.060000	-4.378000	5.290566
671	33	-1.570000	-0.550000	-4.796000	5.076319
672	18	1.350000	-0.240000	-6.533000	6.675342
672	26	1.080000	-0.560000	-6.063800	6.184632
672	21	-2.060000	0.550000	-3.925000	4.466735
672	33	-2.649000	-1.460000	-4.715000	5.601788
673	18	1.205000	1.050000	-5.174500	5.415716
673	26	0.580000	-1.980000	-3.377000	3.957389
673	21	0.080000	1.260000	-6.533000	6.653878
673	33	-3.263000	-2.330000	-4.875000	6.312028
674	18	0.446000	2.810000	-4.325800	5.177602
674	26	0.550000	-2.830000	-5.272464	6.009183
674	21	-1.500000	-1.100000	-4.093100	4.495939
674	33	-0.180000	0.400000	-4.855900	4.875671
675	18	0.477000	-0.370000	-4.834400	4.871945
675	26	0.560000	-1.260000	-5.682250	5.847150
675	28	1.620000	0.830000	-4.346000	4.711795
675	1	1.060000	1.020000	-5.492000	5.685601
675	21	-0.710000	1.810000	-4.447000	4.853453
675	33	-0.910000	0.020000	-6.035500	6.103750
676	18	-0.197000	0.780000	-4.715000	4.783141
676	26	-1.240000	-2.420000	-3.979000	4.819382
676	28	-0.150000	1.250000	-4.888000	5.047529
676	1	-1.110000	-1.190000	-5.073000	5.327619
676	21	-2.270000	-0.170000	-6.119000	6.528703
676	33	1.242000	-0.480000	-4.759000	4.941765
677	18	0.489000	1.840000	-6.331000	6.611073
677	26	-2.260000	-0.060000	-5.636600	6.073093
677	28	-2.040000	0.420000	-2.977100	3.633335
677	1	-2.190000	-1.850000	-5.178000	5.918639
677	21	-2.130000	1.660000	-4.570000	5.308239
677	33	0.389000	-1.520000	-2.720000	3.140083
678	18	-0.319000	1.230000	-5.809000	5.946355
678	26	-2.340000	0.680000	-5.230000	5.769827
678	28	0.710000	1.620000	-4.696000	5.018059
678	1	0.440000	-0.840000	-3.640000	3.761489
678	21	-3.810000	0.930000	-5.783310	6.987680
678	33	0.431000	-2.010000	-4.765000	5.189517
679	18	1.855000	1.350000	-6.851000	7.224938
679	26	3.480000	1.980000	-3.812000	5.528304
679	28	-3.510000	1.650000	-4.779000	6.154790
679	1	-1.280000	-2.450000	-2.507000	3.731749
679	21	-1.120000	-0.690000	-6.021000	6.163030
679	33	1.795000	-3.090000	-4.605000	5.828906
680	18	-0.261000	1.610000	-5.177800	5.428613
680	28	-1.780000	1.540000	-4.746000	5.297595
680	1	0.340000	-2.180000	-4.238000	4.777933
680	33	-1.520000	0.130000	-5.486700	5.694838
681	18	2.862000	1.890000	-4.639400	5.769504
681	28	-0.640000	1.670000	-2.904100	3.410615
681	1	0.310000	1.170000	-5.410700	5.544427
681	33	-0.010000	0.910000	-5.424400	5.500210
682	18	-0.847000	3.060000	-4.313700	5.356213
682	28	-0.880000	-0.390000	-4.448000	4.550956
682	1	1.890000	-2.630000	-5.291000	6.203522
682	33	-1.628000	-0.800000	-5.129800	5.441069
683	18	-0.336000	0.760000	-5.161200	5.227665
683	28	-2.390000	2.690000	-3.593800	5.085627
683	1	2.320000	-1.280000	-4.841000	5.518703
683	33	-0.138000	-2.540000	-5.235500	5.820748
684	18	1.120000	2.190000	-4.432900	5.069625
684	28	-1.820000	2.870000	-5.510000	6.473747
684	1	2.110000	-0.350000	-3.990000	4.527107
684	33	0.979000	-2.260000	-5.737400	6.243701
685	28	-1.350000	1.520000	-6.004000	6.338842
685	1	3.080000	0.150000	-3.450000	4.627245
686	28	-2.880000	-1.700000	-3.629800	4.935570
686	1	-0.370000	-2.400000	-5.653400	6.152872
688	18	0.624000	0.640000	-5.766600	5.835465
688	33	-2.707000	-2.340000	-4.085000	5.430532
689	18	1.932000	1.360000	-4.941000	5.476833
689	33	-2.050000	0.720000	-5.489100	5.903484
690	18	3.778000	0.830000	-2.891000	4.829085
690	33	-0.090000	-2.840000	-5.198400	5.924277
691	18	-0.508000	2.910000	-4.739763	5.584937
691	33	-2.215000	-1.000000	-4.671400	5.265758
692	18	2.576000	1.460000	-4.871300	5.700609
692	33	-1.291000	-0.190000	-4.557500	4.740632
693	18	2.668000	2.610000	-4.352500	5.733636
693	33	-1.531000	-1.130000	-5.076200	5.421132
699	18	-1.580000	-1.000000	-4.680600	5.040279
699	3	1.165000	0.870000	-6.777900	6.932103
700	18	-1.243000	-1.000000	-4.727000	4.988946
700	3	2.190000	-0.080000	-6.482400	6.842807
701	18	-2.812000	0.280000	-5.258900	5.970073
701	3	-1.127000	1.780000	-5.682100	6.060098
702	18	-0.298000	-0.530000	-6.114720	6.144876
702	3	1.033000	-2.360000	-5.145700	5.754556
703	18	-2.045000	0.200000	-5.443900	5.818769
703	3	-0.834000	0.060000	-5.305600	5.371084
704	18	-0.383000	1.180000	-5.506500	5.644522
704	28	-1.220000	4.140000	-4.164900	5.997866
704	3	-1.226000	-0.430000	-5.664070	5.811167
704	5	0.970000	-1.320000	-5.841400	6.066733
705	18	-0.679000	-0.800000	-6.455900	6.540618
705	28	-1.790000	2.090000	-5.499000	6.149081
705	3	-0.488000	-1.560000	-5.250600	5.499140
705	5	2.020000	-2.610000	-5.008000	5.997713
706	18	0.266000	-0.050000	-6.297800	6.303613
706	28	-0.290000	4.040000	-4.725700	6.223981
706	3	3.132000	-1.760000	-5.151000	6.280113
706	5	2.430000	-0.640000	-5.444000	5.995968
707	18	-0.621000	-1.070000	-6.167320	6.290181
707	22	2.100000	-0.130000	-5.617000	5.998132
707	28	-2.880000	-0.190000	-3.979000	4.915581
707	32	0.150000	1.120000	-6.752500	6.846397
707	1	-4.310000	1.790000	-4.618000	6.565525
707	3	1.751000	-1.100000	-5.265000	5.656521
707	5	-0.170000	-2.770000	-5.318300	5.998843
707	35	1.080000	1.220000	-4.187000	4.492858
708	18	-0.487000	-0.400000	-5.960200	5.993426
708	22	2.010000	0.290000	-5.537000	5.897675
708	28	-3.840000	2.150000	-3.113740	5.391055
708	32	2.610000	0.730000	-5.393300	6.035949
708	1	-1.590000	1.560000	-5.159000	5.619340
708	3	-1.119000	0.590000	-5.357700	5.505017
708	5	1.190000	0.260000	-5.679200	5.808357
708	35	1.980000	0.800000	-4.935700	5.377875
709	18	0.564000	0.820000	-5.742000	5.827612
709	22	1.480000	-0.020000	-4.888000	5.107186
709	28	-3.340000	2.030000	-3.602100	5.315226
709	32	-2.320000	0.100000	-6.268800	6.685077
709	1	-0.920000	1.700000	-3.941000	4.389519
709	3	2.177000	2.340000	-5.989600	6.788979
709	5	0.430000	-1.290000	-5.740700	5.899545
709	35	-2.730000	1.390000	-5.335000	6.152010
710	18	-1.494000	0.040000	-5.757000	5.947830
710	22	1.030000	0.260000	-5.450000	5.552567
710	28	-2.360000	0.060000	-4.424600	5.015006
710	32	1.260000	0.090000	-4.927400	5.086745
710	1	-3.330000	0.730000	-4.250000	5.448330
710	3	-1.848000	1.550000	-6.321800	6.766296
710	5	3.100000	-1.510000	-5.358000	6.371677
710	35	-0.280000	1.710000	-6.523800	6.749998
711	18	-1.159000	-1.200000	-6.099000	6.323060
711	22	2.210000	-0.850000	-4.718000	5.278837
711	28	-2.000000	1.310000	-5.064800	5.600741
711	32	0.870000	-0.210000	-6.371600	6.434150
711	1	-2.370000	1.500000	-4.454000	5.263555
711	3	-0.090000	2.160000	-5.890800	6.274968
711	5	-0.330000	0.810000	-5.189000	5.262197
711	35	0.430000	-1.130000	-6.466000	6.578066
712	18	0.402000	-3.150000	-5.449000	6.306798
712	22	3.170000	-1.370000	-3.750700	5.098387
712	28	1.000000	1.550000	-4.564000	4.922661
712	32	-0.280000	1.410000	-5.802400	5.977821
712	1	-1.540000	1.960000	-5.039000	5.621808
712	3	1.248000	2.420000	-6.356800	6.915404
712	5	2.610000	1.360000	-5.104000	5.891733
712	35	1.680000	-3.680000	-4.920000	6.369553
713	18	0.539000	-3.110000	-4.386000	5.403667
713	22	1.820000	-3.330000	-4.258000	5.703671
713	28	-1.250000	1.220000	-5.638000	5.902368
713	32	-0.690000	2.490000	-5.224600	5.828606
713	1	-2.200000	-1.400000	-4.150000	4.901275
713	3	2.698000	3.030000	-5.462300	6.804177
713	5	-0.180000	-0.180000	-4.533000	4.540142
713	35	1.480000	-0.770000	-6.187000	6.407985
714	18	0.012000	-3.370000	-5.684600	6.608458
714	22	2.930000	-2.550000	-3.889400	5.496802
714	28	-1.750000	0.220000	-6.439000	6.676198
714	32	0.200000	0.700000	-5.885600	5.930454
714	1	-1.200000	-0.030000	-5.202000	5.338699
714	3	-1.958000	2.700000	-5.639500	6.551925
714	5	1.940000	-1.000000	-5.648000	6.055040
714	35	0.160000	-1.310000	-5.320000	5.481250
715	18	-0.379000	-2.430000	-5.655400	6.167016
715	22	1.270000	-2.010000	-5.684000	6.161238
715	28	-3.020000	0.040000	-4.671100	5.562479
715	32	-0.050000	2.160000	-4.001000	4.547098
715	1	-0.340000	0.850000	-5.572000	5.646706
715	3	-0.357000	3.240000	-4.805400	5.806627
715	5	2.110000	-0.510000	-6.368000	6.727825
715	35	2.190000	1.740000	-6.098200	6.709079
716	18	-1.699000	-2.070000	-5.237300	5.882246
716	22	2.420000	-1.750000	-5.521600	6.277497
716	28	-2.320000	1.210000	-5.042000	5.680516
716	32	-2.730000	1.820000	-5.031600	6.006854
716	1	-0.860000	0.250000	-5.633000	5.703752
716	3	-0.234000	1.560000	-5.650900	5.866944
716	5	2.490000	-1.320000	-5.198000	5.912842
716	35	0.060000	-0.070000	-5.711000	5.711744
717	18	1.538000	-1.960000	-6.450500	6.914911
717	22	0.930000	-0.870000	-5.766000	5.904960
717	28	-2.140000	-0.240000	-5.757000	6.146564
717	32	-0.740000	1.970000	-4.170000	4.670910
717	1	-3.540000	0.540000	-4.712000	5.918289
717	3	0.731000	3.450000	-4.661000	5.844808
717	5	4.360000	0.220000	-3.963000	5.896047
717	35	0.670000	-0.640000	-5.917200	5.989303
718	18	-0.072000	-3.250000	-5.803200	6.651678
718	22	1.720000	-1.880000	-6.200000	6.703193
718	28	-3.760000	1.320000	-4.617200	6.099060
718	32	-2.200000	0.690000	-5.655700	6.107622
718	1	-3.150000	0.430000	-4.170000	5.243691
718	3	0.939000	4.250000	-5.211800	6.790219
718	5	1.610000	2.370000	-6.046000	6.690524
718	35	-1.380000	-0.930000	-5.152000	5.414093
719	18	0.982000	-1.880000	-5.692100	6.074432
719	22	1.820000	-1.080000	-5.653000	6.036158
719	28	-3.440000	1.140000	-4.224000	5.565553
719	32	2.970000	0.620000	-3.936000	4.969647
719	1	-3.030000	2.970000	-3.830000	5.715829
719	3	-0.879000	4.120000	-4.234000	5.972755
719	5	4.160000	0.970000	-4.940000	6.530704
719	35	1.290000	-1.340000	-6.654600	6.909660
720	18	2.048000	-0.930000	-5.320500	5.776411
720	22	0.630000	-2.360000	-4.765500	5.355043
720	28	0.170000	-1.060000	-4.887000	5.003526
720	32	1.250000	-1.720000	-5.414500	5.817019
720	1	-2.530000	0.210000	-5.236100	5.819084
720	3	-1.594000	4.100000	-4.711700	6.446003
720	5	4.710000	-0.760000	-4.857000	6.808241
720	35	-1.380000	-0.290000	-4.758000	4.962566
721	18	1.720000	-3.000000	-4.625200	5.775022
721	22	0.560000	-1.570000	-4.693300	4.980519
721	28	-3.610000	0.790000	-4.889600	6.128979
721	32	-0.970000	-1.030000	-5.634700	5.809617
721	1	-1.470000	2.300000	-3.480000	4.422816
721	3	-2.111000	3.040000	-5.338210	6.495722
721	5	2.680000	0.440000	-4.733000	5.456857
721	35	-1.650000	2.030000	-4.541000	5.240618
722	18	1.529000	-1.590000	-5.956890	6.352203
722	22	3.830000	-1.470000	-3.179100	5.190036
722	28	0.450000	-1.450000	-5.492900	5.698855
722	32	-1.390000	-1.550000	-5.556000	5.933274
722	1	-0.640000	1.500000	-5.704700	5.933229
722	3	-1.820000	1.540000	-5.180700	5.702951
722	5	3.430000	-0.170000	-5.098000	6.146821
722	35	2.690000	-1.770000	-3.316000	4.622213
723	18	1.303000	-0.800000	-5.447200	5.657720
723	22	2.720000	-3.340000	-3.482200	5.538927
723	28	-0.520000	1.330000	-5.134200	5.329100
723	32	-0.860000	-2.220000	-5.004400	5.541843
723	1	-2.550000	0.980000	-5.587700	6.219750
723	3	0.244000	1.320000	-5.164300	5.335910
723	5	2.300000	2.280000	-5.347000	6.251305
723	35	-1.100000	-2.410000	-5.289800	5.916087
724	18	-0.457000	-3.230000	-5.226700	6.161180
724	22	1.780000	-2.850000	-4.949200	5.982097
724	28	-2.020000	-0.760000	-4.641900	5.119105
724	32	-0.300000	2.260000	-5.368600	5.832621
724	1	-1.660000	2.490000	-5.376600	6.153335
724	3	-0.642000	-0.950000	-4.073000	4.231311
724	5	2.470000	1.910000	-4.772000	5.702717
724	35	-0.160000	2.850000	-4.179000	5.060844
725	18	1.676000	0.140000	-5.911400	6.145993
725	22	1.460000	-1.300000	-5.155800	5.513971
725	28	-1.450000	-3.510000	-3.206000	4.970014
725	32	-0.570000	1.310000	-5.183900	5.377157
725	1	-1.860000	3.610000	-3.905000	5.633891
725	3	-0.167000	3.610000	-4.473000	5.750454
725	5	0.400000	0.800000	-6.016500	6.082621
725	35	0.980000	1.650000	-5.933400	6.236035
726	18	1.282000	-1.650000	-4.889100	5.316890
726	22	1.190000	-0.380000	-5.189100	5.337346
726	28	-2.910000	-1.070000	-5.476200	6.292993
726	32	-1.650000	0.170000	-5.071100	5.335490
726	1	1.080000	3.630000	-4.965000	6.244560
726	3	-2.336000	-0.040000	-5.496700	5.972621
726	5	0.500000	3.190000	-4.750000	5.743570
726	35	1.780000	0.650000	-5.116900	5.456516
727	18	2.378000	-1.720000	-4.599000	5.455647
727	22	-0.520000	-2.730000	-4.464200	5.258553
727	28	-2.640000	-2.830000	-3.937300	5.520945
727	32	-1.400000	-0.270000	-5.224300	5.415368
727	1	-1.270000	2.280000	-5.591000	6.170136
727	3	-0.455000	0.630000	-6.172700	6.221427
727	5	1.110000	1.210000	-5.757100	5.986685
727	35	0.090000	-0.230000	-5.410000	5.415635
728	18	-0.149000	-1.690000	-4.462800	4.774399
728	22	-0.370000	-2.970000	-4.637300	5.519271
728	28	-1.440000	-1.630000	-5.906000	6.293754
728	32	-0.760000	0.710000	-5.018600	5.125236
728	1	-2.110000	2.830000	-4.722000	5.895616
728	3	-0.138000	0.660000	-4.868100	4.914574
728	5	4.400000	1.560000	-3.490000	5.828696
728	35	1.180000	1.900000	-5.340300	5.789750
729	18	1.325000	0.510000	-4.342900	4.569081
729	22	0.950000	-0.850000	-5.217000	5.370483
729	28	-4.430000	-0.570000	-4.601080	6.412467
729	32	0.720000	1.370000	-6.263000	6.451393
729	1	-0.050000	3.920000	-4.095000	5.669032
729	3	1.548000	2.060000	-4.920700	5.554565
729	5	0.170000	1.400000	-4.822400	5.024385
729	35	3.780000	2.540000	-3.235000	5.586164
730	18	-0.512000	2.710000	-5.948700	6.556926
730	22	1.940000	-3.240000	-3.380700	5.068563
730	28	-3.610000	-2.427000	-5.337200	6.885356
730	32	-0.360000	0.540000	-5.153900	5.194602
730	1	0.570000	1.040000	-5.367700	5.497154
730	3	-1.300000	4.320000	-4.334000	6.255874
730	5	4.350000	1.940000	-3.512000	5.917790
730	35	3.680000	1.820000	-4.417000	6.030314
731	18	-1.365000	-0.080000	-2.828000	3.141211
731	22	1.280000	-3.500000	-4.413300	5.776298
731	28	-2.780000	-1.040000	-5.648900	6.381228
731	32	-1.750000	-1.860000	-4.976000	5.593092
731	1	-1.510000	-0.830000	-3.724600	4.103857
731	3	0.019000	2.750000	-6.190600	6.773949
731	5	3.690000	1.800000	-3.325000	5.283155
731	35	2.170000	1.360000	-3.094000	4.016383
732	18	0.207000	0.810000	-5.908200	5.967058
732	22	-1.200000	-1.000000	-6.086000	6.283263
732	28	-2.750000	-1.750000	-4.522700	5.574927
732	32	-1.720000	2.240000	-3.982600	4.882326
732	1	-2.380000	1.020000	-3.637000	4.464591
732	3	-1.413000	1.010000	-3.924000	4.291206
732	5	2.240000	-1.600000	-4.682100	5.431359
732	35	0.490000	2.640000	-5.271000	5.915500
733	18	3.145000	-1.830000	-5.046000	6.221096
733	22	1.310000	-3.030000	-4.725730	5.764506
733	28	-0.270000	0.440000	-5.585600	5.609405
733	32	-2.960000	-0.180000	-4.277500	5.204902
733	1	-1.040000	1.080000	-5.008300	5.227912
733	3	0.055000	-2.540000	-5.764500	6.299531
733	5	3.310000	0.310000	-4.810300	5.847323
733	35	1.060000	1.000000	-5.557600	5.745478
734	16	-2.130000	1.800000	-2.971400	4.075060
734	18	0.828000	-0.750000	-5.583400	5.694071
734	22	1.170000	-2.030000	-4.787800	5.330369
734	28	-1.670000	1.020000	-5.069000	5.433605
734	32	-0.720000	-1.000000	-5.246800	5.389556
734	1	-0.160000	1.770000	-4.165000	4.528325
734	3	0.096000	0.700000	-5.275000	5.322109
734	5	1.120000	-1.450000	-5.834200	6.115128
734	25	1.290000	0.610000	-4.269000	4.501173
734	35	1.200000	-1.940000	-5.152200	5.634604
735	16	-1.780000	1.900000	-3.112000	4.057455
735	18	0.671000	-1.830000	-5.232800	5.584025
735	22	0.720000	-1.200000	-4.690000	4.894333
735	28	-1.360000	0.150000	-5.033900	5.216536
735	32	-1.870000	1.750000	-5.242600	5.834745
735	1	-1.130000	2.050000	-5.275400	5.771416
735	3	0.161000	-0.390000	-4.567350	4.586797
735	5	2.460000	0.290000	-4.435800	5.080553
735	25	2.080000	2.820000	-3.808000	5.174907
735	35	2.300000	1.180000	-4.864000	5.508257
736	16	-4.470000	0.130000	-1.712320	4.788511
736	18	0.601000	0.440000	-5.531900	5.581820
736	28	-0.720000	-1.420000	-5.666000	5.885436
736	32	-1.460000	-0.190000	-5.263400	5.465444
736	3	1.025000	3.760000	-3.525000	5.254888
736	5	0.440000	-0.590000	-5.808800	5.855242
736	25	1.470000	1.300000	-5.044500	5.412752
736	35	2.570000	0.450000	-4.993000	5.633600
737	16	-4.190000	0.260000	-3.741000	5.623058
737	18	1.157000	0.450000	-5.075000	5.224631
737	28	-1.170000	-2.470000	-3.604000	4.523120
737	32	-3.690000	-1.060000	-4.743900	6.102810
737	3	1.559000	1.200000	-5.021132	5.392796
737	5	0.650000	1.060000	-6.210200	6.333458
737	25	1.990000	0.660000	-3.957000	4.478119
737	35	1.430000	0.490000	-4.478000	4.726255
738	16	-3.450000	-0.950000	-4.735900	5.935802
738	18	-0.999000	0.860000	-4.798600	4.976360
738	28	-0.230000	-1.730000	-5.499800	5.770061
738	32	-4.330000	1.620000	-3.811800	5.991921
738	3	0.129000	0.640000	-5.299500	5.339564
738	5	0.950000	-0.960000	-5.010600	5.189433
738	25	3.040000	-1.990000	-1.900000	4.100207
738	35	3.380000	1.210000	-4.337700	5.630643
739	16	-3.560000	0.180000	-3.953000	5.322801
739	18	0.767000	-0.640000	-4.980200	5.079398
739	28	-0.190000	-2.070000	-5.039000	5.450919
739	32	-2.210000	-0.030000	-5.205300	5.655099
739	3	1.163000	1.270000	-5.084200	5.367919
739	5	0.520000	0.520000	-5.390800	5.440728
739	25	2.990000	-1.780000	-3.722000	5.095271
739	35	3.130000	-1.700000	-3.606000	5.068544
740	16	-2.900000	1.240000	-4.201000	5.253190
740	18	-1.442000	-2.950000	-3.941000	5.129653
740	28	1.620000	-0.530000	-4.676500	4.977444
740	32	-3.200000	1.070000	-4.148200	5.347192
740	3	0.556000	1.340000	-5.475900	5.664823
740	5	0.940000	2.070000	-4.950500	5.447564
740	25	2.210000	-1.600000	-2.956000	4.022690
740	35	3.600000	-1.090000	-4.882400	6.163273
741	16	-4.140000	0.810000	-3.426000	5.434443
741	28	1.640000	-2.000000	-5.475100	6.055272
741	32	-3.650000	0.880000	-5.003500	6.255551
741	5	-0.290000	2.500000	-4.057000	4.774238
741	25	0.300000	-2.130000	-4.069000	4.602571
741	35	4.110000	-0.990000	-4.861800	6.442771
742	16	-2.860000	2.160000	-3.605000	5.083427
742	28	1.200000	-3.040000	-5.461600	6.364800
742	32	-3.670000	1.300000	-5.555700	6.784151
742	5	-0.270000	0.350000	-3.865000	3.890196
742	25	0.530000	-0.300000	-4.686000	4.725410
742	35	2.440000	-0.320000	-4.873000	5.459133
743	16	-0.750000	-2.220000	-3.118000	3.900362
743	28	2.490000	-1.840000	-4.332800	5.325303
743	32	-1.210000	-2.620000	-4.815000	5.613620
743	5	-2.150000	0.030000	-4.493000	4.981009
743	25	2.560000	-4.120000	-2.612000	5.509133
743	35	1.350000	-1.310000	-5.156800	5.489188
744	16	-2.860000	-0.040000	-3.838000	4.786590
744	28	4.680000	-1.060000	-3.280800	5.812886
744	32	-2.740000	-0.590000	-5.204200	5.910956
744	5	0.840000	-0.250000	-5.134220	5.208485
744	25	-0.560000	0.560000	-3.514000	3.602138
744	35	0.820000	0.380000	-5.769900	5.840252
745	16	-2.870000	1.880000	-2.156200	4.052221
745	28	-1.500000	-0.340000	-4.015500	4.299981
745	5	-4.360000	-0.070000	-3.536000	5.614071
745	25	2.950000	-0.310000	-3.830000	4.844327
746	16	-0.520000	0.170000	-4.217000	4.252339
746	28	1.390000	0.310000	-3.113000	3.423298
746	5	-1.890000	-2.130000	-4.236000	5.104184
746	25	2.240000	-2.570000	-1.752000	3.833015
747	16	-0.090000	-1.190000	-3.466000	3.665700
747	28	-0.680000	2.610000	-4.391000	5.153191
747	40	-3.050000	-1.040000	-3.162600	4.515101
747	5	-3.410000	-0.730000	-3.251000	4.767599
747	21	0.960000	-0.070000	-5.022600	5.114001
747	25	1.890000	-4.450000	-3.780000	6.137019
748	16	-1.630000	-0.390000	-3.162680	3.579322
748	40	-0.420000	-1.870000	-5.705000	6.018332
748	21	3.200000	3.410000	-2.682000	5.390846
748	25	-0.260000	-0.430000	-4.587100	4.614541
749	16	3.180000	1.630000	-3.532000	5.024373
749	40	-0.140000	-4.670000	-3.224300	5.676672
749	21	2.310000	1.510000	-5.407300	6.070840
749	25	3.150000	0.700000	-3.504000	4.763456
750	16	2.050000	-0.750000	-4.451000	4.957459
750	40	-0.350000	-4.170000	-4.227000	5.948019
750	21	2.820000	2.220000	-4.910000	6.081850
750	25	1.180000	-2.760000	-2.880000	4.159856
751	16	1.460000	0.350000	-3.191000	3.526554
751	40	-2.030000	-3.040000	-4.255000	5.609592
751	21	1.570000	2.900000	-5.207000	6.163420
751	25	0.320000	-0.450000	-4.746000	4.778014
752	16	-3.180000	-0.820000	-4.100000	5.253075
752	40	0.360000	-2.620000	-5.444000	6.052366
752	21	1.440000	-0.470000	-3.419000	3.739527
752	25	-4.860000	-1.640000	-2.071000	5.531568
753	16	1.550000	-0.790000	-4.491000	4.816189
753	40	0.290000	-1.120000	-4.808000	4.945236
753	21	-0.590000	2.410000	-3.669000	4.429194
753	25	-1.410000	-0.250000	-2.577000	2.948140
754	16	1.960000	-2.680000	-3.803000	5.048446
754	40	0.780000	-1.010000	-2.781000	3.059814
754	21	1.070000	2.620000	-5.287600	5.997334
754	25	-0.350000	-3.240000	-3.261000	4.610230
755	16	-1.110000	-1.860000	-6.127000	6.498602
755	40	-0.670000	-2.140000	-4.654000	5.166064
755	21	1.020000	0.940000	-3.069000	3.367902
755	25	-1.710000	-2.340000	-1.890000	3.460029
756	16	-0.940000	-0.090000	-4.629000	4.724335
756	40	-0.480000	-2.120000	-5.002000	5.453880
756	21	1.160000	2.190000	-3.590000	4.362316
756	25	-0.200000	-0.640000	-4.641000	4.689188
757	16	2.870000	-1.130000	-4.185000	5.198848
757	40	0.180000	-3.720000	-2.933000	4.740600
757	21	0.100000	0.320000	-5.644000	5.653949
757	25	0.630000	-0.810000	-4.695000	4.805832
758	16	1.840000	-1.910000	-4.452000	5.182085
758	40	-1.900000	-1.450000	-4.262000	4.886424
758	21	2.350000	1.730000	-4.519000	5.379290
758	25	0.950000	-1.770000	-2.867000	3.500727
759	16	-0.350000	-0.550000	-4.776000	4.820288
759	40	-0.400000	1.120000	-6.141000	6.255100
759	21	2.250000	1.500000	-3.302000	4.267986
759	25	1.290000	-2.470000	-2.837000	3.976628
760	16	0.590000	-0.350000	-5.185000	5.230184
760	40	-2.650000	1.410000	-4.524000	5.429289
760	21	0.160000	0.690000	-4.225000	4.283961
760	25	2.660000	-1.120000	-3.523000	4.554287
761	16	-1.570000	2.230000	-4.673000	5.410613
761	40	-2.110000	0.160000	-4.352300	4.839444
761	21	0.480000	-1.140000	-4.754000	4.912282
761	25	1.010000	0.740000	-4.417000	4.591034
762	16	-3.160000	0.500000	-4.676000	5.665737
762	40	-1.820000	0.900000	-5.409000	5.777515
762	21	3.790000	0.240000	-3.756000	5.341277
762	25	-1.230000	-1.430000	-3.879000	4.313287
763	16	-2.120000	0.630000	-4.471000	4.988100
763	40	-0.680000	0.140000	-4.690000	4.741107
763	21	3.410000	-0.420000	-4.362000	5.552616
763	25	2.590000	0.620000	-4.241000	5.007852
764	16	-1.980000	-1.690000	-4.796000	5.456933
764	40	-0.460000	-1.030000	-5.281000	5.400135
764	21	2.130000	-1.330000	-4.409000	5.073961
764	25	1.610000	-1.420000	-4.575000	5.053625
765	16	-3.040000	-0.390000	-4.856000	5.742337
765	40	-1.350000	1.520000	-4.760000	5.175954
765	21	-0.550000	1.590000	-3.803000	4.158534
765	25	2.490000	-0.230000	-4.517000	5.162973
766	16	-2.020000	-1.840000	-4.144000	4.963742
766	40	-1.760000	2.560000	-3.451600	4.643785
766	21	-1.280000	-0.100000	-5.784000	5.924783
766	25	1.720000	-0.130000	-5.451000	5.717403
767	16	-1.870000	0.430000	-5.412000	5.742085
767	40	1.120000	-0.460000	-4.159200	4.331852
767	21	3.420000	-1.390000	-5.354000	6.503370
767	25	3.100000	0.680000	-3.838000	4.980225
768	16	0.780000	-0.250000	-4.217000	4.295811
768	40	-1.170000	-3.050000	-5.713000	6.581016
768	21	-0.590000	-3.440000	-3.738000	5.114132
768	25	3.330000	0.310000	-4.918000	5.947413
769	16	-0.780000	1.760000	-4.773000	5.146604
769	40	-2.980000	-1.020000	-4.658000	5.622968
769	21	-0.060000	-0.790000	-4.408000	4.478634
769	25	2.550000	1.490000	-4.544000	5.419459
770	16	-1.730000	2.190000	-2.550100	3.780477
770	40	-1.760000	0.960000	-3.634900	4.151108
770	21	0.070000	2.030000	-5.575600	5.934064
770	25	3.330000	1.690000	-5.671000	6.790084
771	16	-3.390000	0.870000	-4.465000	5.673202
771	40	-3.570000	0.470000	-1.787800	4.020203
771	21	0.670000	-0.420000	-5.987500	6.039491
771	25	-0.640000	1.520000	-4.382000	4.682085
772	16	-2.650000	1.380000	-3.772000	4.811952
772	40	-2.740000	1.390000	-4.410000	5.374737
772	21	1.460000	-0.210000	-4.799000	5.020568
772	25	1.720000	1.450000	-3.761000	4.382467
773	16	-2.260000	-0.910000	-4.012000	4.693809
773	40	-2.340000	-2.020000	-4.234900	5.243127
773	21	0.710000	-2.330000	-6.104800	6.572791
773	25	0.980000	-0.500000	-5.089000	5.206565
774	16	-1.050000	-3.480000	-3.860400	5.302413
774	40	-3.290000	-0.150000	-4.264700	5.388345
774	21	-0.520000	-1.140000	-5.693000	5.829258
774	25	1.710000	1.090000	-5.033000	5.426167
775	16	-0.550000	-3.030000	-4.394800	5.366346
775	40	-0.910000	2.180000	-4.636000	5.203172
775	21	2.030000	3.060000	-3.299000	4.936385
775	25	1.360000	-1.050000	-4.965000	5.253887
776	16	-2.260000	-2.350000	-4.545000	5.593490
776	40	-2.610000	1.110000	-4.708600	5.496828
776	21	3.880000	2.230000	-3.474000	5.665331
776	25	1.950000	0.450000	-4.654000	5.066036
777	16	-1.070000	-3.070000	-3.817900	5.014595
777	40	-2.580000	-0.710000	-4.907000	5.589199
777	21	0.680000	-2.230000	-4.088000	4.706065
777	25	1.050000	1.440000	-6.200000	6.451054
778	16	-1.510000	-1.260000	-5.530000	5.869293
778	40	-2.150000	-0.050000	-2.964000	3.662007
778	21	-0.800000	-1.920000	-4.710000	5.148835
778	25	1.280000	2.620000	-4.787000	5.605191
779	16	0.250000	0.690000	-2.768000	2.863638
779	40	2.120000	-0.550000	-3.371000	4.020018
779	21	1.660000	-1.730000	-4.201000	4.837034
779	25	1.360000	0.930000	-5.813000	6.041976
780	16	-1.570000	0.110000	-6.022000	6.224266
780	40	-1.720000	-0.350000	-4.583000	4.907626
780	21	-2.650000	0.960000	-2.497000	3.765516
780	25	-0.660000	2.040000	-3.608000	4.197007
781	16	-2.670000	1.090000	-4.779000	5.581742
781	40	2.080000	-1.690000	-3.872000	4.709022
781	21	3.070000	1.650000	-3.672000	5.062705
781	25	-2.170000	0.000000	-4.000000	4.550703
782	16	-2.750000	-0.440000	-3.975000	4.853527
782	40	-0.980000	-0.670000	-3.615000	3.804934
782	21	-3.240000	0.260000	-3.869000	5.053154
782	25	-1.210000	-2.590000	-4.204000	5.083878
783	16	1.850000	-2.420000	-3.200980	4.418730
783	40	-1.740000	-0.720000	-4.169000	4.574556
783	21	-1.630000	-0.980000	-4.465000	4.853197
783	25	0.500000	-2.870000	-5.330200	6.074367
784	16	1.360000	-1.000000	-6.182000	6.408332
784	25	1.290000	-3.010000	-2.825000	4.324908
785	16	-0.670000	-1.560000	-4.508000	4.817112
785	25	-2.970000	-1.700000	-4.933000	6.003781
786	16	1.650000	0.640000	-5.747000	6.013328
786	25	0.460000	0.410000	-5.020000	5.057677
787	16	-0.570000	-0.990000	-5.797000	5.908486
787	25	-1.860000	-1.930000	-3.685000	4.556723
788	16	-0.810000	1.570000	-5.003000	5.305752
788	40	2.200000	-3.040000	-3.042128	4.830750
788	21	-1.370000	0.080000	-5.050300	5.233434
788	25	-3.620000	-0.900000	-3.910000	5.403934
789	16	2.730000	-0.760000	-4.801000	5.574953
789	40	2.860000	0.160000	-3.674100	4.658778
789	21	-2.200000	1.720000	-4.466970	5.268038
789	25	0.490000	-3.410000	-3.891000	5.196930
790	16	1.290000	2.250000	-5.263000	5.867348
790	40	2.610000	1.450000	-5.377600	6.150868
790	21	-1.690000	3.370000	-3.918000	5.437253
790	25	2.380000	-1.570000	-4.233000	5.103684
791	16	1.380000	-0.040000	-5.324000	5.500089
791	40	3.050000	-1.960000	-4.766400	5.988545
791	21	-1.910000	0.100000	-4.861000	5.223736
791	25	-1.580000	-2.160000	-5.189000	5.838469
792	16	3.220000	0.670000	-4.509000	5.581073
792	40	0.750000	-0.710000	-5.131000	5.233905
792	21	-2.620000	2.310000	-4.200000	5.462646
792	25	-3.100000	-3.020000	-2.850000	5.181978
793	16	2.980000	1.540000	-5.304000	6.275700
793	40	3.180000	-1.780000	-5.084100	6.255308
793	21	-1.270000	3.080000	-4.357000	5.484774
793	25	-3.640000	-2.670000	-2.263000	5.049720
794	16	0.090000	4.950000	-3.832000	6.260577
794	40	2.520000	-1.340000	-4.151000	5.037539
794	21	-2.080000	2.800000	-4.421200	5.631466
794	25	-4.530000	-0.070000	-3.855000	5.948683
795	16	4.410000	0.310000	-2.898300	5.286241
795	40	4.480000	-0.860000	-4.031100	6.087673
795	21	-1.440000	3.160000	-4.894600	6.001359
795	25	-1.010000	-0.970000	-5.181000	5.366914
796	16	1.370000	0.970000	-5.182000	5.447102
796	40	1.750000	-3.490000	-5.260000	6.550588
796	21	-1.420000	-1.280000	-4.133000	4.553734
796	25	-0.910000	-0.240000	-3.818000	3.932280
797	40	0.950000	1.310000	-5.574000	5.804143
797	21	-1.830000	2.980000	-4.138000	5.417780
798	40	0.570000	-0.780000	-6.122000	6.197756
798	21	-1.280000	2.030000	-3.715000	4.422728
799	40	0.350000	-1.200000	-5.918000	6.048572
799	21	-1.440000	2.390000	-3.817000	4.728127
800	40	0.870000	-3.770000	-5.374400	6.622233
800	21	1.290000	-0.220000	-4.809000	4.983872
801	40	0.530000	-0.960000	-5.381600	5.492187
801	21	1.220000	2.780000	-5.131000	5.961876
802	40	-0.390000	-2.490000	-5.776000	6.301934
802	21	0.740000	-0.950000	-5.167000	5.305468
803	40	-0.830000	-1.780000	-3.921700	4.386004
803	21	-0.220000	-0.200000	-5.995600	6.002968
804	40	-1.190000	-0.260000	-5.797150	5.923736
804	21	-0.630000	1.060000	-4.319000	4.491577
805	40	-2.300000	0.670000	-5.645100	6.132378
805	21	-0.740000	0.530000	-5.138000	5.218002
806	22	0.470000	3.489000	-5.477000	6.510879
806	40	-0.750000	-0.740000	-4.263000	4.391272
806	21	-0.550000	-0.010000	-4.958500	4.988920
806	27	-1.720000	-3.524700	-4.997100	6.352395
807	22	1.320000	4.707000	-4.394000	6.573088
807	40	0.660000	-1.430000	-5.406100	5.630845
807	21	0.120000	-0.600000	-4.811900	4.850648
807	27	-0.090000	-2.009700	-5.322200	5.689711
808	22	3.140000	2.129600	-4.865000	6.169524
808	40	-1.770000	2.400000	-4.143000	5.104640
808	21	-2.420000	2.460000	-5.936800	6.866847
808	27	0.870000	-0.097000	-6.198300	6.259811
809	22	-1.170000	2.008000	-5.860700	6.304662
809	40	-0.370000	1.400000	-6.118000	6.287036
809	21	-1.210000	0.990000	-4.031000	4.323559
809	27	-2.400000	-3.414000	-4.755600	6.327016
810	22	1.520000	1.019000	-4.679800	5.024867
810	40	1.100000	-1.860000	-4.217300	4.738694
810	21	-0.870000	-0.730000	-5.541900	5.657071
810	27	-1.340000	-1.373600	-4.187200	4.605977
811	22	1.000000	-0.060000	-5.206700	5.302200
811	40	-0.750000	-1.540000	-5.880300	6.124706
811	21	-2.840000	-1.930000	-4.193000	5.419571
811	27	0.530000	-1.991200	-4.099000	4.587764
812	22	-1.210000	0.032000	-5.807900	5.932691
812	27	-1.390000	-2.852000	-4.070200	5.160672
813	22	-0.100000	2.310240	-4.043000	4.657581
813	27	-1.470000	-0.864400	-4.951000	5.236458
814	22	2.000000	0.291100	-4.439000	4.877444
814	27	0.260000	0.646970	-6.000100	6.040478
815	22	1.510000	1.626600	-5.324000	5.768094
815	27	-2.280000	1.080500	-4.466000	5.129428
816	22	2.300000	-1.323000	-4.641600	5.346474
816	27	-4.180000	0.064000	-3.719600	5.595706
817	22	1.420000	-0.579400	-5.631900	5.836986
817	27	-2.420000	-0.267700	-3.678700	4.411451
818	22	-0.640000	3.821820	-4.838100	6.198639
818	27	-3.170000	3.507000	-3.899200	6.127945
819	22	0.020000	0.113100	-3.224000	3.226045
819	27	-0.450000	0.001890	-6.556000	6.571426
820	22	2.540000	-0.645500	-5.401100	6.003345
820	27	1.980000	-2.738500	-2.972000	4.500285
821	22	-0.720000	-0.452100	-4.501190	4.580776
821	27	1.280000	-1.703500	-2.668000	3.414460
822	22	-2.120000	-1.396600	-4.123300	4.842158
822	27	1.880000	-2.702700	-3.824400	5.046288
823	22	-0.900000	-0.080100	-5.431000	5.505650
823	27	1.240000	-1.850500	-3.681000	4.302524
824	22	2.200000	-0.702000	-3.680200	4.344730
824	27	-1.570000	0.522000	-4.678000	4.961962
825	22	-0.370000	2.008600	-3.563500	4.107299
825	27	-1.160000	0.214000	-3.803000	3.981734
826	22	2.810000	-1.123000	-4.223000	5.195282
826	27	0.120000	-3.910900	-2.983000	4.920145
827	22	-0.350000	2.157700	-3.092300	3.786884
827	27	-2.680000	3.126000	-4.257000	5.922527
828	22	-1.580000	1.563500	-4.281000	4.823680
828	27	-2.800000	1.140900	-3.338000	4.503765
829	22	-1.070000	2.949900	-3.698480	4.850316
829	27	-2.930000	1.992000	-4.176000	5.476490
830	22	1.740000	-1.213000	-5.064000	5.490270
830	27	-1.530000	-2.605100	-2.928000	4.207212
831	22	3.050000	1.320000	-3.771200	5.026614
831	27	-0.930000	0.132000	-3.274000	3.406083
832	22	1.640000	1.626000	-3.318100	4.042680
832	27	-1.040000	0.447000	-5.189200	5.311234
833	22	0.160000	2.980000	-3.423000	4.541248
833	27	-2.760000	1.205000	-3.291000	4.460976
834	22	2.030000	0.556000	-4.129000	4.634509
834	27	0.080000	-0.287000	-3.707000	3.718954
837	38	2.660000	0.160000	-5.287200	5.920784
837	25	0.450000	-3.080000	-4.920000	5.821967
838	38	-0.970000	0.500000	-5.603000	5.708284
838	25	-3.680000	-2.220000	-4.548000	6.257404
839	38	3.510000	1.040000	-3.987000	5.412751
839	25	-1.730000	-1.030000	-6.367600	6.678333
840	38	3.590000	0.090000	-5.923500	6.927052
840	25	1.250000	-1.580000	-5.018000	5.407331
841	38	2.010000	0.070000	-4.724500	5.134774
841	25	-1.330000	1.030000	-5.157000	5.424431
842	38	2.110000	-0.890000	-2.301000	3.246352
842	25	-1.820000	-0.220000	-6.022900	6.295723
843	38	3.520000	2.510000	-4.087900	5.949910
843	25	-1.200000	2.370000	-4.964000	5.630115
844	38	2.820000	-0.540000	-3.735000	4.711075
844	25	-1.940000	-0.600000	-6.611400	6.916228
845	38	1.180000	0.250000	-5.431000	5.563332
845	25	-2.950000	-1.610000	-4.450000	5.576477
846	38	0.100000	1.010000	-5.242200	5.339547
846	25	-0.800000	-0.080000	-4.335000	4.408926
847	38	0.070000	-0.660000	-5.078600	5.121785
847	25	-3.650000	-0.510000	-4.314000	5.673905
848	38	1.020000	-2.220000	-5.154700	5.704361
848	25	-1.330000	-0.360000	-4.948000	5.136264
849	38	0.410000	-1.300000	-5.501800	5.668148
849	25	0.040000	0.520000	-5.179000	5.205194
850	38	-2.180000	0.160000	-4.244200	4.774017
850	25	-1.960000	-0.400000	-5.905000	6.234631
851	38	0.170000	1.040000	-6.270000	6.357940
851	25	0.190000	-0.850000	-3.596000	3.699975
852	38	-0.600000	-0.200000	-5.941000	5.974570
852	25	-1.280000	-0.050000	-4.634000	4.807791
853	38	0.900000	-2.000000	-5.286000	5.722918
853	25	0.460000	-1.690000	-3.829000	4.210575
854	38	1.790000	0.710000	-4.810000	5.181149
854	25	0.470000	0.050000	-5.041000	5.063110
855	38	2.310000	0.000000	-2.704200	3.556515
855	25	0.210000	-1.620000	-6.573000	6.772948
856	38	-0.150000	-1.370000	-4.506000	4.712052
856	25	-0.980000	-2.530000	-4.666000	5.397486
859	38	1.500000	1.660000	-4.861000	5.351161
859	25	-1.140000	3.220000	-4.794000	5.886462
860	38	-0.540000	-1.450000	-4.366600	4.632634
860	25	-2.010000	0.930000	-5.339000	5.780132
861	38	0.600000	-0.560000	-5.494000	5.554965
861	25	-1.910000	0.670000	-4.924000	5.323793
862	38	0.580000	-0.550000	-6.056000	6.108522
862	25	-2.870000	2.250000	-4.026000	5.432134
863	38	0.610000	-0.890000	-4.862700	4.980969
863	25	1.350000	0.650000	-6.086000	6.267727
864	38	-1.150000	-1.130000	-4.687300	4.956832
864	25	-1.020000	0.070000	-6.211900	6.295475
865	38	-2.200000	-0.930000	-4.659200	5.235747
865	25	-1.510000	3.050000	-5.437000	6.414325
866	4	3.123000	-1.910000	-4.569000	5.854655
866	38	-1.940000	0.020000	-5.580000	5.907656
866	3	-2.065000	-2.260000	-3.699000	4.801502
866	25	-0.160000	1.660000	-4.707000	4.993701
867	4	3.418000	0.450000	-3.976000	5.262490
867	38	-1.690000	0.560000	-4.269300	4.625648
867	3	-1.933000	0.110000	-5.706000	6.025531
867	25	0.430000	0.640000	-5.366000	5.421112
868	4	1.623000	-1.500000	-5.241000	5.687900
868	38	1.190000	-2.800000	-4.588800	5.505741
868	3	-2.604000	-1.540000	-4.438000	5.371058
868	25	-0.060000	-1.470000	-5.982000	6.160262
869	4	4.058600	2.780000	-3.988200	6.332959
869	38	0.310000	0.710000	-4.047500	4.120978
869	3	-0.520000	1.760000	-5.318000	5.625755
869	25	0.460000	1.000000	-5.453000	5.562986
870	4	3.279700	-1.230000	-3.111200	4.684965
870	38	-0.380000	-0.350000	-5.166000	5.191768
870	3	-1.060100	-0.370000	-5.673000	5.783048
870	25	-0.850000	1.460000	-4.956000	5.236032
871	4	1.148000	-1.320000	-5.663000	5.927046
871	38	-2.810000	-1.520000	-4.954000	5.894796
871	3	-3.070200	-0.380000	-4.316000	5.310215
871	25	-2.170000	0.710000	-5.518000	5.971710
872	4	0.007000	-0.580000	-5.418000	5.448961
872	38	-0.050000	-0.310000	-6.403000	6.410695
872	3	-3.999200	-0.910000	-3.437000	5.351137
872	25	-0.260000	0.500000	-5.212000	5.242380
873	4	2.768500	0.840000	-4.839000	5.637917
873	38	-1.010000	0.930000	-5.288000	5.463327
873	3	0.997060	-1.690000	-5.428000	5.771777
873	25	-2.200000	0.080000	-5.616000	6.032069
874	4	-0.421500	1.190000	-5.153000	5.305391
874	38	-0.930000	-0.930000	-5.006100	5.175987
874	3	0.898100	-0.660000	-5.380000	5.494232
874	25	0.780000	0.020000	-6.083000	6.132837
875	4	-1.770000	1.390000	-5.692000	6.120773
875	38	-3.220000	-0.250000	-4.614500	5.632452
875	3	-2.543000	-0.880000	-4.719000	5.432330
875	25	1.030000	0.750000	-5.774700	5.913591
876	4	-0.906000	-0.100000	-6.391000	6.455673
876	38	-2.500000	1.900000	-4.012400	5.095032
876	3	-3.015000	-2.220000	-4.217000	5.639301
876	25	0.120000	-0.140000	-5.776000	5.778942
877	4	0.891000	1.950000	-5.453000	5.859317
877	38	-0.160000	3.440000	-2.912200	4.510001
877	3	0.213000	-2.190000	-4.843000	5.319410
877	25	-0.810000	2.140000	-5.814500	6.248529
878	4	0.964000	2.230000	-5.587000	6.092353
878	38	0.950000	0.460000	-5.488000	5.588582
878	3	0.762000	-3.270000	-3.948000	5.182687
878	25	-3.250000	-2.150000	-3.240000	5.067800
879	4	-0.942000	0.360000	-4.777000	4.882284
879	38	-1.060000	1.360000	-5.434000	5.701014
879	3	1.359000	-3.300000	-4.858000	6.028022
879	25	-3.130000	-0.460000	-4.567000	5.555717
880	4	1.530000	-0.180000	-5.326000	5.544328
880	38	-0.920000	2.660000	-5.217000	5.927823
880	3	0.169000	-2.730000	-4.479000	5.248133
880	25	-3.180000	-3.440000	-4.191000	6.285736
881	4	0.456000	2.180000	-4.167000	4.724852
881	38	-1.680000	2.580000	-4.803600	5.705556
881	3	3.457000	-1.070000	-4.270000	5.597200
881	25	-0.180000	-2.400000	-5.109000	5.647502
882	4	1.310000	-0.010000	-4.902000	5.074032
882	38	-0.500000	1.180000	-4.683400	4.855578
882	3	3.440000	-0.890000	-3.368000	4.895827
882	25	-0.940000	-2.800000	-5.079200	5.875532
883	4	-0.894000	0.120000	-4.115000	4.212702
883	38	0.290000	0.800000	-6.207900	6.265949
883	3	0.984000	1.450000	-5.420000	5.696241
883	25	-0.470000	-3.700000	-4.330000	5.714875
884	4	0.877000	-2.880000	-4.446000	5.369399
884	38	1.000000	0.030000	-6.430000	6.507365
884	3	0.216000	1.310000	-5.407000	5.567621
884	25	1.360000	-2.680000	-4.458000	5.376408
885	2	2.087000	2.670000	-3.621700	4.959958
885	4	-1.218000	-0.320000	-4.584000	4.753838
885	38	-0.060000	2.330000	-5.148100	5.651144
885	3	-0.057000	2.990000	-4.931000	5.766984
885	25	1.540000	-1.830000	-6.274200	6.714617
885	37	0.183000	-1.960000	-4.739000	5.131589
886	2	-1.007000	0.210000	-4.668000	4.779997
886	4	-0.302000	-0.750000	-3.634000	3.722856
886	38	-1.200000	1.230000	-5.053000	5.337200
886	3	-0.035000	1.240000	-5.450000	5.589394
886	25	-0.870000	-1.260000	-5.830200	6.027913
886	37	-2.120000	-2.160000	-3.943000	4.970639
887	2	0.417000	2.590000	-4.021000	4.801086
887	4	-0.421000	1.430000	-4.936000	5.156184
887	38	-0.810000	0.780000	-6.031900	6.135822
887	3	-0.569000	3.700000	-4.397000	5.774718
887	25	-0.280000	-0.050000	-6.283000	6.289435
887	37	-0.645000	-1.610000	-5.190000	5.472132
888	2	-0.618000	0.650000	-5.883000	5.950976
888	4	-2.555000	-1.960000	-2.909000	4.339574
888	38	1.670000	1.600000	-4.302200	4.884447
888	3	-2.673000	0.950000	-4.660000	5.455550
888	25	-0.040000	-2.160000	-6.030200	6.405506
888	37	-0.778000	-0.340000	-3.411000	3.515083
889	2	-1.362000	1.440000	-4.488000	4.906199
889	4	-2.189000	1.360000	-3.278000	4.169725
889	38	-0.210000	2.090000	-6.448600	6.782082
889	3	1.245000	0.550000	-4.825000	5.013297
889	25	1.220000	0.150000	-5.057000	5.204243
889	37	-2.723000	-2.680000	-3.550000	5.215326
890	2	1.588000	3.300000	-5.467000	6.580261
890	4	-2.172000	-0.290000	-5.148000	5.594961
890	38	-0.590000	1.920000	-6.846900	7.135442
890	3	4.185000	1.470000	-2.425000	5.055270
890	25	-1.460000	-0.950000	-5.245000	5.526674
890	37	-1.469000	-2.160000	-3.960000	4.743960
891	2	0.946000	0.800000	-4.668700	4.830287
891	4	-2.590000	-1.180000	-6.077000	6.710472
891	38	1.170000	3.090000	-5.638800	6.535523
891	3	3.441000	0.860000	-3.746000	5.158740
891	25	-1.040000	-0.680000	-5.847700	5.978260
891	37	-2.049000	-2.730000	-2.917000	4.490010
892	2	0.785000	3.120000	-5.952000	6.765865
892	4	-3.607000	-0.380000	-5.027000	6.198837
892	38	-0.600000	2.450000	-5.393800	5.954459
892	3	1.984000	2.850000	-4.425000	5.624889
892	25	-1.270000	-0.730000	-5.533342	5.723956
892	37	-2.019000	-2.450000	-4.081000	5.170437
893	2	1.025000	1.450000	-5.854600	6.117963
893	4	-3.429000	-0.560000	-4.709000	5.852036
893	38	0.500000	3.200000	-5.151800	6.085314
893	3	1.938000	0.100000	-6.070000	6.372656
893	25	-1.020000	-0.660000	-5.684400	5.812779
893	37	-3.017700	-3.360000	-3.121000	5.489695
894	4	-3.415000	-1.380000	-4.253000	5.626245
894	38	-1.190000	4.780000	-3.150000	5.846965
894	3	3.172000	-0.070000	-5.060000	5.972444
894	25	-1.180000	-0.290000	-6.320000	6.435752
895	4	-2.350000	2.190000	-4.528000	5.551701
895	38	1.150000	2.350000	-3.223000	4.151232
895	3	1.654000	2.450000	-4.571000	5.443552
895	25	-2.630000	-0.050000	-5.736100	6.310487
896	4	-0.236000	-1.620000	-3.204000	3.598015
896	38	1.910000	3.950000	-4.880100	6.562467
896	3	1.125000	-0.520000	-4.284000	4.459673
896	25	-1.070000	0.660000	-4.953900	5.110932
897	4	-1.077000	0.110000	-5.425000	5.531967
897	38	3.160000	2.160000	-2.752000	4.714308
897	3	1.121000	1.890000	-3.604000	4.221085
897	25	-0.880000	-1.080000	-6.426000	6.575278
898	4	-1.409000	1.280000	-4.956000	5.309013
898	38	3.700000	3.820000	-2.776000	5.999048
898	3	-0.207000	1.990000	-5.400000	5.758728
898	25	-0.390000	-0.980000	-5.428000	5.529528
899	4	-1.422000	0.760000	-4.533000	4.811213
899	38	0.620000	-0.380000	-4.547400	4.605176
899	3	-2.132000	1.610000	-5.257000	5.896912
899	25	-0.990000	-3.640000	-4.738480	6.056640
900	4	2.870400	-0.100000	-4.064000	4.976474
900	38	-2.380000	1.540000	-4.343000	5.186294
900	3	1.597500	-0.260000	-5.558000	5.788866
900	25	-2.320000	-2.510000	-4.970100	6.031948
901	4	-0.275000	-1.410000	-4.897000	5.103365
901	38	1.460000	1.820000	-5.697300	6.156560
901	3	-0.173000	-2.960000	-4.879000	5.709306
901	25	0.960000	-2.570000	-4.828800	5.553720
902	4	-0.549000	0.230000	-4.000500	4.044540
902	38	0.430000	3.290000	-5.202400	6.170411
902	3	-1.960000	-0.670000	-6.566000	6.884973
902	25	-1.350000	-0.110000	-5.572300	5.734556
903	2	-0.143000	-0.090000	-4.711000	4.714029
903	4	1.797000	2.200000	-5.449000	6.144983
903	38	2.180000	4.120000	-4.176000	6.258257
903	3	0.915000	2.300000	-4.125000	4.810702
903	25	-0.840000	0.760000	-6.044600	6.149828
903	37	-0.311000	-2.520000	-4.362000	5.047194
904	2	1.174000	1.140000	-5.441000	5.681757
904	4	-0.667000	-0.540000	-4.362000	4.445620
904	38	3.420000	1.580000	-4.210000	5.649504
904	3	-1.368000	0.440000	-4.208000	4.446604
904	25	-1.210000	-3.370000	-5.712400	6.741848
904	37	1.843000	0.010000	-4.123000	4.516180
905	2	1.718400	-0.600000	-4.017300	4.410397
905	4	0.096000	0.500000	-5.192000	5.216903
905	38	2.240000	2.070000	-4.630800	5.544980
905	3	-1.769000	2.530000	-4.709000	5.630714
905	25	-3.290000	-2.680000	-4.056300	5.870270
905	37	3.062100	-0.890000	-5.116000	6.028434
906	2	-2.391000	-2.990000	-4.243400	5.715192
906	4	0.412000	-2.640000	-5.170200	5.819821
906	38	1.730000	1.630000	-3.768800	4.455744
906	3	0.659000	1.630000	-5.926000	6.181315
906	25	-3.660000	-0.530000	-5.182800	6.366939
906	37	1.477000	1.010000	-6.205000	6.457837
907	2	-0.460500	-3.280000	-4.456400	5.552473
907	4	0.006000	-1.660000	-5.163000	5.423302
907	38	4.100000	0.310000	-3.952000	5.703017
907	3	0.058000	3.740000	-4.323000	5.716581
907	25	-0.140000	-2.210000	-4.360100	4.890212
907	37	1.891200	-0.450000	-4.897000	5.268752
908	2	-1.601000	0.160000	-5.561000	5.789086
908	4	-1.229000	-2.320000	-5.694000	6.270126
908	38	1.190000	1.860000	-5.119000	5.574931
908	3	-3.415000	2.390000	-4.168000	5.894620
908	25	-2.460000	-1.410000	-4.023600	4.922302
908	37	-1.542000	1.850000	-3.930000	4.609248
909	2	1.413300	-1.000000	-4.739000	5.045348
909	4	0.388000	-3.240000	-4.093800	5.235202
909	3	0.300000	1.330000	-5.816000	5.973672
909	37	0.911600	1.420000	-4.665000	4.960810
910	2	2.643000	-1.280000	-4.903000	5.715178
910	4	0.119000	-1.450000	-4.295200	4.534909
910	16	-0.720000	-2.690000	-4.925000	5.657749
910	3	0.904000	2.480000	-5.413000	6.022307
910	25	0.570000	0.040000	-5.225100	5.256251
910	37	1.486900	2.520000	-4.856000	5.669392
911	2	0.997367	1.450000	-6.207000	6.451673
911	4	-1.849000	-1.940000	-4.976000	5.651812
911	16	1.140000	-0.910000	-4.381000	4.617452
911	3	-0.836000	3.570000	-5.536000	6.640112
911	25	1.490000	1.170000	-4.814700	5.174006
911	37	1.495500	2.540000	-5.527000	6.263853
912	2	2.309000	-1.810000	-4.754000	5.586421
912	4	2.992000	-1.540000	-5.357000	6.326224
912	16	1.590000	-0.730000	-5.308900	5.589760
912	3	2.224000	2.350000	-5.211000	6.133775
912	25	2.640000	2.750000	-3.373000	5.090111
912	37	3.406570	1.960000	-5.492000	6.753398
913	2	-2.023000	0.380000	-3.574000	4.124367
913	4	1.946000	0.230000	-6.153000	6.457494
913	16	0.340000	-3.740000	-3.199000	4.933234
913	3	2.394000	3.070000	-3.688000	5.362600
913	25	1.850000	0.940000	-3.842700	4.367201
913	37	1.004000	2.540000	-5.892000	6.494250
914	2	0.222000	-0.040000	-5.749000	5.753424
914	4	-0.262000	-0.930000	-5.126000	5.216265
914	16	-2.270000	-2.050000	-3.939000	4.987095
914	3	1.179000	3.820000	-3.120000	5.071177
914	25	0.630000	0.400000	-5.051000	5.105830
914	37	1.651000	1.850000	-3.993000	4.700250
915	2	-2.550000	0.690000	-5.065000	5.712515
915	4	-1.703000	-3.250000	-5.419000	6.544331
915	16	-3.200000	0.130000	-4.053900	5.166334
915	3	1.218000	3.560000	-4.586000	5.931991
915	25	0.630000	1.690000	-3.622920	4.047042
915	37	1.201700	2.580000	-3.726000	4.688663
916	4	-1.920000	-2.000000	-4.064000	4.919603
916	16	-2.370000	-3.320000	-4.127000	5.802709
916	3	1.367000	2.800000	-4.782000	5.707558
916	25	1.010000	1.070000	-5.956600	6.135640
917	4	-1.945000	-0.510000	-5.744000	6.085775
917	16	-2.190000	-2.280000	-4.371000	5.394455
917	32	2.400000	2.300000	-4.601000	5.676196
917	3	2.613000	1.910000	-4.020000	5.161034
917	19	-1.010000	-0.130000	-6.320000	6.401515
917	25	1.590000	3.490000	-5.283500	6.528673
918	4	-3.474000	-1.980000	-4.882000	6.310547
918	16	-1.940000	-4.200000	-4.170000	6.228363
918	32	1.870000	2.010000	-5.329000	5.994601
918	3	-0.071000	-0.500000	-4.943000	4.968731
918	19	-3.170000	-1.070000	-5.540000	6.471893
918	25	0.350000	-1.050000	-4.761110	4.888064
919	4	-2.877000	-1.480000	-5.879000	6.710452
919	16	-1.780000	-2.470000	-3.843000	4.902851
919	32	1.620000	2.330000	-5.036000	5.780536
919	3	1.373000	0.540000	-4.298000	4.544176
919	19	-2.630000	-2.330000	-5.954000	6.913459
919	25	1.420000	0.480000	-5.298700	5.506634
920	4	-1.495000	-0.060000	-4.592000	4.829605
920	16	-0.980000	1.750000	-4.416200	4.850332
920	32	1.417000	2.240000	-6.621000	7.131839
920	3	1.558000	2.850000	-3.970000	5.129402
920	19	-0.840000	-1.060000	-5.218000	5.390429
920	25	1.410000	2.200000	-4.675400	5.356068
921	4	0.137000	-1.820000	-5.215000	5.525160
921	16	-1.220000	1.040000	-6.158800	6.364025
921	32	-0.280000	2.530000	-4.915000	5.535027
921	3	2.904000	0.170000	-3.123000	4.267932
921	19	-1.440000	-2.420000	-6.101000	6.719539
921	25	-0.370000	0.600000	-4.286000	4.343581
922	16	0.850000	0.050000	-5.726000	5.788962
922	32	0.640000	0.280000	-6.533000	6.570243
922	19	-0.410000	-2.560000	-5.349000	5.944199
922	25	2.020000	1.560000	-5.695400	6.241120
923	16	0.090000	-1.080000	-6.403000	6.494067
923	32	1.351000	2.160000	-5.299000	5.879643
923	19	-1.220000	-2.530000	-5.831000	6.472238
923	25	-1.860000	-2.840000	-4.939500	5.993652
924	32	2.380000	2.280000	-4.931000	5.931067
924	19	1.060000	-1.730000	-6.520000	6.828389
925	32	0.270000	1.610000	-6.269000	6.478068
925	19	-0.500000	-1.810000	-5.658000	5.961465
926	32	1.080000	0.690000	-5.917000	6.054204
926	19	-0.690000	0.050000	-4.551000	4.603282
927	32	2.530000	2.010000	-4.491000	5.532638
927	19	-0.010000	2.000000	-5.949000	6.276201
928	32	0.790000	1.720000	-3.533800	4.008771
928	19	0.930000	1.370000	-4.873000	5.146642
929	32	-1.350000	-0.410000	-3.960000	4.203832
929	19	-0.750000	-0.880000	-4.768000	4.906192
930	32	2.620000	-1.270000	-4.913000	5.710943
930	19	2.690000	1.890000	-4.437000	5.522243
931	32	3.100000	0.690000	-4.872000	5.815710
931	19	-0.020000	3.790000	-4.510000	5.891061
932	32	2.670000	-1.380000	-3.799000	4.844141
932	19	-1.580000	-1.180000	-4.837000	5.223540
933	32	0.070000	-1.490000	-4.631000	4.865302
933	19	-2.410000	-0.290000	-4.633000	5.230381
934	32	0.740000	-1.750000	-4.849000	5.207965
934	19	-1.550000	0.940000	-4.286000	4.653590
935	32	0.259000	0.900000	-5.840000	5.914616
935	19	-4.050000	0.710000	-4.920000	6.411942
936	32	2.050000	1.470000	-5.087000	5.678113
936	19	-0.650000	-1.140000	-5.469000	5.624239
937	32	0.560000	1.600000	-4.420000	4.733920
937	19	-2.400000	0.660000	-5.485000	6.023357
938	32	2.784000	0.680000	-5.960000	6.613218
938	19	-1.740000	1.790000	-4.335000	5.002392
939	32	3.001000	0.840000	-5.213000	6.073464
939	19	-0.890000	1.260000	-5.818000	6.019038
940	32	-0.276000	-0.520000	-6.525000	6.551504
940	19	-2.351000	-1.060000	-4.178000	4.909836
941	32	-2.160000	-1.990000	-5.860000	6.554792
941	19	-0.108000	-0.500000	-5.451000	5.474949
942	32	-1.663000	-0.050000	-5.284000	5.539741
942	19	-1.542000	-0.350000	-6.071000	6.273540
943	32	0.339000	-1.430000	-6.199000	6.370826
943	19	-2.212000	-1.800000	-5.850000	6.508106
944	4	2.131000	-0.590000	-5.829000	6.234300
944	32	1.786000	-1.360000	-5.727000	6.151254
944	3	3.372000	0.580000	-4.851000	5.936243
944	19	-1.959000	-1.690000	-6.241000	6.756024
945	4	-3.842000	0.520000	-4.918000	6.262435
945	32	2.346000	2.450000	-4.463000	5.605764
945	3	-2.036000	1.730000	-5.551000	6.160503
945	19	-1.087000	0.010000	-5.938000	6.036681
946	4	-0.050000	-1.230000	-4.902000	5.054207
946	32	3.124000	1.850000	-5.954000	6.973664
946	3	0.401000	-0.190000	-6.860000	6.874336
946	19	-1.311000	-0.590000	-5.978000	6.148439
947	4	-0.921000	0.840000	-5.115000	5.264700
947	32	2.037000	-0.610000	-4.720000	5.176859
947	3	-1.097000	-1.570000	-5.334000	5.667439
947	19	-0.570000	-1.350000	-6.419000	6.584145
948	4	0.808000	-2.130000	-5.693000	6.131885
948	32	3.199000	-2.100000	-4.741000	6.092674
948	3	-0.652000	-0.840000	-5.310000	5.415423
948	19	-0.040000	-1.110000	-6.425000	6.520301
949	4	1.279000	2.610000	-4.420000	5.290023
949	32	1.360000	0.860000	-5.270000	5.510181
949	3	0.752000	0.750000	-5.728000	5.825632
949	19	-1.837000	-1.300000	-5.325000	5.781020
950	4	-2.499000	-0.960000	-4.799000	5.495180
950	32	1.374000	0.270000	-6.901000	7.041632
950	3	-1.981000	-1.230000	-5.113000	5.619611
950	19	-0.969000	-1.100000	-3.880000	4.147693
951	4	1.672000	1.560000	-5.155000	5.639433
951	32	-0.147000	1.570000	-5.463000	5.686025
951	3	-1.536000	0.630000	-5.165000	5.425258
951	19	-2.030000	-0.410000	-5.474000	5.852664
952	4	-0.974000	1.180000	-5.236000	5.454977
952	32	2.517000	-0.480000	-5.929000	6.459004
952	3	-1.595000	0.460000	-5.122000	5.384284
952	19	0.530000	-2.870000	-5.996000	6.668569
953	32	2.055000	2.270000	-3.762000	4.850626
953	19	0.657000	-1.370000	-6.569000	6.742426
954	32	2.566000	0.880000	-4.362000	5.136711
954	19	2.290000	-0.140000	-5.712000	6.155538
955	32	-1.453000	1.940000	-5.705000	6.198535
955	19	0.633000	2.480000	-5.191000	5.787709
956	32	-1.891000	0.860000	-4.285000	4.762007
956	19	1.577000	-0.820000	-5.599000	5.874362
957	32	-0.270000	-0.100000	-5.377000	5.384703
957	19	3.653000	-1.750000	-3.886000	5.613190
958	32	-1.831000	-0.140000	-5.082000	5.403599
958	19	0.938000	0.190000	-4.909000	5.001422
966	2	-0.267000	-1.540000	-4.758000	5.008139
966	33	-1.993000	-1.690000	-5.509000	6.097313
967	2	0.814900	-1.010000	-4.476000	4.660337
967	4	-2.625000	2.180000	-5.287000	6.292487
967	3	2.236000	-0.970000	-5.251000	5.789093
967	33	-0.844000	0.500000	-5.130000	5.222953
968	2	-1.558000	0.870000	-4.380000	4.729552
968	4	-2.284000	0.960000	-5.780000	6.288613
968	32	-1.958000	3.240000	-4.566000	5.931249
968	3	1.644000	-0.360000	-5.221000	5.485543
968	19	0.568000	-1.740000	-5.284000	5.592037
968	33	0.415000	3.490000	-5.683000	6.681977
969	2	-1.798700	-2.380000	-4.848000	5.692348
969	32	-2.238000	0.160000	-6.374000	6.757375
969	19	-0.181000	-3.890000	-4.370000	5.853355
969	33	-1.699100	-1.830000	-5.796000	6.311058
970	2	0.562600	0.060000	-5.959000	5.985800
970	32	2.557000	-0.090000	-4.595000	5.259313
970	19	0.529000	-1.920000	-6.436000	6.737087
970	33	-2.081000	-0.620000	-4.432000	4.935340
971	2	1.802800	-0.160000	-5.386000	5.681961
971	32	3.011000	-0.390000	-5.242000	6.057787
971	19	0.027000	-1.760000	-5.760000	6.022950
971	33	0.636400	0.250000	-4.971000	5.017803
972	2	-1.089400	-0.620000	-5.202000	5.350887
972	32	1.986000	0.450000	-4.625000	5.053446
972	19	-0.493000	0.040000	-6.305000	6.324371
972	33	0.905000	-0.630000	-6.436000	6.529780
973	2	-0.846700	0.110000	-6.717000	6.771048
973	32	2.617000	1.170000	-5.134000	5.880097
973	19	-0.916000	0.090000	-5.896000	5.967409
973	33	-0.209000	-2.710000	-4.521000	5.275151
974	2	0.824700	1.500000	-5.602000	5.857690
974	32	2.210000	0.740000	-5.502000	5.975258
974	19	0.004000	-0.370000	-4.897000	4.910960
974	33	0.962700	0.880000	-5.918000	6.060026
975	32	0.660000	2.210000	-4.743000	5.274064
975	19	0.696000	0.530000	-6.390000	6.449606
976	32	0.655000	0.180000	-5.493000	5.534842
976	19	1.532000	-1.960000	-4.282000	4.952186
977	32	-2.640000	1.250000	-6.278000	6.924261
977	19	-1.390000	-0.680000	-5.173000	5.399484
978	32	-1.226000	-0.910000	-5.083000	5.307360
978	19	1.139000	-1.910000	-5.338000	5.782704
979	32	-2.651000	1.350000	-6.124000	6.808353
979	19	0.377000	-0.100000	-4.975000	4.990266
980	32	-0.319000	0.090000	-5.480000	5.490015
980	19	1.246000	-0.390000	-5.413000	5.568230
981	2	0.023000	0.530000	-4.731000	4.760650
981	32	-1.833000	0.640000	-5.493000	5.826022
981	19	0.677000	-0.780000	-5.377000	5.475295
981	33	2.320000	-0.460000	-4.547000	5.125350
982	2	-0.465000	1.370000	-4.999000	5.204145
982	32	-1.913000	1.010000	-5.281000	5.706893
982	19	-0.604000	-1.950000	-6.197000	6.524579
982	33	2.696000	-2.220000	-4.834000	5.963587
983	2	-2.039600	0.240000	-4.504000	4.950110
983	33	1.630000	-1.340000	-5.566000	5.952550
984	2	-2.525600	0.810000	-6.124000	6.673689
984	33	1.639000	-2.430000	-5.052000	5.840713
985	2	-0.985000	-0.100000	-5.475000	5.563798
985	33	3.721900	-2.860000	-4.376000	6.417283
986	2	-1.671900	0.590000	-6.470000	6.708521
986	33	2.274400	-1.420000	-5.134000	5.791999
987	2	-0.551100	0.100000	-5.408000	5.436927
987	33	2.320300	0.040000	-5.968000	6.403313
988	2	-1.233700	2.600000	-6.455000	7.067464
988	33	2.381600	3.210000	-5.101000	6.480457
989	2	-0.068000	0.750000	-5.632000	5.682125
989	33	1.827020	0.650000	-5.336000	5.677446
990	2	-1.248000	0.060000	-5.895000	6.025955
990	33	1.642200	1.480000	-6.188000	6.571040
991	2	0.863300	0.500000	-5.702000	5.788617
991	33	2.546300	-0.330000	-5.812000	6.353888
992	2	-0.776000	0.820000	-6.040000	6.144605
992	33	2.265700	-0.260000	-5.200000	5.678116
993	2	2.136000	0.940000	-5.233000	5.729781
993	33	3.076530	-0.730000	-5.343000	6.208509
994	2	-1.150150	0.080000	-4.684000	4.823806
994	33	-1.054200	-1.520000	-6.426000	6.686944
995	2	-1.392300	-0.510000	-5.716000	5.905189
995	33	1.604800	-1.680000	-5.712000	6.166419
996	2	0.595000	1.930000	-4.890000	5.290654
996	33	1.877600	1.340000	-5.432000	5.901492
997	2	-0.417800	-1.090000	-5.756000	5.873176
997	33	1.250300	-3.570000	-5.327000	6.533382
998	2	-0.660373	-1.880000	-4.525000	4.944302
998	33	0.642000	-0.560000	-4.720000	4.796266
999	2	-0.630300	-1.820000	-5.035000	5.390817
999	33	-0.664400	-1.680000	-6.549000	6.793617
