# frame	protein_index	rx	ry	rz	r
0	4	-3.110000	3.160000	-5.933000	7.406631
0	6	-0.290000	1.450000	-7.392000	7.538452
0	10	-0.780000	-3.230000	-6.974100	7.725242
0	14	0.560000	-0.600000	-7.498000	7.542785
0	16	0.840000	0.300000	-7.512000	7.564770
0	22	-0.390000	0.771000	-7.258700	7.309943
0	24	2.980000	-1.320000	-6.539000	7.306252
0	5	-1.224000	-4.060000	-5.921400	7.283183
0	7	-1.610000	2.620000	-7.109800	7.746338
0	11	-1.820000	2.189000	-6.891000	7.455870
0	15	3.070000	-0.880000	-6.744000	7.461959
0	17	3.220000	2.360000	-6.266000	7.429721
0	23	0.540000	-2.550000	-6.999300	7.468889
0	25	1.460000	3.550000	-6.710100	7.730430
1	4	1.220000	-0.180000	-7.539000	7.639196
1	6	1.040000	0.950000	-7.158000	7.295277
1	10	-0.850000	-1.330000	-7.174000	7.345589
1	14	1.130000	-0.240000	-7.464000	7.552867
1	16	0.040000	-0.120000	-7.197000	7.198111
1	22	-1.050000	-2.379000	-6.483900	6.985922
1	24	-1.080000	-1.310000	-7.338400	7.532238
1	5	2.622000	-2.670000	-6.407100	7.419886
1	7	-3.200000	1.870000	-6.595400	7.565461
1	11	-2.210000	0.917000	-7.212000	7.598548
1	15	1.450000	-0.120000	-7.454000	7.594670
1	17	0.590000	-0.780000	-7.313200	7.378306
1	23	-1.700000	-3.720000	-6.295100	7.507109
1	25	-0.480000	5.570000	-4.814000	7.377662
2	4	0.100000	-0.020000	-7.355000	7.355707
2	6	1.600000	3.120000	-6.438000	7.330910
2	10	-2.160000	-0.330000	-7.246710	7.568970
2	14	-0.810000	-4.120000	-5.714000	7.090860
2	16	-2.680000	0.990000	-6.717800	7.300092
2	22	-0.040000	-0.943000	-7.246000	7.307213
2	24	-0.130000	0.640000	-7.387000	7.415812
2	5	0.732000	1.140000	-7.495500	7.616951
2	7	-2.320000	1.160000	-7.048900	7.510991
2	11	1.570000	0.285000	-7.220000	7.394222
2	15	0.480000	-1.770000	-7.315000	7.541387
2	17	3.600000	-0.020000	-6.413000	7.354384
2	23	-0.840000	0.440000	-7.566000	7.625192
2	25	0.260000	0.770000	-7.619900	7.663118
3	4	-0.720000	-0.220000	-7.479000	7.516797
3	6	1.960000	-1.560000	-6.903000	7.343474
3	10	-1.370000	1.750000	-7.061900	7.403366
3	14	1.750000	-2.190000	-6.718000	7.279432
3	16	-2.500000	-3.210000	-6.435100	7.613449
3	22	-1.850000	-0.943000	-7.203600	7.496906
3	24	3.160000	2.670000	-5.778000	7.106320
3	5	4.150000	1.390000	-6.202743	7.591352
3	7	-1.480000	0.580000	-7.142900	7.317638
3	11	-0.030000	2.353000	-6.892000	7.282662
3	15	1.890000	-1.650000	-6.760000	7.210562
3	17	-0.300000	0.100000	-7.073630	7.080695
3	23	1.490000	-1.600000	-7.328000	7.647201
3	25	1.680000	0.900000	-6.993000	7.248065
4	4	-1.200000	1.020000	-7.148000	7.319447
4	6	2.840000	0.170000	-7.224000	7.764063
4	10	1.060000	1.040000	-7.025100	7.180336
4	14	-1.230000	4.130000	-6.257000	7.597358
4	16	-0.540000	0.170000	-7.365000	7.386726
4	22	2.070000	-0.870000	-7.195700	7.537897
4	24	1.000000	1.160000	-7.475100	7.630381
4	5	-0.606000	0.410000	-7.578000	7.613240
4	7	0.850000	-1.390000	-7.381600	7.559274
4	11	2.890000	1.967000	-6.454000	7.339980
4	15	-0.430000	-1.280000	-7.026300	7.154872
4	17	1.670000	-0.030000	-7.372500	7.559336
4	23	2.240000	-0.500000	-7.138000	7.497909
4	25	-1.280000	0.510000	-7.485000	7.610764
5	4	-1.940000	-2.930000	-6.741000	7.601946
5	6	4.580000	-0.430000	-6.136200	7.669045
5	8	0.000000	1.960000	-7.169100	7.432200
5	10	1.190000	0.580000	-6.972300	7.096863
5	14	3.670000	0.940000	-6.430000	7.463069
5	16	-3.150000	2.380000	-6.350500	7.477683
5	22	-3.520000	-4.238000	-4.647000	7.207333
5	24	-5.040000	1.010000	-5.306000	7.387512
5	5	-0.584000	-0.290000	-7.214000	7.243407
5	7	-2.320000	1.240000	-7.161000	7.628887
5	9	-1.900000	-2.220000	-6.420000	7.053708
5	11	-0.350000	5.000000	-5.008000	7.085377
5	15	-1.020000	1.670000	-7.021500	7.289085
5	17	2.710000	-2.250000	-6.342000	7.254486
5	23	-0.130000	3.640000	-6.724700	7.647751
5	25	-2.680000	-1.300000	-6.812800	7.435499
6	4	-0.010000	-2.270000	-6.824000	7.191660
6	6	-2.550000	-0.540000	-6.739000	7.225526
6	8	-2.110000	0.590000	-7.270800	7.593730
6	10	4.140000	1.340000	-6.239000	7.606597
6	14	-1.810000	1.560000	-7.141000	7.530178
6	16	-1.320000	-1.030000	-7.057000	7.252899
6	22	1.540000	1.730000	-7.136600	7.503037
6	24	-1.250000	0.160000	-7.151000	7.261191
6	5	0.369000	0.820000	-7.370000	7.424652
6	7	-0.660000	1.300000	-7.209400	7.355341
6	9	0.960000	-2.160000	-7.086000	7.469846
6	11	-0.160000	1.003000	-7.312200	7.382403
6	15	-2.440000	-1.810000	-6.515000	7.188527
6	17	3.870000	0.560000	-5.997000	7.159225
6	23	0.830000	-0.470000	-7.343000	7.404691
6	25	-2.610000	0.300000	-6.729800	7.224424
7	4	0.890000	-1.580000	-6.980000	7.211720
7	6	0.060000	0.660000	-7.254000	7.284210
7	10	1.420000	1.710000	-7.030200	7.373209
7	14	-1.440000	0.350000	-7.163000	7.314689
7	16	1.760000	0.230000	-7.177000	7.393229
7	22	1.300000	0.210000	-7.200400	7.319827
7	24	-4.480000	-1.090000	-5.741000	7.363259
7	5	0.739000	0.210000	-7.325000	7.365178
7	7	-4.590000	0.410000	-5.836000	7.436067
7	11	1.620000	0.800000	-7.377200	7.595227
7	15	0.150000	-0.150000	-7.207000	7.210121
7	17	-0.160000	-3.090000	-6.496000	7.195256
7	23	-0.110000	1.940000	-7.103000	7.363987
7	25	-0.390000	3.040000	-6.686420	7.355400
8	4	-1.820000	1.570000	-6.878000	7.285889
8	6	-1.660000	-0.140000	-7.454000	7.637887
8	10	3.860000	-0.200000	-6.279000	7.373292
8	14	-1.370000	1.320000	-6.774000	7.036077
8	16	-1.840000	-3.980000	-6.039400	7.463267
8	22	-0.060000	-1.166000	-7.259700	7.352986
8	24	-5.210000	-1.830000	-4.551000	7.155739
8	5	1.792000	4.550000	-5.360000	7.255575
8	7	-4.870000	-2.740000	-5.034000	7.521014
8	11	1.800000	0.836000	-7.299600	7.564592
8	15	0.590000	1.150000	-7.275200	7.389123
8	17	-0.130000	0.150000	-7.193000	7.195738
8	23	2.480000	2.080000	-7.016000	7.726646
8	25	3.100000	1.210000	-6.648800	7.435095
9	2	0.440000	-0.240000	-7.817000	7.833051
9	4	3.150000	1.840000	-6.863000	7.772314
9	6	2.730000	-2.130000	-6.953000	7.767497
9	10	0.710000	-1.000000	-7.318000	7.420056
9	14	-1.050000	-0.330000	-7.457000	7.537788
9	16	-1.500000	-1.380000	-7.457000	7.730540
9	22	1.260000	3.180000	-6.674300	7.499752
9	24	-1.520000	-1.920000	-7.235000	7.638195
9	3	1.580000	1.720000	-7.099000	7.473326
9	5	1.031000	1.350000	-7.322700	7.517140
9	7	2.550000	-4.960000	-4.401000	7.104428
9	11	4.030000	1.248000	-5.794000	7.167206
9	15	-2.730000	-0.980000	-6.764000	7.359687
9	17	-0.610000	0.810000	-7.414000	7.483021
9	23	1.210000	-2.830000	-6.675000	7.350417
9	25	0.260000	3.400000	-6.606300	7.434433
10	4	-0.400000	0.210000	-7.435000	7.448713
10	6	1.870000	-2.000000	-7.033000	7.547184
10	10	1.280000	-1.180000	-7.699590	7.893953
10	14	-1.530000	-0.480000	-7.028000	7.208612
10	16	0.340000	-1.200000	-7.256000	7.362414
10	22	0.960000	-0.110000	-7.527000	7.588770
10	24	0.730000	-3.260000	-6.455000	7.268255
10	5	0.318000	1.690000	-7.349100	7.547615
10	7	-1.500000	2.120000	-7.323400	7.770237
10	11	0.600000	2.150000	-7.177000	7.516105
10	15	-3.330000	0.470000	-6.771700	7.560802
10	17	1.850000	-3.130000	-6.509000	7.455634
10	23	0.800000	1.440000	-7.212000	7.397739
10	25	0.300000	-0.570000	-7.264600	7.293100
11	4	0.210000	4.420000	-5.523300	7.077241
11	6	0.000000	1.740000	-6.958000	7.172264
11	10	0.740000	-1.340000	-7.251000	7.410816
11	14	-1.410000	2.320000	-7.080000	7.582671
11	16	-0.770000	-0.310000	-7.462000	7.508025
11	22	-3.020000	2.770000	-6.310000	7.523922
11	24	1.100000	1.010000	-7.282000	7.433547
11	5	1.221000	-0.020000	-7.161050	7.264426
11	7	-3.230000	-2.040000	-6.314000	7.379776
11	11	0.330000	4.380000	-5.837000	7.305058
11	15	-1.060000	1.540000	-7.019600	7.264295
11	17	0.720000	-1.360000	-7.383000	7.541664
11	23	-1.510000	-2.050000	-7.100500	7.543189
11	25	-3.370000	0.060000	-6.491000	7.313931
12	4	-1.240000	2.930000	-6.556000	7.287224
12	6	0.470000	2.400000	-7.090000	7.499933
12	10	0.510000	-2.170000	-6.992000	7.338737
12	14	-3.560000	-1.170000	-5.885000	6.976799
12	16	3.270000	-3.540000	-5.604700	7.391695
12	22	0.740000	-0.390000	-7.569100	7.615181
12	24	-1.240000	1.050000	-7.693000	7.862719
12	5	3.781000	0.380000	-6.292000	7.350485
12	7	0.160000	0.350000	-7.393000	7.403009
12	11	-1.200000	3.220000	-6.552000	7.398453
12	15	-1.650000	-1.560000	-7.274500	7.620659
12	17	0.090000	0.340000	-7.374100	7.382483
12	23	-1.360000	0.290000	-7.413000	7.542299
12	25	2.520000	0.300000	-6.845700	7.300959
13	4	0.750000	1.170000	-7.211000	7.343699
13	6	-0.300000	0.760000	-7.645000	7.688539
13	10	2.270000	-0.930000	-7.167000	7.575202
13	14	-1.510000	2.540000	-6.961000	7.562223
13	16	1.420000	-3.920000	-6.052600	7.349610
13	22	-1.550000	2.240000	-6.651600	7.187759
13	24	1.500000	-2.930000	-6.448000	7.239586
13	5	-0.862000	-0.550000	-7.336400	7.407315
13	7	1.830000	2.010000	-6.808000	7.330611
13	11	-0.960000	-1.490000	-7.059000	7.278130
13	15	-3.200000	-1.260000	-6.484000	7.339609
13	17	0.110000	-2.930000	-6.446700	7.082157
13	23	-1.890000	0.400000	-7.038000	7.298325
13	25	3.300000	1.130000	-6.575900	7.443746
14	4	0.470000	0.510000	-7.498000	7.530007
14	6	-1.990000	-0.960000	-6.775000	7.126172
14	10	2.010000	-0.040000	-7.483200	7.748547
14	14	1.770000	0.200000	-7.202000	7.419010
14	16	0.920000	-0.730000	-7.436800	7.528964
14	22	-0.860000	3.007000	-6.322600	7.053859
14	24	-2.220000	-1.360000	-6.512000	7.013141
14	5	3.131200	0.550000	-6.859800	7.560673
14	7	3.000000	0.530000	-6.908000	7.549925
14	11	-5.480000	0.770000	-4.713000	7.268815
14	15	0.590000	-1.070000	-7.615300	7.712703
14	17	-0.600000	1.970000	-7.429700	7.709821
14	23	1.030000	2.030000	-7.308000	7.654323
14	25	-2.850000	4.860000	-4.584000	7.263274
15	4	-1.890000	1.170000	-6.923000	7.271102
15	6	-0.300000	1.110000	-7.343400	7.432875
15	10	0.360000	1.250000	-7.321800	7.436454
15	14	-3.050000	0.510000	-6.883000	7.545746
15	16	0.030000	-0.280000	-7.383000	7.388368
15	22	-0.400000	1.800000	-7.051000	7.288114
15	24	0.370000	-1.370000	-7.578000	7.709727
15	5	2.907000	0.820000	-6.720212	7.367788
15	7	-4.020000	0.400000	-6.383000	7.554011
15	11	-0.390000	3.860000	-6.438000	7.516618
15	15	-1.250000	3.880000	-6.172000	7.396654
15	17	0.290000	1.600000	-7.232900	7.413430
15	23	-1.680000	-0.760000	-7.087000	7.322948
15	25	-2.280000	2.210000	-7.039800	7.722777
16	4	0.570000	-0.200000	-7.469000	7.493388
16	6	0.400000	2.960000	-6.633000	7.274496
16	10	2.940000	2.490000	-6.666900	7.700082
16	14	0.730000	3.010000	-6.605000	7.295137
16	16	1.770000	-0.500000	-7.212000	7.442838
16	22	1.310000	2.010000	-7.531000	7.903933
16	24	-0.800000	-2.270000	-7.231000	7.621041
16	5	4.478000	1.650000	-5.422000	7.223093
16	7	0.520000	5.170000	-5.150000	7.315859
16	11	-3.410000	-0.910000	-6.591000	7.476462
16	15	-2.950000	-1.380000	-6.210000	7.012204
16	17	-2.320000	-0.890000	-7.034600	7.460569
16	23	0.460000	-1.730000	-7.009000	7.233988
16	25	-0.870000	-1.420000	-7.162200	7.353258
17	4	0.880000	-0.680000	-7.194000	7.279453
17	6	-1.670000	1.190000	-6.999600	7.293792
17	10	-0.590000	-2.870000	-6.823600	7.426070
17	14	1.220000	0.530000	-7.399000	7.517613
17	16	-1.700000	3.380000	-6.462000	7.488114
17	20	1.930000	1.543000	-6.730700	7.169942
17	22	-3.010000	1.680000	-6.601850	7.447612
17	24	-1.730000	-1.590000	-7.205000	7.578458
17	5	4.070500	2.580000	-5.233000	7.114047
17	7	-1.150000	0.940000	-7.012000	7.167583
17	11	1.550000	-1.058000	-7.332000	7.568361
17	15	-0.580000	2.220000	-7.172000	7.530099
17	17	2.290000	-1.220000	-6.815600	7.292798
17	21	1.320000	-1.306000	-7.035000	7.275937
17	23	3.390000	-1.330000	-6.447500	7.404813
17	25	3.780000	1.640000	-6.270000	7.502726
18	4	0.000000	-3.070000	-6.979000	7.624391
18	6	0.300000	-0.220000	-7.144000	7.153680
18	10	-0.020000	-1.850000	-6.781200	7.029052
18	14	-0.500000	1.670000	-7.699000	7.893890
18	16	1.940000	0.520000	-7.101000	7.379580
18	22	0.030000	-0.320000	-7.560000	7.566829
18	24	-2.920000	1.670000	-6.976600	7.745208
18	26	2.540000	-0.280000	-6.872800	7.332488
18	5	0.952000	2.490000	-7.150800	7.631536
18	7	-2.420000	-0.470000	-6.961000	7.384634
18	11	-2.450000	-0.394000	-6.570000	7.023008
18	15	2.930000	0.760000	-6.584000	7.246486
18	17	0.950000	-0.210000	-7.422700	7.486192
18	23	-0.270000	0.030000	-7.478000	7.482933
18	25	1.790000	1.640000	-6.814900	7.234401
18	27	1.020000	1.180000	-7.073500	7.243425
19	4	0.340000	1.350000	-7.873000	7.995138
19	6	0.800000	-2.610000	-6.930000	7.448288
19	10	1.420000	-2.420000	-7.224800	7.750518
19	14	1.900000	-1.070000	-7.191000	7.514345
19	16	-1.560000	-2.160000	-6.990400	7.480969
19	22	0.790000	-0.940000	-7.417200	7.518148
19	24	-1.950000	-1.390000	-7.170000	7.559332
19	26	-1.750000	-0.420000	-7.107600	7.331908
19	5	2.429000	-0.120000	-6.977900	7.389555
19	7	0.470000	0.130000	-7.214000	7.230463
19	11	-2.350000	0.290000	-7.253000	7.629719
19	15	-2.080000	2.350000	-6.594000	7.302721
19	17	0.730000	-4.100000	-6.090900	7.378480
19	23	0.210000	-1.420000	-7.055000	7.199550
19	25	-1.390000	-0.990000	-7.628500	7.817046
19	27	0.010000	-2.430000	-6.629800	7.061108
20	4	-1.520000	1.600000	-6.796000	7.145349
20	6	0.610000	2.590000	-7.124000	7.604707
20	10	-0.010000	-0.460000	-7.595800	7.609723
20	14	2.360000	-0.760000	-7.488000	7.887797
20	16	0.330000	-1.380000	-7.503000	7.635988
20	22	-0.650000	2.340000	-6.900200	7.315112
20	24	1.400000	0.710000	-7.434000	7.597924
20	26	-0.860000	2.100000	-7.106391	7.459919
20	5	0.867000	1.470000	-7.277600	7.475028
20	7	0.920000	-2.340000	-7.086000	7.518869
20	11	-0.980000	1.850000	-7.225100	7.522298
20	15	-3.010000	-2.500000	-6.256000	7.378864
20	17	0.170000	-0.450000	-7.501000	7.516409
20	23	-1.440000	-1.870000	-7.029000	7.414671
20	25	-0.380000	0.270000	-7.296000	7.310877
20	27	0.910000	1.330000	-7.113000	7.293269
21	4	2.480000	2.120000	-6.598000	7.360598
21	6	2.710000	1.500000	-6.989000	7.644620
21	10	-0.310000	-2.780000	-6.948000	7.489940
21	14	0.070000	2.310000	-6.857000	7.235983
21	16	1.490000	-1.690000	-7.069700	7.420031
21	22	-0.260000	-1.380000	-7.154400	7.290915
21	24	-2.280000	0.840000	-6.937000	7.350236
21	26	1.110000	1.590000	-7.231140	7.486627
21	5	1.086000	-2.750000	-6.752700	7.371625
21	7	-1.330000	-0.860000	-7.353600	7.522229
21	11	-1.850000	1.680000	-6.960200	7.395220
21	15	-0.020000	-0.530000	-7.668000	7.686321
21	17	-4.430000	0.960000	-5.383600	7.037730
21	23	1.330000	0.350000	-7.334000	7.461833
21	25	-0.710000	-1.780000	-7.170400	7.422071
21	27	2.350000	0.990000	-7.175300	7.614954
22	4	1.490000	1.270000	-7.254000	7.513555
22	6	1.000000	-0.190000	-7.376000	7.445903
22	10	2.000000	1.040000	-7.374200	7.711059
22	14	-3.650000	1.730000	-6.078100	7.297856
22	16	-1.540000	-2.850000	-6.419600	7.190644
22	22	-1.420000	-2.969000	-6.744400	7.504551
22	24	0.590000	0.310000	-7.199300	7.230084
22	26	1.430000	-0.440000	-7.410300	7.559831
22	5	3.580000	-0.270000	-6.334000	7.280718
22	7	1.060000	-1.050000	-7.386000	7.535191
22	11	3.610000	1.693000	-6.510000	7.634032
22	15	-2.010000	-1.280000	-7.039000	7.431421
22	17	0.630000	-1.260000	-7.266000	7.401301
22	23	-0.200000	-3.160000	-7.106000	7.779514
22	25	-0.290000	-1.140000	-7.248000	7.342834
22	27	-0.250000	1.450000	-7.150700	7.300514
23	4	-2.550000	1.000000	-6.833000	7.361548
23	6	-0.210000	0.470000	-7.598000	7.615419
23	10	0.820000	1.420000	-7.247800	7.430976
23	14	-1.700000	1.430000	-7.107000	7.446096
23	16	0.780000	-0.690000	-7.194600	7.269578
23	22	-0.050000	-2.248000	-7.072500	7.421338
23	24	-3.351000	-0.500000	-6.816000	7.611640
23	26	-1.535000	-1.240000	-6.913900	7.189982
23	5	0.459000	-1.250000	-7.236200	7.357702
23	7	-2.880000	3.410000	-6.216000	7.652526
23	11	-2.870000	2.360000	-6.276000	7.293468
23	15	-2.900000	2.060000	-6.233000	7.176621
23	17	-1.720000	-0.170000	-7.456780	7.654467
23	23	-1.730000	-0.050000	-6.997000	7.207871
23	25	-0.770000	-2.080000	-6.752400	7.107335
23	27	-1.470000	4.280000	-6.084000	7.582503
24	4	-0.690000	0.840000	-7.512000	7.590247
24	6	0.180000	6.010000	-3.972000	7.206198
24	10	-2.640000	-0.140000	-6.846000	7.338727
24	14	-1.580000	3.100000	-6.651000	7.506144
24	22	-0.270000	1.090000	-7.172200	7.259577
24	24	-0.300000	-1.840000	-7.293000	7.527513
24	26	0.140000	0.140000	-7.250400	7.253103
24	5	0.051000	-0.850000	-7.242300	7.292188
24	7	-1.960000	1.200000	-6.968000	7.337208
24	11	0.910000	0.890000	-7.149000	7.261432
24	15	-1.050000	-1.200000	-7.061000	7.238800
24	23	1.230000	-0.120000	-7.245000	7.349648
24	25	1.040000	-1.420000	-7.297500	7.506764
24	27	0.650000	0.790000	-7.259000	7.330735
25	4	2.020000	0.530000	-7.242000	7.537099
25	6	1.150000	-2.550000	-6.522000	7.096583
25	10	-1.050000	-2.700000	-6.929000	7.510229
25	14	-0.130000	-0.540000	-7.540000	7.560430
25	22	-0.230000	0.830000	-7.244500	7.295518
25	24	-0.050000	-2.980000	-7.180000	7.774014
25	5	0.284000	-0.130000	-7.344200	7.350839
25	7	2.670000	-0.250000	-6.832000	7.339457
25	11	-2.150000	5.610000	-4.241000	7.353957
25	15	2.240000	1.170000	-6.778000	7.233795
25	23	3.060000	1.720000	-6.342100	7.248740
25	25	1.410000	1.440000	-7.165900	7.443912
26	4	3.980000	-1.090000	-6.046000	7.320015
26	6	1.590000	0.990000	-7.449600	7.681454
26	10	0.440000	-1.080000	-7.385800	7.477302
26	14	2.850000	-0.430000	-6.694000	7.288144
26	22	-0.230000	0.520000	-7.309000	7.331083
26	24	-0.220000	1.760000	-7.298000	7.510446
26	5	2.088000	1.600000	-6.951900	7.432944
26	7	-0.510000	3.240000	-6.489000	7.270820
26	11	-1.080000	-1.940000	-7.229000	7.562304
26	15	-2.840000	3.960000	-5.568000	7.399312
26	23	1.640000	3.550000	-6.212400	7.340709
26	25	-0.700000	1.170000	-7.149900	7.278734
27	4	2.700000	1.510000	-6.833000	7.500666
27	6	3.360000	0.750000	-6.431000	7.294509
27	10	-0.720000	-1.490000	-7.505400	7.685670
27	14	-0.610000	1.990000	-6.985000	7.288513
27	22	-0.430000	-3.338000	-6.618600	7.425161
27	24	-1.170000	-0.950000	-7.151000	7.308091
27	5	3.055000	-1.360000	-6.860730	7.632316
27	7	1.680000	-0.100000	-7.459100	7.646605
27	11	3.300000	1.280000	-6.546000	7.441674
27	15	0.960000	0.660000	-7.345000	7.436816
27	23	-1.310000	1.710000	-7.144700	7.462368
27	25	2.380000	1.220000	-6.753200	7.263505
28	4	2.140000	1.140000	-6.747000	7.169464
28	6	-1.240000	-2.440000	-7.059000	7.571042
28	10	-1.510000	1.740000	-7.252600	7.609724
28	14	-1.440000	-0.460000	-6.999000	7.160391
28	22	-3.120000	0.510000	-6.960400	7.644715
28	24	-0.070000	-0.010000	-7.703000	7.703325
28	5	0.147000	-0.820000	-7.470000	7.516310
28	7	0.440000	-1.180000	-7.353900	7.460955
28	11	2.250000	0.683000	-7.279300	7.649653
28	15	3.040000	1.870000	-6.937000	7.801312
28	23	2.040000	1.600000	-7.029100	7.491986
28	25	-0.420000	0.690000	-7.248000	7.292874
29	4	0.520000	-0.040000	-7.833000	7.850343
29	6	-0.820000	1.880000	-7.517000	7.791796
29	10	0.330000	-1.960000	-7.176090	7.446259
29	14	-1.790000	-0.690000	-7.093000	7.347847
29	22	1.640000	0.710000	-7.373000	7.586490
29	24	0.950000	-2.660000	-7.193000	7.727700
29	5	2.570000	-0.720000	-7.307000	7.779174
29	7	1.110000	2.100000	-7.347000	7.721432
29	11	4.080000	0.143000	-5.887000	7.164050
29	15	0.950000	-0.280000	-7.298000	7.364897
29	23	4.130000	2.240000	-5.719000	7.401450
29	25	-1.590000	0.760000	-7.371900	7.579618
30	4	2.220000	-0.320000	-6.920000	7.274421
30	6	-0.790000	3.070000	-6.375700	7.120291
30	10	1.020000	-0.560000	-7.329000	7.420798
30	14	0.320000	2.360000	-6.768000	7.174805
30	22	1.670000	2.940000	-6.380000	7.220589
30	24	0.440000	0.360000	-7.474000	7.495590
30	5	0.008000	2.090000	-6.995000	7.300561
30	7	-1.450000	-0.530000	-7.535800	7.692313
30	11	-1.080000	-1.285000	-7.424000	7.611399
30	15	0.020000	0.060000	-7.473000	7.473268
30	23	-1.500000	1.760000	-6.846400	7.226396
30	25	2.580000	0.830000	-6.855600	7.371876
31	4	-3.970000	3.030000	-5.290600	7.275455
31	6	0.770000	0.190000	-7.491000	7.532867
31	10	2.020000	0.520000	-7.087000	7.387582
31	14	1.590000	-0.280000	-7.169000	7.348541
31	22	-1.880000	0.860000	-7.177900	7.469689
31	24	-0.370000	-1.560000	-7.165000	7.342188
31	5	1.304000	1.090000	-7.394100	7.586912
31	7	0.840000	-0.340000	-7.687700	7.740926
31	11	-2.670000	0.603000	-6.687500	7.226006
31	15	-1.980000	0.180000	-7.435000	7.696234
31	23	1.890000	-0.160000	-6.916000	7.171385
31	25	0.470000	0.410000	-7.326900	7.353398
32	6	-0.240000	3.460000	-6.427000	7.303118
32	10	1.000000	-4.239000	-5.867000	7.306902
32	14	-1.120000	-1.820000	-6.683000	7.016359
32	22	1.910000	1.520000	-6.946800	7.363188
32	24	-1.700000	-0.400000	-7.253000	7.460296
32	5	0.545000	3.490000	-6.516000	7.411841
32	11	-1.510000	-0.169000	-6.937000	7.101453
32	15	-1.610000	-1.300000	-7.407000	7.690627
32	23	-3.860000	3.080000	-5.597000	7.464075
32	25	1.480000	0.160000	-6.835800	6.996010
33	6	2.340000	0.330000	-7.364000	7.733886
33	10	1.440000	-1.190000	-7.046100	7.289528
33	14	-1.860000	1.460000	-6.849000	7.245688
33	22	-1.580000	2.070000	-6.586900	7.082976
33	24	-3.252000	-0.410000	-6.749000	7.502840
33	5	2.625000	3.210000	-6.215500	7.471758
33	11	0.620000	-1.537000	-7.265000	7.451644
33	15	0.940000	-2.010000	-7.116000	7.453936
33	23	-0.700000	0.310000	-7.403400	7.442878
33	25	0.520000	-1.720000	-7.300100	7.517996
34	6	-0.870000	-1.190000	-7.584000	7.725934
34	10	1.020000	1.490000	-7.484900	7.699625
34	14	-0.420000	-0.730000	-7.463000	7.510371
34	22	2.360000	-1.600000	-6.828000	7.399404
34	24	-0.982000	-2.990000	-6.383000	7.116679
34	5	0.782000	-2.100000	-6.766300	7.127716
34	11	-0.740000	0.597000	-7.393700	7.454583
34	15	0.540000	-0.430000	-7.442000	7.473946
34	23	3.270000	0.150000	-6.369000	7.160975
34	25	-0.640000	1.650000	-7.391100	7.600030
35	6	2.190000	5.500000	-4.526800	7.452383
35	10	-1.730000	-0.669000	-7.424000	7.652205
35	14	-2.540000	2.140000	-6.611900	7.399218
35	22	0.410000	3.310000	-6.384700	7.203374
35	24	-1.500000	-1.550000	-7.166000	7.483586
35	5	1.900000	-1.340000	-7.125300	7.495032
35	11	-1.120000	0.269000	-7.197800	7.289382
35	15	-0.450000	2.510000	-7.152000	7.593004
35	23	-0.520000	-0.660000	-7.516700	7.563516
35	25	1.620000	-1.150000	-6.888000	7.168783
36	0	-3.452000	-2.140000	-6.075000	7.307635
36	6	2.690000	1.100000	-6.769000	7.366509
36	10	1.330000	1.045000	-7.158000	7.355127
36	14	-2.580000	1.410000	-6.565000	7.193311
36	22	0.460000	2.970000	-6.678700	7.323765
36	24	2.320000	-0.670000	-6.986000	7.391583
36	1	-2.712700	0.980000	-6.474100	7.087532
36	5	0.435000	-2.880000	-7.225900	7.790844
36	11	-3.710000	0.119000	-6.454000	7.445292
36	15	-3.200000	2.500000	-6.501000	7.665051
36	23	0.640000	-1.110000	-7.385230	7.495553
36	25	-0.960000	-2.640000	-6.940100	7.487068
37	0	1.493000	-0.710000	-7.393000	7.575592
37	6	1.790000	2.610000	-6.579900	7.301458
37	10	1.100000	0.740000	-7.219300	7.340020
37	14	1.930000	-3.230000	-6.860300	7.824418
37	22	0.440000	-2.270000	-7.120000	7.486047
37	24	-1.015000	-3.330000	-6.659000	7.514081
37	1	-2.874900	3.910000	-5.352200	7.224901
37	5	-1.143000	-1.580000	-7.127300	7.389266
37	11	1.180000	-4.736000	-5.471000	7.331708
37	15	3.450000	-0.520000	-6.451000	7.334051
37	23	-1.560000	-0.050000	-7.216000	7.382869
37	25	-0.870000	-0.550000	-7.362000	7.433602
38	0	-1.497900	-1.140000	-7.264000	7.503932
38	6	3.160000	1.370000	-6.670000	7.506757
38	10	-2.610000	2.321000	-6.709000	7.563717
38	14	-0.480000	3.370000	-6.721290	7.534125
38	22	0.650000	-0.230000	-7.330670	7.363024
38	24	-2.142000	-0.840000	-7.149000	7.510124
38	1	-1.203200	-1.360000	-7.308000	7.530216
38	5	-0.522000	-0.900000	-7.025700	7.102320
38	11	-3.620000	-2.854000	-6.040000	7.598113
38	15	-0.690000	1.560000	-7.436000	7.629141
38	23	-0.670000	0.420000	-7.242600	7.285640
38	25	0.190000	1.350000	-7.263900	7.390727
39	0	-3.006700	0.240000	-6.902000	7.532294
39	2	5.130000	2.200000	-4.833000	7.383413
39	6	2.890000	-1.540000	-6.820000	7.565454
39	10	-1.870000	-1.256000	-7.034300	7.386191
39	14	-4.340000	1.230000	-5.883000	7.413379
39	20	0.760000	-1.019000	-7.417000	7.525148
39	22	-1.320000	-1.440000	-7.200600	7.460874
39	24	1.483000	-2.070000	-6.972000	7.422464
39	1	-1.274630	-2.990000	-6.489900	7.258346
39	3	-2.190000	0.410000	-7.186500	7.523961
39	5	0.251000	4.550000	-5.994000	7.529511
39	11	0.020000	-2.052000	-7.174000	7.461728
39	15	-0.840000	-5.200000	-5.110000	7.338781
39	21	0.070000	1.670000	-7.097100	7.291271
39	23	-0.030000	-0.340000	-7.706900	7.714454
39	25	-0.350000	1.200000	-7.330400	7.436213
40	0	0.051000	1.420000	-7.469000	7.602957
40	6	-1.880000	-0.810000	-7.119000	7.407473
40	10	-1.570000	0.610000	-7.284700	7.476888
40	14	0.170000	-1.400000	-7.393000	7.526310
40	20	-2.910000	-0.772000	-6.412200	7.083812
40	22	-2.220000	-3.940000	-5.823000	7.372878
40	24	-1.775000	1.850000	-6.982000	7.437839
40	1	-1.233200	3.170000	-6.311600	7.169796
40	5	-3.410000	0.810000	-6.240000	7.156941
40	11	-3.050000	-1.405000	-6.839000	7.618953
40	15	1.330000	1.760000	-6.963000	7.304099
40	21	-1.170000	3.900000	-6.003700	7.254193
40	23	1.010000	-0.850000	-7.423700	7.540154
40	25	0.700000	0.240000	-7.312000	7.349350
41	0	-0.065000	1.140000	-6.929000	7.022454
41	6	-2.010000	-0.970000	-7.202000	7.539881
41	10	-0.610000	1.270000	-7.238080	7.373927
41	14	-1.740000	-2.520000	-6.809100	7.466046
41	20	1.290000	1.599000	-7.290300	7.574257
41	22	-2.640000	3.110000	-6.280000	7.488665
41	24	-1.698000	-1.380000	-6.683000	7.032076
41	1	-0.051200	-0.610000	-7.395000	7.420293
41	5	2.823000	0.070000	-6.720000	7.289213
41	11	-2.490000	-1.491000	-6.201000	6.846574
41	15	2.350000	-2.970000	-6.544000	7.560908
41	21	-0.520000	-0.980000	-7.320800	7.404385
41	23	-1.200000	0.280000	-7.006000	7.113539
41	25	-1.430000	0.460000	-7.455000	7.604836
42	0	2.690000	-1.690000	-6.699000	7.414095
42	6	3.040000	-1.170000	-6.600000	7.360061
42	14	-2.010000	0.000000	-7.162000	7.438706
42	20	-1.720000	-3.741000	-5.771000	7.089282
42	22	-3.510000	0.980000	-5.933000	6.962829
42	24	-3.367000	4.560000	-4.843000	7.455531
42	1	0.529700	1.990000	-7.078000	7.371483
42	5	-0.163000	-0.150000	-7.508580	7.511847
42	15	-1.640000	-0.470000	-7.223000	7.421740
42	21	0.940000	1.034000	-7.360900	7.492370
42	23	-0.250000	-0.140000	-7.642500	7.647869
42	25	0.010000	0.270000	-7.566000	7.570823
43	0	3.441000	3.210000	-5.640000	7.345351
43	6	3.480000	1.560000	-6.340000	7.398621
43	14	0.340000	4.540000	-5.920800	7.468807
43	20	-2.900000	2.073000	-6.469600	7.386681
43	22	-0.870000	-0.770000	-7.271000	7.363236
43	24	-1.188000	1.340000	-7.066000	7.289396
43	1	-0.353000	-0.780000	-7.219000	7.269592
43	5	-1.920000	2.340000	-7.343700	7.943043
43	15	1.620000	-0.130000	-7.554000	7.726850
43	21	-0.080000	-0.362000	-7.297600	7.307011
43	23	-2.520000	-0.820000	-6.883700	7.376186
43	25	-0.570000	-1.290000	-7.298000	7.433021
44	0	-0.981000	2.280000	-7.059700	7.483323
44	6	-1.140000	-2.540000	-6.860000	7.403432
44	14	4.630000	-0.340000	-6.043500	7.620787
44	20	0.010000	2.720000	-6.753100	7.280306
44	22	-1.350000	1.240000	-7.087300	7.320514
44	24	2.511000	0.430000	-6.956000	7.407831
44	1	1.323000	1.000000	-7.086000	7.277481
44	5	2.020000	0.110000	-6.960590	7.248608
44	15	0.200000	0.870000	-7.497000	7.549961
44	21	-3.050000	1.541000	-6.315000	7.180279
44	23	-0.660000	0.280000	-7.275800	7.311037
44	25	1.350000	-3.120000	-6.617600	7.439726
45	0	-0.011000	-1.170000	-7.280000	7.373427
45	6	1.120000	-5.020000	-5.429600	7.478994
45	14	0.890000	-3.090000	-7.231800	7.914489
45	22	-1.210000	1.490000	-7.037000	7.294078
45	24	3.493000	0.380000	-6.193000	7.120302
45	1	-2.408000	-1.000000	-7.323000	7.773339
45	5	-2.220000	2.260000	-6.699000	7.410304
45	15	-0.740000	0.830000	-7.547000	7.628480
45	23	-2.900000	-0.180000	-6.909600	7.495664
45	25	2.210000	-3.770000	-5.915100	7.354278
46	0	-1.983700	1.570000	-7.268000	7.695699
46	6	0.770000	3.250000	-6.175000	7.020401
46	14	1.610000	-2.060000	-6.886000	7.365643
46	22	-0.650000	-1.850000	-6.778000	7.055940
46	24	0.375000	1.940000	-7.083000	7.353442
46	1	-1.236000	-0.290000	-7.424000	7.531771
46	5	-2.280000	-0.340000	-6.942000	7.314736
46	15	1.870000	2.950000	-6.785000	7.631227
46	23	-4.940000	-2.430000	-5.146000	7.535902
46	25	0.370000	-1.780000	-7.238260	7.463090
47	0	-3.186300	-3.130000	-5.943000	7.434289
47	6	2.650000	-0.810000	-6.700000	7.250421
47	14	3.040000	-1.370000	-6.649600	7.438796
47	22	-0.540000	-1.300000	-7.481200	7.612487
47	24	0.570000	1.640000	-7.269000	7.473477
47	1	-0.367000	-0.410000	-7.143000	7.164163
47	5	-2.700000	-0.020000	-6.892220	7.402236
47	15	-0.740000	-0.280000	-7.410000	7.452121
47	23	-0.550000	0.290000	-7.535000	7.560610
47	25	1.280000	3.330000	-6.982000	7.840639
48	0	3.583000	0.500000	-6.483000	7.424094
48	6	2.740000	3.740000	-5.879000	7.487178
48	14	0.090000	4.670000	-6.022800	7.621753
48	22	2.660000	-2.660000	-6.516700	7.524532
48	24	0.260000	-3.360000	-6.848000	7.632320
48	1	-1.851000	2.510000	-6.703000	7.393004
48	5	0.980000	-0.280000	-7.475800	7.544958
48	15	-1.120000	0.710000	-7.001000	7.125483
48	23	0.320000	0.250000	-7.307000	7.318275
48	25	0.270000	0.050000	-7.480400	7.485438
49	0	-1.223700	-0.380000	-7.645500	7.752130
49	6	-1.930000	4.910000	-5.287900	7.469597
49	14	-2.200000	-3.460000	-6.236700	7.463781
49	22	-0.010000	-3.600000	-6.279000	7.237813
49	24	0.273000	-1.180000	-7.147000	7.248899
49	1	-0.868000	0.630000	-7.298000	7.376390
49	5	-1.550000	1.010000	-7.298330	7.529158
49	15	-1.950000	-1.650000	-7.213000	7.651952
49	23	1.810000	1.390000	-7.223200	7.575145
49	25	2.080000	-2.030000	-6.376000	7.007187
50	0	1.097000	1.760000	-6.977000	7.278704
50	6	-0.500000	1.800000	-7.051000	7.294286
50	14	-2.610000	-1.630000	-6.656340	7.333203
50	22	-0.380000	-1.740000	-7.558600	7.765593
50	24	2.729000	0.700000	-7.007000	7.552184
50	1	-1.916000	0.930000	-7.296000	7.600498
50	5	-0.550000	-0.320000	-7.387900	7.415252
50	15	5.020000	2.610000	-4.950000	7.517646
50	23	1.270000	1.480000	-7.027400	7.292986
50	25	1.850000	0.730000	-7.142900	7.414609
51	0	3.386000	-0.650000	-6.420000	7.287242
51	6	-0.720000	0.170000	-7.450000	7.486641
51	14	0.620000	-2.960000	-7.003170	7.628263
51	22	1.820000	0.000000	-7.442400	7.661705
51	24	2.798000	-0.570000	-6.802000	7.377053
51	1	0.279000	0.890000	-7.375000	7.433745
51	5	0.480000	1.440000	-7.061800	7.223089
51	15	-0.110000	-2.900000	-7.119000	7.687799
51	23	2.050000	-0.120000	-7.265000	7.549644
51	25	-3.170000	3.300000	-5.555700	7.197548
52	0	1.682000	-3.320000	-6.590000	7.568330
52	6	2.240000	1.000000	-7.290000	7.691664
52	14	2.240000	-1.400000	-6.986400	7.469095
52	22	-0.620000	-3.090000	-6.630000	7.340940
52	24	0.815000	2.970000	-6.739000	7.409403
52	1	-2.751000	4.590000	-4.852300	7.223636
52	5	-1.390000	-0.390000	-7.183000	7.326642
52	15	0.120000	3.550000	-6.519000	7.423898
52	23	2.480000	0.530000	-7.257000	7.687350
52	25	-0.600000	-1.310000	-7.385400	7.524642
53	0	2.133000	0.100000	-6.950000	7.270639
53	6	2.540000	0.490000	-6.847000	7.319365
53	14	-0.230000	-0.980000	-7.722000	7.787335
53	22	-1.760000	1.870000	-6.849000	7.314595
53	24	1.405000	1.800000	-7.082000	7.441018
53	1	-2.336000	-1.990000	-6.967000	7.612889
53	5	1.410000	2.280000	-6.875000	7.379168
53	15	-0.710000	4.260000	-6.234000	7.583829
53	23	-1.050000	-0.160000	-7.574700	7.648803
53	25	1.880000	-1.160000	-6.942830	7.285800
54	0	1.142000	1.170000	-7.133000	7.317975
54	6	-1.420000	-1.290000	-7.211000	7.461838
54	14	2.210000	-4.480000	-5.653900	7.544606
54	22	-3.360000	-0.330000	-6.529000	7.350261
54	24	-0.199000	1.060000	-7.197000	7.277363
54	1	2.523000	3.430000	-6.029600	7.381497
54	5	-6.510000	0.800000	-4.131000	7.751468
54	15	1.990000	1.710000	-6.941000	7.420356
54	23	2.760000	-1.780000	-6.730200	7.488764
54	25	0.400000	0.410000	-7.239080	7.261706
55	0	-1.701000	-0.340000	-7.043000	7.253472
55	6	-1.660000	-1.010000	-6.857000	7.127001
55	14	0.590000	-2.060000	-7.032100	7.351335
55	22	2.880000	-0.740000	-6.944000	7.553882
55	24	4.130000	2.460000	-5.766000	7.507014
55	1	3.206000	2.470000	-6.131200	7.346492
55	5	-1.880000	-0.380000	-7.451450	7.694343
55	15	0.800000	-1.240000	-7.065200	7.217662
55	23	4.340000	-0.290000	-5.979600	7.394276
55	25	0.000000	-2.550000	-6.754700	7.220005
56	0	-0.399000	-4.040000	-6.548000	7.704356
56	6	0.000000	2.240000	-6.686000	7.051255
56	14	0.880000	-3.650000	-6.400200	7.420206
56	22	-2.610000	-1.110000	-6.789000	7.357630
56	24	1.098000	-0.050000	-7.343000	7.424807
56	1	-1.427000	-0.470000	-7.350000	7.501982
56	5	-1.320000	0.600000	-7.414900	7.555339
56	15	-1.930000	0.230000	-7.215200	7.472410
56	23	-0.390000	3.550000	-6.230800	7.181746
56	25	-0.680000	2.150000	-7.017100	7.370522
57	0	1.347000	-4.760000	-5.481000	7.383317
57	6	0.040000	-1.940000	-7.309000	7.562188
57	14	1.770000	0.010000	-7.380000	7.589295
57	22	2.620000	2.350000	-6.409000	7.311784
57	24	3.672000	-0.020000	-6.461000	7.431588
57	1	0.683000	2.130000	-6.876000	7.230682
57	5	2.650000	4.390000	-5.466000	7.494782
57	15	1.380000	-1.580000	-7.108000	7.411104
57	23	4.270000	-0.870000	-6.238870	7.610079
57	25	0.720000	-0.530000	-7.687200	7.739014
58	0	-1.846000	0.210000	-7.088000	7.327452
58	6	1.150000	0.750000	-7.315000	7.442730
58	14	0.640000	0.860000	-7.147000	7.226950
58	22	0.240000	-1.054000	-7.332000	7.411258
58	24	0.947000	3.540000	-6.141000	7.151244
58	1	-3.152000	1.020000	-6.395000	7.202189
58	5	0.250000	-0.030000	-7.355700	7.360008
58	15	-1.700000	-3.040000	-6.323370	7.219183
58	23	-0.280000	-0.750000	-7.475000	7.517747
58	25	1.050000	3.660000	-6.305000	7.365536
59	0	-2.138000	-1.280000	-7.148000	7.569897
59	6	2.950000	2.400000	-6.157000	7.236791
59	14	1.580000	-0.700000	-7.170500	7.375803
59	22	1.450000	4.940000	-5.227000	7.336731
59	24	1.208000	1.240000	-7.383000	7.583242
59	1	-1.747000	1.090000	-6.979000	7.276438
59	5	-1.510000	1.230000	-7.367400	7.620471
59	15	-1.190000	1.220000	-7.022400	7.226244
59	23	3.330000	-4.220000	-4.857000	7.244843
59	25	1.420000	0.950000	-7.064500	7.268154
60	0	3.765000	1.030000	-6.117000	7.256295
60	6	0.290000	1.130000	-7.076000	7.171525
60	14	1.470000	-1.210000	-7.300000	7.544203
60	22	2.540000	0.720000	-7.139000	7.611526
60	24	3.160000	0.890000	-6.945000	7.681844
60	1	-2.580000	1.070000	-7.119000	7.647317
60	5	2.500000	-2.060000	-6.567000	7.322506
60	15	0.490000	-0.800000	-7.135800	7.197204
60	23	4.030000	0.530000	-6.304710	7.501411
60	25	-0.600000	0.800000	-6.973100	7.044439
61	0	3.184000	3.230000	-6.063000	7.571706
61	6	-1.420000	2.040000	-7.163000	7.581990
61	14	-1.110000	-2.560000	-6.770100	7.322565
61	22	0.130000	-2.878000	-6.973000	7.544701
61	24	3.270000	-0.910000	-6.660000	7.475065
61	1	-2.415000	2.230000	-6.785100	7.539410
61	5	-1.800000	4.790000	-5.372000	7.419062
61	15	2.020000	0.700000	-7.104200	7.418899
61	23	0.990000	1.770000	-7.119100	7.402336
61	25	-0.250000	-1.430000	-6.925400	7.075914
62	0	-0.551000	0.760000	-7.101000	7.162779
62	6	-3.000000	-0.080000	-6.708000	7.348719
62	14	-5.010000	-0.120000	-5.355900	7.334860
62	22	-2.420000	-1.900000	-6.892000	7.547587
62	24	1.830000	2.050000	-6.471000	7.030309
62	1	0.210000	0.800000	-7.313000	7.359624
62	5	-2.650000	2.700000	-6.618000	7.623019
62	15	-3.370000	1.880000	-6.261000	7.354687
62	23	0.370000	-0.270000	-7.370000	7.384220
62	25	-2.360000	4.030000	-5.927900	7.546555
63	0	1.582000	-1.290000	-7.174000	7.458760
63	6	1.100000	1.200000	-7.479000	7.654113
63	14	2.280000	0.410000	-7.041000	7.412299
63	20	0.190000	-1.763000	-7.347000	7.557955
63	22	-0.620000	-3.072000	-6.675000	7.374090
63	24	1.170000	1.580000	-6.896000	7.170782
63	1	-0.918000	-1.300000	-7.126100	7.301645
63	5	-1.000000	3.370000	-6.623000	7.498068
63	15	1.930000	0.630000	-7.269800	7.547966
63	21	-0.840000	0.774000	-7.562400	7.648174
63	23	3.580000	1.440000	-6.367010	7.445053
63	25	2.120000	0.440000	-6.949000	7.278503
64	0	1.570000	2.960000	-6.380000	7.206310
64	6	-1.090000	-1.900000	-7.331000	7.651252
64	14	0.370000	2.240000	-7.453100	7.791226
64	22	1.290000	-0.890000	-7.398000	7.562182
64	24	3.460000	-0.660000	-6.535000	7.423842
64	1	-1.586000	0.280000	-6.820000	7.007581
64	5	-2.640000	-0.040000	-6.989000	7.471099
64	15	-2.880000	2.810000	-6.710000	7.823976
64	23	0.390000	0.200000	-7.082000	7.095550
64	25	1.030000	2.940000	-6.924710	7.593162
65	0	3.473000	2.960000	-5.956000	7.503150
65	6	1.570000	-1.480000	-6.970000	7.296314
65	14	2.220000	2.200000	-6.549000	7.256570
65	22	-0.970000	-3.610000	-6.564000	7.553747
65	24	3.160000	-0.630000	-6.749000	7.478737
65	1	1.207000	-3.210000	-6.247000	7.126427
65	5	-3.240000	1.390000	-7.185200	8.003549
65	15	-2.770000	-1.180000	-6.482000	7.147141
65	23	-2.250000	-1.010000	-6.984000	7.406676
65	25	-2.200000	1.370000	-6.678550	7.163793
66	0	3.254000	-0.890000	-6.417000	7.249724
66	6	2.260000	-0.630000	-7.406000	7.768741
66	14	-0.920000	-1.180000	-7.281000	7.433153
66	22	0.050000	-3.904000	-6.208000	7.333688
66	24	1.611000	0.960000	-7.078000	7.322227
66	1	-0.343000	-2.150000	-6.922000	7.256324
66	5	-1.410000	2.910000	-6.726100	7.463017
66	15	-2.640000	-1.800000	-6.493700	7.237247
66	23	-2.710000	-0.910000	-6.831000	7.405050
66	25	1.010000	2.290000	-7.413800	7.824873
67	0	-0.089000	2.520000	-7.142000	7.574067
67	6	-3.290000	1.050000	-6.635000	7.479962
67	14	-1.570000	0.900000	-7.048000	7.276620
67	22	-1.610000	0.264000	-7.162000	7.345478
67	24	-1.464000	-1.350000	-7.098000	7.372069
67	1	-3.122000	-1.630000	-6.774900	7.635644
67	5	0.730000	2.810000	-6.903000	7.488685
67	15	-2.630000	1.310000	-6.761000	7.371847
67	23	0.780000	2.490000	-6.679400	7.170975
67	25	-0.640000	0.710000	-7.605500	7.665333
68	0	0.683000	1.080000	-7.106500	7.220473
68	4	-2.320000	0.210000	-7.245000	7.610291
68	6	1.410000	-0.520000	-7.221000	7.375726
68	14	-3.130000	1.360000	-6.742200	7.556703
68	22	-1.120000	-3.874000	-5.970000	7.204386
68	24	-1.099000	-2.850000	-6.692000	7.356165
68	1	-0.508000	-5.070000	-5.504200	7.500612
68	5	-1.720000	0.840000	-7.040700	7.296263
68	7	0.480000	-1.120000	-7.047000	7.151574
68	15	-1.010000	-3.990000	-5.752000	7.072885
68	23	0.660000	1.410000	-7.557000	7.715695
68	25	0.070000	-1.480000	-7.197600	7.348520
69	0	0.437000	-4.200000	-6.060000	7.386106
69	4	-2.330000	-0.750000	-7.260000	7.661527
69	6	0.480000	-0.100000	-7.571000	7.586860
69	14	0.640000	-0.750000	-7.187000	7.254314
69	22	1.670000	2.471000	-6.647000	7.285420
69	24	0.650000	0.000000	-7.179000	7.208366
69	1	-0.561000	0.680000	-7.399000	7.451330
69	5	0.400000	1.230000	-7.021000	7.139141
69	7	3.910000	0.680000	-6.633000	7.729631
69	15	1.260000	-0.700000	-7.321500	7.462035
69	23	5.700000	1.470000	-4.712200	7.540274
69	25	1.530000	2.150000	-6.913936	7.400399
70	0	-1.427000	1.060000	-7.156000	7.373484
70	4	-2.600000	-1.350000	-6.640100	7.257646
70	6	-0.100000	1.330000	-7.207000	7.329376
70	14	1.430000	0.980000	-6.881600	7.096599
70	16	2.510000	-1.580000	-6.637000	7.269544
70	22	-0.210000	-3.954000	-6.152000	7.316100
70	24	1.070000	-1.050000	-7.401000	7.551305
70	1	-0.879000	0.190000	-7.577000	7.630182
70	5	-0.390000	-0.570000	-7.587000	7.618370
70	7	-0.350000	-0.070000	-7.419000	7.427581
70	15	0.320000	-2.040000	-7.100400	7.394571
70	17	0.010000	1.700000	-7.247200	7.443924
70	23	-2.960000	2.210000	-6.396000	7.386103
70	25	-1.100000	1.670000	-6.909900	7.193443
71	0	-1.328000	1.110000	-6.983000	7.194301
71	4	1.060000	-3.010000	-6.760300	7.475651
71	6	1.090000	-3.600000	-6.330570	7.363709
71	12	1.760000	-2.470000	-6.814200	7.458674
71	14	-2.230000	0.810000	-7.150000	7.533359
71	16	-1.370000	-1.400000	-7.539000	7.789315
71	22	0.270000	-1.156000	-7.459000	7.552875
71	24	1.260000	-1.350000	-7.049000	7.286872
71	1	-1.845000	0.190000	-7.007400	7.248709
71	5	1.000000	1.240000	-7.091300	7.268021
71	7	-1.580000	1.000000	-7.069000	7.312124
71	13	-3.520000	-0.520000	-6.486000	7.397905
71	15	0.490000	1.010000	-7.420000	7.504439
71	17	-4.630000	1.200000	-5.807000	7.523174
71	23	0.750000	3.800000	-6.150900	7.268842
71	25	-0.870000	-3.300000	-6.869500	7.670523
72	0	-4.333100	0.200000	-5.968000	7.377857
72	4	-2.960000	-1.340000	-6.606600	7.362361
72	6	1.030000	-2.480000	-6.623000	7.146708
72	12	1.960000	0.180000	-6.941000	7.214671
72	14	-2.190000	1.370000	-6.826000	7.298443
72	16	-1.810000	-1.790000	-7.016900	7.464388
72	22	2.380000	2.894000	-6.364000	7.385129
72	24	1.290000	-1.420000	-7.246000	7.495666
72	1	0.295000	-3.110000	-6.701000	7.393411
72	5	-0.630000	-1.490000	-7.030600	7.214315
72	7	1.910000	0.830000	-7.301300	7.592495
72	13	2.380000	-2.660000	-6.332000	7.268715
72	15	-1.430000	-0.470000	-6.907000	7.069119
72	17	-2.090000	1.850000	-6.972200	7.510138
72	23	1.130000	1.400000	-6.960000	7.188776
72	25	-0.300000	-0.300000	-7.119600	7.132230
73	0	-0.687000	0.390000	-7.384000	7.426138
73	4	-0.710000	-1.210000	-7.376100	7.508332
73	6	1.790000	-2.420000	-6.549200	7.207810
73	12	0.100000	0.680000	-7.417000	7.448778
73	14	0.090000	1.550000	-7.127000	7.294157
73	16	0.180000	-1.010000	-7.554000	7.623347
73	22	-2.310000	0.835000	-7.217000	7.623543
73	24	1.724000	-0.920000	-6.868000	7.140588
73	1	0.785000	-4.050000	-6.033400	7.308943
73	5	-1.520000	-0.700000	-7.348000	7.536146
73	7	0.950000	-0.440000	-7.677000	7.748060
73	13	-0.150000	-4.750000	-5.431000	7.216700
73	15	0.560000	-4.960000	-5.573000	7.481546
73	17	-5.050000	-0.270000	-5.696000	7.617074
73	23	-0.160000	3.300000	-6.717000	7.485565
73	25	-0.990000	-2.160000	-7.267900	7.646442
74	0	-1.002000	-4.230000	-5.652000	7.130358
74	4	-2.440000	1.880000	-6.328480	7.038299
74	6	-0.220000	-1.310000	-7.117400	7.240296
74	14	-2.180000	-3.010000	-6.744000	7.700262
74	16	-0.800000	-0.900000	-7.514000	7.609875
74	22	1.120000	1.565000	-7.525000	7.767191
74	24	2.668000	1.240000	-6.882000	7.484501
74	1	0.208000	-1.000000	-7.338600	7.409340
74	5	-2.250000	3.420000	-6.297000	7.510733
74	7	-0.060000	0.960000	-7.667200	7.727299
74	15	3.910000	-2.200000	-5.293000	6.938584
74	17	0.750000	-0.310000	-7.542800	7.586332
74	23	-3.855000	0.840000	-6.249000	7.390306
74	25	1.050000	-0.520000	-7.127800	7.223464
75	0	2.485000	-2.300000	-6.668000	7.478466
75	4	2.920000	-1.100000	-6.687900	7.380000
75	6	-1.560000	-3.620000	-6.227000	7.369771
75	14	-1.070000	-2.120000	-7.365000	7.738380
75	16	-0.770000	-0.510000	-7.240000	7.298671
75	22	1.460000	0.796000	-7.167000	7.357384
75	24	-1.443000	-2.740000	-6.690000	7.371970
75	1	3.122000	-0.290000	-6.839200	7.523672
75	5	-1.670000	2.410000	-6.881300	7.479926
75	7	0.480000	1.230000	-7.252200	7.371411
75	15	1.030000	0.110000	-7.070700	7.146174
75	17	-3.170000	3.550000	-5.628000	7.370603
75	23	3.610000	-1.750000	-6.218000	7.399873
75	25	0.070000	-4.470000	-5.555000	7.130486
76	0	-0.834000	1.410000	-7.161000	7.345991
76	4	-1.880000	0.440000	-6.632840	6.908152
76	6	-3.740000	1.070000	-6.518500	7.591004
76	14	-2.270000	0.890000	-6.618700	7.053523
76	16	-1.500000	-3.960000	-5.929800	7.286572
76	22	-3.200000	-0.265000	-6.741000	7.466680
76	24	1.095000	2.130000	-6.859000	7.265109
76	1	1.001000	-1.760000	-7.124330	7.406462
76	5	4.410000	-3.920000	-4.306000	7.304528
76	7	4.390000	1.630000	-5.838000	7.484066
76	15	3.680000	0.000000	-6.805000	7.736306
76	17	-2.940000	-0.360000	-6.893600	7.502994
76	23	-0.510000	-1.850000	-7.072000	7.327741
76	25	2.870000	0.200000	-6.805000	7.388161
77	0	-1.635000	-2.180000	-6.989000	7.501450
77	4	1.530000	0.590000	-7.448440	7.626812
77	6	-1.350000	-1.180000	-7.395000	7.609266
77	14	2.570000	-1.700000	-6.981203	7.630996
77	16	-2.000000	-1.180000	-6.655500	7.048977
77	22	2.710000	0.856000	-7.070000	7.619825
77	24	-4.293000	-2.680000	-5.462000	7.446186
77	1	-0.058000	1.760000	-6.996200	7.214415
77	5	-0.400000	-0.540000	-7.453170	7.483405
77	7	1.970000	-2.120000	-6.735000	7.330452
77	15	-0.980000	-0.150000	-7.130300	7.198894
77	17	-3.430000	1.980000	-6.033000	7.216813
77	23	2.040000	-0.790000	-7.284000	7.605416
77	25	0.660000	0.010000	-7.085400	7.116080
78	0	-0.732000	2.910000	-6.488000	7.148291
78	4	1.840000	2.990000	-6.830100	7.679581
78	6	-0.360000	-4.080000	-6.099900	7.347434
78	14	1.440000	5.370000	-5.259000	7.652946
78	16	-1.970000	1.850000	-6.782100	7.300704
78	18	-0.680000	-2.970000	-6.830000	7.478783
78	22	1.840000	-0.280000	-7.272000	7.506396
78	24	2.040000	1.760000	-6.915000	7.421349
78	1	-1.578000	1.440000	-7.093300	7.408008
78	5	0.930000	3.000000	-6.622500	7.329557
78	7	0.920000	-2.320000	-6.853700	7.293970
78	15	0.710000	-3.710000	-6.183000	7.245529
78	17	-0.380000	-2.010000	-6.889000	7.186294
78	19	0.860000	-1.666000	-7.213000	7.452686
78	23	-2.628000	0.650000	-7.004800	7.509734
78	25	1.110000	-1.090000	-6.976700	7.148045
79	0	-2.991000	0.580000	-6.950000	7.588477
79	4	4.640000	1.800000	-5.009000	7.061139
79	6	0.160000	0.830000	-7.420800	7.468787
79	14	0.810000	2.620000	-6.967000	7.487295
79	18	2.780000	0.900000	-6.819000	7.418703
79	22	0.860000	1.640000	-7.369000	7.598116
79	24	1.998000	2.230000	-6.716000	7.353201
79	1	0.500000	-4.020000	-5.778000	7.056606
79	5	-0.070000	-0.350000	-7.138800	7.147717
79	7	-0.690000	-0.780000	-7.330000	7.403607
79	15	0.540000	-0.510000	-7.288000	7.325752
79	19	1.920000	-1.859000	-6.527000	7.052943
79	23	4.750000	3.380000	-4.549000	7.394613
79	25	-2.260000	2.640000	-6.462000	7.337210
80	0	1.035000	4.170000	-5.961000	7.348037
80	4	2.720000	1.750000	-6.645210	7.390515
80	6	-1.220000	-2.490000	-6.963900	7.495626
80	14	-5.380000	0.980000	-5.079000	7.463313
80	18	-0.840000	-3.350000	-6.715000	7.551114
80	22	2.130000	2.261000	-6.925000	7.589772
80	24	2.152000	1.300000	-7.122000	7.552747
80	1	-1.639000	1.330000	-7.169500	7.473751
80	5	3.010000	-0.590000	-6.757100	7.420687
80	7	0.660000	-1.260000	-7.540200	7.673188
80	15	0.660000	-2.690000	-7.147260	7.665183
80	19	1.150000	-1.400000	-7.492000	7.707955
80	23	2.090000	-0.800000	-6.966000	7.316642
80	25	1.150000	-1.080000	-7.373400	7.540287
81	0	1.410000	1.140000	-7.151700	7.377975
81	4	0.010000	-0.590000	-7.495000	7.518193
81	6	2.780000	-2.080000	-6.418000	7.296953
81	14	-0.330000	5.020000	-5.402200	7.381942
81	18	3.110000	2.820000	-6.211000	7.496734
81	22	-2.310000	0.670000	-7.187000	7.578784
81	24	1.927000	-2.210000	-6.837000	7.439220
81	1	1.211000	-2.200000	-6.774013	7.224526
81	5	-1.400000	1.930000	-6.798000	7.204006
81	7	-1.260000	0.860000	-7.465000	7.619280
81	15	-0.130000	-1.570000	-7.134470	7.306330
81	19	2.220000	1.240000	-7.301000	7.731145
81	23	1.030000	1.440000	-7.140000	7.356229
81	25	0.770000	-1.620000	-7.228800	7.448010
82	0	-1.534000	0.420000	-6.964000	7.143308
82	4	1.430000	4.010000	-6.188800	7.511741
82	6	5.410000	-1.720000	-5.080000	7.617933
82	14	-0.350000	-2.410000	-6.540500	6.979165
82	18	-2.060000	3.370000	-6.486000	7.593991
82	22	0.050000	1.970000	-7.159000	7.425273
82	24	0.795000	-1.480000	-7.254000	7.446002
82	1	0.169000	2.130000	-7.149200	7.461670
82	5	0.320000	-1.090000	-7.445900	7.532060
82	7	0.680000	2.820000	-6.682000	7.284499
82	15	-2.340000	-2.060000	-7.015400	7.676916
82	19	0.280000	1.161000	-7.508000	7.602393
82	23	2.360000	0.130000	-7.313000	7.685471
82	25	0.960000	2.160000	-6.688700	7.094076
83	0	-2.703100	-0.320000	-6.947000	7.461230
83	4	3.240000	-1.590000	-6.483300	7.420167
83	6	-0.750000	-0.420000	-7.369570	7.419532
83	14	2.770000	-2.380000	-6.363400	7.336904
83	18	3.160000	2.300000	-6.396000	7.495626
83	22	1.040000	2.080000	-7.307000	7.668132
83	24	-0.488000	1.850000	-7.154000	7.405428
83	1	-1.240000	-3.080000	-6.708000	7.484735
83	5	-0.660000	0.720000	-7.451600	7.515340
83	7	-2.980000	2.380000	-6.556000	7.584585
83	15	-4.040000	-2.070000	-5.954000	7.487097
83	19	-0.610000	0.526000	-7.522000	7.565002
83	23	1.430000	-0.610000	-7.064000	7.233056
83	25	-0.240000	-1.480000	-7.374000	7.524884
84	0	0.150000	0.670000	-7.548000	7.579162
84	4	1.280000	-2.510000	-6.711000	7.278463
84	6	0.990000	-0.450000	-7.725200	7.801366
84	14	4.290000	-0.410000	-6.324500	7.653202
84	18	-1.600000	0.210000	-7.467000	7.639384
84	22	-0.180000	-0.250000	-7.347000	7.353456
84	24	0.917000	-1.520000	-7.330000	7.541896
84	1	-1.634000	-1.990000	-6.815200	7.285397
84	5	0.630000	1.820000	-6.914120	7.177350
84	7	-1.820000	-0.020000	-7.198000	7.424554
84	15	-3.050000	1.740000	-6.701700	7.565903
84	19	-1.720000	1.524000	-6.681000	7.065178
84	23	0.620000	-1.890000	-7.270000	7.537201
84	25	4.940000	3.120000	-4.686000	7.489766
85	0	0.441000	-0.160000	-7.496000	7.510666
85	4	1.340000	0.430000	-7.440500	7.572420
85	6	0.620000	-1.780000	-7.094900	7.341009
85	14	3.120000	-0.950000	-6.902000	7.633774
85	18	1.530000	-0.640000	-7.197000	7.385615
85	22	2.830000	-4.510000	-4.745000	7.131902
85	24	0.264000	-1.980000	-7.517800	7.778651
85	1	-2.469000	-0.430000	-7.192000	7.616149
85	5	0.240000	-1.380000	-7.363700	7.495737
85	7	1.830000	3.900000	-6.173000	7.527604
85	15	-2.670000	-0.990000	-6.724000	7.302135
85	19	3.050000	0.322000	-6.662000	7.334059
85	23	5.410000	-0.610000	-5.302800	7.599993
85	25	-1.340000	0.410000	-7.095400	7.232455
86	0	1.869000	4.040000	-6.133000	7.578156
86	4	1.110000	0.030000	-7.388100	7.471079
86	6	-1.730000	2.500000	-6.573300	7.242318
86	14	-0.580000	1.220000	-7.289000	7.413118
86	18	-1.430000	-1.100000	-7.354000	7.572068
86	22	-1.930000	-1.510000	-6.956700	7.375681
86	24	-1.173000	-3.180000	-6.856000	7.648076
86	1	-1.387000	1.460000	-7.383000	7.652716
86	5	-1.630000	-0.080000	-7.373800	7.552233
86	7	1.740000	3.370000	-6.166000	7.239065
86	15	-0.050000	-1.320000	-7.645600	7.758872
86	19	-0.240000	-0.061000	-7.481000	7.485097
86	23	0.560000	-1.140000	-7.112000	7.224524
86	25	-0.260000	-1.410000	-7.199800	7.341173
87	0	1.202000	4.680000	-5.133000	7.049460
87	4	-1.620000	0.470000	-7.099000	7.296650
87	6	-0.930000	1.640000	-7.276400	7.516681
87	14	2.530000	1.890000	-6.823900	7.519216
87	18	2.200000	-2.220000	-6.722000	7.413075
87	22	-1.030000	0.150000	-7.231800	7.306321
87	24	0.003000	3.670000	-6.221000	7.222863
87	1	-0.161000	0.010000	-7.290000	7.291784
87	5	-2.050000	-0.360000	-7.135230	7.432604
87	7	-0.140000	-0.470000	-7.337000	7.353371
87	15	-0.890000	1.290000	-7.147600	7.317403
87	19	-0.100000	-2.681000	-7.157000	7.643325
87	23	-0.070000	-2.240000	-6.881000	7.236758
87	25	1.890000	-1.900000	-7.115100	7.603075
88	0	0.798000	0.670000	-7.449000	7.521523
88	4	-0.640000	-0.490000	-7.531000	7.574012
88	6	1.890000	0.970000	-7.182000	7.489601
88	14	1.290000	-1.120000	-7.272800	7.470751
88	18	2.350000	2.090000	-6.213000	6.963618
88	22	-0.460000	-2.119000	-6.979000	7.308092
88	24	-1.539000	-1.410000	-7.125000	7.424436
88	1	0.660000	-1.820000	-7.049000	7.310021
88	5	-1.110000	1.100000	-7.567700	7.727366
88	7	-0.930000	-0.860000	-7.144000	7.255428
88	15	-1.620000	-1.980000	-6.941000	7.397451
88	19	1.170000	1.502000	-7.090000	7.341185
88	23	-1.030000	-1.610000	-7.275000	7.521876
88	25	-0.050000	-2.460000	-7.000510	7.420326
89	0	1.350000	1.020000	-7.423000	7.613398
89	4	3.030000	0.430000	-6.681900	7.349394
89	6	-0.970000	0.850000	-7.369860	7.481860
89	14	1.390000	1.790000	-6.759100	7.128929
89	18	0.500000	-1.020000	-7.031000	7.122174
89	22	2.280000	1.120000	-6.872000	7.326471
89	24	0.225000	-0.040000	-7.310000	7.313571
89	1	2.550000	-3.500000	-6.039300	7.431396
89	5	3.320000	-2.410000	-6.051000	7.310616
89	7	-0.260000	0.420000	-7.460000	7.476336
89	15	-0.070000	0.460000	-7.179000	7.194063
89	19	-0.650000	0.154000	-7.396000	7.426105
89	23	1.200000	-1.860000	-7.130000	7.465688
89	25	1.850000	-1.390000	-7.121400	7.487919
90	0	1.274000	-0.600000	-7.661000	7.789352
90	4	4.300000	-0.180000	-5.973100	7.362087
90	6	-0.830000	-1.640000	-7.107600	7.341422
90	14	1.380000	1.050000	-7.489000	7.687133
90	18	1.820000	-2.220000	-7.055000	7.616681
90	22	-1.660000	-2.375000	-7.058000	7.629652
90	24	0.914000	-2.500000	-6.854700	7.353388
90	1	-0.639000	0.990000	-7.341000	7.434965
90	5	-0.990000	-0.780000	-7.057000	7.168664
90	7	-1.440000	1.650000	-7.002000	7.336491
90	15	-2.660000	-3.160000	-6.098000	7.365243
90	19	1.900000	0.384000	-6.994000	7.257651
90	23	2.760000	-0.560000	-7.166000	7.699530
90	25	3.450000	-1.710000	-6.281900	7.368098
91	0	0.349000	-0.020000	-7.265000	7.273405
91	4	2.820000	-0.010000	-6.736000	7.302479
91	6	1.840000	-0.840000	-7.142400	7.423279
91	14	-1.050000	-1.890000	-7.208000	7.525282
91	18	3.220000	-0.700000	-6.473000	7.263479
91	22	0.190000	3.610000	-6.775000	7.679116
91	24	-1.652000	-0.740000	-6.939000	7.171222
91	1	4.895000	3.250000	-4.249000	7.251036
91	5	-2.100000	0.530000	-7.170300	7.490267
91	7	-1.710000	-1.340000	-7.058000	7.384786
91	15	-1.620000	-0.920000	-7.267000	7.502006
91	19	-0.800000	1.248000	-7.178000	7.329474
91	23	0.270000	-0.480000	-7.360000	7.380576
91	25	0.660000	-0.030000	-7.300900	7.330733
92	0	0.563000	-0.080000	-7.408000	7.429794
92	4	-1.920000	-2.500000	-7.148000	7.812189
92	6	-1.490000	1.880000	-7.215600	7.603906
92	14	2.210000	-0.880000	-6.949800	7.345626
92	18	1.230000	0.520000	-7.365000	7.485087
92	22	0.350000	-0.870000	-7.503000	7.561376
92	24	2.061000	0.080000	-7.412000	7.693625
92	1	0.420000	0.200000	-7.506000	7.520401
92	5	-1.080000	-2.040000	-6.932000	7.306204
92	7	0.080000	-3.150000	-6.676000	7.382268
92	15	1.340000	2.770000	-6.592200	7.274998
92	19	-0.010000	2.708000	-7.096300	7.595448
92	23	2.330000	-0.260000	-7.053000	7.432450
92	25	0.340000	-0.390000	-7.347700	7.365894
93	0	-4.296000	1.360000	-5.917000	7.437480
93	4	3.820000	-2.630000	-5.702000	7.349973
93	6	1.880000	0.800000	-7.277000	7.558381
93	14	2.700000	0.700000	-6.714100	7.270429
93	18	-2.070000	3.380000	-5.987600	7.180575
93	22	2.210000	1.240000	-7.269000	7.698056
93	24	-0.254000	-0.210000	-6.819000	6.826960
93	1	-1.034000	1.160000	-7.290800	7.454564
93	5	-1.130000	0.340000	-7.124600	7.221664
93	7	-0.740000	0.130000	-7.465000	7.502715
93	15	0.960000	1.180000	-7.104700	7.265725
93	19	2.640000	-3.912000	-5.676000	7.381756
93	23	0.120000	1.790000	-7.043000	7.267899
93	25	0.280000	-0.030000	-7.692400	7.697553
94	0	-0.189000	2.390000	-7.105000	7.498590
94	4	0.630000	0.080000	-7.865000	7.890597
94	6	0.110000	-1.860000	-7.005200	7.248760
94	14	0.300000	1.640000	-7.346500	7.533304
94	18	-1.260000	0.090000	-7.256200	7.365334
94	22	3.300000	1.570000	-6.637000	7.576587
94	24	-0.412000	-3.490000	-6.444000	7.339958
94	1	-2.010000	1.510000	-6.965000	7.404824
94	5	-0.790000	-2.540000	-7.028600	7.515113
94	7	1.150000	2.710000	-6.656000	7.277976
94	15	0.580000	0.880000	-7.419300	7.493785
94	19	-0.280000	-2.935000	-7.153700	7.737445
94	23	0.360000	0.410000	-7.299000	7.319365
94	25	-0.450000	4.310000	-5.923700	7.339538
95	0	1.736000	4.230000	-5.696000	7.304178
95	4	1.780000	-1.240000	-6.942000	7.273057
95	6	3.280000	-0.570000	-6.565300	7.361146
95	14	-2.070000	-0.940000	-7.206600	7.556691
95	18	0.910000	1.580000	-7.143000	7.372038
95	22	-1.660000	-3.764000	-6.011000	7.283915
95	24	-0.950000	1.320000	-7.247000	7.427241
95	1	-0.460000	1.460000	-6.963700	7.129959
95	5	-1.240000	-0.220000	-7.167000	7.276805
95	7	-1.200000	1.330000	-7.415000	7.628311
95	15	0.720000	-0.140000	-7.494300	7.530108
95	19	-0.850000	0.326000	-7.392600	7.448444
95	23	1.080000	-2.890000	-6.756000	7.427115
95	25	-3.350000	-0.190000	-6.475098	7.292839
96	0	0.408000	0.380000	-7.119000	7.140800
96	4	3.820000	0.970000	-6.463000	7.569919
96	6	-0.880000	-3.080000	-6.789100	7.506842
96	14	-0.340000	-0.430000	-7.448800	7.468944
96	18	2.720000	-1.200000	-6.747600	7.373500
96	22	0.140000	-0.980000	-7.265000	7.332136
96	24	3.060000	-0.580000	-6.284000	7.013462
96	1	-4.710000	0.780000	-5.457000	7.250610
96	5	2.140000	0.710000	-7.041100	7.393294
96	7	-0.580000	-0.720000	-7.648000	7.703681
96	15	2.630000	3.000000	-6.705300	7.802432
96	19	-3.100000	-0.892000	-6.774600	7.503391
96	23	-0.620000	0.040000	-7.173000	7.199856
96	25	-0.200000	-2.260000	-6.726700	7.099021
97	0	-1.363000	-0.250000	-7.435000	7.563035
97	4	3.280000	0.280000	-6.615000	7.388845
97	6	0.120000	0.370000	-7.182000	7.192526
97	14	-2.540000	0.200000	-7.017000	7.465245
97	18	-0.380000	-3.970000	-6.715700	7.810629
97	22	-4.510000	1.040000	-5.874000	7.478340
97	24	2.296000	0.690000	-6.968000	7.368904
97	1	-0.900000	-0.470000	-7.277000	7.347491
97	5	-1.680000	1.060000	-7.190100	7.459460
97	7	0.840000	4.410000	-5.922000	7.431271
97	15	-1.110000	1.760000	-6.946350	7.251309
97	19	-0.720000	-3.746000	-6.429000	7.475490
97	23	-0.490000	-2.630000	-7.112000	7.598522
97	25	0.970000	-1.350000	-7.273000	7.460558
98	0	4.374000	1.810000	-5.665000	7.382425
98	4	2.470000	0.650000	-6.955500	7.409614
98	6	5.430000	-0.370000	-5.328000	7.616389
98	14	3.090000	-0.960000	-6.355790	7.132024
98	18	-1.310000	0.420000	-7.449000	7.574965
98	22	0.020000	3.190000	-7.152000	7.831194
98	24	-1.470000	4.310000	-6.095000	7.608287
98	1	-2.860000	-1.810000	-6.507700	7.335248
98	5	3.200000	-2.080000	-6.208000	7.287363
98	7	0.210000	1.830000	-7.175000	7.407673
98	15	1.790000	-1.010000	-7.261600	7.546856
98	19	1.280000	1.079000	-7.224000	7.415444
98	23	2.830000	-2.730000	-6.500000	7.596828
98	25	0.950000	0.200000	-7.651000	7.712347
99	0	4.307000	-0.330000	-6.138000	7.505611
99	4	1.140000	0.460000	-7.243000	7.346581
99	6	2.260000	-1.390000	-7.100100	7.579652
99	14	-1.360000	-1.920000	-7.146100	7.523480
99	18	2.880000	-0.640000	-6.572400	7.204196
99	22	3.720000	3.510000	-5.572000	7.563444
99	24	-1.826000	-0.810000	-7.391000	7.656191
99	1	0.110000	-0.560000	-7.650000	7.671258
99	5	2.630000	-0.130000	-6.978000	7.458303
99	7	2.530000	-2.100000	-6.556000	7.334305
99	15	-2.840000	-2.480000	-6.372600	7.404460
99	19	-2.880000	-0.830000	-6.873000	7.498095
99	23	0.370000	2.690000	-6.815000	7.336022
99	25	-1.340000	-1.410000	-6.880700	7.150366
100	0	-0.874100	0.700000	-7.232000	7.318188
100	4	3.430000	2.170000	-6.289400	7.485343
100	6	-1.690000	-0.110000	-6.945200	7.148706
100	14	2.630000	-1.950000	-6.442100	7.226344
100	18	-0.080000	-3.720000	-6.095000	7.140996
100	22	0.340000	-2.956000	-6.962300	7.571470
100	24	2.380000	-1.420000	-7.074000	7.597518
100	1	-0.370000	-1.000000	-7.221000	7.299297
100	5	-0.040000	1.680000	-7.460000	7.646934
100	7	-2.910000	2.510000	-6.454000	7.511479
100	15	2.290000	0.590000	-7.145900	7.527024
100	19	-0.400000	-2.248000	-7.224000	7.576258
100	23	-1.020000	-3.370000	-6.311000	7.226757
100	25	-0.130000	-0.710000	-7.425060	7.460061
101	0	0.346300	-0.950000	-7.262000	7.332058
101	4	-0.740000	1.350000	-7.532000	7.687726
101	6	3.650000	0.250000	-6.335100	7.315633
101	14	-3.100000	1.120000	-6.154900	6.981919
101	18	0.860000	-3.050000	-6.883700	7.578089
101	22	-0.970000	2.530000	-6.815000	7.333896
101	24	-1.501000	-0.790000	-7.324000	7.517851
101	1	0.310000	0.670000	-7.217000	7.254660
101	5	-0.030000	-0.510000	-7.842000	7.858624
101	7	0.140000	0.920000	-7.419000	7.477136
101	15	2.060000	-1.170000	-7.067600	7.454091
101	19	-2.950000	-0.979000	-6.826000	7.500348
101	23	3.940000	1.500000	-5.781300	7.155210
101	25	-0.480000	-1.590000	-6.860800	7.058971
102	0	-0.480200	-2.650000	-6.879000	7.387404
102	4	-0.780000	1.720000	-7.042000	7.290855
102	6	0.920000	-1.610000	-6.740500	6.990911
102	14	0.040000	-1.310000	-7.160700	7.279651
102	18	-0.970000	-0.940000	-7.227000	7.352145
102	22	-1.480000	-0.240000	-7.111300	7.267640
102	24	-1.510000	-1.160000	-7.224000	7.470735
102	1	-0.800000	-0.360000	-7.386000	7.437916
102	5	1.330000	0.350000	-7.457000	7.582760
102	7	-0.060000	3.190000	-6.654000	7.379391
102	15	3.430000	-2.130000	-6.281000	7.466777
102	19	-0.480000	2.281000	-7.146000	7.516560
102	23	-2.641000	0.780000	-6.842000	7.375381
102	25	-0.230000	1.460000	-7.015700	7.169696
103	0	-1.402900	-1.190000	-7.421400	7.646006
103	4	-0.050000	1.940000	-6.949700	7.215569
103	6	-4.360000	-0.970000	-5.635000	7.190530
103	14	1.510000	-2.420000	-6.855000	7.424791
103	18	0.710000	-4.280000	-5.721000	7.179996
103	22	0.280000	-2.753000	-6.866700	7.403309
103	24	-0.100000	0.860000	-7.232000	7.283641
103	1	2.200000	-1.570000	-7.038000	7.539121
103	5	-1.490000	0.620000	-7.232100	7.409978
103	7	-2.330000	-1.480000	-6.756000	7.298139
103	15	1.660000	1.270000	-7.020900	7.325404
103	19	-1.020000	2.388000	-6.784000	7.263993
103	23	-0.840000	1.710000	-7.198000	7.445865
103	25	-2.000000	-1.400000	-6.870600	7.291443
104	0	0.206300	1.340000	-7.063000	7.191949
104	4	0.040000	0.090000	-7.412000	7.412654
104	6	-3.060000	0.610000	-6.494300	7.204973
104	14	0.250000	0.910000	-7.143000	7.205071
104	18	2.580000	2.190000	-6.565910	7.386723
104	20	-1.570000	0.896000	-6.885000	7.118352
104	22	-0.220000	-1.360000	-7.051200	7.184527
104	24	2.030000	-0.620000	-7.101000	7.411444
104	1	1.830000	1.870000	-6.859300	7.341376
104	5	-0.890000	0.800000	-7.099400	7.199554
104	7	-0.300000	0.450000	-7.203000	7.223276
104	15	-2.090000	-1.040000	-7.044300	7.421042
104	19	-4.920000	1.607000	-5.410000	7.487119
104	21	0.280000	-2.451000	-6.986400	7.409156
104	23	2.630000	0.140000	-6.979600	7.459981
104	25	-1.150000	-2.450000	-6.912000	7.422988
105	0	-1.035000	0.130000	-7.074000	7.150497
105	4	-1.260000	-0.060000	-7.485000	7.590548
105	6	4.370000	-2.480000	-5.533000	7.474048
105	14	1.320000	-1.910000	-6.950930	7.328433
105	18	0.710000	2.110000	-6.458900	6.831807
105	22	-0.840000	0.100000	-7.707700	7.753982
105	24	-0.050000	0.650000	-7.737000	7.764417
105	1	-2.220000	-3.520000	-6.153300	7.428452
105	5	1.070000	4.720000	-5.566600	7.376336
105	7	0.120000	1.500000	-7.150000	7.306634
105	15	-0.920000	1.810000	-7.228300	7.508050
105	19	0.870000	0.953000	-7.569600	7.678799
105	23	-0.358000	-2.450000	-6.840000	7.274357
105	25	-2.410000	-1.870000	-6.473200	7.155929
106	0	-1.063000	1.660000	-7.187000	7.452418
106	4	1.080000	-3.670000	-6.308200	7.377580
106	6	3.560000	3.990000	-5.470000	7.649484
106	14	-1.530000	-1.300000	-7.487000	7.751520
106	18	0.170000	1.940000	-7.284700	7.540514
106	22	-2.260000	-2.160000	-6.567000	7.273148
106	24	1.760000	0.620000	-7.205000	7.442716
106	1	-2.030000	2.350000	-6.585400	7.280858
106	5	1.680000	1.730000	-7.022550	7.425059
106	7	2.570000	-2.740000	-6.063000	7.132494
106	15	-2.220000	-2.370000	-6.653000	7.403223
106	19	-2.650000	0.468000	-7.168300	7.656765
106	23	-0.054000	0.380000	-7.608000	7.617675
106	25	-1.910000	1.280000	-7.012280	7.379605
107	0	-1.859000	-3.010000	-6.564000	7.456680
107	4	1.980000	1.510000	-7.288000	7.701652
107	6	1.170000	0.620000	-7.650000	7.763749
107	14	4.530000	-2.310000	-5.462000	7.462603
107	18	0.800000	1.585000	-7.304900	7.517565
107	22	-4.340000	-1.480000	-5.825000	7.413274
107	24	-2.114000	-3.000000	-6.563000	7.519439
107	1	0.320000	1.590000	-7.114000	7.296540
107	5	-4.580000	0.880000	-5.680500	7.349754
107	7	3.960000	-1.860000	-5.835000	7.293039
107	15	1.730000	1.610000	-6.995000	7.383429
107	19	2.410000	-2.520000	-6.647000	7.506071
107	23	4.070000	-0.640000	-5.875100	7.175744
107	25	2.880000	1.270000	-6.748400	7.446355
108	0	0.648000	2.570000	-7.179000	7.652636
108	4	5.490000	1.940000	-4.846600	7.575832
108	6	3.600000	2.870000	-6.376900	7.865224
108	14	1.840000	-2.340000	-6.743700	7.371478
108	18	0.650000	1.691000	-7.323000	7.543760
108	22	1.960000	1.350000	-7.076000	7.465512
108	24	2.760000	-0.950000	-7.043000	7.623906
108	1	0.720000	-2.120000	-7.160000	7.501893
108	5	1.170000	-2.420000	-6.741000	7.257161
108	7	4.110000	-0.230000	-6.326000	7.547402
108	15	0.820000	1.900000	-7.126600	7.420972
108	19	-1.220000	-0.082000	-7.452700	7.552341
108	23	-1.255000	-1.920000	-7.212400	7.568364
108	25	1.350000	-1.950000	-7.238000	7.616669
109	0	2.447000	-0.700000	-7.258000	7.691318
109	4	0.470000	0.580000	-7.251000	7.289328
109	6	-1.690000	4.200000	-5.896520	7.434047
109	14	3.530000	-0.490000	-6.334000	7.267775
109	18	1.550000	-3.980000	-6.143000	7.481935
109	22	2.050000	1.130000	-6.966000	7.348779
109	24	-1.320000	-1.100000	-7.232000	7.433319
109	1	2.620000	-2.180000	-6.583700	7.413630
109	5	-1.040000	-1.110000	-7.367100	7.522490
109	7	3.280000	0.760000	-6.618000	7.425222
109	15	-1.420000	-2.960000	-6.548000	7.324910
109	19	-0.100000	1.845000	-7.016700	7.255901
109	23	-1.997000	0.000000	-7.246000	7.516151
109	25	4.640000	1.340000	-5.275000	7.151980
110	0	2.583300	4.050000	-5.194000	7.074855
110	4	0.340000	3.540000	-6.701600	7.586741
110	6	2.030000	1.070000	-6.862600	7.236096
110	14	0.810000	3.200000	-6.864000	7.616469
110	18	2.450000	-0.523000	-6.983000	7.418781
110	22	0.420000	1.880000	-7.289000	7.539252
110	24	-0.320000	0.770000	-7.476000	7.522358
110	1	2.830000	-1.010000	-6.945000	7.567168
110	5	-1.920000	1.400000	-6.982300	7.375562
110	7	-1.690000	-0.140000	-7.278000	7.472950
110	15	-0.370000	1.420000	-7.603700	7.744001
110	19	-0.050000	-1.224000	-7.236500	7.339456
110	23	0.965000	-2.930000	-6.805200	7.471738
110	25	1.760000	2.360000	-6.767000	7.379667
111	0	2.557600	0.860000	-6.972000	7.475942
111	4	-1.580000	-0.750000	-7.026100	7.240510
111	6	-2.760000	0.130000	-6.715400	7.261618
111	14	2.990000	0.860000	-6.462100	7.172059
111	18	2.800000	-1.444000	-6.590000	7.304330
111	22	-0.180000	0.470000	-7.589600	7.606269
111	24	1.820000	0.370000	-7.493000	7.719738
111	1	1.610000	-2.700000	-7.152700	7.813016
111	5	-1.360000	1.860000	-7.265600	7.622214
111	7	-2.380000	1.810000	-6.846000	7.470490
111	15	0.610000	-0.580000	-7.566400	7.613075
111	19	0.220000	-0.149000	-7.537200	7.541882
111	23	-3.837000	-2.300000	-6.491200	7.883416
111	25	-0.490000	1.750000	-7.382000	7.602403
112	0	-2.091000	1.240000	-6.712000	7.138685
112	4	-0.610000	1.110000	-7.571000	7.676213
112	6	-0.240000	-0.460000	-7.526000	7.543863
112	14	1.280000	0.700000	-7.022000	7.171951
112	18	0.940000	0.577000	-7.171000	7.255327
112	22	2.830000	0.220000	-7.063100	7.612140
112	24	-1.123000	1.710000	-7.449000	7.724819
112	1	-0.810000	1.970000	-6.993000	7.310202
112	5	-1.140000	4.800000	-5.510000	7.395925
112	7	-1.230000	1.220000	-7.397000	7.597165
112	15	1.530000	-1.970000	-7.008400	7.439050
112	19	-0.160000	2.475350	-6.632000	7.080705
112	23	-0.100000	1.260000	-7.275900	7.384871
112	25	-0.030000	0.340000	-7.683000	7.690578
113	0	2.599900	2.650000	-6.614000	7.584654
113	4	-3.480000	1.910000	-6.179600	7.344791
113	6	-0.360000	-1.750000	-7.047500	7.270444
113	14	1.710000	-2.690000	-6.898100	7.598946
113	18	-0.920000	0.293000	-7.540200	7.601767
113	22	-3.220000	2.450000	-6.010000	7.245067
113	24	1.070000	-1.080000	-7.587000	7.737821
113	1	-1.520000	3.680000	-6.098000	7.282747
113	5	-2.150000	4.470000	-5.647000	7.516117
113	7	-1.820000	-0.010000	-7.033000	7.264681
113	15	2.130000	3.060000	-6.042000	7.099737
113	19	-0.360000	1.501900	-7.333800	7.494660
113	23	-0.298000	-1.980000	-7.257000	7.528164
113	25	0.850000	-0.770000	-7.339000	7.428077
114	0	-1.707100	-0.450000	-6.693000	6.921917
114	4	-1.670000	-2.020000	-7.149600	7.614859
114	6	2.810000	1.200000	-6.748300	7.407810
114	14	-0.910000	-0.930000	-7.143670	7.261200
114	18	-1.040000	3.357900	-6.472000	7.365044
114	22	-5.720000	-0.210000	-4.748000	7.436801
114	24	-1.147000	-0.420000	-7.198000	7.300905
114	1	-2.420000	-2.820000	-6.822400	7.768780
114	5	-3.940000	-2.820000	-5.446000	7.289370
114	7	0.050000	-1.470000	-7.174000	7.323229
114	15	3.210000	0.940000	-6.823000	7.598752
114	19	2.150000	-2.595000	-7.052000	7.815832
114	23	3.023000	-0.390000	-7.056800	7.686941
114	25	1.410000	0.700000	-7.188000	7.358359
115	0	1.021000	1.460000	-6.751000	6.982123
115	4	0.710000	2.420000	-7.141000	7.573268
115	6	1.790000	0.160000	-7.492500	7.705015
115	14	2.660000	-1.820000	-6.834300	7.556167
115	18	1.270000	2.009700	-6.997500	7.390318
115	22	1.010000	-0.170000	-7.332400	7.403586
115	24	1.680000	1.370000	-7.067000	7.392008
115	1	2.887000	-0.100000	-6.794000	7.382629
115	5	1.810000	1.160000	-7.442200	7.746486
115	7	1.440000	1.960000	-6.826000	7.246342
115	15	0.150000	-0.440000	-7.464000	7.478462
115	19	1.560000	-1.241700	-7.196000	7.467117
115	23	-1.968000	0.170000	-7.073000	7.343654
115	25	3.970000	0.890000	-6.063300	7.301822
116	0	-1.178000	1.980000	-6.862000	7.238448
116	4	0.620000	-4.690000	-5.978900	7.624155
116	6	-3.460000	-0.150000	-6.447000	7.318327
116	14	0.350000	-1.170000	-7.324500	7.425611
116	18	-0.420000	0.741000	-7.268900	7.318633
116	22	-1.510000	-0.180000	-7.492500	7.645264
116	24	1.230000	1.510000	-7.172000	7.431728
116	1	1.150000	2.150000	-7.074000	7.482411
116	5	2.160000	-1.150000	-7.167200	7.573431
116	7	2.180000	0.240000	-7.103000	7.433882
116	15	-3.660000	-1.010000	-6.476200	7.507121
116	19	-1.980000	0.498000	-7.015500	7.306548
116	23	0.490000	-2.300000	-6.998000	7.382554
116	25	-1.680000	0.570000	-7.070000	7.289184
117	0	1.039000	2.130000	-7.167000	7.548663
117	4	-0.140000	-2.450000	-7.059000	7.473392
117	6	0.500000	-1.560000	-7.116700	7.302809
117	14	1.020000	0.590000	-7.544000	7.635472
117	18	2.820000	2.148200	-6.341000	7.264671
117	22	0.860000	0.450000	-7.405200	7.468540
117	24	0.910000	-3.630000	-6.279000	7.309640
117	1	-0.390000	-0.450000	-7.351000	7.375080
117	5	3.380000	0.230000	-6.593050	7.412530
117	7	2.990000	-2.620000	-6.063000	7.250136
117	15	1.860000	-2.390000	-6.812750	7.455552
117	19	-1.240000	-1.109900	-6.963800	7.159887
117	23	-2.715000	1.590000	-6.833000	7.522580
117	25	0.190000	1.250000	-7.310100	7.418636
118	0	-1.530500	-0.640000	-7.242000	7.429576
118	4	2.240000	-1.440000	-6.658000	7.170785
118	6	0.860000	-1.700000	-7.132300	7.382364
118	14	4.170000	3.220000	-4.696000	7.057600
118	18	0.900000	0.152000	-7.275500	7.332531
118	22	1.340000	0.740000	-6.937800	7.104665
118	24	-1.898000	-0.630000	-6.704000	6.995922
118	1	-0.716000	-0.300000	-7.380000	7.420718
118	5	-2.520000	-0.940000	-7.241300	7.724663
118	7	0.160000	0.280000	-7.767000	7.773692
118	15	-1.400000	0.590000	-7.384900	7.539552
118	19	2.000000	-2.470800	-6.890000	7.587948
118	23	3.891000	-1.790000	-5.878260	7.273096
118	25	0.610000	-1.670000	-6.992000	7.214504
119	0	2.815500	2.010000	-6.811000	7.639166
119	4	2.250000	0.870000	-6.807000	7.221818
119	6	1.390000	3.430000	-6.182700	7.205746
119	14	2.060000	-2.860000	-6.476960	7.373887
119	18	1.440000	-2.267000	-7.151800	7.639446
119	22	-4.420000	-0.660000	-5.481000	7.072013
119	24	1.130000	0.330000	-7.711800	7.801132
119	1	1.472000	1.120000	-7.304000	7.534560
119	5	0.780000	2.140000	-7.289580	7.637145
119	7	-1.960000	-3.390000	-6.630000	7.700039
119	15	2.490000	3.300000	-6.307000	7.541111
119	19	0.400000	1.458000	-7.361800	7.515442
119	23	2.997000	-2.000000	-6.389800	7.335636
119	25	-0.090000	0.370000	-7.756000	7.765342
120	4	-1.040000	-2.370000	-6.947000	7.413455
120	6	-0.850000	4.670000	-5.478000	7.248440
120	14	2.310000	1.870000	-6.755000	7.379907
120	18	-0.780000	-2.167000	-7.449000	7.796915
120	22	1.380000	0.590000	-7.171400	7.326764
120	24	0.820000	-0.720000	-7.433000	7.512675
120	1	-2.490000	0.030000	-7.104000	7.527803
120	5	-1.680000	-0.450000	-7.493300	7.692493
120	7	-0.790000	-1.990000	-6.980000	7.301000
120	15	-1.850000	-1.310000	-6.972400	7.331641
120	19	-0.610000	-1.945740	-7.046800	7.335898
120	25	0.190000	3.050000	-6.489620	7.173128
121	4	-0.350000	2.090000	-7.012000	7.325213
121	6	-1.960000	2.870000	-6.383000	7.267819
121	14	0.350000	-0.340000	-7.631000	7.646585
121	18	0.180000	-0.787000	-7.344400	7.388639
121	22	1.130000	3.270000	-6.557000	7.413774
121	24	-1.840000	0.570000	-7.296000	7.546000
121	1	-0.190000	0.800000	-7.272000	7.318339
121	5	-3.110000	0.380000	-6.677200	7.375737
121	7	-1.580000	-3.170000	-6.644000	7.529146
121	15	-2.730000	0.360000	-6.825330	7.359866
121	19	-2.800000	-1.459090	-6.885500	7.574896
121	25	1.650000	0.960000	-7.161000	7.411074
122	4	1.240000	-2.030000	-7.206000	7.588474
122	6	-2.170000	-1.250000	-6.721300	7.172675
122	14	-0.680000	0.410000	-7.291000	7.334111
122	18	3.520000	-5.539000	-3.710000	7.538901
122	22	-0.620000	-0.370000	-7.590100	7.624363
122	24	0.230000	-1.420000	-7.140000	7.283468
122	1	-0.790000	-0.720000	-7.252000	7.330348
122	5	0.210000	0.170000	-7.084300	7.089450
122	7	2.130000	-0.630000	-6.862000	7.212548
122	15	0.010000	-0.450000	-7.283200	7.297095
122	19	-1.060000	1.461000	-7.362500	7.580536
122	25	-1.770000	-0.280000	-7.271800	7.489351
123	4	-1.260000	2.150000	-6.451000	6.915598
123	6	-1.690000	0.360000	-7.052300	7.260898
123	14	4.030000	-0.070000	-6.122300	7.329963
123	18	-2.010000	-2.420000	-6.510000	7.230256
123	22	-0.260000	2.300000	-7.135000	7.501055
123	24	1.790000	-1.450000	-7.146000	7.508123
123	1	-2.260000	1.020000	-6.812700	7.249888
123	5	0.170000	0.700000	-7.248500	7.284206
123	7	1.410000	-2.610000	-6.410000	7.063165
123	15	0.630000	2.370000	-6.827500	7.254554
123	19	0.740000	3.271400	-6.476400	7.293382
123	25	0.760000	-0.110000	-7.208000	7.248791
124	4	-0.400000	-1.750000	-7.363000	7.578672
124	6	-0.550000	-0.860000	-7.342600	7.413223
124	14	-1.440000	0.370000	-7.199000	7.350925
124	18	1.790000	-0.293000	-6.916020	7.149915
124	22	1.520000	-2.930000	-6.696000	7.465368
124	24	-3.130000	0.260000	-6.903000	7.583924
124	1	-3.260000	-0.400000	-6.613900	7.384529
124	5	0.840000	-1.700000	-7.405500	7.644412
124	7	-4.160000	-0.310000	-6.024000	7.327365
124	15	0.010000	0.790000	-7.472600	7.514250
124	19	-1.200000	-2.640670	-6.708210	7.308435
124	25	-3.330000	0.480000	-6.962630	7.732885
125	4	2.440000	1.890000	-6.672700	7.351913
125	6	-2.920000	3.240000	-6.074100	7.477880
125	14	1.170000	-2.340000	-7.025000	7.496341
125	18	-2.780000	1.389000	-6.707000	7.391994
125	22	-1.970000	-1.830000	-7.335000	7.812300
125	24	0.640000	0.140000	-7.659000	7.686968
125	1	-2.780000	-0.130000	-7.054230	7.583367
125	5	0.740000	0.320000	-7.511300	7.554444
125	7	-1.250000	-1.510000	-7.030000	7.298185
125	15	-3.360000	-0.410000	-6.708000	7.513652
125	19	-1.120000	-1.139090	-7.187100	7.362495
125	25	-1.380000	0.410000	-7.026300	7.172265
126	4	1.460000	-1.320000	-7.147100	7.413167
126	6	2.860000	-1.230000	-6.821000	7.497902
126	14	2.600000	0.530000	-7.007000	7.492593
126	18	-3.040000	3.965000	-5.554000	7.470592
126	22	-1.730000	-0.960000	-6.911000	7.188631
126	24	1.450000	2.130000	-7.043000	7.499550
126	1	-0.840000	1.400000	-7.224000	7.406198
126	5	-0.730000	0.480000	-7.737720	7.786887
126	7	-0.330000	2.850000	-6.623000	7.217723
126	15	-0.100000	0.450000	-7.130300	7.145186
126	19	4.550000	0.594300	-5.369000	7.062709
126	25	1.030000	2.710000	-6.724100	7.322467
127	4	-0.240000	0.500000	-7.792000	7.811713
127	6	1.140000	0.130000	-7.339000	7.428151
127	14	-0.540000	0.400000	-7.615000	7.644594
127	22	-1.390000	-1.230000	-7.098000	7.336662
127	24	2.320000	-0.020000	-6.894000	7.273929
127	1	-0.710000	1.210000	-7.322700	7.455879
127	5	-1.030000	-0.360000	-7.004100	7.088577
127	7	-3.510000	2.090000	-6.137000	7.372311
127	15	-3.290000	0.050000	-6.293000	7.101299
127	25	2.530000	-1.150000	-6.691600	7.245751
128	4	2.130000	-1.600000	-6.732000	7.239940
128	6	-1.100000	-0.200000	-7.615000	7.696637
128	14	-2.380000	-0.820000	-6.745000	7.199432
128	22	-0.240000	-2.530000	-7.189000	7.624974
128	24	-1.500000	0.330000	-7.117000	7.280837
128	1	0.450000	2.590000	-6.577800	7.083647
128	5	-3.090000	-2.060000	-6.339000	7.346742
128	7	1.410000	2.260000	-7.112000	7.594488
128	15	1.390000	-0.250000	-7.443000	7.575807
128	25	-0.690000	-3.710000	-6.357000	7.392675
129	4	0.300000	0.740000	-7.197000	7.241161
129	6	1.770000	-3.750000	-6.273000	7.519703
129	14	-2.500000	-2.280000	-6.292000	7.144065
129	22	-1.090000	-2.700000	-6.826000	7.421076
129	24	-0.520000	-1.990000	-6.903000	7.202910
129	1	-1.560000	2.020000	-7.286100	7.720185
129	5	-2.890000	0.140000	-6.690910	7.289717
129	7	0.600000	0.400000	-7.509000	7.543546
129	15	-1.000000	-2.490000	-6.576000	7.102385
129	25	0.650000	2.200000	-6.893400	7.265085
130	4	1.420000	-1.170000	-7.218000	7.448814
130	6	-2.270000	-0.460000	-7.297000	7.655763
130	14	1.780000	-1.700000	-7.171000	7.581665
130	22	4.690000	-3.470000	-4.772000	7.537173
130	24	1.380000	2.910000	-6.567000	7.314232
130	1	-0.460000	-1.910000	-7.221000	7.483485
130	5	-2.680000	2.990000	-6.184000	7.373219
130	7	-0.370000	-0.940000	-7.050000	7.122008
130	15	-3.080000	-1.500000	-6.681000	7.508140
130	25	0.620000	0.430000	-7.102600	7.142564
131	4	-2.550000	-0.680000	-7.060000	7.537141
131	6	-2.680000	-0.450000	-6.821000	7.342407
131	14	-1.410000	-2.550000	-6.594000	7.209122
131	22	1.920000	-0.700000	-6.923000	7.218333
131	24	-0.290000	-3.320000	-6.512000	7.315234
131	1	-1.051000	1.700000	-7.273000	7.542621
131	5	1.920000	0.490000	-7.200500	7.468179
131	7	-2.280000	-2.050000	-7.020000	7.660372
131	15	2.050000	1.720000	-6.565000	7.089438
131	25	-0.390000	0.660000	-7.384000	7.423689
132	4	-1.990000	2.710000	-6.781000	7.568762
132	6	-3.080000	4.179000	-5.244000	7.379023
132	14	-0.480000	-1.150000	-7.208000	7.314927
132	22	-0.200000	0.160000	-7.572800	7.577130
132	24	1.800000	-1.390000	-7.260000	7.607871
132	1	-0.699000	-0.720000	-7.271000	7.339921
132	5	-1.620000	2.170000	-6.831950	7.349071
132	7	-0.280000	2.580000	-6.945000	7.414029
132	15	-0.560000	0.090000	-7.551640	7.572910
132	25	-0.150000	-2.140000	-7.147000	7.462018
133	4	-2.710000	-2.470000	-6.443400	7.413663
133	6	-2.620000	-0.288000	-6.966600	7.448547
133	14	1.050000	0.910000	-7.299000	7.430074
133	22	0.190000	-0.640000	-7.394000	7.424078
133	24	4.200000	-2.100000	-5.847000	7.499161
133	1	-2.374000	-3.390000	-5.783620	7.111838
133	5	-0.330000	-0.040000	-7.315000	7.322549
133	7	1.020000	0.070000	-7.231800	7.303714
133	15	-2.500000	-0.210000	-6.957000	7.395536
133	25	1.470000	-0.490000	-7.370100	7.531227
134	4	0.130000	-1.540000	-7.150600	7.315708
134	6	-0.990000	2.115000	-6.931900	7.314681
134	14	-0.200000	0.290000	-7.228000	7.236580
134	18	0.980000	-0.185000	-7.608800	7.673882
134	22	-1.820000	-0.600000	-7.128000	7.381110
134	24	1.280000	1.630000	-6.865000	7.171020
134	1	1.078000	-4.540000	-5.522000	7.229534
134	5	-1.270000	1.600000	-7.222000	7.505344
134	7	-2.130000	-2.660000	-6.352000	7.208357
134	15	0.310000	1.500000	-7.630140	7.782361
134	19	-0.930000	-0.704000	-7.042500	7.138440
134	25	0.610000	0.600000	-7.488700	7.537422
135	4	2.550000	-3.240000	-6.662200	7.834859
135	6	-0.170000	2.329000	-7.198300	7.567606
135	14	-4.110000	-2.030000	-5.606960	7.242306
135	18	-1.690000	-2.640000	-6.625000	7.329142
135	22	-1.070000	-0.350000	-7.186000	7.273651
135	24	1.690000	-0.740000	-7.499000	7.722610
135	1	-1.039000	-4.660000	-5.888700	7.581023
135	5	-1.860000	-0.510000	-7.084100	7.341946
135	7	-0.120000	-0.060000	-7.631000	7.632179
135	15	1.730000	1.770000	-6.718700	7.160079
135	19	-0.100000	-2.576000	-6.845600	7.314917
135	25	-0.990000	-0.870000	-7.140400	7.261013
136	4	-0.160000	0.850000	-7.384000	7.434484
136	6	0.100000	-1.410000	-7.197300	7.334796
136	14	0.670000	0.610000	-7.445000	7.499935
136	22	0.720000	0.010000	-7.458000	7.492681
136	24	-0.240000	-1.180000	-7.225000	7.324659
136	1	0.605000	-2.230000	-7.014600	7.385360
136	5	-3.370000	0.780000	-6.840700	7.665538
136	7	-1.480000	-2.180000	-7.041500	7.518346
136	15	0.150000	0.150000	-7.467500	7.470512
136	25	-1.650000	-0.910000	-7.209200	7.451387
137	4	0.700000	-1.420000	-7.364000	7.532257
137	6	1.620000	-4.630000	-4.985000	6.993678
137	14	0.400000	0.790000	-7.632000	7.683198
137	22	-1.020000	1.380000	-7.215000	7.416268
137	24	0.287000	1.520000	-7.301000	7.463067
137	1	2.116000	1.390000	-7.218010	7.649132
137	5	2.230000	1.720000	-6.789700	7.350600
137	7	-1.610000	-0.920000	-7.059000	7.298492
137	15	-0.300000	0.210000	-7.325000	7.334148
137	25	-1.920000	5.750000	-4.246000	7.401177
138	4	1.790000	1.760000	-6.879000	7.322728
138	6	2.420000	-0.550000	-7.229000	7.643124
138	14	1.240000	-3.160000	-6.557800	7.384304
138	22	0.850000	-1.330000	-7.152000	7.324104
138	24	-0.408000	-0.160000	-7.658000	7.670530
138	1	-0.865000	-0.010000	-7.381000	7.431520
138	5	-1.200000	-0.880000	-7.374000	7.522651
138	7	2.210000	-2.740000	-6.509000	7.399918
138	15	0.100000	-0.320000	-7.409800	7.417381
138	25	-2.440000	-2.890000	-6.102000	7.179144
139	4	4.470000	-1.860000	-5.780200	7.539974
139	6	-1.500000	-0.600000	-7.163000	7.342926
139	14	-4.180000	-1.540000	-5.666300	7.207701
139	22	0.270000	0.520000	-7.405000	7.428144
139	24	4.040000	-1.320000	-5.914000	7.282815
139	1	-3.313000	1.620000	-6.418000	7.402101
139	5	-1.270000	0.330000	-7.439000	7.553841
139	7	0.440000	-4.140000	-6.108000	7.391946
139	15	-0.140000	-4.230000	-5.957200	7.307580
139	25	-0.030000	-1.080000	-7.292800	7.372397
140	4	0.610000	-0.500000	-7.395000	7.436943
140	6	-0.650000	-0.920000	-7.064000	7.153251
140	14	-0.170000	-0.880000	-7.212000	7.267479
140	22	-1.670000	2.210000	-6.276000	6.860115
140	24	-0.200000	-1.640000	-7.455000	7.635877
140	1	1.638000	-1.160000	-7.258000	7.530419
140	5	-3.640000	1.710000	-6.232000	7.416975
140	7	1.000000	-1.050000	-7.500100	7.638979
140	15	-0.890000	-4.390000	-5.197000	6.860977
140	25	0.770000	2.380000	-7.005200	7.438422
141	4	1.390000	2.080000	-7.220000	7.641132
141	6	-3.450000	-0.760000	-6.264000	7.191509
141	14	0.840000	2.220000	-7.125500	7.510443
141	22	-0.550000	3.240000	-6.682000	7.446424
141	24	-0.550000	2.140000	-7.222000	7.552442
141	1	-0.884000	-0.220000	-7.149000	7.206806
141	5	2.660000	1.950000	-6.653300	7.425934
141	7	0.620000	-0.070000	-7.494800	7.520726
141	15	-1.650000	-1.860000	-7.126200	7.547505
141	25	-3.230000	3.970000	-5.151000	7.261308
142	4	0.930000	0.270000	-7.156200	7.221426
142	6	-1.770000	-3.480000	-6.525000	7.603876
142	14	0.030000	-1.630000	-7.154000	7.337405
142	22	-1.010000	1.610000	-7.363000	7.604339
142	24	-0.530000	-1.670000	-7.029000	7.244076
142	1	0.265000	0.790000	-7.406000	7.452728
142	5	-5.190000	0.880000	-5.286000	7.460047
142	7	1.540000	-1.230000	-6.964900	7.238393
142	15	-2.260000	0.350000	-7.197200	7.551807
142	25	1.210000	-1.390000	-6.959000	7.198881
143	4	-2.370000	-1.270000	-7.057000	7.551890
143	6	0.420000	-1.560000	-7.135000	7.315615
143	14	-0.660000	-0.140000	-7.248000	7.279334
143	22	-1.090000	0.570000	-7.316600	7.419275
143	24	-0.015000	-3.760000	-6.436000	7.453853
143	1	1.846000	0.610000	-7.131000	7.391277
143	5	2.350000	-0.460000	-7.097200	7.490284
143	7	0.800000	-0.560000	-7.240000	7.305560
143	15	0.630000	0.340000	-7.597500	7.631154
143	25	-1.750000	-3.050000	-6.591400	7.470713
144	4	-0.740000	2.250000	-7.050800	7.438002
144	6	0.360000	0.320000	-7.692000	7.707066
144	14	-0.720000	0.310000	-7.467000	7.508035
144	22	-1.520000	1.420000	-7.086000	7.384998
144	24	-0.780000	0.620000	-7.392000	7.458851
144	1	-1.436000	-1.370000	-7.046000	7.320185
144	5	-1.750000	2.700000	-6.716900	7.447768
144	7	2.550000	-3.250000	-5.948000	7.241803
144	15	-0.350000	0.180000	-7.513000	7.523302
144	25	-2.120000	-1.240000	-6.927520	7.350002
145	4	2.670000	-1.690000	-6.922700	7.609782
145	6	-2.890000	-2.470000	-6.540600	7.565213
145	14	-2.730000	-3.230000	-6.204800	7.509017
145	22	1.110000	0.080000	-7.311300	7.395513
145	24	3.250000	-1.520000	-6.493000	7.418352
145	1	0.092000	1.610000	-7.335000	7.510179
145	5	-0.120000	3.430000	-6.278000	7.154899
145	7	0.300000	4.090000	-6.089000	7.341255
145	15	-1.200000	-1.910000	-7.005100	7.359316
145	25	2.370000	-0.970000	-7.177830	7.620961
146	4	0.050000	0.080000	-7.189900	7.190519
146	6	-2.230000	2.521000	-6.729000	7.523814
146	14	-2.220000	-1.260000	-6.735270	7.202768
146	22	1.090000	-0.530000	-7.475500	7.573117
146	24	1.740000	-2.630000	-6.642000	7.352596
146	1	0.590000	-0.730000	-7.409000	7.468218
146	5	1.560000	2.060000	-7.100000	7.555607
146	7	-0.640000	1.230000	-7.340000	7.469813
146	15	-0.750000	-1.440000	-7.019500	7.204823
146	25	-0.800000	-1.320000	-7.158000	7.322524
147	4	0.110000	-0.300000	-7.404000	7.410892
147	6	-2.230000	2.226000	-6.621000	7.332504
147	14	-1.740000	-4.350000	-5.846200	7.491873
147	22	1.300000	-2.530000	-6.973600	7.531401
147	24	1.370000	0.200000	-7.087000	7.220974
147	1	2.106000	-1.020000	-7.020900	7.400586
147	5	2.290000	0.050000	-6.999200	7.364469
147	7	1.940000	-0.760000	-6.951000	7.256556
147	15	-0.200000	0.230000	-7.363200	7.369506
147	25	-0.430000	-2.560000	-6.920500	7.391334
148	4	-0.190000	-1.290000	-7.439000	7.552412
148	6	0.830000	1.938000	-7.412000	7.706003
148	14	-3.540000	-0.040000	-6.716000	7.591960
148	22	-0.680000	-3.290000	-6.761000	7.549677
148	24	1.020000	0.650000	-7.456000	7.553465
148	1	-1.243000	2.500000	-7.018000	7.552971
148	5	-0.350000	0.940000	-7.505000	7.571732
148	7	0.840000	2.240000	-7.349000	7.728583
148	15	-2.110000	-0.410000	-7.424800	7.729674
148	25	1.120000	0.130000	-7.399000	7.484417
149	4	-0.010000	-0.380000	-7.395800	7.405563
149	6	-0.930000	-0.790000	-7.246000	7.348028
149	14	1.670000	-0.710000	-7.344500	7.565361
149	22	0.110000	0.020000	-7.140000	7.140875
149	24	2.010000	-1.580000	-6.875000	7.334993
149	1	1.264000	-3.680000	-6.444000	7.527631
149	5	-0.080000	-1.160000	-7.369000	7.460172
149	7	-0.240000	2.570000	-6.754000	7.230423
149	15	-1.410000	1.850000	-7.517000	7.868665
149	25	2.950000	3.390000	-5.776100	7.318328
150	4	-0.180000	-3.480000	-6.456700	7.337014
150	6	-1.180000	3.693000	-5.877100	7.040664
150	14	1.400000	-0.720000	-7.189800	7.360138
150	16	0.490000	1.470000	-6.776300	6.951204
150	22	-2.390000	0.750000	-6.906800	7.347005
150	24	1.750000	2.080000	-6.807000	7.329676
150	1	2.391000	1.090000	-6.828100	7.316278
150	5	-1.190000	0.860000	-7.241300	7.388648
150	7	3.680000	-0.710000	-6.589000	7.580331
150	15	1.410000	0.190000	-7.220790	7.359620
150	17	-0.430000	2.200000	-7.104000	7.449276
150	25	-0.190000	-1.310000	-7.582000	7.696683
151	4	1.960000	-2.130000	-6.677000	7.277419
151	6	2.060000	1.254000	-7.007000	7.410409
151	14	0.010000	-3.270000	-6.516800	7.291206
151	16	-0.200000	2.560000	-6.795000	7.263995
151	22	0.150000	0.840000	-7.091000	7.142155
151	24	-0.530000	-1.780000	-7.066000	7.306001
151	1	1.786100	-3.490000	-6.577200	7.657011
151	5	-2.890000	0.440000	-7.066840	7.647609
151	7	2.360000	0.000000	-7.234600	7.609799
151	15	-0.020000	-0.290000	-7.483300	7.488944
151	17	-1.880000	-0.690000	-7.168000	7.442494
151	25	-0.690000	-2.160000	-7.160600	7.511051
152	4	0.680000	2.000000	-7.250000	7.551483
152	6	-2.890000	-0.760000	-6.812000	7.438618
152	10	-2.240000	1.616000	-6.711000	7.257174
152	14	-0.950000	-2.600000	-7.125600	7.644388
152	16	-0.650000	1.300000	-7.084000	7.231567
152	22	-0.740000	0.780000	-7.764920	7.839004
152	24	0.740000	-0.080000	-7.313000	7.350780
152	1	-0.167300	1.700000	-7.079000	7.282186
152	5	-3.750000	-3.120000	-5.390000	7.269732
152	7	1.290000	-2.640000	-6.971900	7.565784
152	11	-0.190000	-0.262300	-7.261000	7.268220
152	15	0.000000	2.120000	-7.340100	7.640122
152	17	0.480000	-0.030000	-7.392000	7.407629
152	25	1.670000	1.780000	-6.956000	7.371786
153	4	1.580000	-2.100000	-6.897900	7.381560
153	6	2.270000	2.355000	-6.447000	7.229297
153	10	-1.880000	-3.036000	-6.519900	7.433760
153	14	-0.790000	0.520000	-7.517000	7.576265
153	16	-1.270000	-1.030000	-7.186400	7.370084
153	22	0.060000	-0.470000	-7.525000	7.539902
153	24	-2.371000	0.920000	-7.018000	7.464607
153	1	2.590200	-0.380000	-6.610000	7.109545
153	5	-1.170000	1.400000	-7.363000	7.585688
153	7	0.590000	0.620000	-7.267000	7.317225
153	11	1.510000	0.524400	-7.302000	7.474911
153	15	4.880000	1.730000	-5.385000	7.470310
153	17	0.070000	2.920000	-7.011000	7.595092
153	25	-0.640000	-2.560000	-7.005600	7.486096
154	0	4.399600	-0.760000	-6.284000	7.708614
154	4	1.540000	-0.110000	-7.150430	7.315214
154	6	1.810000	1.998000	-7.299000	7.780971
154	10	-1.680000	-0.993000	-7.020900	7.287077
154	14	0.800000	0.320000	-7.645000	7.693401
154	16	0.560000	1.720000	-7.213000	7.436355
154	22	-0.390000	-2.720000	-6.792000	7.326784
154	24	-1.179000	-3.850000	-6.053000	7.269893
154	1	1.006000	1.610000	-7.127600	7.376098
154	5	-0.290000	-0.280000	-7.135000	7.146378
154	7	1.620000	-2.850000	-6.761100	7.513945
154	11	0.110000	-0.604000	-7.508000	7.533059
154	15	0.510000	-1.280000	-7.567000	7.691423
154	17	-1.290000	2.410000	-6.964000	7.481276
154	23	-2.636000	-2.130000	-6.772000	7.572673
154	25	0.430000	-3.310000	-6.867900	7.636036
155	0	2.749600	-2.010000	-6.575000	7.404797
155	4	0.640000	-0.020000	-7.462400	7.489821
155	6	-1.790000	0.120000	-7.379000	7.593954
155	10	-1.640000	-0.503000	-7.050700	7.256375
155	14	-1.000000	-0.230000	-7.633000	7.701661
155	22	-3.160000	-0.770000	-6.414000	7.191516
155	24	2.350000	0.050000	-7.189000	7.563512
155	1	2.215700	1.160000	-6.917100	7.355352
155	5	1.890000	1.010000	-7.348400	7.654488
155	7	-0.230000	-1.610000	-7.281000	7.460426
155	11	2.960000	2.559300	-6.321000	7.434155
155	15	-0.640000	1.010000	-7.273400	7.371028
155	23	0.786000	-0.350000	-7.415000	7.464752
155	25	-0.950000	-0.360000	-7.167000	7.238646
156	0	-0.763300	-4.060000	-5.897000	7.200058
156	4	-0.570000	2.270000	-6.931510	7.315985
156	6	0.580000	-2.290000	-6.914000	7.306428
156	10	0.150000	2.835000	-6.774000	7.344849
156	14	-2.480000	-1.390000	-6.468800	7.065966
156	22	2.310000	-1.290000	-6.943000	7.430037
156	24	-0.473000	-1.190000	-7.290000	7.401617
156	1	-2.381000	-0.880000	-7.198000	7.632481
156	5	-1.420000	-1.640000	-7.044900	7.371337
156	7	-0.180000	-3.920000	-6.477000	7.573000
156	11	1.450000	1.113400	-7.362000	7.585592
156	15	-2.800000	-3.320000	-5.959000	7.373743
156	23	-0.960000	-0.150000	-7.542400	7.604729
156	25	4.520000	2.620000	-5.071000	7.280786
157	0	4.253000	-0.250000	-6.232000	7.549062
157	4	0.430000	0.530000	-7.396300	7.427722
157	6	-1.830000	-1.950000	-7.043000	7.533608
157	10	-3.840000	2.513000	-5.950000	7.514204
157	14	-0.970000	-1.020000	-7.183400	7.320009
157	22	1.430000	0.990000	-7.052000	7.263312
157	24	-0.594000	-2.910000	-6.937000	7.546052
157	1	3.779600	-0.690000	-6.494000	7.545430
157	5	-0.160000	3.990000	-6.434500	7.572879
157	7	-1.090000	-0.080000	-7.572300	7.650766
157	11	0.790000	0.938390	-7.186000	7.289943
157	15	-1.300000	1.770000	-7.126900	7.457587
157	23	-1.550000	-2.150000	-7.141000	7.617013
157	25	3.550000	-1.400000	-6.265700	7.336314
158	0	2.395000	0.420000	-7.036000	7.444308
158	4	-0.740000	1.380000	-7.290200	7.456475
158	6	0.930000	1.420000	-7.371000	7.563924
158	10	-0.660000	3.515000	-6.808700	7.690853
158	14	-1.020000	-3.410000	-6.691000	7.578785
158	22	-4.970000	0.820000	-5.666000	7.581349
158	24	2.130000	0.210000	-7.261000	7.569882
158	1	0.563000	-0.180000	-7.312000	7.335851
158	5	-0.620000	-0.360000	-7.398000	7.432658
158	7	1.340000	1.380000	-7.136000	7.390703
158	11	2.480000	-0.207000	-7.146000	7.566939
158	15	-0.950000	-1.180000	-7.353000	7.507430
158	23	-1.100000	-3.900000	-6.283100	7.476453
158	25	0.460000	-0.760000	-7.055600	7.111307
159	0	-0.173000	-2.880000	-6.747000	7.338006
159	4	4.500000	0.720000	-6.062600	7.584426
159	6	1.340000	5.721000	-4.298000	7.279989
159	10	-0.180000	2.783000	-6.748100	7.301667
159	14	-1.890000	2.780000	-6.328200	7.165655
159	22	1.140000	3.640000	-6.182000	7.264043
159	24	2.880000	-4.040000	-5.577000	7.464511
159	1	2.937600	1.920000	-6.542000	7.423857
159	5	3.700000	-0.870000	-6.354000	7.404068
159	7	0.770000	-0.750000	-7.105000	7.185849
159	11	-1.030000	-1.197000	-7.399000	7.565640
159	15	1.090000	0.070000	-7.431200	7.511041
159	23	-1.910000	-1.180000	-7.247800	7.587563
159	25	-0.780000	-3.390000	-6.402100	7.286109
160	0	0.595000	-1.820000	-7.139000	7.391329
160	2	-1.640000	-2.280000	-6.905000	7.454329
160	4	3.060000	1.220000	-6.470700	7.260989
160	6	-0.430000	1.110000	-7.285100	7.381713
160	10	-0.420000	1.441000	-7.379300	7.530402
160	14	-2.000000	2.040000	-6.612100	7.202879
160	22	-0.060000	3.860000	-6.295000	7.384458
160	24	-1.050000	-1.700000	-7.320000	7.587813
160	1	-0.344000	-2.670000	-7.049000	7.545571
160	3	0.390000	-2.720000	-6.856800	7.386894
160	5	-3.400000	1.510000	-6.474700	7.467385
160	7	-1.200000	5.300000	-5.026000	7.402072
160	11	-1.530000	2.184700	-6.847000	7.348144
160	15	2.840000	0.270000	-6.894000	7.460947
160	23	0.960000	1.120000	-6.965700	7.120181
160	25	-0.660000	-2.370000	-6.779100	7.211706
161	0	2.076000	-3.320000	-6.389000	7.493430
161	4	-1.110000	-0.820000	-7.304300	7.433525
161	6	-0.290000	2.270000	-7.236000	7.589249
161	10	-1.160000	2.763000	-6.473100	7.133077
161	14	0.750000	5.290000	-4.841000	7.209846
161	22	-0.160000	2.770000	-6.952300	7.485518
161	24	-1.340000	-1.440000	-6.951000	7.223960
161	1	0.707000	-0.600000	-7.615000	7.671250
161	5	-0.400000	-1.810000	-6.876500	7.121963
161	7	0.880000	0.570000	-7.628520	7.700235
161	11	-1.250000	-3.251000	-6.538000	7.407897
161	15	-1.130000	0.920000	-7.308500	7.452347
161	23	-0.420000	0.900000	-7.400000	7.466351
161	25	0.900000	-2.070000	-6.982600	7.338365
162	0	2.369000	2.660000	-6.332000	7.265121
162	4	-0.060000	0.610000	-7.759800	7.783970
162	6	-3.220000	-0.520000	-6.471700	7.247186
162	10	-0.230000	0.087000	-7.720000	7.723915
162	12	-0.430000	0.510000	-7.290000	7.320458
162	14	-2.010000	1.170000	-6.936300	7.315822
162	22	0.800000	-3.580000	-6.128000	7.142043
162	24	-2.792000	-0.670000	-6.518000	7.122393
162	1	-1.329000	1.850000	-7.280000	7.628050
162	5	0.850000	0.450000	-7.301000	7.364075
162	7	-0.150000	-2.220000	-6.942000	7.289874
162	11	1.840000	-1.387000	-7.114000	7.477858
162	13	1.830000	0.490000	-7.313000	7.554401
162	15	-2.680000	1.720000	-6.843000	7.547678
162	23	-0.950000	-1.840000	-7.228130	7.518907
162	25	0.750000	-0.230000	-7.372600	7.414218
163	0	1.150000	0.320000	-7.375000	7.470979
163	4	-1.630000	1.780000	-7.293300	7.682286
163	6	1.080000	0.400000	-7.415000	7.503907
163	10	-4.750000	2.277000	-5.692000	7.755391
163	12	-0.600000	0.350000	-7.268500	7.301616
163	14	-2.210000	3.440000	-6.565500	7.734565
163	22	-3.520000	-1.760000	-6.191000	7.335972
163	24	-1.246000	0.320000	-7.285000	7.397712
163	1	-2.001000	0.030000	-7.269000	7.539447
163	5	-3.570000	1.270000	-6.412000	7.447922
163	7	-2.180000	-1.550000	-6.685000	7.200286
163	11	2.090000	-2.386000	-6.950000	7.639607
163	13	-2.230000	-0.840000	-7.080700	7.470931
163	15	-2.010000	1.060000	-6.998700	7.358363
163	23	3.260000	-1.010000	-6.538000	7.375171
163	25	4.580000	-2.110000	-5.571000	7.514289
164	0	0.107000	-2.250000	-6.950000	7.305919
164	4	-0.760000	0.510000	-7.578100	7.633171
164	6	-0.710000	3.390000	-6.635000	7.484613
164	10	-0.960000	2.920000	-6.620100	7.298885
164	12	-0.150000	0.280000	-7.435000	7.441782
164	14	-3.450000	2.080000	-5.813300	7.072719
164	22	0.460000	4.010000	-6.627000	7.759435
164	24	-1.912000	3.540000	-6.222000	7.409496
164	1	-3.935000	-1.640000	-6.004100	7.363630
164	5	-2.650000	1.850000	-6.640000	7.384755
164	7	0.620000	-0.860000	-7.269500	7.346403
164	11	-0.230000	-2.935000	-7.030000	7.621550
164	13	0.960000	1.040000	-6.946900	7.089614
164	15	-1.440000	-0.720000	-7.073900	7.254796
164	23	0.530000	-0.170000	-7.755000	7.774949
164	25	-0.160000	-2.140000	-7.121000	7.437328
165	4	0.780000	2.540000	-7.022400	7.508269
165	6	-3.890000	2.160000	-5.697800	7.229289
165	10	-1.490000	0.640000	-7.116600	7.299020
165	12	3.000000	0.150000	-6.878900	7.506115
165	14	-1.720000	-0.480000	-7.251000	7.467650
165	22	-2.860000	0.530000	-6.839700	7.432496
165	24	1.703000	-1.790000	-6.915000	7.343128
165	5	1.800000	-2.360000	-6.984000	7.588535
165	7	-1.310000	-1.740000	-7.176000	7.499245
165	11	1.160000	0.718000	-7.163000	7.291755
165	13	2.220000	1.710000	-7.143200	7.673187
165	15	0.060000	1.570000	-7.234000	7.402652
165	23	-4.360000	3.390000	-4.751000	7.285170
165	25	2.300000	-0.380000	-7.148700	7.519196
166	4	-1.200000	-2.260000	-7.359100	7.791274
166	6	-3.590000	2.350000	-5.899000	7.294436
166	10	-0.440000	3.418000	-6.251000	7.138020
166	12	0.810000	1.440000	-7.388400	7.570875
166	14	1.640000	-1.280000	-7.280000	7.571420
166	22	0.850000	0.300000	-7.421300	7.475841
166	24	-0.144000	-1.190000	-7.465000	7.560626
166	5	2.160000	-3.630000	-6.025000	7.358201
166	7	0.160000	-1.080000	-7.260000	7.341635
166	11	1.880000	1.647000	-6.894000	7.333092
166	13	0.420000	0.280000	-7.338400	7.355740
166	15	0.490000	-1.160000	-7.168400	7.278163
166	23	0.860000	-0.480000	-7.762700	7.824929
166	25	-1.110000	3.640000	-6.609000	7.626308
167	4	-1.050000	-1.230000	-7.064200	7.246953
167	6	0.350000	0.210000	-7.247000	7.258485
167	10	-3.030000	1.840000	-6.562000	7.458307
167	12	-2.040000	2.810000	-6.415000	7.294513
167	14	1.010000	-0.320000	-7.810000	7.881535
167	22	0.060000	0.000000	-7.439200	7.439442
167	24	0.685000	1.820000	-7.093000	7.354745
167	5	-2.520000	1.100000	-7.012000	7.531835
167	7	-1.060000	2.150000	-7.082000	7.476685
167	11	-1.060000	2.018000	-7.113000	7.469317
167	13	-1.440000	1.370000	-7.379610	7.642588
167	15	-1.470000	0.930000	-7.034300	7.246184
167	23	1.680000	-3.160000	-6.107000	7.078379
167	25	1.460000	2.610000	-6.828500	7.454670
168	4	-4.100000	2.570000	-5.047000	6.991932
168	6	-0.920000	0.770000	-7.243000	7.341686
168	12	-2.130000	1.190000	-6.717000	7.146404
168	22	-1.200000	-1.790000	-6.963000	7.288859
168	24	-1.125000	0.800000	-7.376000	7.504066
168	5	-0.420000	0.330000	-7.236700	7.256385
168	11	3.600000	-1.685000	-6.157000	7.328566
168	13	-3.790000	-1.570000	-6.371700	7.578097
168	15	-0.960000	0.400000	-7.513600	7.585235
168	25	3.160000	-2.130000	-6.353000	7.408314
169	4	0.700000	0.340000	-7.287000	7.328436
169	6	-0.050000	1.290000	-6.968000	7.086581
169	12	-1.190000	-2.330000	-7.115000	7.580780
169	22	-1.150000	3.070000	-6.365000	7.159653
169	24	1.770000	-1.450000	-7.082000	7.442454
169	5	-0.180000	3.580000	-6.571670	7.485696
169	11	-1.690000	1.764000	-7.281000	7.679893
169	13	0.210000	-1.560000	-7.378300	7.544336
169	15	-1.440000	0.940000	-7.371700	7.569621
169	25	1.260000	0.900000	-7.513000	7.670904
170	4	0.090000	3.660000	-6.370000	7.347149
170	6	-0.680000	0.340000	-7.284000	7.323569
170	12	-2.200000	-2.730000	-6.518000	7.401164
170	22	-0.090000	5.080000	-5.315000	7.352804
170	24	0.396000	-2.070000	-7.354000	7.650035
170	5	-2.510000	-0.480000	-7.000600	7.452443
170	11	0.150000	4.786000	-5.405000	7.220964
170	13	0.620000	0.610000	-6.997000	7.050852
170	15	-0.940000	-1.380000	-7.279500	7.468542
170	25	-2.010000	0.890000	-7.054000	7.388580
171	4	2.180000	1.550000	-6.649000	7.166875
171	6	3.030000	-1.320000	-6.777000	7.539962
171	12	0.170000	-2.540000	-7.128000	7.568942
171	22	0.600000	2.450000	-7.209000	7.637551
171	24	-0.824000	-3.230000	-6.465000	7.273796
171	5	1.510000	-1.960000	-6.590200	7.039349
171	11	-1.750000	-1.336000	-7.159000	7.489905
171	13	-1.150000	1.120000	-7.136700	7.315011
171	15	1.420000	0.130000	-7.536930	7.670633
171	25	-1.910000	-1.700000	-6.772000	7.238652
172	4	0.880000	2.260000	-7.237640	7.633180
172	6	-0.650000	3.770000	-6.606000	7.633783
172	12	-0.730000	-2.130000	-7.127000	7.474218
172	22	-2.140000	0.660000	-6.967000	7.318080
172	24	0.347000	-0.550000	-7.665000	7.692538
172	5	2.125000	-2.220000	-6.660500	7.335277
172	11	-3.600000	-1.461000	-6.286000	7.389744
172	13	-1.030000	-3.160000	-6.716000	7.493408
172	15	-0.860000	1.340000	-7.297000	7.468695
172	25	3.710000	1.530000	-6.351000	7.512669
173	4	1.350000	1.150000	-7.255600	7.469185
173	6	-1.610000	1.040000	-7.498000	7.739102
173	12	-0.720000	-1.430000	-7.546400	7.714367
173	22	0.140000	0.810000	-7.424000	7.469369
173	24	0.573000	-2.770000	-6.895000	7.452668
173	5	-1.460000	1.020000	-7.034900	7.256846
173	11	4.170000	-3.212000	-4.837000	7.148595
173	13	-3.770000	0.150000	-6.174000	7.235584
173	15	0.510000	3.530000	-6.490000	7.405478
173	25	2.530000	0.430000	-6.797000	7.265329
174	4	0.910000	-4.910000	-5.161000	7.181373
174	6	2.664000	-1.760000	-6.239000	7.008539
174	12	0.590000	0.440000	-7.217000	7.254432
174	22	-2.750000	-1.960000	-6.668000	7.474378
174	24	1.114000	-2.410000	-6.737000	7.241289
174	5	-1.637000	2.830000	-6.909000	7.643491
174	11	4.590000	-3.109000	-5.149000	7.566121
174	13	1.260000	0.980000	-7.267100	7.440346
174	15	1.140000	-1.370000	-7.258200	7.473819
174	25	2.170000	-0.160000	-7.231100	7.551378
175	4	-1.240000	-2.500000	-6.832000	7.379961
175	6	-3.600000	-0.580000	-6.765000	7.685156
175	22	-1.540000	4.730000	-5.697000	7.563089
175	24	4.516000	-1.100000	-6.114000	7.680186
175	5	2.026000	2.240000	-6.837900	7.475236
175	11	2.180000	-0.036000	-7.259000	7.579365
175	15	0.230000	-0.480000	-7.585600	7.604251
175	25	0.980000	0.390000	-7.032400	7.111058
176	4	-4.410000	-1.900000	-5.745000	7.487531
176	6	-0.010000	3.810000	-6.352000	7.407031
176	22	-0.900000	0.430000	-7.675000	7.739543
176	24	2.338000	1.320000	-6.850000	7.357387
176	5	-0.078000	-0.620000	-7.278100	7.304877
176	11	-0.650000	0.054000	-7.328000	7.356969
176	15	0.500000	0.090000	-7.180000	7.197951
176	25	-1.530000	-0.420000	-7.375100	7.543832
177	4	0.100000	2.330000	-6.938600	7.320046
177	6	-0.700000	0.300000	-7.245000	7.284918
177	22	-0.840000	-0.590000	-7.450000	7.520386
177	24	1.011000	-2.960000	-6.879000	7.556743
177	5	-2.605000	-3.840000	-5.384000	7.107678
177	11	2.510000	1.801000	-6.559000	7.250116
177	15	0.640000	-2.500000	-7.159000	7.609920
177	25	-2.760000	-0.990000	-6.822420	7.425841
178	4	0.510000	1.490000	-7.035300	7.209414
178	6	-4.330000	0.350000	-5.930000	7.350939
178	22	4.470000	-1.340000	-5.580000	7.274125
178	24	0.671000	3.710000	-6.486000	7.502169
178	5	3.574000	-2.370000	-5.876000	7.274459
178	11	-1.230000	-3.096000	-6.256000	7.087711
178	15	1.400000	-2.950000	-6.335000	7.127042
178	25	-4.090000	-0.940000	-6.190000	7.478489
179	4	0.250000	-2.740000	-7.101500	7.615865
179	6	-1.730000	0.590000	-7.251000	7.477834
179	22	1.020000	0.940000	-7.297000	7.427665
179	24	2.274000	1.390000	-7.412000	7.876606
179	5	4.605200	-1.400000	-5.786000	7.526331
179	11	0.840000	2.250000	-7.008000	7.408115
179	15	-2.300000	1.910000	-7.208300	7.803697
179	25	-1.800000	0.580000	-7.484910	7.720122
180	4	2.700000	0.170000	-6.912300	7.422856
180	6	-3.070000	-1.010000	-6.346100	7.121656
180	22	-1.030000	-0.140000	-7.403000	7.475621
180	24	-3.264800	-2.490000	-6.521000	7.706002
180	5	2.432000	-0.150000	-7.091520	7.498452
180	11	2.050000	0.356000	-6.987000	7.290227
180	15	0.610000	0.850000	-6.963600	7.041756
180	25	-1.780000	-0.430000	-7.671600	7.887125
181	4	3.110000	-1.730000	-6.419000	7.339520
181	6	0.650000	2.460000	-7.223000	7.658056
181	22	-3.440000	1.590000	-6.009000	7.104209
181	24	-1.604000	1.020000	-7.174000	7.421556
181	5	-3.364000	-1.750000	-6.444700	7.477510
181	11	1.960000	-2.005000	-6.858000	7.409034
181	15	0.750000	-1.710000	-6.919000	7.166531
181	25	-3.180000	0.730000	-6.860700	7.597006
182	6	-3.080000	0.360000	-6.511000	7.211735
182	22	-0.210000	-1.120000	-7.326000	7.414093
182	24	1.423000	0.270000	-7.072000	7.218796
182	5	1.334000	-1.280000	-7.253000	7.484916
182	11	1.430000	2.752000	-6.883000	7.549443
182	25	-2.010000	-0.570000	-7.180000	7.477794
183	6	-2.550000	2.460000	-6.415000	7.328460
183	22	-1.160000	-1.430000	-6.999000	7.237161
183	24	2.043000	3.320000	-6.354000	7.454500
183	5	-1.080000	2.960000	-6.604990	7.318053
183	11	-0.110000	1.689000	-7.303000	7.496575
183	25	-0.540000	0.440000	-7.687400	7.718894
184	6	-0.060000	-1.300000	-7.337000	7.451521
184	22	4.040000	3.360000	-4.948000	7.217611
184	24	0.150000	-3.310000	-6.499000	7.294902
184	5	-3.163000	2.690000	-6.029800	7.321145
184	11	2.980000	1.647000	-6.669000	7.487895
184	25	0.140000	-1.580000	-6.940100	7.119058
185	6	0.170000	1.680000	-7.021000	7.221201
185	22	0.750000	-3.230000	-6.582000	7.370083
185	24	-0.018000	1.180000	-7.294000	7.388854
185	5	-1.781000	-2.200000	-7.401000	7.923810
185	11	2.820000	1.620000	-6.490000	7.259263
185	25	-0.800000	1.860000	-7.235330	7.513295
186	0	2.082200	3.910000	-5.585000	7.128526
186	6	-0.880000	-1.340000	-7.189000	7.365577
186	22	2.240000	-0.130000	-7.289000	7.626534
186	24	2.410000	0.010000	-7.159000	7.553773
186	1	0.216100	-2.550000	-7.072100	7.520891
186	5	3.161000	-1.990000	-6.388700	7.400507
186	11	4.240000	0.174000	-6.043000	7.384154
186	25	3.550000	0.010000	-6.588000	7.483605
187	6	-2.580000	0.670000	-6.681000	7.193126
187	22	1.990000	1.210000	-7.268000	7.632039
187	24	1.123000	1.090000	-7.275000	7.441428
187	5	0.311000	-0.840000	-7.238000	7.293214
187	11	-2.580000	1.625000	-6.883000	7.528128
187	25	-1.850000	0.520000	-6.926700	7.188329
188	6	0.280000	-0.560000	-7.854000	7.878916
188	22	0.820000	1.100000	-7.371000	7.497602
188	24	1.230000	0.830000	-7.429000	7.575740
188	5	2.814000	-0.120000	-6.924000	7.474943
188	11	1.940000	-1.180000	-7.100000	7.454261
188	25	1.570000	0.450000	-6.934200	7.123941
189	6	-3.740000	0.470000	-6.158200	7.220244
189	22	-2.610000	1.040000	-6.735000	7.297529
189	24	3.026000	-0.950000	-7.043000	7.724184
189	5	2.742000	2.510000	-6.111700	7.153429
189	11	2.670000	-0.610000	-6.588000	7.134616
189	25	1.300000	-1.500000	-7.079200	7.352215
190	6	0.140000	0.650000	-7.420000	7.449732
190	22	-2.320000	-1.110000	-7.103000	7.554278
190	24	0.284000	0.940000	-7.583000	7.646316
190	5	-1.376000	-0.200000	-7.464000	7.592409
190	11	2.900000	-1.833000	-6.402000	7.263298
190	25	2.740000	2.710000	-6.647000	7.683379
191	6	-2.360000	-1.510000	-6.724000	7.284358
191	22	0.130000	0.040000	-7.573000	7.574221
191	24	3.790000	-2.080000	-5.994000	7.390435
191	5	-1.114000	-0.350000	-7.293000	7.385888
191	11	1.000000	0.969000	-6.954000	7.092043
191	25	3.610000	-0.820000	-6.550900	7.524546
192	6	-2.490000	0.920000	-6.970800	7.459125
192	22	3.140000	1.500000	-6.705000	7.554245
192	24	1.041000	0.810000	-7.345000	7.462493
192	5	-1.623100	0.710000	-7.138300	7.354854
192	11	3.500000	0.483000	-6.307000	7.229214
192	25	-0.420000	1.730000	-7.184500	7.401780
193	4	0.080000	3.180000	-6.397200	7.144436
193	6	0.870000	3.010000	-6.764000	7.454441
193	22	0.190000	0.030000	-7.416000	7.418494
193	24	0.933000	0.060000	-7.208000	7.268380
193	5	-2.466000	-0.780000	-6.872900	7.343454
193	11	0.750000	-1.503000	-7.282000	7.473221
193	15	-0.880000	2.400000	-6.592000	7.070280
193	25	-0.790000	2.020000	-6.964200	7.294147
194	4	-3.210000	-0.390000	-6.458400	7.222682
194	6	2.320000	2.420000	-6.387000	7.213360
194	22	0.850000	3.240000	-6.361000	7.189049
194	24	-0.032000	1.890000	-7.056000	7.304811
194	5	1.325200	0.460000	-7.151800	7.288072
194	11	5.090000	-0.230000	-5.354000	7.390962
194	15	-1.880000	-1.570000	-7.184000	7.590070
194	25	2.000000	0.560000	-7.366630	7.653812
195	6	-0.930000	0.770000	-7.300000	7.399176
195	22	-2.400000	1.610000	-6.842000	7.427319
195	24	-0.272000	0.120000	-7.219000	7.225119
195	5	-1.951000	3.330000	-6.473600	7.536763
195	11	3.790000	-3.210000	-6.129000	7.888779
195	25	-2.120000	-1.300000	-6.937200	7.369474
196	6	-1.240000	-1.110000	-7.413000	7.597517
196	22	-0.350000	1.340000	-7.123000	7.256392
196	24	0.198000	0.810000	-7.532000	7.578016
196	5	-3.334000	-1.010000	-6.405940	7.291894
196	11	-0.170000	-1.167000	-7.279000	7.373916
196	25	3.270000	-0.640000	-6.571300	7.367800
197	6	-4.410000	1.330000	-5.965900	7.537172
197	22	-1.620000	1.370000	-7.011000	7.324986
197	24	3.552000	0.130000	-6.712000	7.595034
197	5	-0.380700	-1.140000	-7.164300	7.264415
197	11	2.730000	-4.650000	-4.761000	7.193227
197	25	3.150000	1.960000	-6.258700	7.275674
198	6	-2.980000	-0.830000	-6.913100	7.573655
198	22	-2.120000	-3.780000	-5.954000	7.364300
198	24	3.650000	0.710000	-6.376000	7.381055
198	5	1.915000	0.190000	-7.078600	7.335523
198	11	1.250000	-0.710000	-7.398000	7.536379
198	25	-0.140000	0.830000	-7.316000	7.364262
199	6	-3.200000	0.340000	-6.810200	7.532226
199	22	1.490000	3.020000	-6.267000	7.114477
199	24	0.006000	2.160000	-6.844000	7.176766
199	5	0.908000	0.260000	-7.168100	7.230057
199	11	-2.520000	-0.540000	-6.666000	7.146856
199	25	-0.990000	-2.000000	-7.047000	7.391908
200	6	-0.470000	-2.430000	-6.960400	7.387352
200	22	-0.480000	-1.380000	-7.353000	7.496760
200	24	5.398000	-1.390000	-4.771000	7.337094
200	5	-4.437000	-0.020000	-6.008700	7.469394
200	11	2.120000	2.601000	-6.759000	7.546104
200	25	-2.920000	3.460000	-5.564000	7.173290
201	6	-1.600000	2.910000	-6.662300	7.444081
201	22	-0.950000	0.670000	-7.105000	7.199474
201	11	-0.930000	2.611000	-6.931000	7.464649
201	25	2.890000	-0.840000	-6.467000	7.133007
202	6	-1.220000	-3.020000	-6.295400	7.088079
202	22	0.430000	1.950000	-6.927000	7.209073
202	11	-2.060000	-1.080000	-6.893000	7.274850
202	25	2.120000	-2.370000	-6.445000	7.186746
203	6	-0.970000	0.850000	-7.345200	7.457571
203	22	2.060000	2.580000	-6.900000	7.649183
203	11	-2.490000	-2.010000	-6.961000	7.661313
203	25	-0.780000	1.610000	-7.110000	7.331616
204	6	-1.690000	0.600000	-7.175100	7.395820
204	22	3.970000	1.520000	-6.496000	7.763332
204	11	0.470000	0.493000	-7.548000	7.578671
204	25	0.020000	-0.560000	-7.071000	7.093169
205	6	1.400000	0.960000	-7.381000	7.573689
205	22	0.760000	-3.440000	-6.540000	7.428513
205	11	-2.500000	-0.310000	-6.917000	7.361453
205	25	3.550000	-0.590000	-6.481000	7.413094
206	6	-3.450000	1.040000	-6.416500	7.359047
206	22	0.410000	0.650000	-6.924000	6.966518
206	11	1.610000	0.060000	-7.340000	7.514739
206	25	2.460000	0.530000	-6.727200	7.182459
207	6	0.830000	3.470000	-6.825600	7.701858
207	22	-1.560000	1.420000	-7.048000	7.356922
207	11	-0.760000	-0.700000	-7.235000	7.308408
207	25	3.900000	-1.250000	-6.360400	7.564865
208	6	-0.230000	-1.700000	-7.922400	8.106005
208	22	0.440000	-1.990000	-7.164000	7.448261
208	11	-0.200000	-1.070000	-7.377000	7.456878
208	25	-2.070000	0.640000	-7.450200	7.758865
209	6	-3.210000	-0.380000	-6.285000	7.067512
209	22	0.830000	2.540000	-7.399000	7.866747
209	11	-2.280000	-2.360000	-7.098000	7.819821
209	25	1.680000	1.690000	-6.941240	7.338890
210	6	-0.040000	-2.870000	-7.071220	7.631556
210	22	1.420000	0.430000	-6.965000	7.121273
210	11	-0.450000	0.050000	-7.180000	7.194262
210	25	1.150000	-0.130000	-7.444100	7.533527
211	6	-1.180000	-1.840000	-7.254600	7.576755
211	22	-0.610000	1.660000	-7.262000	7.474245
211	11	0.500000	-3.780000	-6.340000	7.398243
211	25	-0.280000	-0.300000	-7.483800	7.495043
212	6	-3.570000	-0.030000	-6.261000	7.207352
212	22	0.670000	-3.770000	-6.106000	7.207290
212	11	-0.380000	-4.380000	-5.926000	7.378772
212	25	0.570000	2.350000	-6.889700	7.301737
213	6	-1.730000	1.760000	-7.209400	7.620102
213	22	1.500000	0.930000	-6.827000	7.051442
213	11	0.050000	2.234000	-7.369000	7.700352
213	25	0.340000	-2.320000	-6.878000	7.266697
214	6	2.220000	-0.750000	-7.311260	7.677592
214	22	-0.350000	-3.050000	-6.660000	7.333526
214	11	0.330000	-1.419000	-7.326000	7.469454
214	25	0.740000	-1.930000	-7.115200	7.409357
215	6	-2.020000	-3.600000	-5.995000	7.278765
215	22	2.760000	1.350000	-7.077000	7.715182
215	11	0.180000	-0.939000	-7.200000	7.263203
215	25	1.750000	0.470000	-7.342000	7.562299
216	6	-1.880000	1.330000	-7.300000	7.654626
216	20	-0.690000	-1.517000	-7.362300	7.548566
216	22	-1.700000	3.560000	-6.440000	7.552298
216	11	-0.690000	-3.500000	-6.618000	7.518246
216	21	-3.670000	3.722000	-5.214000	7.382952
216	25	3.360000	0.900000	-6.552700	7.418725
217	6	-2.710000	0.260000	-7.247800	7.742242
217	20	-1.170000	0.978000	-7.120000	7.281469
217	22	0.390000	-0.120000	-7.581000	7.591973
217	11	3.560000	-2.313000	-5.822000	7.205502
217	21	1.250000	1.553000	-7.092700	7.367544
217	25	0.290000	2.430000	-6.933600	7.352810
218	6	-0.110000	-2.940000	-6.967100	7.562816
218	20	-0.230000	5.479000	-5.507000	7.771704
218	22	0.590000	2.010000	-6.775000	7.091461
218	11	0.710000	-2.042000	-7.405000	7.714136
218	21	-2.420000	-0.370000	-6.918400	7.338771
218	25	0.200000	3.100000	-6.794500	7.470959
219	6	-3.870000	0.540000	-6.213300	7.339864
219	22	-3.360000	1.750000	-6.225000	7.287162
219	11	-2.970000	0.013000	-6.822000	7.440481
219	25	-1.470000	0.990000	-7.213000	7.427541
220	6	-2.300000	2.490000	-6.527300	7.354981
220	22	0.720000	-3.130000	-7.117000	7.808136
220	11	0.110000	-1.424000	-6.931000	7.076626
220	25	-1.780000	3.980000	-5.637800	7.126962
221	6	-1.000000	-2.840000	-6.380500	7.055238
221	22	-1.560000	-5.100000	-5.398000	7.588281
221	11	1.860000	-1.411000	-7.226400	7.594167
221	25	1.280000	2.040000	-6.756000	7.172415
222	6	-1.850000	-3.860000	-6.237400	7.564870
222	22	2.940000	0.930000	-6.961000	7.613411
222	11	0.070000	1.606600	-7.088000	7.268136
222	25	-3.260000	1.810000	-6.412220	7.417565
223	6	-0.950000	0.390000	-7.334000	7.405549
223	22	2.380000	-2.650000	-6.544000	7.450559
223	11	-0.690000	0.433600	-7.673000	7.716154
223	25	-0.940000	0.080000	-7.225000	7.286331
224	6	-0.790000	0.010000	-7.241000	7.283974
224	22	-4.750000	2.650000	-5.497000	7.733176
224	11	0.260000	1.919940	-7.056600	7.317744
224	25	0.930000	2.910000	-6.890000	7.536916
225	6	-1.440000	-0.390000	-7.508000	7.654787
225	22	-2.900000	0.750000	-7.165000	7.765934
225	11	3.570000	-0.612000	-6.495000	7.436697
225	25	0.780000	0.600000	-7.287000	7.353147
226	6	-1.010000	-2.790000	-6.939000	7.546782
226	22	1.050000	2.280000	-7.097000	7.527836
226	11	3.960000	2.896100	-5.694000	7.516025
226	25	0.540000	-0.590000	-7.458500	7.501261
227	6	-0.420000	2.250000	-7.102300	7.462008
227	22	0.840000	1.720000	-6.977000	7.234814
227	11	0.280000	-2.171000	-7.399100	7.716108
227	25	-0.840000	3.520000	-6.757900	7.665847
228	6	1.920000	2.470000	-6.639800	7.339908
228	22	-0.170000	-1.583000	-7.728000	7.890296
228	11	1.380000	1.420000	-7.286700	7.550947
228	25	0.840000	-1.860000	-7.093900	7.381641
229	6	1.690000	-1.550000	-6.636000	7.021047
229	22	-5.080000	-0.070000	-5.338000	7.369230
229	11	0.760000	-3.384000	-6.789600	7.624154
229	25	0.260000	1.920000	-7.458000	7.705567
230	6	1.190000	-1.600000	-7.374400	7.639233
230	22	-2.220000	0.600000	-7.015000	7.382318
230	11	0.270000	-2.347000	-7.169300	7.548521
230	25	-3.580000	-0.640000	-6.575700	7.514375
231	6	1.780000	-1.270000	-6.929000	7.265834
231	22	2.150000	3.720000	-5.918000	7.313250
231	11	1.930000	1.271600	-7.301400	7.658480
231	25	-1.960000	0.130000	-6.889600	7.164153
232	2	1.280000	0.690000	-6.888700	7.040503
232	6	-0.530000	-0.360000	-7.337000	7.364922
232	22	-1.550000	0.450000	-7.046000	7.228493
232	3	0.980000	-1.200000	-7.293000	7.455753
232	11	2.980000	-1.606000	-7.041700	7.813141
232	25	-3.430000	-2.480000	-6.001300	7.343766
233	2	3.960000	-0.530000	-5.929800	7.150177
233	6	-4.010000	0.520000	-6.154000	7.363574
233	22	-0.340000	-0.380000	-7.323000	7.340731
233	3	2.010000	1.300000	-6.930000	7.331780
233	11	-0.660000	1.041000	-7.083100	7.189547
233	25	-0.270000	-3.020000	-6.778100	7.425358
234	2	-1.760000	-0.160000	-7.077000	7.294322
234	6	2.810000	-2.890000	-6.762000	7.872283
234	22	-0.160000	2.530000	-7.015000	7.459003
234	3	1.100000	-0.150000	-7.449600	7.531868
234	11	-1.550000	-2.174000	-6.953700	7.448672
234	25	0.830000	-1.720000	-7.135500	7.386654
235	2	-0.020000	-1.120000	-7.440900	7.524745
235	6	-0.920000	-2.110000	-6.888890	7.263285
235	22	3.220000	0.490000	-6.473000	7.246256
235	3	-1.350000	-1.080000	-7.156700	7.362558
235	11	-0.650000	-0.776000	-7.688000	7.754355
235	25	-1.760000	-0.480000	-7.231000	7.457571
236	2	0.380000	-0.380000	-7.231200	7.251142
236	6	2.260000	0.900000	-6.958400	7.371359
236	22	-0.110000	1.120000	-7.249000	7.335837
236	3	1.210000	-3.080000	-6.576300	7.361944
236	11	3.650000	-1.225000	-6.421000	7.486813
236	25	-2.220000	-1.480000	-6.877500	7.376910
237	2	1.160000	-1.700000	-7.180300	7.469425
237	6	1.990000	0.430000	-7.154000	7.438059
237	22	-1.310000	-2.752000	-6.853000	7.500214
237	3	-1.210000	0.690000	-7.268000	7.400272
237	11	0.520000	2.195300	-7.155000	7.502251
237	25	0.090000	-1.610000	-7.040300	7.222605
238	2	-2.230000	1.280000	-7.083000	7.535263
238	6	1.220000	-0.210000	-7.495000	7.596547
238	22	-3.830000	-1.010000	-5.951000	7.148664
238	3	0.390000	3.360000	-6.746000	7.546537
238	11	4.920000	-3.999000	-3.681000	7.331314
238	25	-0.120000	0.370000	-7.415000	7.425195
239	2	-3.630000	1.640000	-6.485000	7.610632
239	6	-1.090000	3.780000	-6.408000	7.519240
239	22	0.340000	1.950000	-7.281000	7.545267
239	3	-4.450000	-0.060000	-5.988000	7.460713
239	11	1.320000	-0.598000	-7.087000	7.233642
239	25	1.960000	0.310000	-6.853600	7.135092
240	2	-0.660000	0.920000	-7.041000	7.131457
240	6	-1.420000	2.050000	-7.336000	7.748277
240	22	1.630000	2.700000	-6.681000	7.388008
240	3	-1.170000	-1.240000	-7.448000	7.640629
240	11	2.320000	1.869000	-6.576000	7.219372
240	25	2.270000	2.840000	-6.671500	7.597856
241	2	-4.940000	-0.050000	-5.482000	7.379595
241	6	-1.910000	-0.100000	-7.257000	7.504808
241	22	-0.810000	3.010000	-6.834000	7.511309
241	3	1.200000	1.550000	-7.206000	7.467860
241	11	2.860000	1.302000	-6.831000	7.519133
241	25	-0.610000	1.550000	-7.321000	7.508105
242	2	-0.400000	-5.470000	-4.925000	7.371331
242	6	0.910000	6.310000	-3.789000	7.416247
242	22	2.170000	1.730000	-6.873000	7.412147
242	3	0.060000	0.760000	-7.399000	7.438172
242	11	0.470000	2.579000	-6.926500	7.405980
242	25	-1.080000	-1.550000	-6.979200	7.230362
243	2	1.360000	-0.640000	-7.495700	7.644915
243	6	0.420000	0.040000	-7.146870	7.159312
243	22	-1.250000	-0.180000	-7.394000	7.501076
243	3	0.960000	-3.240000	-6.417000	7.252385
243	11	1.190000	0.855000	-7.374000	7.518178
243	25	3.580000	-1.420000	-6.441700	7.505218
244	2	2.330000	-0.960000	-7.323700	7.745133
244	6	1.130000	0.410000	-7.448800	7.545172
244	16	0.130000	0.960000	-7.457800	7.520457
244	22	4.110000	2.250000	-5.791000	7.449180
244	3	-1.500000	-2.250000	-6.974000	7.479918
244	11	2.470000	-0.451000	-7.083000	7.514865
244	17	-0.670000	-0.860000	-7.324700	7.405385
244	25	0.730000	1.730000	-7.022400	7.269106
245	2	-0.240000	0.680000	-7.518000	7.552504
245	6	-1.400000	0.840000	-7.041500	7.228300
245	16	-0.020000	-0.430000	-7.314000	7.326657
245	22	0.550000	1.430000	-7.000000	7.165710
245	3	-2.060000	-0.180000	-7.444000	7.725874
245	11	0.760000	0.451000	-7.435000	7.487338
245	17	0.340000	-2.870000	-6.828000	7.414451
245	25	1.800000	-1.630000	-6.964500	7.375714
246	2	2.720000	0.200000	-6.896000	7.415741
246	6	1.850000	2.470000	-6.690900	7.368280
246	22	0.930000	-1.492000	-7.419600	7.625053
246	3	-3.680000	-1.830000	-6.146200	7.393719
246	11	-1.070000	-4.368000	-5.593000	7.176766
246	25	1.950000	-0.870000	-6.970300	7.290026
247	2	1.000000	1.730000	-7.037000	7.315208
247	6	1.620000	-3.880000	-6.170300	7.466686
247	22	0.250000	0.940000	-7.578000	7.640169
247	3	-0.380000	0.090000	-7.468900	7.479102
247	11	0.550000	0.874000	-7.156000	7.230125
247	25	0.150000	1.440000	-7.088000	7.234352
248	2	-0.630000	-1.700000	-7.113000	7.340413
248	6	-0.250000	-0.580000	-7.285100	7.312427
248	22	3.730000	2.170000	-6.045000	7.427235
248	3	0.230000	-1.580000	-7.158400	7.334302
248	11	-1.940000	1.646000	-7.126000	7.566557
248	25	-0.030000	-0.970000	-7.154000	7.219523
249	2	-0.590000	4.490000	-5.668000	7.254959
249	6	0.340000	1.380000	-7.219000	7.357578
249	22	1.530000	1.460000	-6.929000	7.244553
249	3	-1.110000	1.930000	-7.176000	7.513453
249	11	4.100000	-0.133000	-6.067000	7.323672
249	25	2.000000	0.030000	-7.211400	7.483662
250	2	-0.180000	1.300000	-7.355700	7.471862
250	6	3.220000	-0.150000	-6.358000	7.128469
250	22	-2.340000	0.850000	-7.116000	7.538936
250	3	-2.930000	2.730000	-6.145500	7.335187
250	11	3.020000	-2.259000	-6.561000	7.567708
250	25	1.600000	-0.710000	-7.316000	7.522497
251	2	-1.280000	-2.760000	-6.840700	7.486733
251	6	2.230000	2.990000	-6.222300	7.254655
251	22	-0.110000	1.950000	-7.096000	7.359879
251	3	-2.100000	3.020000	-6.460600	7.434363
251	11	2.630000	1.493000	-6.577000	7.238983
251	25	1.090000	-0.650000	-7.002000	7.116081
252	2	-2.030000	1.450000	-6.470000	6.934284
252	6	1.490000	2.880000	-6.760400	7.497834
252	22	-0.770000	1.510000	-7.109000	7.308275
252	3	2.110000	0.840000	-7.040500	7.397725
252	11	1.580000	0.188000	-7.443900	7.612056
252	25	-1.680000	1.910000	-7.060000	7.504272
253	2	2.540000	-0.840000	-6.839300	7.343924
253	6	-0.370000	0.770000	-7.481200	7.529818
253	22	-3.770000	0.840000	-6.684000	7.719738
253	3	0.940000	-2.880000	-6.857600	7.496978
253	11	0.620000	-0.464000	-7.415000	7.455328
253	25	3.970000	-0.220000	-6.204000	7.368780
254	2	-0.880000	-2.900000	-6.989400	7.618144
254	6	1.620000	2.500000	-6.461400	7.115061
254	22	0.670000	-1.707000	-7.312000	7.538441
254	3	0.070000	2.740000	-6.712700	7.250713
254	11	2.700000	-1.260000	-6.742000	7.371035
254	25	1.970000	2.810000	-6.719360	7.544985
255	2	5.150000	-0.010000	-5.171000	7.298071
255	6	0.080000	-0.200000	-7.663700	7.666727
255	22	-0.380000	2.280000	-7.081000	7.448715
255	3	-1.030000	-0.960000	-6.909100	7.051111
255	11	3.070000	0.484000	-6.824000	7.498409
255	25	1.820000	1.900000	-6.563700	7.071390
256	2	-1.770000	0.020000	-7.332600	7.543230
256	6	-2.210000	-0.950000	-7.040500	7.440110
256	22	-0.760000	1.580000	-7.108000	7.321043
256	3	-5.070000	0.800000	-5.739900	7.700088
256	11	0.440000	1.017000	-7.331000	7.414273
256	25	3.970000	1.490000	-5.986600	7.336237
257	2	-0.420000	-2.670000	-6.875000	7.387214
257	6	0.260000	0.570000	-7.235000	7.262074
257	22	3.170000	-1.870000	-6.301000	7.297150
257	3	-0.490000	-2.090000	-6.879000	7.206167
257	11	-2.470000	-2.286000	-6.784000	7.572935
257	25	1.030000	1.140000	-7.435000	7.592083
258	2	0.630000	0.220000	-7.498700	7.528333
258	6	1.730000	-2.240000	-6.541000	7.127074
258	22	-0.510000	2.070000	-7.114000	7.426574
258	3	2.860000	-0.090000	-6.926600	7.494364
258	11	1.170000	-0.873000	-7.379000	7.522012
258	25	-0.550000	-2.270000	-7.088000	7.462918
259	2	-1.390000	-0.260000	-7.356000	7.490690
259	6	0.690000	-0.570000	-7.298000	7.352673
259	22	2.090000	0.730000	-6.910000	7.255970
259	3	0.540000	-2.250000	-6.788000	7.171544
259	11	1.720000	-1.172000	-7.275000	7.566876
259	25	1.860000	0.610000	-7.161000	7.423720
260	2	1.360000	-0.120000	-7.411100	7.535808
260	6	0.920000	1.570000	-7.114810	7.343829
260	22	-3.050000	3.580000	-5.592000	7.306803
260	3	3.440000	1.450000	-6.547400	7.536879
260	11	-0.500000	1.488000	-7.224000	7.392585
260	25	0.450000	2.920000	-7.046700	7.641000
261	2	-0.370000	-0.010000	-7.245000	7.254449
261	6	-0.590000	1.690000	-7.235730	7.453857
261	22	0.560000	-0.541000	-7.208000	7.249934
261	3	-0.800000	2.710000	-6.664800	7.239037
261	11	3.500000	-0.536000	-6.417000	7.329064
261	25	2.450000	-0.460000	-7.034000	7.462657
262	2	-0.910000	1.220000	-7.485000	7.638176
262	6	0.980000	-4.000000	-5.963000	7.246914
262	22	-1.340000	-1.506000	-7.289000	7.562616
262	3	-0.370000	-4.340000	-6.032300	7.440507
262	11	2.280000	0.395000	-7.062000	7.431438
262	25	-2.470000	0.170000	-6.901000	7.331685
263	2	0.390000	-4.920000	-6.270000	7.979436
263	6	-1.780000	1.200000	-6.584000	6.925132
263	22	-1.800000	0.692000	-7.122000	7.378465
263	3	1.610000	-4.220000	-6.141800	7.623792
263	11	-2.250000	0.549000	-6.838000	7.219567
263	25	0.660000	-0.420000	-7.288000	7.329867
264	2	-0.450000	1.870000	-7.035000	7.293190
264	6	-0.720000	-2.570000	-6.820700	7.324292
264	22	3.460000	1.560000	-6.106000	7.189467
264	3	1.820000	3.180000	-6.482600	7.446402
264	11	-1.960000	-0.252000	-7.531000	7.785953
264	25	1.360000	0.280000	-7.296000	7.426952
265	6	-3.210000	2.250000	-6.448000	7.546079
265	22	0.130000	2.000000	-7.262000	7.533495
265	11	-0.630000	-0.495000	-7.224000	7.268294
265	25	0.370000	0.490000	-7.399000	7.424433
266	6	-3.980000	0.430000	-6.409000	7.556493
266	22	-1.540000	2.280000	-7.065000	7.581835
266	24	-1.116000	-0.700000	-7.318000	7.435629
266	5	1.201000	1.580000	-7.155000	7.425148
266	11	1.310000	-2.830000	-6.668000	7.361197
266	25	0.000000	-1.740000	-7.117000	7.326615
267	6	-0.190000	-1.180000	-7.286000	7.383380
267	22	2.610000	-0.110000	-7.042000	7.510923
267	24	-2.100000	1.490000	-6.825000	7.294568
267	5	0.212000	-4.790000	-5.439000	7.250639
267	11	1.510000	-0.273100	-6.758000	6.930025
267	25	-3.300000	-0.120000	-7.042000	7.777799
268	6	-2.100000	0.580000	-7.046000	7.375128
268	22	-0.410000	-0.490000	-7.271000	7.299016
268	11	1.090000	-1.875000	-7.286000	7.601942
268	25	-1.270000	3.400000	-6.804000	7.711505
269	6	-1.510000	-1.660000	-7.002000	7.352802
269	22	3.130000	0.590000	-6.816000	7.523487
269	11	-1.940000	-3.608000	-5.707000	7.025035
269	25	0.600000	-1.440000	-7.252000	7.417891
270	6	0.420000	-0.550000	-7.285600	7.318392
270	22	-2.140000	1.510000	-6.756000	7.245912
270	11	-0.070000	-4.694000	-5.653000	7.348125
270	25	-1.340000	-1.140000	-7.162600	7.375503
271	6	-1.200000	2.750000	-6.590300	7.241171
271	22	0.020000	3.080000	-6.244000	6.962351
271	11	-0.130000	-2.459100	-7.066000	7.482809
271	25	-1.180000	-1.750000	-7.179600	7.483419
272	6	-0.970000	-2.710000	-6.699000	7.291200
272	22	1.800000	2.260000	-6.694000	7.290901
272	11	-0.100000	-1.807700	-7.084000	7.311692
272	25	2.620000	1.410000	-6.693600	7.325079
273	6	-3.780000	0.520000	-6.202000	7.281731
273	22	-3.230000	0.950000	-6.820000	7.605774
273	11	-0.030000	-1.074500	-7.332000	7.410376
273	25	0.050000	0.390000	-7.412800	7.423221
274	6	-3.330000	-1.870000	-6.030000	7.137696
274	22	-0.010000	-0.140000	-7.490000	7.491315
274	11	0.840000	-0.611000	-7.431700	7.503938
274	25	1.430000	1.550000	-7.152100	7.456536
275	6	0.500000	-0.470000	-7.344000	7.375991
275	22	-3.840000	3.110000	-5.360000	7.290219
275	11	0.750000	-0.889000	-7.381070	7.472149
275	25	3.630000	-2.000000	-6.157500	7.422379
276	6	2.960000	-0.300000	-6.399000	7.056827
276	8	2.890000	2.040000	-7.118000	7.948561
276	22	0.800000	0.930000	-7.431000	7.531578
276	9	-1.270000	-1.653000	-6.995000	7.298995
276	11	0.270000	2.005000	-7.181000	7.460542
276	25	2.010000	1.980000	-6.704900	7.274351
277	6	-0.810000	1.920000	-7.347000	7.636813
277	8	-2.300000	-0.267000	-7.003100	7.375954
277	22	-0.110000	2.590000	-7.383000	7.824889
277	9	2.177000	-2.886000	-6.523000	7.457738
277	11	3.960000	0.062000	-5.982000	7.174243
277	25	-0.120000	-0.900000	-7.258000	7.314572
278	6	1.070000	-2.870000	-6.474000	7.162016
278	8	-1.290000	2.091000	-7.271000	7.674883
278	22	-2.910000	-0.310000	-6.767000	7.372685
278	9	-1.170000	-1.209000	-7.228000	7.421224
278	11	1.540000	-3.726000	-6.081000	7.296111
278	25	0.410000	1.080000	-7.469000	7.557808
279	6	-3.790000	-2.590000	-5.485000	7.152442
279	8	-0.830000	-2.231000	-6.710600	7.120282
279	22	-2.730000	-1.500000	-7.019000	7.679145
279	26	3.754000	-0.110000	-6.324000	7.355107
279	9	-4.390000	0.989400	-5.974000	7.479284
279	11	0.420000	-0.918000	-7.314000	7.383341
279	25	-2.500000	-2.400000	-6.274800	7.168202
279	27	1.019000	-0.170000	-6.994900	7.070777
280	6	-3.540000	0.680000	-6.610500	7.529456
280	8	-1.290000	-2.383000	-7.213000	7.705203
280	22	-0.130000	2.980000	-6.754000	7.383347
280	9	-1.260000	-3.553000	-6.746000	7.727867
280	11	-1.870000	-1.321000	-6.955000	7.322156
280	25	-3.490000	-2.380000	-6.154000	7.464330
281	6	1.860000	0.200000	-7.202500	7.441479
281	8	0.720000	-3.896000	-6.630000	7.723608
281	22	-0.400000	2.470000	-6.965000	7.400819
281	9	-0.884000	-2.837000	-6.688000	7.318427
281	11	3.380000	-1.614000	-6.384000	7.401679
281	25	1.410000	0.000000	-7.136000	7.273967
282	4	0.220000	-3.550000	-6.734600	7.616150
282	6	0.500000	-3.390000	-6.443000	7.297558
282	8	-2.090000	-1.150000	-7.279000	7.659924
282	22	-2.140000	-0.410000	-7.393000	7.707409
282	9	1.003000	-1.341000	-7.284000	7.474018
282	11	-0.790000	-3.068000	-6.640000	7.357059
282	15	0.750000	0.830000	-7.409600	7.493569
282	25	0.890000	-0.090000	-7.226000	7.281159
283	4	-4.010000	-1.110000	-6.246300	7.505229
283	6	0.700000	0.140000	-7.395200	7.429575
283	8	-1.880000	3.044000	-6.597000	7.504715
283	22	3.690000	-0.720000	-6.392000	7.415670
283	9	-0.830000	2.628000	-7.134800	7.648572
283	11	2.750000	0.063000	-6.728000	7.268594
283	15	-0.240000	-1.110000	-7.276300	7.364390
283	25	0.740000	-2.770000	-6.869000	7.443364
284	4	2.700000	1.230000	-7.051100	7.649896
284	6	-2.820000	-2.390000	-6.314000	7.316495
284	8	-0.390000	2.522000	-7.128000	7.571061
284	22	-2.590000	0.100000	-7.411000	7.851180
284	9	-3.313000	-2.684000	-5.832000	7.224406
284	11	-0.990000	2.110000	-7.206000	7.573548
284	15	0.620000	-2.610000	-6.905200	7.407988
284	25	-0.250000	5.440000	-4.605700	7.132221
285	4	0.410000	0.680000	-7.326300	7.369204
285	6	-1.110000	-1.370000	-7.094700	7.310524
285	8	3.261000	-1.232000	-6.632900	7.493151
285	22	-0.280000	-1.600000	-7.291000	7.469744
285	9	0.153000	-3.221000	-6.422000	7.186121
285	11	3.010000	-1.599000	-6.515500	7.353138
285	15	1.540000	-0.510000	-7.022400	7.207344
285	25	-2.110000	1.790000	-7.019000	7.544704
286	4	-2.380000	-0.330000	-6.990400	7.391819
286	6	-2.810000	-0.820000	-6.701000	7.312448
286	8	1.160000	-2.809000	-6.956000	7.590917
286	22	-1.760000	-2.008000	-6.866000	7.366927
286	9	0.647000	0.261000	-7.381000	7.413899
286	11	3.430000	2.540000	-5.920000	7.298144
286	15	-1.100000	-0.950000	-7.266000	7.409943
286	25	-0.240000	-1.110000	-7.349000	7.436229
287	4	-1.900000	1.520000	-7.187000	7.587712
287	6	0.480000	1.430000	-7.156500	7.313740
287	8	-0.430000	-1.458000	-6.993000	7.156306
287	14	-0.480000	0.240000	-7.377600	7.397093
287	22	0.230000	0.740000	-7.562000	7.601601
287	7	0.260000	-2.310000	-7.182000	7.548829
287	9	1.236000	-0.197000	-7.007000	7.117904
287	11	2.510000	-0.560000	-7.124000	7.573974
287	15	4.080000	-2.160000	-5.779000	7.396543
287	25	1.040000	-0.800000	-7.168000	7.287100
288	4	-0.370000	-1.230000	-7.319800	7.431640
288	6	-1.570000	1.810000	-6.914000	7.317404
288	8	-2.170000	-1.493000	-7.104000	7.576593
288	14	2.290000	-0.370000	-7.004100	7.378239
288	22	1.910000	1.460000	-7.245000	7.633461
288	7	0.070000	-0.440000	-7.434000	7.447339
288	9	-0.553000	2.197000	-6.852000	7.216822
288	11	0.280000	-2.660000	-6.700620	7.214729
288	15	-0.440000	2.190000	-7.482000	7.808330
288	25	-0.470000	-0.500000	-7.447000	7.478550
289	4	-0.520000	3.290000	-6.766500	7.541885
289	6	-2.250000	-0.580000	-7.012000	7.386951
289	8	-3.370000	-1.856000	-6.502000	7.554975
289	14	-1.190000	4.780000	-5.528000	7.404275
289	22	2.300000	-1.440000	-6.813000	7.333524
289	7	-3.060000	-2.400000	-6.274000	7.381509
289	9	-0.445000	2.086000	-7.180000	7.490115
289	11	-1.530000	-2.938000	-6.748000	7.517197
289	15	-0.680000	2.130000	-7.088000	7.432297
289	25	-0.450000	0.170000	-7.497000	7.512417
290	4	-0.100000	-3.380000	-6.708200	7.512280
290	6	1.850000	-1.240000	-6.847000	7.200105
290	8	-0.180000	1.142000	-7.198000	7.290252
290	14	4.020000	0.430000	-6.328100	7.509337
290	22	-1.020000	-0.610000	-7.232000	7.329006
290	7	-3.760000	-0.340000	-6.421000	7.448654
290	9	-3.585000	-0.528000	-6.287000	7.256540
290	11	-0.510000	-1.780000	-7.007900	7.248390
290	15	-2.330000	0.410000	-6.829000	7.227188
290	25	-1.840000	-0.720000	-7.079000	7.349574
291	4	2.050000	-1.110000	-6.856800	7.242258
291	6	-0.770000	0.080000	-7.329700	7.370468
291	8	3.039000	-4.670000	-4.870000	7.400089
291	14	4.740000	-2.030000	-5.398000	7.465045
291	22	-1.720000	2.330000	-7.171000	7.733727
291	7	3.580000	0.020000	-6.777000	7.664498
291	9	-1.096000	-1.716000	-6.885000	7.179770
291	11	-1.470000	-1.230000	-7.288900	7.536701
291	15	-2.210000	-0.990000	-7.205000	7.601067
291	25	1.650000	1.680000	-6.783000	7.180111
292	4	0.640000	-0.570000	-7.311600	7.361657
292	6	0.030000	0.290000	-7.284700	7.290532
292	8	1.430000	-1.740000	-7.220000	7.563128
292	14	-0.580000	1.230000	-7.091400	7.220613
292	22	-1.560000	1.360000	-7.149000	7.442540
292	7	1.140000	3.520000	-6.290000	7.297541
292	9	0.847000	-0.272000	-7.398000	7.451295
292	11	1.700000	-3.090000	-6.504000	7.398656
292	15	0.160000	-0.520000	-7.546000	7.565588
292	25	1.930000	2.030000	-7.074900	7.609206
293	4	-3.680000	-1.570000	-6.130000	7.320123
293	6	1.650000	0.450000	-7.203900	7.404132
293	8	1.750000	0.852000	-7.083600	7.346141
293	22	0.550000	-3.230000	-7.136000	7.852254
293	9	0.678000	-2.661000	-6.801000	7.334453
293	11	0.720000	2.520000	-6.820000	7.306244
293	15	-3.280000	0.300000	-6.845000	7.596211
293	25	-1.840000	0.300000	-6.864000	7.112672
294	4	-3.080000	0.680000	-6.526280	7.248526
294	6	1.230000	1.430000	-6.878900	7.132816
294	8	0.520000	-1.164000	-7.344600	7.454425
294	22	2.130000	-2.370000	-6.906000	7.605698
294	9	1.830600	-4.480000	-5.342000	7.208222
294	11	-2.500000	-1.680000	-6.979200	7.601423
294	15	-0.120000	2.490000	-6.946000	7.379798
294	25	-1.420000	3.560000	-6.379000	7.441884
295	4	0.410000	0.030000	-7.342100	7.353600
295	6	-0.570000	-0.170000	-7.387800	7.411706
295	8	0.010000	1.519000	-7.188700	7.347440
295	22	-0.610000	1.300000	-7.723000	7.855369
295	9	-0.573000	-2.530000	-6.966500	7.433798
295	11	-1.140000	0.120000	-7.122000	7.213660
295	15	0.060000	-2.350000	-6.866000	7.257276
295	25	-1.060000	1.160000	-7.459000	7.622721
296	4	1.740000	4.940000	-5.246000	7.412942
296	6	0.040000	-1.990000	-7.162000	7.433434
296	8	1.602000	1.406000	-7.161300	7.471777
296	22	2.650000	1.850000	-6.769000	7.500957
296	9	0.861000	-3.680000	-6.630400	7.631902
296	11	4.410000	2.420000	-5.336000	7.333307
296	15	0.750000	-0.080000	-7.274000	7.313000
296	25	-0.520000	-2.100000	-6.996000	7.322869
297	4	-1.470000	-0.610000	-7.257900	7.430351
297	6	-0.910000	-1.730000	-7.060100	7.325709
297	8	-2.640000	0.671000	-7.322700	7.812924
297	22	0.030000	1.870000	-7.262000	7.498963
297	9	0.988000	-1.781000	-6.968000	7.259554
297	11	0.130000	-0.930000	-7.419200	7.478391
297	15	0.240000	1.070000	-7.636000	7.714337
297	25	-1.330000	2.370000	-6.783000	7.307181
298	4	-3.120000	-0.770000	-6.406000	7.166878
298	6	1.370000	1.700000	-7.406000	7.721123
298	8	-2.270000	-0.403000	-7.060000	7.426904
298	22	-1.240000	1.160000	-6.957000	7.161218
298	9	2.549000	0.749000	-6.728600	7.234118
298	11	-2.370000	0.070000	-6.939500	7.333380
298	15	0.820000	-0.190000	-7.197000	7.246055
298	25	-1.130000	-0.420000	-7.198000	7.298253
299	4	1.490000	1.430000	-7.147000	7.439396
299	6	-1.460000	0.290000	-7.192000	7.344424
299	8	-4.820000	0.262000	-5.364800	7.216795
299	22	-0.780000	-0.240000	-7.241800	7.287638
299	9	-4.527000	0.410000	-6.401400	7.851099
299	11	2.160000	0.380000	-7.141140	7.470333
299	15	1.490000	4.320000	-5.794000	7.379223
299	25	-1.800000	-0.890000	-7.252000	7.524866
300	4	-1.130000	0.960000	-7.527700	7.672338
300	6	1.060000	-0.640000	-7.064000	7.171701
300	8	-3.140000	-2.439000	-6.654000	7.751389
300	22	-1.870000	2.190000	-6.830000	7.412280
300	9	-0.136000	0.569000	-7.049700	7.073933
300	11	-1.100000	2.350000	-6.811000	7.288499
300	15	0.390000	1.630000	-7.311000	7.500648
300	25	0.740000	-0.470000	-7.200000	7.253172
301	4	1.780000	1.640000	-7.018000	7.423633
301	6	-0.510000	-0.140000	-7.221000	7.240341
301	8	-2.070000	0.595000	-7.405000	7.711871
301	22	-0.850000	-1.050000	-7.398000	7.520333
301	9	-2.096000	-0.662000	-7.282800	7.607275
301	11	-1.000000	1.340000	-7.161700	7.354288
301	15	1.950000	1.180000	-7.284300	7.632557
301	25	0.400000	-0.670000	-7.500000	7.540484
302	4	-1.690000	1.720000	-6.831000	7.244105
302	6	1.620000	0.220000	-7.256300	7.438191
302	8	-0.870000	-1.071900	-7.148000	7.280094
302	22	2.820000	-0.520000	-6.985600	7.551252
302	9	1.619300	0.525000	-7.479100	7.670378
302	11	-0.480000	-0.400000	-7.116230	7.143608
302	15	2.530000	2.640000	-6.478000	7.438749
302	25	-1.240000	2.390000	-7.179000	7.667316
303	4	-5.500000	0.440000	-4.626000	7.200241
303	6	0.880000	0.010000	-7.148700	7.202667
303	8	3.862000	-1.390000	-6.345400	7.557198
303	22	-2.230000	1.660000	-6.590000	7.152384
303	9	0.468000	-0.788000	-7.884500	7.937588
303	11	-1.250000	3.220000	-6.661100	7.503409
303	15	-0.490000	2.800000	-6.990900	7.546707
303	25	2.690000	1.460000	-6.758000	7.418778
304	4	2.050000	-1.630000	-7.010900	7.484124
304	6	2.320000	0.930000	-6.925000	7.362264
304	8	-4.819000	-1.457000	-5.553800	7.496019
304	22	2.110000	1.590000	-6.920000	7.407199
304	9	2.410260	-2.638000	-6.550000	7.461293
304	11	-1.310000	3.860000	-6.159900	7.386479
304	15	2.780000	0.690000	-7.175200	7.725801
304	25	1.610000	3.740000	-6.547000	7.709923
305	4	-3.470000	0.900000	-6.474800	7.400941
305	6	-0.110000	1.120000	-7.284000	7.370424
305	8	-0.429000	-1.030000	-7.187000	7.273095
305	22	-1.340000	-0.240000	-7.702700	7.822071
305	9	1.270000	-2.718000	-7.014200	7.628855
305	11	-0.510000	3.420000	-6.372000	7.249751
305	15	0.080000	0.300000	-7.397000	7.403513
305	25	-1.740000	2.760000	-6.494000	7.267547
306	4	1.710000	-1.590000	-7.286700	7.651679
306	6	3.738000	0.850000	-6.692000	7.712199
306	8	0.244000	-3.532000	-6.441100	7.349988
306	22	-0.420000	2.890000	-6.706000	7.314297
306	9	-0.266000	0.447000	-7.387000	7.405291
306	11	1.820000	1.180000	-6.931000	7.262476
306	15	-0.840000	2.030000	-6.919000	7.259412
306	25	-1.490000	0.600000	-7.370000	7.543010
307	4	-1.950000	-2.330000	-6.861000	7.503647
307	6	2.564000	-2.030000	-6.610000	7.374761
307	8	-1.736000	0.116000	-7.333300	7.536872
307	22	-2.340000	1.450000	-7.064300	7.581717
307	9	-2.285000	1.617000	-6.961900	7.503597
307	11	0.290000	0.270000	-7.173100	7.184035
307	15	0.520000	-0.320000	-7.305804	7.331274
307	25	-0.330000	4.000000	-6.144000	7.338776
308	4	-1.890000	0.120000	-7.058000	7.307658
308	6	-0.580000	-2.430000	-6.659000	7.112214
308	8	0.040000	2.484000	-6.892900	7.326932
308	22	-0.650000	4.880000	-5.233000	7.184789
308	9	-0.627000	0.282000	-7.271500	7.303928
308	11	3.890000	0.640000	-6.475000	7.580721
308	15	3.170000	-0.510000	-6.804310	7.523805
308	25	3.880000	1.200000	-5.961900	7.213782
309	4	-1.780000	0.060000	-7.179800	7.397400
309	6	-1.140000	-1.510000	-6.975000	7.227055
309	8	3.230000	3.528000	-5.400000	7.213854
309	22	-1.880000	0.770000	-6.992000	7.281165
309	9	-3.117000	1.967000	-6.832900	7.763588
309	11	1.930000	2.330000	-6.560000	7.224085
309	15	1.730000	0.650000	-7.087200	7.324193
309	25	0.640000	-0.430000	-7.346000	7.386353
310	4	-1.420000	-1.610000	-7.032800	7.353147
310	6	-0.090000	-4.770000	-5.517000	7.293716
310	8	-0.377000	-1.117000	-7.439400	7.532230
310	22	2.370000	2.810000	-6.492000	7.460500
310	9	0.316000	-2.444000	-6.856900	7.286293
310	11	-0.830000	1.760000	-7.136932	7.397452
310	15	-2.290000	3.290000	-6.358000	7.516140
310	25	1.570000	0.540000	-7.139000	7.329517
311	4	-0.710000	1.180000	-7.317000	7.445468
311	6	2.080000	0.070000	-7.047000	7.347891
311	8	1.352000	-2.128000	-6.820230	7.271301
311	22	1.830000	2.000000	-6.876000	7.391094
311	9	1.375000	-1.263000	-7.257530	7.493833
311	11	1.270000	0.370000	-7.359700	7.477632
311	15	1.120000	-0.170000	-7.686800	7.769826
311	25	-1.280000	0.450000	-7.170000	7.297246
312	4	2.940000	-0.030000	-7.177100	7.755982
312	6	1.044000	-2.330000	-6.983000	7.435128
312	8	1.527000	-1.942000	-6.968400	7.393355
312	22	-1.390000	3.150000	-6.620000	7.461836
312	9	-1.496000	0.569000	-6.999100	7.179776
312	11	3.450000	0.160000	-6.782000	7.610757
312	15	-1.740000	-1.450000	-7.008000	7.364928
312	25	-1.310000	2.550000	-6.740000	7.324357
313	4	2.860000	-2.890000	-6.014000	7.259469
313	6	1.008000	3.030000	-6.930000	7.630325
313	8	-0.824000	-3.350000	-6.826400	7.648609
313	22	-3.470000	1.340000	-6.245000	7.268874
313	9	-1.829000	2.045000	-6.599700	7.147259
313	11	-2.560000	-0.360000	-7.034500	7.494491
313	15	-1.760000	0.810000	-7.590260	7.833629
313	25	-0.350000	0.230000	-7.441000	7.452777
314	4	-1.930000	3.380000	-6.263000	7.373905
314	6	-3.480000	-2.480000	-6.159000	7.496271
314	8	3.060000	-3.180000	-6.040000	7.480481
314	22	-0.710000	0.910000	-7.513200	7.601340
314	9	-0.510000	0.572000	-7.172900	7.213722
314	11	0.650000	2.220000	-6.862040	7.241443
314	15	-1.930000	4.060000	-5.929000	7.440534
314	25	1.380000	0.990000	-7.242000	7.438485
315	4	-2.360000	1.610000	-6.417000	7.024214
315	6	-1.460000	1.650000	-7.195000	7.524767
315	8	2.260000	-0.170000	-6.558000	6.938578
315	22	-2.430000	0.540000	-6.886000	7.322124
315	9	3.087000	0.071000	-7.009900	7.659850
315	11	1.900000	-1.210000	-7.380700	7.716789
315	15	2.100000	0.720000	-7.169000	7.504862
315	25	0.360000	4.120000	-6.712000	7.883841
316	4	0.240000	0.870000	-7.254000	7.309926
316	6	-2.100000	-1.220000	-6.914000	7.328151
316	8	4.107000	-1.900000	-5.927000	7.456995
316	22	-1.400000	-0.390000	-7.434000	7.574725
316	9	1.629000	0.787000	-7.221240	7.444415
316	11	4.310000	1.460000	-6.257400	7.737102
316	15	2.120000	-0.520000	-7.335100	7.653005
316	25	2.540000	-0.730000	-6.758200	7.256567
317	4	2.380000	-2.020000	-6.330000	7.057882
317	6	-2.287000	-0.430000	-7.349000	7.708636
317	8	3.143000	0.830000	-6.677000	7.426283
317	22	2.330000	-0.370000	-7.087000	7.469362
317	9	1.088000	-2.614000	-6.920000	7.476840
317	11	-2.660000	0.850000	-7.306100	7.821585
317	15	2.120000	0.170000	-6.865000	7.186900
317	25	-1.680000	3.520000	-7.003000	8.015910
318	4	-0.150000	-0.510000	-7.400000	7.419070
318	6	2.952000	-3.730000	-5.681000	7.409519
318	22	1.270000	0.030000	-7.422300	7.530228
318	11	-1.470000	-1.800000	-7.262000	7.624798
318	15	0.250000	0.480000	-7.174000	7.194385
318	25	-0.830000	0.920000	-7.258000	7.363006
319	4	0.180000	-1.390000	-7.390000	7.521742
319	6	0.780000	-1.630000	-7.188000	7.411656
319	22	0.030000	1.660000	-7.473000	7.655209
319	24	-0.410000	0.780000	-7.373000	7.425472
319	5	0.490000	-2.200000	-7.412000	7.747118
319	11	-0.080000	-0.020000	-7.238000	7.238470
319	15	2.050000	2.010000	-6.835000	7.413489
319	25	-0.820000	1.280000	-7.214000	7.372421
320	4	0.500000	0.360000	-7.323000	7.348873
320	6	-0.930000	-1.130000	-7.062000	7.212049
320	22	-0.240000	-1.890000	-6.899000	7.157227
320	11	-0.530000	-0.510000	-7.409000	7.445420
320	15	0.530000	-1.050000	-7.461000	7.553140
320	25	-0.420000	2.150000	-7.234000	7.558416
321	4	-3.040000	-3.040000	-6.073000	7.440734
321	6	-0.100000	2.170000	-7.093000	7.418190
321	22	0.350000	1.240000	-7.176400	7.291146
321	11	1.540000	2.810000	-6.853300	7.565409
321	15	0.820000	0.700000	-7.637000	7.712728
321	25	-0.350000	0.530000	-7.374000	7.401302
322	4	-0.540000	-1.230000	-7.089000	7.215152
322	6	1.670000	-4.560000	-5.918000	7.655405
322	22	-0.440000	2.780000	-7.047300	7.588573
322	11	0.080000	1.340000	-7.169000	7.293597
322	15	2.220000	0.630000	-7.229000	7.588395
322	25	-0.320000	3.000000	-6.520000	7.184205
323	4	-2.140000	1.830000	-6.833000	7.390425
323	6	-1.060000	-2.740000	-6.930000	7.527025
323	22	0.410000	-0.500000	-7.382400	7.410663
323	11	-0.330000	1.390000	-7.596000	7.729180
323	15	-1.980000	2.360000	-6.827000	7.489855
323	25	1.760000	-1.700000	-7.019000	7.433301
324	4	-2.110000	-1.370000	-6.729000	7.183902
324	6	3.466000	1.290000	-6.134000	7.162626
324	22	-0.730000	0.030000	-7.498000	7.533512
324	11	0.600000	-0.730000	-7.376900	7.437174
324	15	-2.730000	-0.280000	-6.800000	7.332892
324	25	2.230000	-0.260000	-7.253000	7.592530
325	4	-0.270000	0.080000	-7.371000	7.376377
325	6	4.249000	0.690000	-6.241000	7.581569
325	22	0.340000	-1.400000	-7.232000	7.374105
325	11	-1.540000	2.810000	-6.779000	7.498169
325	15	-0.470000	0.820000	-7.672000	7.729999
325	25	3.340000	2.260000	-5.945200	7.183913
326	4	-1.770000	-2.660000	-6.836000	7.545820
326	6	0.230000	-1.120000	-7.528000	7.614334
326	22	-1.500000	-0.680000	-7.565300	7.742491
326	11	-0.780000	-1.230000	-7.343500	7.486541
326	15	3.560000	0.140000	-6.866000	7.735319
326	25	2.360000	0.220000	-6.966000	7.358203
327	4	-0.310000	0.050000	-7.413000	7.419647
327	6	-0.240000	-0.650000	-7.535000	7.566791
327	22	0.020000	-1.870000	-6.981000	7.227148
327	11	-2.200000	-0.500000	-7.213600	7.558176
327	15	2.530000	1.580000	-6.510000	7.160824
327	25	-0.720000	-0.240000	-7.231000	7.270719
328	4	0.190000	-2.610000	-6.892000	7.372100
328	6	0.340000	0.390000	-7.559800	7.577485
328	22	-3.420000	0.070000	-6.441000	7.292995
328	11	-1.760000	-1.140000	-7.555800	7.841385
328	15	2.350000	1.290000	-6.790000	7.300048
328	25	0.240000	-1.170000	-7.382000	7.477996
329	4	-1.040000	-1.140000	-7.037000	7.204205
329	6	1.570000	-1.820000	-7.007300	7.408074
329	22	-3.210000	-0.020000	-6.860000	7.573909
329	11	-2.130000	2.860000	-6.327400	7.263091
329	15	-3.520000	2.910000	-5.428000	7.093778
329	25	1.140000	0.920000	-7.204000	7.351436
330	4	-1.440000	-0.690000	-7.011000	7.190537
330	6	-1.530000	0.800000	-7.362000	7.561742
330	22	0.480000	-0.800000	-7.412000	7.470485
330	11	1.170000	-2.730000	-6.625000	7.260332
330	15	3.580000	-2.460000	-6.078000	7.470615
330	25	-1.090000	2.480000	-6.735000	7.259389
331	4	-2.230000	-0.330000	-6.906000	7.264615
331	6	3.183000	1.490000	-6.668000	7.537494
331	22	0.250000	-0.870000	-7.437000	7.491887
331	11	0.670000	2.410000	-6.529000	6.991770
331	15	-0.550000	2.970000	-6.733000	7.379478
331	25	3.330000	1.720000	-6.133800	7.188241
332	4	-3.760000	-1.730000	-6.484000	7.692383
332	6	0.520000	-2.150000	-7.325000	7.651701
332	22	1.360000	-2.360000	-6.848000	7.369824
332	11	-0.840000	-1.460000	-7.437000	7.625364
332	15	0.600000	1.520000	-7.467000	7.643722
332	25	1.250000	-1.610000	-7.304000	7.583074
333	4	-0.480000	2.780000	-6.876000	7.432239
333	6	4.259000	-0.280000	-6.349000	7.650313
333	22	-2.190000	-1.860000	-6.800000	7.382120
333	11	0.680000	-1.900000	-7.441900	7.710660
333	15	-0.170000	-0.720000	-7.517600	7.553914
333	25	4.010000	-2.140000	-6.082400	7.593108
334	4	-1.240000	-0.450000	-7.227600	7.346993
334	6	0.580000	0.170000	-7.319500	7.344411
334	22	-2.140000	-0.410000	-7.091000	7.418220
334	11	-1.170000	-0.860000	-7.286000	7.429286
334	15	0.760000	1.030000	-7.467400	7.576316
334	25	1.830000	2.540000	-7.136000	7.792496
335	4	1.460000	0.200000	-7.028600	7.181422
335	6	3.633000	-1.640000	-6.048000	7.243383
335	22	-2.250000	-2.010000	-6.348000	7.028492
335	11	1.180000	1.690000	-7.182800	7.472691
335	15	-1.910000	-0.570000	-7.764000	8.015778
335	25	-0.720000	1.730000	-7.488000	7.718902
336	4	2.130000	2.070000	-6.691000	7.320607
336	6	-2.640000	-1.080000	-6.844000	7.414603
336	22	-0.500000	0.930000	-7.308000	7.383885
336	11	-0.620000	-1.010000	-7.210710	7.307451
336	15	2.880000	0.710000	-6.884000	7.495863
336	25	-0.400000	5.050000	-5.137300	7.214870
337	4	0.070000	1.340000	-7.272000	7.394761
337	6	0.240000	-1.940000	-6.701000	6.980301
337	22	3.400000	-3.990000	-5.392000	7.520224
337	11	0.190000	-1.640000	-7.169200	7.356842
337	15	0.420000	0.600000	-7.243000	7.279935
337	25	2.530000	1.780000	-6.730000	7.406902
338	4	0.280000	-2.500000	-6.929000	7.371529
338	6	2.877000	0.040000	-6.779000	7.364345
338	22	-0.800000	-1.540000	-7.559000	7.755648
338	11	-2.080000	0.690000	-6.891900	7.231928
338	15	0.630000	-0.590000	-7.316000	7.366740
338	25	-2.080000	1.510000	-7.005000	7.461670
339	4	0.820000	1.950000	-7.349600	7.647975
339	6	1.240000	1.230000	-7.325000	7.530347
339	22	-2.690000	0.010000	-6.958000	7.459890
339	11	1.970000	1.450000	-6.958100	7.375538
339	15	-0.030000	-1.430000	-7.238000	7.377970
339	25	-2.220000	0.230000	-7.109000	7.451119
340	4	-1.250000	0.620000	-7.028000	7.165172
340	6	3.429000	-2.440000	-5.670000	7.061200
340	22	-0.690000	-0.090000	-7.513000	7.545155
340	11	-0.890000	3.040000	-6.784600	7.487623
340	15	-1.140000	0.350000	-7.267000	7.364196
340	25	-1.780000	2.250000	-7.051000	7.612326
341	4	-0.540000	-2.090000	-7.550000	7.852528
341	6	-3.460000	-2.710000	-5.914000	7.368249
341	22	-1.890000	-1.220000	-7.029000	7.380199
341	11	-3.500000	-3.460000	-5.643100	7.487735
341	15	-0.900000	1.180000	-7.287000	7.436583
341	25	-1.200000	2.670000	-6.553000	7.177096
342	4	-0.980000	-0.250000	-7.377000	7.446008
342	6	1.570000	0.400000	-7.291300	7.469134
342	22	-0.400000	-0.880000	-7.398000	7.460885
342	11	-1.340000	-1.760000	-7.088500	7.425633
342	15	-2.470000	-2.910000	-6.215000	7.293506
342	25	4.260000	-2.320000	-5.325000	7.203168
343	4	-0.970000	-2.170000	-7.039000	7.429490
343	6	1.970000	-1.350000	-7.366000	7.743472
343	22	-0.170000	-3.280000	-6.467000	7.253233
343	11	0.020000	-3.060000	-6.939400	7.584146
343	15	0.480000	-0.800000	-7.265000	7.324659
343	25	-0.270000	-0.380000	-7.439000	7.453591
344	4	1.870000	-0.070000	-7.101000	7.343433
344	6	0.270000	3.500000	-6.357000	7.261842
344	22	-1.250000	1.910000	-7.166000	7.520782
344	11	-1.280000	1.700000	-6.983700	7.300717
344	15	-1.370000	2.100000	-6.877000	7.319838
344	25	2.130000	-2.120000	-6.568400	7.223239
345	4	0.350000	-3.060000	-6.672000	7.348584
345	6	-0.090000	-4.050000	-6.297000	7.487510
345	22	-0.210000	-0.900000	-7.334000	7.391999
345	11	0.740000	-0.930000	-7.346810	7.442319
345	15	-2.440000	1.260000	-7.103000	7.615367
345	25	0.590000	0.450000	-7.283000	7.320703
346	4	-1.100000	-0.190000	-7.229000	7.314680
346	6	-2.950000	-0.260000	-6.807000	7.423298
346	22	2.150000	1.620000	-6.785000	7.299529
346	11	-2.930000	-3.040000	-6.167000	7.473847
346	15	-3.200000	-0.630000	-6.810000	7.550695
346	25	1.150000	-1.320000	-7.155000	7.366066
347	4	0.530000	1.750000	-7.078000	7.310368
347	6	-1.490000	-2.340000	-6.843400	7.384296
347	22	-1.040000	0.480000	-7.531000	7.617609
347	11	-2.850000	-0.900000	-6.524000	7.176007
347	15	-0.770000	-0.850000	-7.142000	7.233503
347	25	0.490000	1.680000	-7.419000	7.622602
348	4	3.490000	0.450000	-6.641000	7.515682
348	6	-2.110000	-1.410000	-6.734000	7.196315
348	22	1.920000	1.600000	-7.038000	7.468590
348	11	-1.490000	-0.800000	-6.868000	7.073155
348	15	0.760000	1.490000	-7.252000	7.442392
348	25	0.930000	-3.600000	-6.490520	7.480090
349	4	0.380000	2.500000	-6.766000	7.223099
349	6	-0.730000	-4.000000	-5.845000	7.120177
349	22	-2.170000	1.450000	-6.898000	7.375216
349	11	1.280000	-1.590000	-7.126000	7.412582
349	15	0.050000	1.290000	-7.373000	7.485167
349	25	0.030000	-2.940000	-6.844000	7.448814
350	4	3.820000	-1.710000	-5.972000	7.292550
350	6	-2.100000	-1.810000	-6.564200	7.125645
350	22	-2.060000	4.200000	-5.584000	7.284549
350	11	-0.880000	-1.670000	-6.973500	7.224472
350	15	1.390000	-0.320000	-7.257000	7.395847
350	25	-1.060000	0.230000	-7.305000	7.385088
351	4	1.260000	0.310000	-7.276100	7.390895
351	6	-0.870000	-2.440000	-7.067300	7.527100
351	22	-1.340000	0.130000	-7.627000	7.744910
351	11	1.190000	1.090000	-7.335600	7.511007
351	15	4.670000	-1.960000	-5.322000	7.346712
351	25	1.870000	-1.160000	-6.948200	7.288346
352	4	3.330000	-0.310000	-7.103000	7.850962
352	6	-3.820000	-2.670000	-5.297000	7.055460
352	22	-0.330000	1.320000	-7.110000	7.239019
352	11	2.730000	-0.920000	-6.623300	7.222701
352	15	0.550000	-0.190000	-7.762000	7.783781
352	25	2.010000	-5.340000	-4.757000	7.428644
353	4	1.320000	1.130000	-7.116500	7.325563
353	6	-0.290000	0.070000	-7.454100	7.460068
353	22	2.200000	-1.960000	-6.650000	7.273520
353	11	-1.430000	-4.160000	-6.060000	7.488264
353	15	3.030000	0.580000	-6.897000	7.555522
353	25	-1.880000	-3.120000	-6.087150	7.093814
354	4	-3.200000	3.050000	-5.999000	7.451879
354	6	-1.000000	-3.320000	-6.758200	7.595766
354	22	-1.060000	-0.040000	-7.396000	7.471681
354	11	1.110000	-4.442000	-5.489000	7.147908
354	15	1.860000	-1.420000	-6.963000	7.345704
354	25	2.870000	0.920000	-6.552800	7.212662
355	4	-1.210000	1.910000	-7.189000	7.536174
355	6	-2.580000	-1.350000	-6.790900	7.388858
355	22	0.500000	-0.720000	-7.251000	7.303794
355	11	-1.300000	-1.930000	-7.022000	7.397526
355	15	-3.210000	-2.570000	-6.216000	7.453030
355	25	-0.690000	3.440000	-6.423350	7.319093
356	4	-1.360000	2.190000	-7.101000	7.554462
356	6	2.270000	-1.380000	-6.794500	7.295377
356	22	-1.130000	-0.340000	-7.401000	7.494485
356	11	1.450000	-2.690000	-6.716000	7.378567
356	15	-1.450000	-0.880000	-7.218000	7.414609
356	25	1.480000	1.610000	-7.005700	7.339096
357	4	2.870000	-0.730000	-6.609000	7.242146
357	6	-3.450000	0.180000	-6.529300	7.386925
357	22	1.000000	-0.340000	-7.348000	7.423524
357	11	1.470000	1.680000	-6.717000	7.078233
357	15	0.260000	-0.810000	-7.421700	7.470297
357	25	-0.210000	4.080000	-6.987200	8.093915
358	4	0.710000	-2.440000	-6.789000	7.249015
358	6	1.120000	-0.890000	-7.305600	7.444346
358	22	-0.140000	2.480000	-7.046000	7.471018
358	11	0.910000	-3.190000	-6.698100	7.474540
358	15	3.480000	0.830000	-6.051000	7.029502
358	25	1.910000	-1.320000	-7.277600	7.638976
359	4	-1.610000	1.070000	-7.139000	7.396102
359	6	-2.290000	-0.990000	-7.381600	7.791805
359	22	3.170000	0.110000	-6.566000	7.292006
359	11	-3.150000	-1.190000	-6.326000	7.166371
359	15	-0.260000	-3.510000	-6.668000	7.539889
359	25	4.990000	2.330000	-4.651000	7.208384
360	4	-1.610000	1.310000	-7.202000	7.495132
360	6	-0.930000	2.090000	-7.001400	7.365637
360	22	2.180000	-1.970000	-6.975000	7.568614
360	11	1.180000	-0.770000	-7.294510	7.429346
360	15	-1.630000	-1.160000	-6.898900	7.183128
360	25	0.950000	1.160000	-7.232000	7.385792
361	4	-1.070000	-1.990000	-7.181000	7.528065
361	6	-2.700000	-1.960000	-7.027500	7.779290
361	22	3.190000	-0.690000	-6.486000	7.260881
361	11	-0.510000	2.410000	-6.575110	7.021415
361	15	1.390000	-0.530000	-7.232100	7.383513
361	25	1.680000	0.110000	-6.999400	7.199035
362	4	0.760000	-2.070000	-7.158000	7.489958
362	6	2.280000	0.490000	-7.506100	7.860028
362	22	0.330000	2.430000	-6.664000	7.100894
362	11	0.350000	-1.690000	-7.232100	7.435178
362	15	2.830000	-4.020000	-5.859000	7.648345
362	25	2.340000	1.160000	-7.169500	7.630395
363	4	-2.090000	-4.280000	-6.035000	7.688155
363	6	-0.740000	1.730000	-7.332600	7.570173
363	22	-0.510000	1.530000	-7.293000	7.469193
363	11	-4.530000	0.670000	-5.402000	7.081766
363	15	2.420000	0.350000	-6.746610	7.176047
363	25	-3.050000	2.080000	-6.123860	7.150564
364	4	-1.980000	-0.560000	-7.027000	7.322071
364	6	-1.640000	1.500000	-6.961600	7.307768
364	22	-2.370000	0.650000	-7.083000	7.497219
364	11	-0.790000	-1.170000	-7.069000	7.208589
364	15	-0.120000	-0.670000	-7.303300	7.334950
364	25	0.610000	-2.140000	-7.176000	7.513100
365	4	2.330000	-1.040000	-6.693000	7.162873
365	6	-2.120000	1.760000	-7.012000	7.533933
365	22	-1.330000	-0.520000	-7.304500	7.442783
365	11	3.480000	-2.060000	-5.937000	7.183451
365	15	3.720000	1.170000	-6.499000	7.579202
365	25	-1.610000	2.070000	-6.845590	7.330696
366	4	3.290000	-0.320000	-6.417000	7.218337
366	6	-2.380000	-0.180000	-7.134300	7.522967
366	22	1.640000	-0.160000	-7.224000	7.409546
366	11	-1.180000	1.420000	-7.231000	7.462986
366	15	0.620000	2.120000	-7.178600	7.510732
366	25	-0.970000	-1.360000	-7.467200	7.651769
367	4	-1.430000	2.860000	-6.692000	7.416695
367	6	1.280000	-1.140000	-7.068000	7.272869
367	22	-0.460000	-2.800000	-6.997000	7.550471
367	11	0.770000	2.100000	-7.062000	7.407749
367	15	0.440000	0.920000	-7.297000	7.367918
367	25	-0.970000	3.350000	-6.941000	7.767939
368	4	0.630000	-1.030000	-7.154000	7.255172
368	6	-0.390000	-0.210000	-7.119700	7.133465
368	22	-1.350000	0.730000	-7.284200	7.444123
368	11	-0.140000	1.140000	-7.267500	7.357700
368	15	-0.310000	-1.790000	-7.343200	7.564574
368	25	-0.500000	-2.170000	-7.094800	7.436067
369	4	0.540000	-0.550000	-7.123000	7.164582
369	6	-1.750000	0.410000	-7.293400	7.511610
369	22	-0.140000	0.590000	-7.500000	7.524473
369	11	-2.300000	-0.510000	-6.688000	7.090800
369	15	2.670000	-0.680000	-6.211000	6.794691
369	25	-1.530000	-0.840000	-7.311100	7.516561
370	4	3.300000	-1.770000	-6.257000	7.291978
370	6	-2.080000	-4.690000	-4.986000	7.154208
370	14	0.110000	2.120000	-7.041000	7.354059
370	22	1.370000	-0.110000	-7.357000	7.484280
370	7	3.170000	-0.940000	-6.659520	7.435167
370	11	3.180000	0.830000	-6.827000	7.576888
370	15	-0.050000	-1.100000	-7.419300	7.500567
370	25	0.820000	-0.230000	-7.571100	7.618849
371	4	2.740000	-4.080000	-5.394000	7.297207
371	6	0.010000	-2.930000	-6.936500	7.529942
371	14	-0.240000	-1.410000	-7.117000	7.259297
371	22	-1.670000	1.050000	-7.233000	7.497179
371	7	-4.020000	-0.820000	-6.123500	7.370892
371	11	-2.170000	1.420000	-6.943000	7.411515
371	15	1.470000	0.040000	-7.575000	7.716419
371	25	-2.870000	-1.720000	-6.582000	7.383632
372	4	-1.590000	2.040000	-6.964000	7.428795
372	6	-0.860000	-1.580000	-7.220100	7.440823
372	14	0.360000	-2.190000	-7.457000	7.780267
372	22	-0.600000	1.220000	-7.750200	7.868545
372	7	-2.580000	-0.110000	-6.734400	7.212534
372	11	3.330000	-0.370000	-6.629000	7.427613
372	15	0.290000	0.230000	-7.421000	7.430225
372	25	1.870000	1.220000	-7.106000	7.448526
373	4	-1.810000	2.640000	-6.652000	7.382060
373	6	-0.710000	1.460000	-7.109370	7.292382
373	14	0.070000	-2.600000	-6.935000	7.406695
373	22	2.310000	1.930000	-6.709000	7.353345
373	7	-2.200000	-1.440000	-6.774900	7.267246
373	11	1.760000	-0.180000	-7.210900	7.424761
373	15	-1.990000	-1.290000	-6.982300	7.374057
373	25	-0.630000	0.120000	-7.312000	7.340071
374	4	0.300000	2.310000	-6.868000	7.252277
374	6	-1.020000	2.930000	-6.508000	7.209672
374	14	-0.610000	-3.790000	-6.214000	7.304108
374	22	-1.630000	-1.570000	-6.957000	7.315849
374	7	-0.660000	-0.190000	-7.263500	7.295898
374	11	-1.040000	0.040000	-7.335200	7.408668
374	15	0.020000	1.830000	-7.208080	7.436781
374	25	2.430000	0.920000	-6.632000	7.122831
375	4	-1.980000	-1.540000	-7.176000	7.601775
375	6	0.420000	1.440000	-7.208500	7.362912
375	22	-1.060000	-1.550000	-7.202200	7.442969
375	11	-0.220000	-2.810000	-6.851800	7.408891
375	15	-1.890000	-0.420000	-6.863900	7.131734
375	25	-1.200000	-1.630000	-6.981000	7.268512
376	4	2.340000	0.170000	-7.005000	7.387457
376	6	-1.360000	0.360000	-7.308000	7.442181
376	22	-0.940000	-3.750000	-6.553000	7.608410
376	11	1.620000	1.540000	-7.001700	7.349817
376	15	0.170000	-2.750000	-6.830000	7.364801
376	25	-0.430000	1.300000	-7.450000	7.574787
377	4	0.200000	-1.950000	-7.029000	7.297215
377	6	-0.210000	1.000000	-7.249300	7.320960
377	22	-1.170000	-0.500000	-7.883600	7.985615
377	11	1.760000	-0.120000	-6.988400	7.207616
377	15	1.570000	-2.040000	-7.049000	7.504325
377	25	0.230000	-0.790000	-7.699000	7.742842
378	4	-2.360000	-2.120000	-6.746000	7.454698
378	6	-1.980000	-2.950000	-6.401400	7.321258
378	22	-2.240000	-3.869000	-6.197000	7.641307
378	11	1.230000	-2.410000	-7.007200	7.511448
378	15	0.570000	1.610000	-7.340800	7.536866
378	25	0.260000	-0.280000	-7.411800	7.421643
379	4	-4.060000	-0.100000	-5.853000	7.123988
379	6	0.420000	0.060000	-7.466800	7.478844
379	22	0.920000	-1.540000	-7.334000	7.550202
379	11	0.820000	2.850000	-6.819000	7.435971
379	15	2.380000	-1.020000	-6.855000	7.327744
379	25	-0.680000	1.800000	-7.512000	7.754518
380	4	2.820000	-0.500000	-6.981000	7.545645
380	6	-0.760000	-3.260000	-6.501300	7.312462
380	22	1.100000	-2.310000	-6.966100	7.421095
380	11	4.560000	1.780000	-5.426000	7.307768
380	15	-3.420000	0.340000	-6.568700	7.413489
380	25	1.520000	-0.070000	-7.148000	7.308160
381	4	2.410000	-0.350000	-6.691000	7.120399
381	6	-1.350000	1.630000	-7.023800	7.335746
381	22	-1.680000	1.560000	-7.172340	7.529838
381	11	0.650000	-4.580000	-5.628000	7.285141
381	15	0.660000	-1.830000	-7.328400	7.582213
381	25	1.280000	0.780000	-7.587000	7.733652
382	4	-0.160000	0.950000	-7.346000	7.408901
382	6	1.810000	3.170000	-6.600600	7.542740
382	22	-0.220000	1.180000	-7.192900	7.292367
382	11	0.400000	1.460000	-7.292400	7.447865
382	15	-0.550000	-0.950000	-7.380300	7.461490
382	25	-0.350000	0.510000	-7.404000	7.429792
383	4	0.270000	-2.000000	-7.110600	7.391450
383	6	1.110000	-0.680000	-7.223400	7.339755
383	12	-1.490000	2.010000	-7.085350	7.514146
383	22	-2.720000	2.220000	-6.424000	7.320832
383	11	0.560000	-1.800000	-7.296200	7.535790
383	13	-0.220000	0.640000	-7.102000	7.134172
383	15	3.520000	1.050000	-6.209000	7.214193
383	25	2.720000	-1.490000	-7.013900	7.668983
384	4	2.580000	0.920000	-6.966900	7.486020
384	6	-0.260000	2.660000	-6.906130	7.405257
384	12	0.220000	1.460000	-7.269000	7.417436
384	11	0.280000	-1.760000	-7.388700	7.600585
384	15	-1.030000	-4.350000	-5.943000	7.436575
384	25	0.380000	-4.000000	-6.262000	7.440231
385	4	0.660000	-2.020000	-7.033000	7.347046
385	6	3.110000	-0.560000	-6.561100	7.282426
385	12	-2.420000	-1.240000	-7.234300	7.728460
385	11	0.900000	-1.430000	-7.134700	7.332042
385	15	2.840000	-1.380000	-6.602700	7.318856
385	25	3.240000	0.510000	-6.855000	7.599258
386	4	3.510000	-1.970000	-6.078000	7.289930
386	6	3.249000	3.310000	-5.828000	7.448334
386	12	2.010000	3.380000	-6.409000	7.519294
386	11	1.740000	0.870000	-7.329000	7.582792
386	15	-2.720000	-2.610000	-6.526000	7.536523
386	25	-1.740000	-0.250000	-6.866000	7.087458
387	4	0.000000	1.540000	-7.222300	7.384661
387	6	2.800000	-1.760000	-6.686200	7.459415
387	12	-3.610000	0.140000	-6.561000	7.489888
387	11	-0.180000	-0.130000	-7.362700	7.366047
387	15	2.020000	1.930000	-7.012140	7.548206
387	25	-0.220000	1.240000	-7.038300	7.150082
388	4	-2.260000	-0.140000	-7.534490	7.867385
388	6	0.150000	0.640000	-7.379980	7.409197
388	12	1.880000	0.460000	-6.724200	6.997204
388	11	4.330000	-0.930000	-6.259000	7.667391
388	15	2.160000	-3.350000	-6.779700	7.864632
388	25	-0.960000	2.380000	-6.876100	7.339397
389	4	-3.500000	3.780000	-5.475000	7.517581
389	6	0.560000	1.030000	-7.119320	7.215207
389	12	-0.390000	-0.680000	-7.225600	7.267998
389	11	-0.280000	0.240000	-7.484000	7.493081
389	15	3.500000	-2.640000	-6.200000	7.593392
389	25	-3.060000	2.550000	-6.360000	7.504379
390	4	1.470000	-0.770000	-7.111900	7.302939
390	6	-2.160000	-0.760000	-7.274230	7.626114
390	12	-3.020000	1.500000	-6.247000	7.098972
390	11	0.670000	-2.370000	-6.897000	7.323552
390	15	2.900000	-0.320000	-7.005200	7.588493
390	25	0.890000	-0.760000	-7.091000	7.186931
391	4	-0.350000	0.430000	-7.116000	7.137567
391	6	-3.100000	0.600000	-6.741400	7.444224
391	12	-4.090000	-1.200000	-5.867000	7.251882
391	11	2.790000	2.090000	-6.747000	7.594354
391	15	1.910000	-1.530000	-6.831400	7.256516
391	25	1.870000	0.880000	-7.085300	7.380567
392	4	-1.160000	-0.380000	-7.239000	7.341193
392	6	-1.100000	0.660000	-7.526500	7.635038
392	12	0.020000	-1.800000	-7.050570	7.276739
392	11	-0.190000	-0.280000	-7.547900	7.555481
392	15	2.080000	-1.640000	-7.045200	7.526675
392	25	2.580000	-0.540000	-7.082800	7.557384
393	4	-0.720000	-1.420000	-7.509400	7.676320
393	6	-0.520000	0.590000	-7.518000	7.559023
393	12	-2.250000	1.330000	-6.708000	7.199213
393	11	1.780000	-4.170000	-6.364000	7.813949
393	15	0.430000	2.370000	-7.180400	7.573635
393	25	0.470000	2.170000	-7.163300	7.499511
394	4	-1.030000	-0.230000	-7.276400	7.352537
394	6	0.030000	-0.880000	-7.265500	7.318660
394	12	-0.350000	-0.930000	-7.459900	7.525790
394	11	0.390000	-2.010000	-7.445000	7.721413
394	15	2.400000	0.710000	-7.465500	7.873868
394	25	0.200000	-1.850000	-7.221000	7.456899
395	4	0.170000	4.000000	-6.292000	7.457759
395	6	-3.240000	-2.200000	-6.278500	7.399808
395	12	1.810000	-2.300000	-6.937000	7.529148
395	11	-2.160000	-0.770000	-6.909000	7.279614
395	15	2.020000	0.800000	-7.159600	7.481997
395	25	0.120000	0.840000	-7.306300	7.355408
396	4	3.350000	-0.600000	-6.605000	7.430244
396	6	-0.800000	-1.050000	-6.997400	7.120822
396	12	-1.780000	0.780000	-6.970000	7.235862
396	11	0.110000	3.280000	-6.574000	7.347651
396	15	-0.110000	-0.800000	-7.544200	7.587296
396	25	1.920000	-1.420000	-7.409000	7.784348
397	4	1.460000	-3.290000	-6.521000	7.448432
397	6	-1.260000	-1.230000	-7.003800	7.221753
397	12	0.920000	0.610000	-7.315000	7.397819
397	11	-0.590000	2.800000	-6.885000	7.455959
397	15	2.650000	1.140000	-6.948200	7.523269
397	25	2.550000	-0.240000	-7.145400	7.590576
398	4	-0.830000	-1.260000	-7.340900	7.494352
398	6	-1.470000	0.040000	-7.163900	7.313273
398	12	0.460000	1.050000	-7.388000	7.476406
398	11	2.110000	-0.240000	-7.288600	7.591666
398	15	4.150000	-0.010000	-6.025700	7.316533
398	25	-0.110000	-2.110000	-7.396400	7.692264
399	4	2.470000	-0.590000	-6.753500	7.215176
399	6	-0.320000	0.380000	-7.244300	7.261314
399	12	-2.210000	-0.600000	-7.008000	7.372663
399	11	1.440000	-1.100000	-7.149300	7.375371
399	15	1.170000	-0.800000	-7.084000	7.224400
399	25	4.950000	-1.280000	-5.543000	7.540938
400	4	-0.830000	-1.820000	-7.284800	7.554443
400	6	-1.200000	0.790000	-7.324300	7.463878
400	12	-4.570000	1.870000	-5.444000	7.349758
400	11	0.040000	-2.660000	-7.012000	7.499690
400	15	2.760000	-0.330000	-6.796800	7.343228
400	25	1.060000	0.210000	-7.075900	7.157937
401	4	2.530000	0.290000	-6.960000	7.411248
401	6	1.200000	-0.710000	-7.203300	7.337004
401	12	-0.070000	0.430000	-7.735500	7.747758
401	11	-0.310000	1.560000	-7.398800	7.567823
401	15	-0.510000	2.371000	-7.040850	7.446832
401	25	-0.090000	1.170000	-7.211000	7.305855
402	4	1.060000	-3.760000	-6.459000	7.548502
402	6	-1.390000	-0.460000	-7.317500	7.462540
402	12	-4.480000	2.580000	-5.429000	7.496722
402	20	-0.080000	0.334000	-7.344000	7.352026
402	11	3.010000	-1.720000	-6.488000	7.356130
402	15	2.870000	2.398000	-6.243000	7.277524
402	21	-1.080000	-0.003000	-7.130700	7.212024
402	25	1.140000	-0.580000	-6.943000	7.059833
403	4	1.810000	-4.340000	-5.528000	7.257443
403	6	-1.390000	1.090000	-6.933200	7.154681
403	12	-3.020000	0.870000	-6.816800	7.506401
403	11	-1.950000	-2.580000	-6.758000	7.491960
403	15	0.550000	2.250000	-6.759700	7.145526
403	25	0.280000	2.520000	-6.936917	7.385771
404	4	-1.600000	0.120000	-7.144500	7.322450
404	6	0.790000	-0.880000	-7.202400	7.298840
404	12	-3.730000	2.420000	-5.964800	7.439633
404	11	-1.490000	-0.250000	-7.080000	7.239406
404	15	1.960000	-1.260000	-7.089600	7.462682
404	25	-0.190000	-0.180000	-7.335000	7.339668
405	4	0.500000	2.620000	-6.797300	7.301896
405	6	2.130000	-0.010000	-7.084788	7.398055
405	12	-1.790000	-0.210000	-7.208300	7.430194
405	11	2.190000	-1.310000	-6.994000	7.445014
405	15	-2.420000	1.960000	-6.884600	7.556171
405	25	0.120000	-0.930000	-7.502700	7.561072
406	4	-0.190000	-4.310000	-6.178000	7.535243
406	6	2.260000	-2.590000	-6.575991	7.420199
406	12	-3.050000	1.040000	-6.608300	7.352124
406	11	1.640000	0.520000	-7.167000	7.370610
406	15	-2.180000	0.190000	-7.025340	7.358254
406	25	3.410000	2.950000	-5.705000	7.271700
407	4	1.800000	2.290000	-6.698600	7.304474
407	6	-3.080000	2.260000	-6.553000	7.585236
407	12	-3.570000	1.960000	-6.593300	7.749716
407	11	-3.590000	-2.180000	-6.215000	7.501115
407	15	-0.460000	0.690000	-7.475000	7.520859
407	25	2.830000	-4.080000	-5.663900	7.532268
408	4	2.580000	2.030000	-6.731000	7.488903
408	6	1.810000	-2.560000	-6.614440	7.319871
408	12	-3.040000	-0.120000	-7.016200	7.647422
408	11	1.670000	-2.570000	-6.594000	7.271495
408	15	1.640000	-2.080000	-6.872200	7.364994
408	25	3.650000	-2.280000	-5.836100	7.251273
409	4	-1.500000	-2.120000	-6.886000	7.359443
409	6	-1.180000	-0.810000	-7.424900	7.561590
409	12	-6.040000	2.490000	-3.533000	7.427233
409	11	0.290000	-1.470000	-7.304000	7.456099
409	15	2.270000	-3.540000	-5.721000	7.100306
409	25	4.710000	1.790000	-5.229200	7.261731
410	4	1.590000	1.700000	-7.364600	7.723693
410	6	1.140000	1.850000	-6.914000	7.247448
410	12	-4.100000	0.940000	-6.294000	7.570207
410	11	0.400000	1.520000	-7.148000	7.318764
410	15	1.470000	-1.470000	-7.296400	7.586781
410	25	0.560000	-2.430000	-7.010000	7.440336
411	4	2.710000	-2.240000	-6.584400	7.464317
411	6	0.530000	1.390000	-7.136100	7.289508
411	12	-4.790000	0.900000	-5.619000	7.438230
411	11	-3.740000	-2.210000	-6.098000	7.487143
411	15	1.520000	-1.710000	-6.762000	7.138567
411	25	2.460000	-3.260000	-6.650900	7.804721
412	4	1.440000	-0.430000	-7.422500	7.573111
412	6	0.240000	-1.770000	-7.304500	7.519722
412	12	-0.270000	-0.480000	-7.599000	7.618930
412	11	0.910000	-3.710000	-6.550000	7.582526
412	15	-0.940000	-1.910000	-7.040200	7.355006
412	25	-1.100000	-2.740000	-7.025000	7.620251
413	4	3.430000	0.390000	-6.386000	7.259339
413	6	1.360000	-1.730000	-7.070200	7.404744
413	12	-1.870000	-1.340000	-7.104000	7.467216
413	11	0.250000	-1.780000	-7.125500	7.348718
413	15	0.540000	1.110000	-7.470500	7.571794
413	25	-0.340000	0.780000	-7.656000	7.703138
414	4	1.160000	0.880000	-7.551400	7.690490
414	6	0.080000	-5.510000	-4.285000	6.980525
414	12	-2.840000	-0.040000	-6.891000	7.453394
414	11	0.180000	-2.140000	-7.331000	7.639081
414	15	-1.640000	-4.450000	-5.695000	7.411149
414	25	1.250000	3.120000	-6.508000	7.324682
415	4	-1.190000	1.710000	-7.407640	7.695020
415	6	-2.350000	1.320000	-6.856600	7.367351
415	12	-2.770000	0.260000	-6.710300	7.264202
415	11	-0.150000	0.990000	-7.166600	7.236211
415	15	3.290000	-0.860000	-6.749000	7.557295
415	25	1.000000	-2.060000	-6.823400	7.197388
416	4	0.660000	0.360000	-7.484000	7.521666
416	6	-4.380000	-1.110000	-5.921000	7.448137
416	12	1.260000	-0.680000	-7.088000	7.231165
416	11	-3.110000	-3.350000	-5.987000	7.532514
416	15	3.390000	-0.330000	-6.533600	7.368102
416	25	1.890000	-0.310000	-7.308000	7.554804
417	4	-2.880000	1.670000	-6.638800	7.426774
417	6	-1.010000	1.660000	-7.006600	7.271048
417	12	-2.900000	-0.790000	-6.792000	7.427339
417	11	2.200000	-5.230000	-4.885000	7.487064
417	15	0.410000	1.855000	-7.131400	7.380108
417	25	-0.990000	-1.250000	-7.174000	7.349073
418	4	-3.020000	1.970000	-6.112000	7.096326
418	6	0.030000	-0.130000	-7.445000	7.446195
418	12	-0.260000	-0.170000	-7.244500	7.251157
418	16	1.260000	1.150000	-7.279400	7.476614
418	11	1.230000	-5.580000	-4.763000	7.438781
418	15	1.860000	-1.090000	-6.986900	7.311940
418	17	-2.370000	-1.800000	-6.762000	7.387932
418	25	-1.300000	-1.610000	-7.123900	7.418359
419	4	2.960000	0.380000	-6.760000	7.389425
419	6	-1.620000	1.960000	-7.008000	7.455070
419	12	1.830000	-0.230000	-6.946000	7.186704
419	16	-1.510000	-3.130000	-6.321900	7.214113
419	26	-0.739000	1.550000	-7.592000	7.783771
419	11	-1.760000	0.510000	-7.109500	7.341845
419	15	2.440000	3.392000	-5.696000	7.064254
419	17	-0.870000	-1.320000	-7.435900	7.602099
419	25	0.200000	1.030000	-8.116700	8.184236
419	27	0.528800	1.160000	-7.387000	7.496199
420	4	-0.360000	0.460000	-7.366800	7.389922
420	6	0.950000	1.380000	-7.010400	7.207816
420	12	1.420000	-2.290000	-6.615000	7.142739
420	16	0.730000	0.060000	-7.213400	7.250492
420	26	-0.025000	0.830000	-7.296000	7.343102
420	11	1.330000	1.660000	-7.171300	7.480110
420	15	0.660000	-0.810000	-7.270600	7.345293
420	17	0.550000	0.170000	-7.277700	7.300433
420	25	0.960000	-0.400000	-7.349390	7.422610
420	27	1.030700	-1.420000	-7.110800	7.324085
421	4	2.760000	-1.880000	-6.738900	7.520956
421	6	-0.020000	-1.780000	-7.177000	7.394466
421	12	1.720000	0.950000	-7.024000	7.293660
421	26	1.954000	1.750000	-6.918000	7.398604
421	11	-0.220000	-2.400000	-7.240000	7.630596
421	15	-0.560000	-3.500000	-6.484300	7.389841
421	25	0.960000	0.330000	-7.411800	7.480995
421	27	0.964000	0.760000	-7.137600	7.242391
422	4	-0.880000	-4.050000	-6.121000	7.392127
422	6	0.880000	-2.720000	-6.885000	7.454933
422	12	0.940000	-0.240000	-7.232000	7.296782
422	26	1.396000	1.350000	-6.931000	7.197922
422	11	-1.260000	-1.260000	-7.138000	7.357054
422	15	-2.850000	-0.830000	-6.805300	7.424521
422	25	3.180000	1.090000	-6.487200	7.306454
422	27	1.640200	-0.260000	-7.265000	7.452388
423	4	-3.490000	-0.230000	-6.194000	7.113272
423	6	-1.400000	-0.880000	-7.566700	7.745279
423	12	-2.740000	2.220000	-6.604000	7.486576
423	26	-2.947000	1.200000	-6.628000	7.352224
423	11	3.180000	2.670000	-6.262000	7.513584
423	15	-0.450000	1.230000	-7.137500	7.256673
423	25	-2.810000	-1.520000	-6.681200	7.405737
423	27	-0.720000	3.850000	-6.309300	7.426181
424	4	-4.260000	-0.510000	-6.524000	7.808347
424	6	-1.400000	-1.420000	-6.860000	7.143948
424	12	-2.750000	4.080000	-5.647000	7.489827
424	26	-0.157000	1.120000	-7.447000	7.532387
424	11	1.200000	1.920000	-6.823000	7.188861
424	15	-3.380000	0.110000	-6.758000	7.556922
424	25	-0.460000	0.520000	-7.484200	7.516332
424	27	0.663000	-1.220000	-7.420000	7.548799
425	0	1.290000	1.490000	-7.279000	7.541090
425	4	-0.570000	2.810000	-7.077000	7.635766
425	6	-1.810000	-2.920000	-6.518000	7.367959
425	12	-1.210000	-3.610000	-6.928000	7.905276
425	26	-4.864000	-0.480000	-5.661000	7.479025
425	1	-1.270000	-1.270000	-7.321000	7.538093
425	11	2.660000	-2.540000	-6.564000	7.524181
425	15	-3.960000	1.450000	-6.248000	7.538011
425	25	0.980000	0.320000	-7.593000	7.662666
425	27	-1.166000	-1.960000	-6.997000	7.359291
426	0	-0.220000	-0.620000	-7.341000	7.370419
426	4	-1.680000	-1.180000	-6.785000	7.088796
426	6	0.290000	-1.850000	-7.308000	7.544101
426	12	1.360000	-2.750000	-6.571000	7.251906
426	26	-0.639000	-2.010000	-6.815700	7.134577
426	1	-1.560000	1.320000	-6.950700	7.244876
426	11	1.430000	-0.790000	-7.262000	7.443497
426	15	-0.960000	-1.780000	-7.116600	7.398378
426	25	-2.920000	-2.030000	-6.218500	7.163591
426	27	3.750400	3.270000	-5.266000	7.244940
427	0	1.025000	0.670000	-7.352800	7.454072
427	4	-4.120000	3.100000	-5.184000	7.311515
427	6	-0.790000	1.760000	-7.140000	7.396033
427	12	1.070000	0.370000	-7.085000	7.174889
427	26	0.360000	-1.390000	-7.156000	7.298632
427	1	-3.410000	-3.340000	-4.899000	6.839876
427	11	-0.390000	5.300000	-5.644000	7.752215
427	15	0.020000	1.150000	-7.223900	7.314891
427	25	-0.340000	2.840000	-6.825500	7.400584
427	27	1.110700	-2.640000	-6.954150	7.520868
428	0	-1.550000	2.000000	-6.609000	7.076820
428	4	0.080000	0.600000	-7.578000	7.602137
428	6	0.780000	-4.230000	-5.607000	7.066806
428	12	-1.270000	-3.020000	-6.796000	7.544463
428	26	-1.640000	-3.180000	-6.131000	7.098673
428	1	-1.340000	-3.630000	-6.214000	7.320266
428	11	2.320000	-1.530000	-6.888000	7.427506
428	15	-0.070000	1.000000	-7.454000	7.521105
428	25	4.220000	-2.000000	-5.985900	7.592062
428	27	1.828000	1.770000	-6.837860	7.295945
429	0	1.790000	1.200000	-7.080000	7.400709
429	4	-0.280000	1.130000	-7.505000	7.594756
429	6	0.340000	-3.340000	-6.679000	7.475309
429	12	3.350000	-1.430000	-6.438800	7.397672
429	26	-2.170000	-1.640000	-6.856000	7.375855
429	1	-4.560000	2.540000	-5.318000	7.451599
429	11	-2.550000	-2.380000	-6.279000	7.182809
429	15	-0.110000	2.150000	-6.929000	7.255732
429	25	0.040000	-0.200000	-7.163000	7.165903
429	27	-2.482000	-3.550000	-5.969600	7.375564
430	0	0.250000	-2.530000	-6.811000	7.270015
430	4	-0.640000	-3.530000	-6.410000	7.345652
430	6	0.810000	0.100000	-7.350230	7.395403
430	12	3.040000	-0.750000	-6.344000	7.074633
430	26	-2.850000	-0.070000	-7.188200	7.732892
430	1	0.700000	1.180000	-7.077600	7.209357
430	11	2.160000	-4.430000	-5.449000	7.347251
430	15	2.220000	1.220000	-7.051400	7.492599
430	25	-0.210000	1.650000	-7.344000	7.530002
430	27	-3.458000	-0.180000	-6.659800	7.506204
431	0	0.590000	1.820000	-7.352000	7.596868
431	4	-0.320000	2.230000	-7.331100	7.669441
431	6	-0.380000	-1.200000	-7.233500	7.342201
431	12	-0.090000	-0.990000	-7.151000	7.219765
431	26	-4.220000	-1.030000	-6.076000	7.469075
431	1	-0.650000	-1.320000	-7.052000	7.203860
431	11	1.260000	1.100000	-7.082000	7.276835
431	15	-1.000000	-1.710000	-7.016400	7.290677
431	25	0.680000	0.530000	-7.035000	7.087632
431	27	1.927900	-1.670000	-6.957200	7.410016
432	0	2.463000	0.170000	-6.664000	7.106628
432	4	0.210000	0.550000	-7.011800	7.036472
432	6	-1.910000	-1.850000	-7.270200	7.741215
432	12	-1.780000	2.460000	-6.788600	7.436739
432	26	-2.010000	1.940000	-7.033000	7.567482
432	1	2.030000	1.770000	-6.639000	7.164504
432	11	0.890000	-1.930000	-6.907400	7.226975
432	15	1.450000	0.220000	-7.422000	7.565513
432	25	-1.320000	0.040000	-7.159000	7.279786
432	27	-0.080000	-2.010000	-7.113000	7.391973
433	0	-1.720000	-3.740000	-6.249000	7.483048
433	4	1.720000	2.070000	-7.273000	7.754987
433	6	0.000000	-1.140000	-7.325000	7.413179
433	12	-1.490000	-2.270000	-6.860500	7.378310
433	26	-0.290000	-0.700000	-7.490200	7.528426
433	1	-2.480000	-1.140000	-6.688000	7.223527
433	11	-1.480000	-1.000000	-7.358400	7.572084
433	15	1.020000	3.124000	-6.835000	7.583996
433	25	-3.210000	2.180000	-6.488000	7.559804
433	27	-0.547100	1.480000	-7.337300	7.505044
434	0	-1.450000	1.400000	-7.253000	7.527849
434	4	1.110000	-1.050000	-7.067000	7.230290
434	6	3.050000	-3.040000	-6.270500	7.606791
434	12	-0.450000	-2.350000	-7.146400	7.536314
434	26	-3.040000	0.450000	-6.765000	7.430298
434	1	-0.010000	-3.220000	-6.385000	7.150995
434	11	1.820000	-2.680000	-6.670300	7.415369
434	15	-1.500000	-0.820000	-7.392100	7.587196
434	25	-0.320000	0.010000	-7.208000	7.215107
434	27	2.748900	0.190000	-6.574900	7.128945
435	0	-1.100000	2.850000	-6.719000	7.380885
435	4	-0.540000	2.930000	-7.021000	7.626988
435	6	0.730000	-2.610000	-6.824900	7.343314
435	12	0.670000	-3.050000	-6.482000	7.194979
435	26	-0.600000	-0.680000	-7.196000	7.252918
435	1	1.180000	-2.740000	-6.790000	7.416475
435	11	-1.580000	0.630000	-7.142900	7.342637
435	15	-1.100000	-0.990000	-7.027000	7.181144
435	25	-2.550000	1.330000	-6.655000	7.249857
435	27	-0.194500	-2.230000	-7.074400	7.420099
436	0	-3.080000	1.260000	-5.987000	6.849684
436	4	2.240000	0.540000	-7.144000	7.506393
436	6	-1.860000	2.310000	-6.746600	7.369689
436	12	-3.790000	0.470000	-6.292700	7.360915
436	26	-2.260000	-2.630000	-6.301000	7.192156
436	1	2.760000	-1.600000	-6.682000	7.404507
436	11	0.500000	0.990000	-7.182300	7.267430
436	15	-3.120000	1.070000	-6.483000	7.273829
436	25	3.140000	-1.240000	-6.658000	7.464996
436	27	0.561300	-3.310000	-6.698900	7.493091
437	0	-1.030000	0.540000	-7.121000	7.215341
437	4	-2.790000	-1.020000	-6.866000	7.481073
437	6	-2.500000	-1.780000	-6.727400	7.394343
437	12	-2.120000	1.810000	-6.784000	7.334382
437	26	1.820000	-2.170000	-6.964000	7.517885
437	1	2.510000	1.140000	-6.928000	7.456332
437	11	-1.440000	-2.400000	-6.978000	7.518383
437	15	-1.700000	-2.720000	-6.678000	7.408379
437	25	2.120000	-0.580000	-7.133000	7.463946
437	27	-0.154800	2.600000	-7.368500	7.815290
438	0	-2.460000	1.260000	-7.095000	7.614343
438	4	-0.030000	1.870000	-7.304000	7.539643
438	6	-4.230000	1.000000	-6.083000	7.476349
438	12	0.020000	1.550000	-7.437000	7.596833
438	26	-0.300000	-1.270000	-6.808000	6.931938
438	1	-0.480000	-1.130000	-7.183000	7.287166
438	11	3.700000	-2.550000	-5.825000	7.356842
438	15	2.310000	0.856000	-6.989000	7.410463
438	25	-0.930000	-1.170000	-7.206000	7.359364
438	27	-1.000000	0.170000	-7.368000	7.437494
439	0	-0.538000	0.200000	-7.418000	7.440173
439	4	-1.080000	3.300000	-6.450000	7.325224
439	6	-0.880000	-0.440000	-7.393600	7.458775
439	12	0.030000	2.140000	-7.060600	7.377843
439	26	1.300000	1.380000	-7.058000	7.308198
439	1	4.330000	-0.080000	-5.919000	7.334157
439	11	0.040000	-2.600000	-6.866000	7.341904
439	15	0.580000	4.266000	-6.189000	7.539156
439	25	1.880000	-0.670000	-7.025800	7.303777
439	27	-0.159841	1.400000	-7.319000	7.453409
440	0	-0.107000	0.000000	-7.238000	7.238791
440	4	0.350000	-1.340000	-7.492000	7.618935
440	6	-4.570000	-3.580000	-5.101000	7.727969
440	12	-3.170000	1.280000	-6.827800	7.635847
440	26	-1.260000	0.390000	-7.384500	7.501369
440	28	1.897000	-2.880000	-6.496000	7.354660
440	1	2.670000	0.920000	-6.768600	7.334115
440	11	-0.280000	-1.400000	-7.074000	7.216639
440	15	-2.630000	-0.240000	-6.691000	7.193329
440	25	2.030000	2.080000	-6.569900	7.184072
440	27	1.965200	1.260000	-6.800000	7.189549
440	29	0.536000	2.210000	-7.208000	7.558218
441	0	0.030000	3.560000	-6.509000	7.419001
441	4	4.320000	1.980000	-5.917000	7.589051
441	6	-0.240000	-1.030000	-6.834100	6.915448
441	12	-1.980000	1.460000	-7.226400	7.633666
441	22	1.700000	1.361000	-6.990300	7.321654
441	26	0.190000	-3.480000	-6.636000	7.495532
441	28	2.548000	0.340000	-7.089400	7.541054
441	1	3.060000	-1.360000	-6.871000	7.643549
441	11	-0.360000	-2.970000	-6.842000	7.467494
441	13	-1.480000	2.022000	-7.049600	7.481694
441	15	-0.650000	1.420000	-7.092900	7.262791
441	25	0.450000	-0.170000	-7.332000	7.347763
441	27	1.163880	1.050000	-7.421000	7.584745
441	29	0.430000	-1.020000	-7.351000	7.433875
442	0	1.419000	-1.370000	-6.912000	7.187921
442	4	-2.080000	-2.960000	-6.375000	7.329981
442	6	-3.530000	-0.220000	-6.959200	7.806393
442	12	-0.360000	0.630000	-7.230700	7.267016
442	22	-0.710000	-0.326000	-7.514500	7.555004
442	26	-2.590000	-2.040000	-6.713000	7.478908
442	28	3.757000	2.390000	-5.896000	7.388502
442	1	0.120000	1.310000	-7.370100	7.486580
442	11	1.030000	-1.420000	-7.113000	7.326122
442	13	0.070000	-1.146000	-7.314000	7.403568
442	15	4.130000	0.750000	-6.382000	7.638673
442	25	2.600000	-2.410000	-6.381800	7.300375
442	27	2.523300	-0.190000	-7.132000	7.567600
442	29	-4.760000	5.030000	-2.880000	7.500193
443	0	0.538000	-1.590000	-7.234000	7.426190
443	4	0.140000	0.600000	-7.268000	7.294068
443	6	-1.350000	-1.690000	-6.875200	7.207425
443	12	-1.980000	1.180000	-6.887000	7.262477
443	22	2.730000	-0.317000	-6.946000	7.469960
443	26	-0.280000	-2.050000	-6.797800	7.105701
443	28	1.010000	-0.630000	-7.622400	7.714790
443	1	3.200000	1.120000	-6.546000	7.371873
443	11	1.580000	1.720000	-6.700000	7.095407
443	13	1.140000	-1.850000	-7.145300	7.468428
443	15	0.280000	-0.790000	-7.303300	7.351237
443	25	2.330000	0.510000	-7.051000	7.443494
443	27	0.165900	-0.690000	-7.267000	7.301569
443	29	-0.300000	1.680000	-7.441000	7.634192
444	0	-0.080000	1.740000	-6.946000	7.161069
444	4	2.200000	-2.390000	-6.598000	7.354298
444	6	-1.260000	-3.360000	-6.563500	7.480423
444	12	-2.590000	-0.850000	-6.588000	7.129680
444	18	-3.890000	1.570000	-6.176200	7.466086
444	26	-0.630000	0.380000	-7.253900	7.291115
444	28	3.175000	0.090000	-6.448000	7.187867
444	1	-0.630000	2.000000	-7.135000	7.436742
444	11	0.150000	-0.300000	-7.468000	7.475528
444	15	-0.380000	1.180000	-7.214700	7.320430
444	19	-4.130000	0.100000	-6.220000	7.466947
444	25	1.810000	2.950000	-6.665000	7.510048
444	27	-1.823000	1.600000	-6.937000	7.348830
444	29	-0.720000	-2.100000	-7.028000	7.370291
445	0	-2.920000	1.040000	-6.632000	7.320616
445	4	1.310000	-3.280000	-6.288000	7.212035
445	6	-5.170000	0.340000	-5.291000	7.405348
445	12	-0.680000	-1.400000	-7.044000	7.213899
445	18	-2.100000	-0.860000	-7.202700	7.551721
445	26	-0.260000	-0.760000	-7.391700	7.435215
445	28	1.205000	-0.060000	-7.287000	7.386203
445	1	1.430000	-1.760000	-7.041000	7.397174
445	11	-0.320000	-1.160000	-7.346000	7.443905
445	15	-1.490000	1.460000	-6.916000	7.223763
445	19	2.140000	4.510000	-5.401000	7.354624
445	25	0.540000	3.010000	-6.640000	7.310356
445	27	-4.033000	-1.370000	-5.997800	7.356330
445	29	-2.469000	3.670000	-6.121000	7.551920
446	0	2.584000	-0.830000	-6.761000	7.285402
446	4	1.090000	0.610000	-7.038000	7.147982
446	6	-2.770000	-0.250000	-6.892900	7.432864
446	12	0.000000	2.200000	-6.842000	7.187000
446	18	1.000000	2.460000	-6.992430	7.479684
446	26	-0.100000	1.280000	-7.586000	7.693880
446	28	0.731000	1.110000	-7.458400	7.575895
446	1	-1.810000	1.940000	-6.951200	7.440355
446	11	-0.910000	-4.750000	-5.516000	7.335997
446	15	-2.320000	-0.670000	-6.739000	7.158591
446	19	-3.510000	3.880000	-5.007000	7.241861
446	25	2.520000	1.050000	-7.333000	7.824691
446	27	0.387000	2.100000	-7.044000	7.360551
446	29	-0.870000	0.080000	-6.988000	7.042403
447	0	2.831000	1.890000	-6.877000	7.673317
447	4	5.730000	-2.480000	-4.017000	7.424257
447	6	-4.170000	0.300000	-6.424620	7.665158
447	12	-2.370000	0.090000	-7.082000	7.468582
447	26	0.410000	-0.820000	-7.223000	7.280950
447	28	0.968000	-1.650000	-7.038600	7.293930
447	1	-0.570000	-1.160000	-7.383000	7.495278
447	11	-1.260000	1.570000	-7.540000	7.804108
447	19	-0.460000	3.090000	-6.747000	7.435167
447	25	1.880000	-0.210000	-7.083300	7.331551
447	27	0.314000	-0.690000	-7.332000	7.371087
447	29	0.730000	-0.020000	-7.551000	7.586231
448	0	0.948000	1.250000	-7.562000	7.723021
448	4	1.440000	1.170000	-7.171000	7.407141
448	6	2.010000	0.180000	-6.971100	7.257323
448	12	-1.520000	2.080000	-6.571000	7.057963
448	18	-1.220000	-2.270000	-7.168000	7.617186
448	26	-2.040000	-1.270000	-7.078000	7.474797
448	28	-0.611200	2.650000	-7.000900	7.510570
448	1	3.520000	1.840000	-6.312000	7.457704
448	11	0.880000	1.730000	-7.569000	7.813902
448	15	-0.670000	-1.080000	-7.351100	7.460159
448	19	-0.230000	2.300000	-7.096000	7.462983
448	25	1.800000	1.840000	-7.419000	7.852844
448	27	-1.709500	-2.290000	-6.650000	7.238024
448	29	2.240000	-2.440000	-6.932000	7.682696
449	0	2.811000	-2.300000	-6.258000	7.235626
449	4	0.440000	-1.500000	-7.095000	7.265165
449	6	-0.260000	-2.080000	-7.041600	7.346981
449	12	0.500000	0.190000	-7.212000	7.231808
449	18	2.170000	-2.180000	-6.480000	7.172984
449	26	-1.240000	-4.040000	-5.662000	7.065228
449	28	-0.231000	1.520000	-7.074300	7.239439
449	1	-2.620000	0.810000	-6.924000	7.447300
449	11	2.520000	-2.900000	-6.457000	7.513538
449	15	-0.250000	-0.390000	-7.330400	7.345023
449	19	0.350000	-0.450000	-7.220100	7.242572
449	25	0.820000	-1.050000	-7.354000	7.473702
449	27	-4.511000	0.740000	-5.734900	7.333880
449	29	-1.560000	1.550000	-7.232000	7.558963
450	0	3.317000	0.260000	-6.815000	7.583819
450	4	2.150000	-2.570000	-6.562000	7.367988
450	6	-1.550000	-0.170000	-7.387500	7.550269
450	12	-2.000000	-0.400000	-6.757400	7.058502
450	26	-2.630000	-0.810000	-7.000000	7.521503
450	28	0.129000	1.040000	-7.515800	7.588510
450	1	0.780000	-0.260000	-7.143000	7.190163
450	11	0.480000	0.120000	-7.852000	7.867573
450	15	-1.790000	-3.980000	-5.159000	6.757202
450	25	1.740000	-1.510000	-7.060320	7.426696
450	27	1.002000	-1.200000	-7.199000	7.366791
450	29	2.070000	1.830000	-6.588000	7.143917
451	0	0.355000	2.040000	-7.188000	7.480305
451	4	0.250000	0.940000	-7.445000	7.508270
451	6	-0.400000	-0.250000	-7.558400	7.573104
451	12	-4.210000	0.130000	-6.122000	7.431008
451	26	2.990000	-3.410000	-5.588000	7.196801
451	28	-1.543800	0.170000	-7.654500	7.810479
451	1	-0.120000	2.020000	-7.218000	7.496287
451	11	1.080000	3.030000	-6.510800	7.262081
451	15	-0.400000	0.470000	-7.137750	7.164382
451	25	-0.270000	3.420000	-6.407000	7.267665
451	27	-2.523600	-2.170000	-6.730400	7.508378
451	29	1.520000	0.150000	-7.244000	7.403272
452	0	2.425000	-3.720000	-5.932000	7.409970
452	4	0.560000	1.900000	-7.369000	7.630581
452	6	-0.270000	-2.860000	-6.936000	7.507369
452	12	-0.680000	-0.600000	-7.480800	7.535567
452	24	-2.300000	0.050000	-7.208000	7.566225
452	26	4.070000	0.230000	-6.451000	7.631068
452	28	0.292600	0.670000	-7.324200	7.360599
452	1	1.500000	0.500000	-7.296600	7.465947
452	5	-2.690000	0.940000	-7.013000	7.569800
452	11	-3.210000	0.040000	-6.672400	7.404500
452	15	0.770000	-1.470000	-7.514900	7.695942
452	25	1.140000	0.240000	-7.313400	7.405607
452	27	-2.035000	0.020000	-6.994000	7.284069
452	29	-1.400000	0.490000	-7.440000	7.586415
453	0	-0.930000	0.670000	-7.485000	7.572254
453	4	0.460000	-0.680000	-7.265000	7.311240
453	6	-0.050000	-4.140000	-6.447000	7.661978
453	12	-4.150000	-2.130000	-5.963000	7.570784
453	18	1.420000	1.190000	-6.997600	7.238709
453	22	0.080000	1.099000	-7.055000	7.140534
453	24	1.170000	2.440000	-6.552000	7.088808
453	26	2.070000	1.770000	-7.244000	7.739078
453	28	-1.732000	0.170000	-7.329900	7.533668
453	1	-0.610000	-1.310000	-7.305000	7.446558
453	5	0.030000	-1.900000	-7.319100	7.561754
453	11	-1.030000	-1.790000	-7.220400	7.509938
453	13	-3.250000	-1.198000	-6.579200	7.435293
453	15	-1.130000	1.974000	-6.886060	7.251993
453	19	0.120000	-2.040000	-7.552000	7.823599
453	25	2.630000	0.750000	-6.856300	7.381616
453	27	0.514000	-2.240000	-7.254500	7.609834
453	29	-0.650000	-2.620000	-6.886900	7.397046
454	0	1.470000	0.740000	-7.284000	7.467607
454	4	0.270000	2.910000	-6.474000	7.103075
454	6	-0.880000	1.370000	-7.451000	7.626841
454	12	0.140000	0.520000	-7.373600	7.393239
454	18	-0.900000	0.430000	-7.250092	7.318383
454	24	-0.940000	-0.240000	-7.132000	7.197682
454	26	1.350000	2.940000	-6.538000	7.294624
454	28	3.396570	-1.270000	-6.076000	7.075830
454	1	-1.530000	0.060000	-7.347000	7.504859
454	5	0.540000	1.310000	-7.400500	7.534925
454	11	3.740000	-0.680000	-6.484000	7.516133
454	15	-0.340000	0.680000	-7.278400	7.317999
454	19	-1.170000	-2.890000	-6.683000	7.374516
454	25	2.380000	1.440000	-6.813500	7.359469
454	27	-0.611000	-0.160000	-7.453000	7.479715
454	29	0.090000	3.100000	-6.981000	7.638878
455	0	-3.010000	1.200000	-6.524000	7.284413
455	4	-0.850000	0.720000	-7.176000	7.261947
455	6	0.240000	-0.990000	-7.328300	7.398762
455	12	-0.820000	-3.160000	-6.387000	7.172989
455	18	-2.180000	1.340000	-6.639830	7.115851
455	24	1.260000	-2.200000	-6.944000	7.392343
455	26	-1.460000	0.070000	-7.152000	7.299836
455	28	0.892000	2.690000	-6.608110	7.190193
455	1	-1.330000	-1.310000	-7.472000	7.701674
455	5	0.210000	2.510000	-6.946600	7.389144
455	11	3.170000	2.310000	-6.233000	7.364461
455	15	2.140000	0.390000	-7.079000	7.405670
455	19	-1.290000	1.570000	-7.231000	7.511083
455	25	-1.430000	1.180000	-7.125800	7.363038
455	27	0.254000	0.980000	-7.032000	7.104501
455	29	-0.800000	2.200000	-7.082000	7.458869
456	0	0.674000	2.190000	-7.123000	7.482480
456	4	2.600000	-0.450000	-6.945000	7.429369
456	6	-2.640000	-3.110000	-5.997900	7.253723
456	12	-0.570000	0.960000	-7.312300	7.397042
456	24	0.670000	-0.630000	-7.360000	7.417237
456	26	1.620000	-2.610000	-6.549000	7.233664
456	28	-4.603000	-3.160000	-5.078000	7.547138
456	1	-2.860000	1.130000	-6.873000	7.529584
456	5	-0.040000	0.350000	-7.227000	7.235581
456	11	4.030000	-0.450000	-6.101000	7.325681
456	19	-3.130000	1.840000	-6.638000	7.566079
456	25	1.880000	-1.330000	-7.151000	7.512663
456	27	-0.707000	-0.840000	-7.420000	7.500790
456	29	0.200000	0.150000	-7.082000	7.086411
457	0	0.504000	-3.530000	-6.735000	7.620705
457	4	1.730000	1.550000	-7.232000	7.595869
457	6	0.330000	1.000000	-7.227000	7.303316
457	12	1.820000	1.110000	-7.401000	7.701902
457	24	2.130000	-1.360000	-6.848000	7.299425
457	26	-0.600000	-1.080000	-7.189000	7.294390
457	28	0.687000	-0.180000	-7.709700	7.742341
457	1	3.070000	-0.500000	-6.726000	7.410396
457	5	0.810000	0.190000	-7.365000	7.411844
457	11	-0.330000	1.260000	-7.011000	7.130962
457	19	4.380000	0.250000	-5.842000	7.305879
457	25	1.100000	-0.250000	-7.517000	7.601170
457	27	1.369000	3.190000	-6.050000	6.975153
457	29	0.130000	0.320000	-7.245000	7.253229
458	0	0.032000	-0.320000	-7.389000	7.395995
458	4	1.600000	-1.830000	-6.738000	7.163068
458	6	0.430000	0.800000	-7.411000	7.466446
458	12	-2.000000	1.250000	-6.958200	7.347043
458	24	-3.060000	-0.150000	-6.359000	7.058540
458	26	0.590000	2.090000	-7.047000	7.374036
458	28	0.268000	3.919000	-5.884000	7.074733
458	1	1.090000	-0.580000	-7.217000	7.321857
458	5	-2.010000	-0.200000	-7.171000	7.450056
458	11	-0.330000	-2.480000	-6.913000	7.351794
458	19	-1.070000	2.920000	-7.033000	7.689889
458	25	-0.770000	-1.480000	-7.201000	7.391732
458	27	0.112000	-2.710000	-6.842500	7.360465
458	29	1.550000	2.070000	-6.986000	7.449268
459	0	-0.990000	1.620000	-6.958000	7.212369
459	4	0.520000	-1.120000	-7.327000	7.430325
459	6	-1.750000	-1.440000	-7.014100	7.371140
459	12	-0.980000	0.240000	-7.258000	7.327794
459	24	-2.820000	2.970000	-5.713000	7.029343
459	26	0.080000	0.650000	-7.503300	7.531827
459	28	0.447000	-0.120000	-7.426400	7.440808
459	1	-3.390000	-0.980000	-6.655000	7.532697
459	5	-2.350000	-2.080000	-6.805000	7.493792
459	11	2.280000	1.520000	-6.672000	7.212793
459	19	-0.010000	2.140000	-7.317000	7.623529
459	25	-3.370000	0.720000	-6.398900	7.267821
459	27	0.571000	2.870000	-6.783000	7.387288
459	29	0.680000	0.160000	-7.372000	7.405024
460	0	2.718000	-0.400000	-7.182000	7.689515
460	4	0.270000	-2.370000	-6.943000	7.341325
460	6	-0.640000	-1.220000	-6.872000	7.008736
460	12	-1.430000	1.480000	-7.167000	7.456620
460	24	2.880000	1.020000	-6.753000	7.412004
460	26	0.540000	2.690000	-6.846000	7.375325
460	28	-1.955000	0.370000	-7.065000	7.339833
460	1	1.570000	-0.250000	-7.338000	7.508238
460	5	-0.570000	-0.330000	-7.346000	7.375467
460	11	-1.260000	-0.350000	-7.504700	7.617783
460	19	0.880000	2.850000	-6.805000	7.430002
460	25	-3.350000	-0.580000	-6.463000	7.302689
460	27	0.292300	0.670000	-7.265000	7.301682
460	29	0.830000	1.790000	-7.193000	7.458703
461	0	-0.301000	0.240000	-7.574000	7.583777
461	4	0.490000	-1.980000	-7.119000	7.405448
461	6	-0.400000	-2.290000	-7.221500	7.586446
461	12	0.640000	-3.460000	-6.650500	7.523985
461	24	-2.460000	-1.550000	-6.982000	7.563228
461	26	2.910000	-1.610000	-6.493000	7.295152
461	28	1.988000	-0.840000	-7.189400	7.506345
461	1	2.210000	-1.820000	-6.860000	7.433445
461	5	-0.380000	-1.640000	-7.195000	7.389318
461	11	2.620000	-0.750000	-6.727000	7.258060
461	19	-3.120000	2.640000	-5.919000	7.192952
461	25	0.040000	2.360000	-7.329000	7.699704
461	27	-0.774500	-0.380000	-7.497000	7.546473
461	29	-1.810000	2.320000	-6.609200	7.234641
462	0	-0.660000	-1.270000	-7.118000	7.260470
462	4	1.030000	3.390000	-6.495000	7.398515
462	6	-1.080000	-0.780000	-7.405200	7.524080
462	12	0.440000	-1.250000	-7.232500	7.352901
462	24	-1.290000	3.170000	-6.996000	7.788261
462	26	-1.290000	-2.910000	-6.586000	7.314889
462	28	1.676000	0.270000	-7.111000	7.310827
462	1	2.900000	2.280000	-6.381000	7.370588
462	5	-2.790000	-3.060000	-6.123800	7.392471
462	11	1.390000	-1.980000	-6.847000	7.261812
462	19	0.760000	-3.740000	-6.428000	7.475586
462	25	3.030000	3.030000	-6.104000	7.457923
462	27	-0.879300	1.400000	-7.532000	7.711303
462	29	0.670000	0.620000	-6.998000	7.057287
463	0	1.146000	-0.840000	-7.420000	7.554821
463	4	-2.690000	-0.290000	-6.868000	7.381709
463	6	3.880000	-0.350000	-6.364200	7.461899
463	12	-1.170000	-1.270000	-6.971700	7.182367
463	24	-1.350000	0.120000	-7.218000	7.344142
463	26	-4.960000	-2.110000	-5.559000	7.743138
463	28	-0.874000	-2.180000	-7.107000	7.485033
463	1	-1.420000	0.840000	-7.279000	7.463635
463	5	-1.410000	-1.450000	-7.454000	7.723517
463	11	-1.970000	-2.340000	-6.627000	7.298879
463	19	-0.570000	3.930000	-6.326000	7.469142
463	25	2.950000	-0.530000	-6.837600	7.465666
463	27	-3.633000	-1.710000	-6.266900	7.442904
463	29	1.330000	1.470000	-7.187000	7.455385
464	0	2.160000	0.530000	-7.166000	7.503203
464	4	1.720000	0.470000	-7.184500	7.402455
464	6	-2.240000	1.270000	-6.886500	7.352169
464	12	-0.010000	0.980000	-7.346100	7.411186
464	26	2.780000	2.920000	-6.531000	7.675204
464	28	-0.517000	-3.690000	-6.051000	7.106194
464	1	4.780000	-0.300000	-5.837000	7.550428
464	11	-0.690000	0.920000	-7.494000	7.581724
464	19	1.240000	3.920000	-6.189000	7.430190
464	25	0.470000	2.250000	-6.991400	7.359557
464	27	-0.536100	-1.780000	-7.295000	7.528136
464	29	2.040000	0.270000	-7.040000	7.334582
465	0	1.395000	-1.040000	-7.163000	7.371309
465	4	-4.010000	0.940000	-5.895000	7.191295
465	6	0.180000	-2.330000	-6.918100	7.302151
465	12	0.430000	4.620000	-5.940400	7.537748
465	26	-0.500000	-1.400000	-7.422300	7.569712
465	28	-1.416000	1.940000	-6.774000	7.187192
465	1	1.810000	0.260000	-7.156000	7.385935
465	11	4.910000	-2.910000	-4.621000	7.343694
465	19	0.660000	-2.340000	-6.995000	7.405486
465	25	-0.650000	-4.600000	-5.812600	7.441023
465	27	-3.968400	-1.300000	-6.241810	7.509886
465	29	-0.660000	1.490000	-7.156000	7.339212
466	0	-1.938000	-0.580000	-6.874000	7.165481
466	4	-0.130000	-2.080000	-6.829000	7.139926
466	6	1.590000	0.010000	-7.409800	7.578478
466	12	1.970000	3.630000	-6.276200	7.513221
466	26	0.790000	1.180000	-7.064000	7.205317
466	28	0.891000	-1.260000	-7.118100	7.283463
466	1	2.180000	-2.500000	-6.680000	7.458204
466	11	-1.420000	1.100000	-7.268000	7.486670
466	19	1.200000	-2.050000	-6.856000	7.255842
466	25	-1.510000	-2.030000	-7.173600	7.606677
466	27	-1.504700	0.660000	-7.275800	7.459021
466	29	-0.470000	2.910000	-6.726200	7.343757
467	0	4.352000	0.200000	-6.007000	7.420509
467	4	-0.390000	-2.270000	-7.342000	7.694801
467	6	0.530000	-0.930000	-7.118500	7.198531
467	12	-0.450000	-1.320000	-7.169500	7.303878
467	26	0.630000	-2.130000	-7.272000	7.603669
467	28	2.868000	-2.820000	-6.259000	7.439953
467	1	1.980000	-0.330000	-6.983000	7.265782
467	11	2.210000	4.090000	-5.749000	7.393457
467	19	-0.910000	0.370000	-7.296000	7.361835
467	25	-0.730000	-2.740000	-6.688300	7.264562
467	27	1.250200	-0.890000	-7.102200	7.266109
467	29	0.710000	2.890000	-6.662000	7.296468
468	0	1.513000	3.880000	-6.089000	7.376957
468	4	-1.700000	-2.260000	-6.869000	7.428375
468	6	1.280000	-0.360000	-7.359200	7.478357
468	12	-2.630000	-3.790000	-5.766000	7.384291
468	26	1.740000	0.460000	-7.360000	7.576860
468	28	2.497000	-0.040000	-6.496000	6.959499
468	1	4.200000	-1.660000	-6.002000	7.511298
468	11	2.620000	-3.750000	-6.084000	7.611961
468	19	-0.120000	-0.770000	-7.406000	7.446888
468	25	0.830000	0.560000	-7.781200	7.845354
468	27	-3.364300	-0.880000	-6.083100	7.006927
468	29	1.940000	0.100000	-7.236900	7.493085
469	0	0.944000	0.010000	-7.165000	7.226926
469	4	-0.710000	3.090000	-6.853000	7.550881
469	6	-0.020000	0.860000	-7.532000	7.580965
469	12	-2.170000	1.560000	-6.897300	7.396976
469	26	-0.090000	1.460000	-7.095000	7.244220
469	28	-2.773000	-1.130000	-6.999000	7.612649
469	1	0.650000	2.240000	-7.301000	7.664509
469	11	3.730000	1.780000	-5.851000	7.163484
469	19	1.230000	-0.800000	-7.000000	7.152126
469	25	-3.130000	4.350000	-5.139000	7.424872
469	27	-0.789000	0.540000	-7.043700	7.108293
469	29	0.820000	3.820000	-6.558500	7.634050
470	0	1.687000	-0.290000	-6.974000	7.180999
470	4	-0.390000	-2.370000	-6.921000	7.325929
470	6	0.890000	1.790000	-6.738300	7.028576
470	12	-0.190000	-1.450000	-7.516700	7.657635
470	26	1.040000	-1.090000	-7.359000	7.511630
470	28	-0.604000	4.170000	-5.622000	7.025710
470	1	3.060000	-2.250000	-6.133000	7.213861
470	11	-1.680000	-0.690000	-7.287700	7.510597
470	19	0.480000	-3.960000	-5.994000	7.200002
470	25	1.520000	-0.500000	-7.629000	7.795001
470	27	-3.689000	2.870000	-5.445000	7.175907
470	29	2.810000	1.470000	-7.126000	7.799800
471	0	-2.807000	1.960000	-6.871700	7.677311
471	4	0.960000	2.810000	-6.506000	7.151625
471	6	-1.320000	-1.620000	-7.237500	7.533141
471	12	-1.410000	0.520000	-7.439000	7.589283
471	26	-1.150000	0.060000	-7.161200	7.253198
471	28	0.320000	-0.850000	-7.366000	7.421783
471	1	0.850000	0.560000	-7.225000	7.296350
471	11	-0.140000	1.300000	-7.574200	7.686228
471	19	0.380000	-0.380000	-7.528000	7.547157
471	25	-0.540000	-2.020000	-7.041600	7.345484
471	27	-3.053000	0.760000	-6.209000	6.960610
471	29	1.330000	4.290000	-5.846400	7.372475
472	0	-1.655000	-0.490000	-7.220000	7.423444
472	4	-2.420000	1.180000	-7.181000	7.669130
472	6	-2.700000	1.390000	-6.438700	7.118915
472	12	1.740000	-0.290000	-7.057240	7.274362
472	26	3.463000	2.530000	-6.208000	7.545365
472	28	2.102000	-1.400000	-6.905000	7.352376
472	1	3.220000	-0.870000	-6.603000	7.397629
472	11	0.330000	2.190000	-7.187400	7.520886
472	19	-1.390000	1.880000	-7.333000	7.696713
472	25	2.490000	1.210000	-6.818000	7.358622
472	27	-3.226000	-0.390000	-6.542000	7.304583
472	29	-1.250000	1.400000	-7.102000	7.345809
473	0	-0.617000	1.990000	-7.077700	7.377983
473	4	-0.920000	-0.440000	-7.336000	7.406544
473	6	-2.690000	1.430000	-7.176000	7.795895
473	12	1.040000	-1.240000	-7.339070	7.515394
473	16	-1.970000	-1.020000	-7.212500	7.545956
473	26	-3.740000	1.930000	-6.069000	7.385476
473	28	-0.461000	-0.030000	-7.520700	7.534876
473	1	0.690000	3.350000	-6.804100	7.615404
473	11	1.100000	-1.310000	-7.399900	7.595039
473	17	-1.780000	-1.030000	-7.016000	7.311194
473	19	0.410000	-2.460000	-7.157000	7.579073
473	25	-3.010000	-3.010000	-6.374000	7.664729
473	27	-1.303000	-0.310000	-7.641400	7.757893
473	29	-3.460000	-2.050000	-6.291000	7.466645
474	0	-0.603000	0.160000	-7.602300	7.627855
474	4	2.040000	1.010000	-7.005000	7.365577
474	6	-0.040000	1.690000	-6.961900	7.164199
474	12	-0.140000	-3.790000	-6.543000	7.562708
474	16	-3.270000	2.840000	-6.053000	7.442937
474	26	-0.990000	-2.260000	-7.043000	7.462677
474	28	0.712000	-3.790000	-6.744000	7.768692
474	1	2.590000	3.470000	-6.428000	7.750367
474	11	1.720000	0.470000	-7.145300	7.364415
474	17	-1.340000	-0.320000	-7.497300	7.622828
474	19	1.270000	-1.860000	-7.129000	7.476305
474	25	1.420000	2.450000	-6.697000	7.271087
474	27	-0.331000	-1.490000	-7.339700	7.496723
474	29	-3.110000	-2.090000	-6.626000	7.612101
475	0	0.062000	-0.630000	-7.397000	7.424039
475	4	2.280000	2.490000	-6.255000	7.107990
475	6	0.190000	1.530000	-7.386300	7.545491
475	12	-0.690000	-3.560000	-6.371350	7.331016
475	16	-2.130000	1.990000	-6.741100	7.344347
475	26	-3.070000	0.370000	-6.492000	7.190818
475	28	4.875700	-1.320000	-5.766000	7.665612
475	1	0.160000	-3.390000	-6.268000	7.127799
475	11	-2.250000	2.360000	-6.635100	7.393014
475	17	2.360000	0.540000	-6.780000	7.199278
475	19	1.660000	-0.570000	-6.718000	6.943488
475	25	-0.580000	-1.470000	-7.019810	7.195487
475	27	2.444000	-1.080000	-6.843000	7.346168
475	29	-0.620000	-1.550000	-7.235000	7.425101
476	0	-1.632000	-2.930000	-6.932000	7.700711
476	4	-4.310000	0.280000	-6.268000	7.611986
476	6	-0.810000	0.590000	-7.236700	7.305753
476	12	-1.770000	0.920000	-7.027000	7.304658
476	16	-0.650000	-0.600000	-7.048400	7.103692
476	26	1.070000	-3.060000	-6.634000	7.383661
476	28	2.054000	-2.450000	-6.855100	7.563981
476	1	2.980000	1.290000	-6.423000	7.197182
476	11	-1.370000	-3.200000	-6.248300	7.152493
476	17	1.090000	0.960000	-7.255000	7.398968
476	19	-0.550000	3.080000	-6.917000	7.591692
476	25	-0.630000	3.370000	-6.352500	7.218591
476	27	-2.077000	-1.660000	-7.056000	7.540336
476	29	-1.650000	1.167000	-7.116000	7.397422
477	0	-0.221000	-0.350000	-7.531000	7.542367
477	4	0.220000	3.120000	-6.644000	7.343401
477	6	0.720000	-3.090000	-6.886100	7.581878
477	12	2.050000	-1.450000	-6.912600	7.354525
477	16	-1.650000	-0.680000	-7.224700	7.441854
477	26	4.075000	-0.120000	-6.230000	7.445329
477	28	0.626000	0.840000	-7.022800	7.100507
477	1	-1.970000	0.190000	-7.324000	7.586697
477	11	1.290000	-2.340000	-6.711800	7.224123
477	17	-1.750000	-0.160000	-7.251000	7.460905
477	19	2.190000	0.860000	-6.984000	7.369665
477	25	4.020000	2.090000	-6.027000	7.540108
477	27	-3.128000	2.200000	-6.412400	7.466141
477	29	-1.760000	-0.280000	-7.174000	7.392041
478	0	-0.595000	2.660000	-6.899000	7.417939
478	4	0.520000	1.740000	-7.122000	7.349890
478	6	-1.510000	2.260000	-6.917700	7.432515
478	12	-1.010000	0.120000	-7.108000	7.180401
478	26	5.466000	1.860000	-4.306000	7.202666
478	28	-1.008000	2.730000	-7.165900	7.734280
478	1	3.160000	2.050000	-6.651000	7.643553
478	11	-1.270000	-1.320000	-7.269000	7.496243
478	19	-1.280000	2.330000	-6.842700	7.340970
478	25	1.080000	-4.490000	-5.554000	7.223117
478	27	0.856200	-0.560000	-7.267100	7.338762
478	29	-1.450000	0.630000	-7.068000	7.242653
479	0	-0.458000	1.350000	-7.239000	7.378034
479	4	1.090000	-0.600000	-7.260000	7.365847
479	6	-1.080000	1.220000	-7.239000	7.420102
479	12	-0.590000	0.290000	-6.959000	6.989984
479	26	-1.510000	-0.240000	-6.862000	7.030273
479	28	-0.538000	1.900000	-7.480600	7.736848
479	1	-0.920000	1.300000	-7.428200	7.597010
479	11	0.520000	-2.230000	-7.070400	7.431948
479	19	1.540000	-0.810000	-6.806000	7.024908
479	25	1.600000	-0.550000	-6.878510	7.083530
479	27	-2.278000	1.890000	-6.678000	7.304592
479	29	0.530000	2.250000	-6.740000	7.125377
480	0	0.507000	-0.930000	-7.418800	7.494034
480	4	0.370000	3.220000	-6.371000	7.148073
480	6	1.650000	1.220000	-6.920300	7.218134
480	12	-1.680000	-0.930000	-7.106100	7.360975
480	26	-0.750000	-1.010000	-7.495000	7.599844
480	28	-1.643000	0.500000	-6.854000	7.065887
480	1	0.430000	1.890000	-7.506000	7.752228
480	11	-0.700000	-0.570000	-7.465600	7.519979
480	19	-5.010000	0.890000	-5.816000	7.727746
480	25	0.380000	-4.910000	-5.326000	7.253880
480	27	-1.154500	-0.340000	-7.496000	7.592001
480	29	0.760000	-0.310000	-7.387000	7.432460
481	0	-0.150000	2.590000	-7.284700	7.732881
481	4	-3.010000	-2.000000	-6.355000	7.310686
481	6	-1.560000	-2.170000	-6.849500	7.352425
481	12	-1.000000	-0.060000	-6.941070	7.012992
481	26	2.000000	2.360000	-7.176000	7.814383
481	28	1.608000	1.400000	-7.034000	7.350022
481	1	1.110000	-0.440000	-7.260200	7.357731
481	11	3.590000	-2.590000	-5.889000	7.367260
481	19	-0.420000	1.410000	-7.288600	7.435603
481	25	-1.450000	1.520000	-7.114750	7.418394
481	27	1.184400	-1.220000	-7.107000	7.307575
481	29	-1.450000	-0.130000	-7.026000	7.175240
482	0	0.164000	-1.510000	-7.283100	7.439794
482	4	-0.820000	-2.000000	-7.116000	7.437060
482	6	3.540000	0.310000	-5.941590	6.923163
482	12	-1.110000	-1.120000	-7.336300	7.503852
482	26	-1.140000	2.310000	-7.129000	7.580128
482	28	-0.800000	0.790000	-7.266400	7.352868
482	1	4.140000	0.320000	-6.114000	7.390737
482	11	-0.550000	-1.870000	-7.044600	7.309295
482	19	-0.740000	-0.710000	-7.512000	7.581678
482	25	1.660000	0.230000	-7.017500	7.214832
482	27	-2.320000	1.860000	-6.656400	7.290381
482	29	-1.410000	0.580000	-6.949200	7.114484
483	0	-0.647000	3.690000	-6.199000	7.243087
483	4	-1.730000	0.850000	-7.193000	7.446788
483	6	-3.030000	0.610000	-6.658000	7.340434
483	12	-1.680000	-0.970000	-7.152800	7.411197
483	26	2.780000	-0.320000	-6.955000	7.496854
483	28	-0.210000	-0.980000	-7.108700	7.179005
483	1	-0.280000	-2.650000	-6.835000	7.336084
483	11	0.800000	-5.120000	-4.979000	7.186435
483	19	-0.120000	0.670000	-7.490000	7.520864
483	25	1.390000	3.020000	-6.418000	7.227947
483	27	-2.103000	-3.520000	-5.700000	7.021610
483	29	-2.000000	0.300000	-7.130000	7.411268
484	0	0.154000	0.690000	-7.447900	7.481379
484	4	0.330000	0.880000	-7.420000	7.479285
484	6	2.140000	5.820000	-3.820000	7.283159
484	12	0.360000	-0.180000	-7.620000	7.630623
484	26	1.750000	-2.360000	-6.693000	7.309470
484	28	1.320000	-2.760000	-6.854000	7.505819
484	1	-0.280000	-0.950000	-7.215500	7.283155
484	11	0.240000	-4.380000	-5.910800	7.360676
484	19	-2.680000	1.830000	-6.892700	7.618439
484	25	-2.880000	1.050000	-6.695500	7.363873
484	27	-2.531000	-1.430000	-6.737300	7.337716
484	29	-0.650000	1.140000	-7.500000	7.613941
485	0	-0.728000	-1.450000	-7.208000	7.388352
485	4	-1.160000	2.550000	-6.531000	7.106480
485	6	5.070000	-0.880000	-5.076000	7.228076
485	12	-0.860000	1.620000	-6.929900	7.168508
485	26	0.360000	-2.080000	-6.933000	7.247240
485	28	-1.390000	-2.870000	-6.536000	7.272434
485	1	1.520000	1.310000	-7.170500	7.445977
485	11	2.010000	0.130000	-6.988400	7.272877
485	19	1.850000	3.250000	-6.723000	7.693096
485	25	2.180000	1.700000	-6.855000	7.391443
485	27	-1.191000	1.040000	-7.156300	7.328896
485	29	-1.330000	2.640000	-7.066000	7.659429
486	0	0.794000	3.490000	-6.577000	7.487821
486	4	0.200000	1.890000	-7.070000	7.320997
486	6	0.720000	1.670000	-7.338100	7.560093
486	12	0.880000	-0.100000	-7.223000	7.277096
486	26	0.090000	3.970000	-6.251000	7.405674
486	28	-4.280000	-0.810000	-6.127000	7.517621
486	1	-0.240000	-0.560000	-7.282000	7.307443
486	11	0.170000	1.340000	-7.192800	7.318529
486	19	1.240000	3.780000	-6.398000	7.533950
486	25	1.340000	1.070000	-7.178000	7.379985
486	27	0.302000	0.020000	-7.200100	7.206458
486	29	-1.340000	2.420000	-6.517700	7.080425
487	0	1.397000	3.640000	-6.099000	7.238716
487	4	-1.660000	-2.280000	-6.591000	7.169050
487	6	2.820000	2.840000	-6.138700	7.328140
487	12	0.000000	0.550000	-7.165700	7.186777
487	26	2.030000	-1.050000	-6.860000	7.230698
487	28	-2.220000	1.680000	-6.964000	7.499873
487	1	-0.220000	2.980000	-6.715000	7.349832
487	11	-0.920000	-0.580000	-7.417830	7.497133
487	19	-1.020000	2.550000	-6.905000	7.431146
487	25	-0.470000	-2.140000	-7.323400	7.644128
487	27	3.594000	-1.390000	-6.201000	7.300776
487	29	1.970000	-0.410000	-7.420400	7.688390
488	0	-0.705000	-0.290000	-7.410000	7.449109
488	4	-0.180000	2.100000	-7.003000	7.313304
488	6	0.310000	3.150000	-6.831200	7.528871
488	12	0.350000	-2.790000	-6.908900	7.459189
488	26	-3.800000	0.270000	-6.623000	7.640486
488	28	-1.970000	-2.600000	-6.883000	7.616862
488	1	-1.150000	-0.020000	-7.321000	7.410799
488	11	-2.660000	1.230000	-6.986900	7.576627
488	19	-1.330000	2.250000	-6.814800	7.298829
488	25	-1.920000	2.040000	-6.849400	7.400154
488	27	-0.798000	-0.240000	-7.293600	7.341049
488	29	1.000000	-0.390000	-7.346100	7.424102
489	0	1.198000	4.010000	-6.109000	7.405078
489	4	0.520000	-2.510000	-6.849000	7.312954
489	6	-0.730000	-2.760000	-6.619100	7.208536
489	12	-4.570000	-3.140000	-5.562000	7.853683
489	26	0.260000	-4.050000	-6.054000	7.288417
489	28	-2.720000	-1.330000	-6.974100	7.602984
489	1	2.160000	-1.190000	-6.837200	7.268356
489	11	0.470000	0.230000	-7.419000	7.437430
489	19	1.750000	0.380000	-7.132300	7.353680
489	25	0.980000	-0.420000	-7.107800	7.187324
489	27	1.369000	2.990000	-6.540140	7.320361
489	29	-1.360000	-4.980000	-5.391000	7.464106
490	0	-2.733000	-0.210000	-6.998000	7.515676
490	4	-1.840000	2.940000	-6.366000	7.249493
490	6	1.480000	0.000000	-7.167000	7.318216
490	12	3.080000	0.530000	-6.896800	7.571866
490	26	-2.210000	-4.350000	-5.542000	7.383791
490	28	-1.956000	1.020000	-7.199500	7.529883
490	1	-2.710000	0.530000	-6.915000	7.445954
490	11	3.050000	-1.440000	-6.234000	7.087937
490	19	0.730000	3.810000	-6.699900	7.741942
490	25	-1.130000	4.910000	-5.388000	7.376689
490	27	-1.364000	-0.530000	-7.285000	7.430520
490	29	-2.260000	0.180000	-7.062600	7.417568
491	0	2.327000	-0.590000	-7.058000	7.455092
491	4	1.550000	-1.090000	-7.283000	7.525469
491	6	2.340000	-0.910000	-6.943000	7.383018
491	12	0.040000	1.980000	-7.065400	7.337702
491	26	2.770000	-0.110000	-6.600000	7.158561
491	28	1.888000	2.340000	-6.805700	7.440275
491	1	-0.750000	0.680000	-7.531900	7.599633
491	11	-1.160000	-1.240000	-7.313100	7.507638
491	19	0.900000	0.900000	-7.226000	7.337239
491	25	4.050000	0.820000	-6.162000	7.419241
491	27	-2.398000	-2.090000	-6.665000	7.385170
491	29	1.440000	-3.740000	-6.404000	7.554629
492	0	0.899000	3.220000	-6.474000	7.286239
492	4	-3.230000	2.180000	-6.420000	7.510107
492	6	-1.240000	0.240000	-7.517200	7.622565
492	12	-1.000000	-2.070000	-7.360600	7.711247
492	26	0.300000	-0.140000	-7.450000	7.457352
492	28	-2.050000	2.600000	-6.612000	7.394663
492	1	2.220000	0.740000	-7.213930	7.583982
492	11	1.130000	-1.640000	-7.288650	7.555853
492	19	-0.530000	0.350000	-7.148700	7.176859
492	25	-1.230000	0.170000	-7.176300	7.282931
492	27	0.677000	-1.820000	-7.054600	7.316974
492	29	0.360000	-2.080000	-7.331690	7.629527
493	0	-0.526000	0.590000	-7.503400	7.544918
493	4	-2.160000	0.740000	-6.815000	7.187310
493	6	-3.870000	1.410000	-5.998000	7.276057
493	12	-2.930000	-0.320000	-6.623000	7.249236
493	26	0.900000	1.530000	-7.411000	7.620618
493	28	-0.060000	1.360000	-7.530300	7.652360
493	1	4.070000	-0.480000	-6.190000	7.423705
493	11	1.620000	-0.440000	-7.258000	7.449602
493	19	-0.690000	-1.140000	-7.289400	7.410199
493	25	-0.400000	3.840000	-6.454500	7.521048
493	27	1.710000	0.000000	-7.283400	7.481445
493	29	-3.160000	0.680000	-6.653500	7.397098
494	0	-0.944000	1.560000	-6.782000	7.022838
494	4	-4.090000	-0.560000	-6.140000	7.398736
494	6	0.810000	0.740000	-7.405400	7.486231
494	12	-0.430000	-1.270000	-7.258300	7.381106
494	26	-0.250000	-2.840000	-6.678000	7.261115
494	28	0.410000	-2.600000	-7.110160	7.581720
494	1	2.160000	2.330000	-6.710400	7.424552
494	11	0.630000	2.260000	-7.524000	7.881312
494	19	0.950000	2.090000	-6.982300	7.350042
494	25	-3.090000	3.280000	-5.962000	7.473416
494	27	1.767000	-1.880000	-7.092000	7.546731
494	29	-2.170000	-0.670000	-7.043000	7.400111
495	0	-0.742000	4.110000	-6.162000	7.443985
495	4	0.540000	-1.920000	-7.160000	7.432604
495	6	-0.560000	1.080000	-7.505800	7.603751
495	12	-0.550000	-2.170000	-6.978000	7.328293
495	26	-0.710000	-1.500000	-7.409000	7.592587
495	28	-1.230000	1.080000	-7.457000	7.634537
495	1	-2.080000	4.660000	-5.492000	7.496937
495	11	1.770000	-3.790000	-6.102000	7.398068
495	19	-1.430000	-2.210000	-6.896000	7.381315
495	25	-0.400000	-1.870000	-6.958500	7.216483
495	27	0.467000	3.290000	-6.315000	7.135924
495	29	2.410000	0.360000	-7.229600	7.629208
496	0	-2.026000	1.340000	-6.937000	7.349983
496	4	-0.600000	-0.800000	-7.183000	7.252275
496	6	-0.290000	-2.110000	-7.188600	7.497478
496	12	0.660000	-1.130000	-7.202000	7.319925
496	26	-0.660000	2.400000	-6.728000	7.173673
496	28	-1.560000	0.120000	-7.179200	7.347715
496	1	-0.170000	4.020000	-6.273000	7.452505
496	11	0.460000	-1.290000	-7.192000	7.321241
496	19	0.740000	3.040000	-7.017300	7.683209
496	25	-1.000000	3.260000	-6.461000	7.305623
496	27	-0.892000	-1.080000	-7.369100	7.501047
496	29	0.200000	2.950000	-7.192000	7.776076
497	0	0.463000	-0.550000	-7.278800	7.314219
497	4	-0.490000	2.490000	-7.041000	7.484376
497	6	-1.510000	-1.730000	-6.879700	7.252811
497	12	1.220000	1.880000	-6.891000	7.246287
497	26	-1.420000	3.300000	-6.565000	7.483691
497	28	-3.480000	0.480000	-6.571600	7.451626
497	1	1.420000	-2.880000	-6.561000	7.304623
497	11	0.770000	-0.060000	-7.534000	7.573484
497	19	-1.130000	0.170000	-7.250689	7.340183
497	25	0.160000	-0.200000	-7.326900	7.331375
497	27	-1.150000	1.580000	-7.107000	7.370777
497	29	1.390000	3.490000	-6.346400	7.374889
498	0	2.312000	-1.240000	-7.131000	7.598296
498	4	1.790000	-3.540000	-6.529000	7.639603
498	6	-1.120000	2.280000	-7.028200	7.473178
498	12	1.870000	0.810000	-6.923000	7.216712
498	26	0.950000	0.540000	-7.051000	7.135174
498	28	-1.270000	-1.720000	-7.029000	7.346982
498	1	0.000000	-3.160000	-7.111900	7.782334
498	11	-1.290000	-1.970000	-7.168000	7.544881
498	19	-0.100000	1.300000	-7.312700	7.428027
498	25	3.620000	3.580000	-5.214000	7.287427
498	27	0.149000	-2.440000	-6.917000	7.336259
498	29	1.290000	-2.610000	-7.082000	7.657083
499	0	-2.447000	-0.900000	-6.987000	7.457612
499	4	1.970000	-0.520000	-6.961000	7.253056
499	6	0.610000	3.320000	-6.818500	7.608314
499	12	1.180000	-2.950000	-6.574000	7.301532
499	26	-2.970000	0.190000	-6.402000	7.059929
499	28	-2.290000	0.510000	-6.725000	7.122487
499	1	0.700000	-1.260000	-7.597800	7.733315
499	11	-3.540000	-2.070000	-6.235000	7.462689
499	19	0.650000	-1.030000	-7.261500	7.362933
499	25	3.070000	-0.310000	-6.570000	7.258505
499	27	-0.910000	-0.820000	-7.153000	7.257128
499	29	1.790000	-0.430000	-7.303000	7.531455
