# frame	protein_index	rx	ry	rz	r
0	0	-0.868700	-1.920000	-7.200000	7.502069
0	2	1.550000	-3.250000	-6.381720	7.327438
0	8	-0.420000	-1.630000	-7.414500	7.603164
0	12	3.040000	2.330000	-6.612000	7.641272
0	18	0.410000	1.720000	-7.096000	7.312983
0	20	-0.360000	2.631000	-6.674400	7.183271
0	26	1.600000	-0.970000	-6.960400	7.207501
0	28	0.830000	-1.110000	-7.202420	7.334566
0	1	-0.278000	-0.750000	-7.163200	7.207719
0	3	-1.130000	2.420000	-6.995000	7.487545
0	9	1.590000	0.080000	-7.621000	7.785508
0	13	-1.590000	0.450000	-7.155000	7.343339
0	19	-1.240000	-0.570000	-7.025000	7.156335
0	21	-0.670000	1.330000	-7.118000	7.272120
0	27	-0.990000	0.160000	-7.356900	7.424936
0	29	-2.790000	2.310000	-6.568000	7.500588
1	0	0.316000	-2.800000	-7.087000	7.626626
1	2	1.660000	-2.010000	-6.651100	7.143727
1	8	-0.920000	0.830000	-7.108950	7.216126
1	12	1.020000	-0.860000	-7.309000	7.429770
1	18	0.260000	2.540000	-7.153000	7.595038
1	20	1.310000	2.091000	-7.011200	7.432719
1	26	1.047000	0.830000	-7.463500	7.582146
1	28	0.640000	-2.130000	-6.792400	7.147251
1	1	-0.881350	-1.190000	-7.258400	7.407918
1	3	-1.200000	3.140000	-6.408000	7.236164
1	9	1.110000	1.830000	-7.138000	7.451983
1	13	-2.800000	1.250000	-6.715000	7.381987
1	19	-1.530000	-2.471000	-6.750000	7.349098
1	21	0.560000	-1.298000	-7.340000	7.474892
1	27	-1.960000	0.010000	-7.011300	7.280112
1	29	-2.010000	2.120000	-6.500000	7.126324
2	0	-0.033700	-1.510000	-7.469600	7.620772
2	2	2.110000	-2.210000	-7.042400	7.676692
2	8	-1.800000	-0.350000	-7.006000	7.241998
2	12	1.650000	-2.440000	-6.655000	7.277714
2	18	1.890000	3.865000	-5.689210	7.132842
2	20	1.850000	-0.976000	-7.207300	7.504682
2	26	1.980000	-0.810000	-7.225300	7.535347
2	28	1.780000	-4.150000	-5.592690	7.188121
2	1	-0.328810	1.440000	-7.456000	7.600898
2	3	-2.050000	2.750000	-6.259000	7.137232
2	9	1.400000	1.510000	-7.130900	7.422253
2	13	-0.690000	-0.640000	-7.438000	7.497302
2	19	-2.160000	-0.975000	-7.116000	7.500245
2	21	-0.530000	-0.822000	-7.373400	7.437984
2	27	-0.390000	-0.770000	-7.343800	7.394349
2	29	-1.850000	1.840000	-6.890200	7.367697
3	0	-0.633400	-0.490000	-7.282000	7.325901
3	2	2.630000	-0.490000	-6.887200	7.388540
3	8	-0.810000	-0.640000	-7.340800	7.413032
3	12	3.470000	-0.480000	-6.961000	7.792742
3	18	2.320000	1.900000	-6.807800	7.438988
3	20	-0.030000	-0.422000	-7.541460	7.553317
3	26	1.730000	-1.410000	-6.785200	7.142824
3	28	1.820000	-2.430000	-6.633400	7.295156
3	1	0.024700	-0.740000	-7.630800	7.666637
3	3	-1.290000	2.670000	-6.897000	7.507437
3	9	1.770000	0.130000	-6.865000	7.090700
3	13	-1.280000	1.360000	-7.259000	7.495404
3	19	-0.890000	-3.040000	-6.740000	7.447234
3	21	-1.760000	-0.392000	-7.014000	7.242062
3	27	-0.710000	-0.930000	-7.246500	7.340352
3	29	0.800000	2.520000	-6.996000	7.478931
4	0	0.438000	-0.200000	-7.775000	7.789895
4	2	3.250000	-0.630000	-6.579200	7.365139
4	8	-0.210000	1.800000	-7.022500	7.252559
4	12	3.530000	-1.080000	-6.427000	7.411722
4	18	2.740000	3.720000	-6.065100	7.624398
4	20	1.090000	1.900000	-7.307800	7.629026
4	26	0.740000	0.400000	-7.289900	7.338272
4	28	1.080000	-1.219000	-7.102200	7.286536
4	1	1.574500	0.490000	-7.247900	7.433115
4	3	-0.820000	2.280000	-6.506000	6.942538
4	9	3.720000	-0.200000	-6.625000	7.600594
4	13	-2.320000	1.770000	-6.876000	7.469583
4	19	-1.570000	-2.249000	-7.000000	7.518171
4	21	0.240000	1.010000	-7.468700	7.540503
4	27	-3.640000	0.390000	-6.520700	7.478050
4	29	0.500000	3.260000	-6.850000	7.602638
5	0	-0.544000	0.720000	-7.516000	7.569980
5	2	1.490000	-0.220000	-7.118600	7.276192
5	12	3.050000	-1.580000	-6.804000	7.621897
5	18	1.870000	2.710000	-7.063000	7.792751
5	20	1.560000	0.160000	-7.196000	7.364891
5	26	1.930000	-1.050000	-7.098000	7.430276
5	28	2.280000	-1.471000	-6.919200	7.432198
5	1	0.658000	-0.370000	-7.469000	7.507052
5	3	-1.890000	1.970000	-6.661000	7.198744
5	13	-2.530000	0.910000	-6.847000	7.355978
5	19	-1.370000	-3.320000	-6.686000	7.589591
5	21	-2.360000	1.295000	-6.741000	7.258630
5	27	-2.370000	-1.090000	-7.364400	7.812771
5	29	0.920000	2.820000	-6.691000	7.319036
6	0	-0.977000	0.350000	-7.588000	7.658640
6	2	-0.040000	-1.270000	-7.189500	7.300918
6	12	2.040000	-1.250000	-6.832200	7.238996
6	18	1.350000	4.380000	-5.324000	7.025089
6	20	2.830000	-0.505000	-6.765000	7.350452
6	26	1.350000	-1.410000	-7.205900	7.465628
6	28	-0.250000	-1.190000	-7.181830	7.284043
6	1	-0.774000	0.340000	-7.073000	7.123342
6	3	-2.440000	1.330000	-6.776000	7.323706
6	13	-1.070000	-0.180000	-7.641000	7.717654
6	19	-0.180000	-3.483000	-6.378000	7.269290
6	21	0.410000	0.359000	-7.429100	7.449061
6	27	-3.380000	0.840000	-6.555000	7.422804
6	29	0.310000	1.310000	-7.377000	7.498822
7	0	-0.695000	0.600000	-7.326000	7.383312
7	2	-0.290000	-2.490000	-6.969200	7.406345
7	8	0.180000	1.280000	-7.430500	7.542091
7	12	1.420000	-1.860000	-6.908000	7.293591
7	18	1.390000	2.160000	-6.910000	7.371960
7	20	2.640000	0.489000	-7.028300	7.523677
7	26	0.290000	-2.040000	-7.234800	7.522502
7	28	-1.010000	-1.970000	-6.790800	7.142546
7	1	1.789000	-1.680000	-7.050000	7.464946
7	3	-2.240000	1.100000	-7.029000	7.458850
7	9	1.960000	0.180000	-7.158000	7.423676
7	13	-1.250000	1.100000	-7.159000	7.350087
7	19	-0.460000	-3.590000	-6.418000	7.368204
7	21	0.270000	0.846000	-7.274200	7.328206
7	27	-3.180000	1.450000	-6.696800	7.553941
7	29	-2.010000	2.730000	-6.418000	7.258355
8	0	-1.019000	1.140000	-7.090000	7.253004
8	2	0.360000	-1.590000	-6.885700	7.076056
8	8	-0.360000	0.400000	-7.272220	7.292104
8	12	1.400000	-1.000000	-7.103000	7.308393
8	18	-1.050000	2.540000	-7.377000	7.872371
8	20	0.060000	0.320000	-6.976400	6.983993
8	26	1.570000	-2.610000	-7.042500	7.672927
8	28	0.530000	-1.740000	-6.891500	7.127501
8	1	-0.935000	-1.910000	-6.955100	7.272946
8	3	-0.010000	2.010000	-6.708000	7.002675
8	9	-0.170000	-0.510000	-7.195000	7.215055
8	13	0.210000	1.970000	-6.802000	7.084646
8	19	-2.250000	-3.330000	-6.269000	7.446594
8	21	0.120000	0.703000	-7.195400	7.230656
8	27	-3.050000	-1.260000	-6.464200	7.257822
8	29	-2.060000	0.610000	-6.917000	7.242968
9	0	0.070000	1.050000	-7.335000	7.410103
9	8	-0.560000	0.150000	-7.275400	7.298462
9	12	1.770000	-1.540000	-6.973000	7.357121
9	18	1.730000	4.260000	-5.886800	7.469599
9	20	-1.980000	-1.566000	-6.781000	7.235656
9	26	0.090000	-1.300000	-7.250800	7.366967
9	28	2.300000	-2.110000	-6.626600	7.324884
9	1	0.194000	-1.840000	-7.283000	7.514341
9	9	0.280000	-0.990000	-7.357600	7.429184
9	13	-0.780000	0.690000	-7.284000	7.358067
9	19	0.870000	-2.753000	-7.185000	7.743393
9	21	-2.710000	1.938000	-6.968300	7.723804
9	27	-2.920000	-1.270000	-6.855900	7.559277
9	29	-0.420000	-0.960000	-7.531200	7.603747
10	0	-0.451000	0.270000	-7.231000	7.250080
10	2	1.700000	-1.140000	-7.097000	7.386272
10	8	-0.830000	0.490000	-7.330200	7.393296
10	12	1.210000	-3.060000	-6.545000	7.325621
10	18	1.800000	3.300000	-6.353600	7.382292
10	20	0.410000	-0.430000	-7.166300	7.190887
10	26	1.100000	-0.470000	-7.567800	7.661755
10	28	-0.130000	0.280000	-7.525900	7.532229
10	1	-1.092000	-2.570000	-6.912000	7.454737
10	3	-1.480000	1.210000	-7.334000	7.579054
10	9	0.050000	1.650000	-7.229000	7.415082
10	13	-1.900000	-0.620000	-7.069000	7.346098
10	19	0.520000	-2.837000	-6.641000	7.240294
10	21	-1.160000	1.398000	-7.213500	7.438722
10	27	-2.740000	-0.500000	-6.885700	7.427682
10	29	-2.860000	-1.480000	-6.550000	7.298801
11	0	1.072000	0.480000	-7.173000	7.268529
11	2	0.670000	-0.680000	-7.638000	7.697425
11	8	0.910000	-0.320000	-7.552400	7.613754
11	12	1.260000	-1.720000	-7.064000	7.378760
11	18	-0.590000	1.400000	-7.069500	7.230901
11	20	1.820000	-1.488000	-7.262000	7.633033
11	26	3.850000	-0.750000	-6.505000	7.596053
11	28	0.610000	-1.107000	-7.236950	7.346495
11	1	0.664000	-0.860000	-7.280000	7.360631
11	3	-1.980000	1.510000	-7.004000	7.433473
11	9	1.360000	-0.770000	-7.476000	7.637609
11	13	-2.370000	0.070000	-7.178000	7.559463
11	19	-0.570000	-2.080000	-6.957000	7.283622
11	21	0.570000	1.755000	-6.959200	7.199680
11	27	-1.450000	0.560000	-7.408800	7.570100
11	29	0.900000	1.600000	-6.982000	7.219302
12	0	1.339000	0.550000	-7.225000	7.368585
12	2	1.680000	-1.480000	-6.819100	7.177251
12	8	-0.390000	0.620000	-7.326300	7.362824
12	12	2.040000	-0.860000	-7.072000	7.410424
12	18	0.660000	2.610000	-6.577900	7.107494
12	20	-0.640000	-0.999000	-7.321900	7.417400
12	26	0.880000	-1.670000	-7.270582	7.511635
12	28	1.600000	1.107000	-6.796800	7.069791
12	1	0.197000	0.840000	-7.606200	7.654978
12	3	-1.870000	0.250000	-7.051000	7.299041
12	9	1.210000	-1.440000	-7.332000	7.569407
12	13	-1.520000	1.590000	-6.912000	7.253568
12	19	1.260000	-1.730000	-7.138000	7.451949
12	21	-0.830000	1.625000	-7.342500	7.565833
12	27	-2.180000	-0.100000	-7.029000	7.359976
12	29	-0.110000	3.514000	-6.670000	7.539841
13	0	1.054000	1.930000	-7.099000	7.431798
13	2	1.570000	-1.850000	-6.807130	7.226646
13	8	0.810000	1.060000	-7.221700	7.343885
13	12	0.580000	-2.430000	-7.061600	7.490494
13	18	0.660000	0.980000	-7.564000	7.655723
13	20	2.890000	-1.080000	-6.436300	7.137539
13	26	2.372000	-1.780000	-6.870500	7.483218
13	28	-1.020000	-0.641000	-7.653400	7.747633
13	1	-0.037000	1.330000	-7.196000	7.317970
13	3	-2.570000	0.670000	-7.278000	7.747457
13	9	1.470000	-0.960000	-7.301000	7.509135
13	13	-0.760000	2.190000	-7.400000	7.754592
13	19	-0.090000	-2.037000	-6.925000	7.218940
13	21	-0.030000	-0.043000	-7.215012	7.215203
13	27	-4.510000	1.710000	-5.576000	7.372651
13	29	-0.750000	2.281000	-6.948000	7.351202
14	0	1.917000	0.090000	-7.020000	7.277595
14	2	1.790000	-1.520000	-6.960300	7.345766
14	8	0.790000	0.290000	-7.549700	7.596458
14	12	-0.370000	-1.070000	-7.301000	7.388261
14	18	0.590000	1.520000	-7.257300	7.438206
14	20	0.750000	0.842000	-7.304100	7.390625
14	26	3.371000	-2.420000	-6.226800	7.482852
14	28	-0.150000	-0.607000	-7.456300	7.482470
14	1	-0.359000	-1.100000	-7.083000	7.176891
14	3	-1.990000	-1.310000	-6.912000	7.311084
14	9	0.580000	-0.800000	-7.310000	7.376483
14	13	-1.350000	2.580000	-6.801000	7.398142
14	19	-0.730000	-1.820000	-6.994000	7.263700
14	21	-0.620000	1.713000	-7.180000	7.407508
14	27	-3.390000	0.470000	-6.479700	7.327995
14	29	0.480000	1.322000	-7.225200	7.360815
15	0	0.758000	1.550000	-7.234000	7.436923
15	2	2.100000	0.640000	-7.050200	7.384099
15	8	-0.570000	0.450000	-6.961500	6.999277
15	12	0.210000	-2.530000	-6.960000	7.408549
15	18	0.870000	0.420000	-7.683000	7.743500
15	20	-0.720000	-0.383000	-7.414900	7.459613
15	26	3.257000	-0.260000	-6.787300	7.532801
15	28	-0.770000	-1.161000	-7.235200	7.368103
15	1	-0.428000	0.610000	-7.442000	7.479214
15	3	-1.910000	1.560000	-6.865000	7.294513
15	9	2.100000	0.030000	-7.071000	7.376309
15	13	-0.100000	1.330000	-7.121000	7.244829
15	19	0.390000	-2.210000	-7.119000	7.464339
15	21	-2.080000	-0.219000	-6.824000	7.137320
15	27	-4.260000	-0.730000	-5.924000	7.333095
15	29	0.130000	1.030000	-7.488200	7.559824
16	0	0.410000	-0.800000	-7.580000	7.633119
16	2	1.350000	-1.540000	-7.171200	7.457896
16	8	0.040000	-0.150000	-7.156460	7.158144
16	12	0.970000	-2.250000	-6.974000	7.391893
16	18	0.290000	0.920000	-7.762000	7.821710
16	20	0.460000	0.073000	-7.520700	7.535108
16	26	2.303000	-2.630000	-6.719300	7.574279
16	28	0.820000	-2.201000	-7.390200	7.754473
16	1	-0.598000	-1.590000	-7.108700	7.308852
16	3	-0.370000	-0.500000	-6.960000	6.987739
16	9	-0.300000	-1.770000	-7.259000	7.477699
16	13	-0.410000	2.230000	-7.112000	7.464686
16	19	-1.230000	-1.920000	-7.118000	7.474304
16	21	-1.130000	-0.309000	-7.208000	7.302578
16	27	-5.020000	1.070000	-5.700000	7.670417
16	29	0.750000	0.320000	-7.197500	7.243542
17	0	-0.702000	0.820000	-7.254000	7.333875
17	2	-1.170000	-1.060000	-6.783700	6.964990
17	8	0.960000	0.760000	-7.515600	7.614686
17	12	2.380000	-1.790000	-6.419500	7.076615
17	18	0.230000	1.920000	-7.186100	7.441729
17	26	2.280000	-1.900000	-6.631480	7.265324
17	28	0.760000	-0.757000	-7.413408	7.490612
17	1	-0.984000	0.680000	-7.336000	7.432870
17	3	0.720000	0.650000	-6.949000	7.016374
17	9	-0.490000	-0.070000	-7.281000	7.297805
17	13	0.140000	1.400000	-7.333000	7.466759
17	19	-0.910000	-1.713000	-7.255000	7.509826
17	27	-2.620000	-0.370000	-6.909000	7.398350
17	29	-0.940000	1.862000	-7.130000	7.428832
18	0	0.384000	-1.320000	-7.425000	7.551191
18	2	-0.970000	-0.560000	-7.460300	7.543910
18	8	-0.820000	-0.430000	-7.204600	7.263853
18	12	0.690000	-2.020000	-7.205000	7.514554
18	18	0.570000	2.160000	-7.377600	7.708403
18	20	0.220000	1.236000	-7.209100	7.317597
18	28	0.590000	-0.418000	-7.179600	7.215919
18	1	-1.117000	-1.370000	-7.198000	7.411868
18	3	1.260000	1.270000	-7.062000	7.285077
18	9	-0.480000	-1.550000	-6.955000	7.141773
18	13	-0.970000	2.360000	-6.860000	7.319160
18	19	-0.310000	-0.777000	-7.432000	7.478934
18	21	-0.730000	-0.057000	-7.060400	7.098267
18	29	-1.420000	1.493000	-7.067000	7.361246
19	0	-1.979000	0.100000	-7.193000	7.460944
19	2	-1.290000	-1.760000	-7.178940	7.503258
19	8	0.650000	1.260000	-7.340400	7.476067
19	12	-1.290000	-2.120000	-7.172900	7.590059
19	18	0.890000	-0.570000	-7.406000	7.481032
19	20	1.420000	-0.556000	-7.256700	7.415203
19	28	0.980000	0.005000	-7.323400	7.388681
19	1	-0.335000	-0.530000	-7.380000	7.406587
19	3	1.030000	0.050000	-7.538000	7.608209
19	9	0.430000	-0.530000	-7.239000	7.271102
19	13	-1.840000	2.360000	-6.738000	7.372642
19	19	0.450000	-1.050000	-7.526000	7.612206
19	21	-1.490000	-0.342000	-7.303700	7.461977
19	29	0.480000	-1.328000	-7.454000	7.586574
20	0	-1.106000	-0.800000	-7.456000	7.579919
20	2	-2.690000	-1.230000	-7.019090	7.616864
20	8	1.730000	1.180000	-7.112000	7.413895
20	12	0.090000	-2.180000	-7.248800	7.570046
20	18	0.620000	0.400000	-7.254900	7.292323
20	20	-0.970000	-0.340000	-7.485380	7.555621
20	28	-0.080000	0.813000	-7.229800	7.275808
20	1	-0.533000	-0.630000	-7.274000	7.320660
20	3	-0.050000	0.480000	-7.672000	7.687164
20	9	2.370000	-0.650000	-6.766000	7.198483
20	13	0.280000	0.820000	-7.235000	7.286702
20	19	0.880000	-0.860000	-7.376000	7.477926
20	21	-1.810000	-1.561000	-7.062000	7.455512
20	29	-1.880000	-0.982000	-7.105000	7.414833
21	0	0.793000	-1.780000	-7.302000	7.557543
21	2	-3.220000	-0.880000	-7.119000	7.862758
21	8	0.860000	2.140000	-7.242500	7.600856
21	12	-0.010000	-0.810000	-7.702300	7.744781
21	18	0.820000	0.620000	-7.449000	7.519601
21	20	-0.410000	1.393000	-7.070300	7.217873
21	28	1.720000	1.451000	-7.413900	7.747884
21	1	1.081000	0.050000	-7.492000	7.569751
21	3	0.900000	-0.080000	-7.369000	7.424188
21	9	1.280000	-1.830000	-6.995000	7.342842
21	13	-0.930000	1.820000	-7.191000	7.475813
21	19	0.420000	-0.150000	-7.730000	7.742855
21	21	-0.680000	-0.215000	-7.190900	7.226179
21	29	-0.950000	0.096000	-7.043000	7.107430
22	0	-0.654000	-1.160000	-7.358000	7.477532
22	2	-0.730000	-0.990000	-7.148000	7.253062
22	8	0.060000	1.480000	-7.605500	7.748395
22	12	-0.280000	-2.330000	-7.050600	7.430899
22	18	0.120000	0.180000	-7.597000	7.600080
22	20	-1.980000	-0.752000	-7.198100	7.503236
22	28	1.030000	1.574000	-7.283100	7.522096
22	1	-0.052000	1.010000	-7.119000	7.190477
22	3	1.370000	0.970000	-7.285000	7.475896
22	9	0.430000	-1.230000	-7.156000	7.273660
22	13	0.200000	0.590000	-7.349000	7.375358
22	19	-2.450000	-0.620000	-7.177000	7.608957
22	21	-0.830000	1.021000	-7.387000	7.503273
22	29	-2.170000	0.486000	-7.354000	7.682865
23	0	-0.346000	-0.990000	-7.032000	7.109771
23	2	-1.720000	0.010000	-7.081400	7.287299
23	8	-0.930000	0.190000	-7.605800	7.664802
23	12	1.150000	-0.530000	-7.257600	7.367235
23	18	1.530000	0.230000	-7.648000	7.802929
23	20	-1.860000	-0.183000	-7.266980	7.503472
23	28	0.380000	0.748000	-7.533000	7.579577
23	1	0.143000	0.660000	-7.648000	7.677757
23	3	1.070000	0.200000	-7.412000	7.491505
23	9	-0.610000	-1.220000	-7.412000	7.536461
23	13	0.380000	1.250000	-7.254000	7.370713
23	19	-2.180000	-0.940000	-7.381000	7.753397
23	21	-2.120000	-0.073000	-7.441000	7.737455
23	29	-2.320000	0.196000	-6.989000	7.366610
24	0	-1.017000	-2.610000	-6.963000	7.505315
24	2	-3.260000	1.150000	-6.413770	7.286051
24	8	0.320000	0.740000	-7.277300	7.321823
24	12	0.270000	-0.310000	-7.330000	7.341519
24	16	3.460000	-0.520000	-6.025000	6.967254
24	18	2.480000	-1.208000	-6.957000	7.483950
24	20	0.620000	-0.226000	-7.320600	7.350283
24	28	0.850000	-0.040000	-7.336100	7.385287
24	1	0.592000	-0.040000	-7.104000	7.128736
24	3	-0.900000	-0.280000	-7.448000	7.507403
24	9	0.700000	-1.250000	-7.303000	7.442198
24	13	-0.480000	-0.020000	-7.208000	7.223992
24	17	-1.480000	1.140000	-6.839100	7.089661
24	19	-1.620000	-1.308000	-7.182000	7.477726
24	21	1.650000	-0.601000	-7.418300	7.623311
24	29	-1.780000	-1.710000	-7.008000	7.429977
25	0	-2.342000	-1.590000	-6.998000	7.548845
25	2	-0.740000	-0.350000	-7.185000	7.231482
25	8	1.290000	2.260000	-6.869600	7.345958
25	12	0.810000	-0.470000	-7.389200	7.448307
25	16	3.590000	-1.680000	-6.556000	7.661047
25	18	1.760000	-0.690000	-6.900400	7.154664
25	20	-0.700000	2.077000	-7.046600	7.379600
25	26	1.770000	-2.140000	-6.644400	7.201427
25	28	1.270000	1.582000	-7.039900	7.326378
25	1	0.707000	1.700000	-6.988500	7.226962
25	3	2.180000	-2.220000	-6.784000	7.463475
25	9	0.780000	0.020000	-7.638000	7.677750
25	13	0.100000	1.510000	-6.873000	7.037630
25	17	-2.360000	1.980000	-6.926200	7.580386
25	19	-2.420000	-0.440000	-6.962000	7.383728
25	21	0.600000	0.539000	-7.244100	7.288862
25	27	-2.880000	-0.010000	-6.676300	7.271003
25	29	-1.850000	-2.197000	-6.828700	7.408134
26	0	-1.355000	-0.720000	-7.450000	7.606374
26	2	-0.940000	0.700000	-7.312800	7.406122
26	8	-0.100000	0.580000	-7.584800	7.607601
26	12	-0.150000	-0.850000	-7.302000	7.352836
26	16	3.450000	-0.200000	-6.644300	7.489274
26	18	2.210000	0.250000	-7.021100	7.364947
26	20	-2.620000	-0.008000	-6.912000	7.391902
26	26	2.570000	-2.800000	-6.207400	7.278510
26	28	2.420000	1.931000	-6.690300	7.371925
26	1	-0.344000	1.550000	-7.521000	7.686760
26	3	0.660000	0.560000	-7.209000	7.260777
26	9	1.170000	-0.530000	-7.374000	7.485030
26	13	0.200000	0.180000	-7.315000	7.319947
26	17	-2.460000	1.130000	-6.831800	7.348605
26	19	-2.100000	1.340000	-6.984000	7.414975
26	21	0.390000	-0.808000	-7.541800	7.594979
26	27	-1.260000	1.730000	-7.268900	7.577427
26	29	-0.030000	0.165000	-7.382000	7.383905
27	0	-0.708000	-0.540000	-7.542000	7.594381
27	2	-0.600000	-1.990000	-6.974540	7.277658
27	8	-0.600000	1.130000	-7.388200	7.498160
27	12	0.410000	0.050000	-7.272000	7.283720
27	16	3.550000	1.740000	-6.241700	7.388431
27	18	2.190000	-0.860000	-6.951700	7.339062
27	20	-0.390000	-0.776000	-7.431600	7.482176
27	26	0.170000	-1.300000	-7.087300	7.207546
27	28	0.390000	2.639000	-6.971000	7.463998
27	1	-0.282000	2.160000	-7.192200	7.514843
27	3	-1.070000	-0.400000	-7.135000	7.225865
27	9	1.100000	0.000000	-7.345000	7.426912
27	13	1.380000	1.130000	-7.220000	7.437049
27	17	-2.660000	1.120000	-6.772800	7.362121
27	19	-1.090000	1.080000	-7.094000	7.258053
27	21	1.300000	-0.053000	-7.663000	7.772669
27	27	-2.580000	2.310000	-6.583000	7.438306
27	29	-0.380000	0.705000	-7.492700	7.535382
28	0	-0.635000	0.170000	-7.450000	7.478945
28	2	0.890000	-1.130000	-7.432100	7.570014
28	8	0.660000	0.480000	-7.261300	7.307016
28	12	0.490000	-0.720000	-7.713800	7.762809
28	16	2.600000	-1.700000	-6.698800	7.384032
28	18	0.360000	-0.410000	-7.279260	7.299680
28	20	-0.410000	1.641000	-7.118000	7.316208
28	26	-1.860000	-1.900000	-6.805600	7.306558
28	28	1.860000	2.630000	-7.006500	7.711520
28	1	2.353000	1.430000	-7.038600	7.558002
28	3	-0.660000	0.200000	-7.291000	7.323543
28	9	1.420000	-0.380000	-7.166500	7.315704
28	13	-1.560000	-0.220000	-7.326000	7.493482
28	17	-4.180000	0.110000	-6.418700	7.660562
28	19	-0.950000	-0.480000	-7.544000	7.618716
28	21	0.620000	-0.146000	-7.386800	7.414211
28	27	-4.070000	1.880000	-5.545000	7.130661
28	29	-0.130000	-0.664000	-7.203700	7.235405
29	0	-0.068000	0.140000	-7.547000	7.548605
29	2	0.930000	-0.340000	-7.090600	7.159407
29	8	-0.120000	-1.280000	-7.335850	7.447650
29	12	2.080000	-0.200000	-7.353000	7.644149
29	16	3.830000	-2.830000	-5.831500	7.528891
29	18	0.700000	-1.120000	-7.145960	7.266990
29	20	-2.130000	0.718000	-7.289000	7.627709
29	26	1.700000	-0.490000	-6.976200	7.197046
29	28	-0.030000	2.008000	-7.125000	7.402607
29	1	1.982000	0.310000	-7.025000	7.305823
29	3	-2.240000	-0.860000	-7.025000	7.423464
29	9	-0.620000	-0.370000	-7.547000	7.581458
29	13	-0.340000	1.110000	-7.431000	7.521134
29	17	-2.080000	1.850000	-6.607203	7.169660
29	19	0.090000	-0.220000	-7.280000	7.283879
29	21	-0.540000	0.107000	-7.368640	7.389175
29	27	-0.120000	3.040000	-6.416000	7.100779
29	29	-1.430000	-1.585000	-7.284680	7.591027
30	0	-1.770000	-0.250000	-7.035000	7.258555
30	2	1.070000	-1.780000	-7.248800	7.540451
30	8	-0.530000	1.330000	-7.138500	7.280658
30	12	1.720000	-0.150000	-7.068000	7.275818
30	16	3.360000	-2.160000	-6.386550	7.532810
30	18	1.910000	0.935000	-6.944800	7.263097
30	20	-1.250000	1.824000	-7.152000	7.486026
30	26	0.810000	-2.780000	-6.972300	7.549667
30	28	0.640000	1.316000	-7.209400	7.356419
30	1	1.301000	0.090000	-7.249000	7.365372
30	3	-2.200000	-0.820000	-6.858000	7.248763
30	9	-0.990000	-0.270000	-7.267000	7.339093
30	13	-0.860000	-0.280000	-7.361000	7.416355
30	17	-1.660000	2.130000	-6.945000	7.451545
30	19	-1.520000	0.450000	-7.163000	7.336312
30	21	0.780000	-0.350000	-7.282100	7.332113
30	27	-1.380000	2.160000	-6.978600	7.434437
30	29	-1.080000	-2.206000	-6.812900	7.242130
31	0	-1.975000	1.580000	-7.104000	7.540812
31	2	1.060000	-0.880000	-6.994100	7.128495
31	8	-0.990000	-1.270000	-7.237000	7.413985
31	12	1.830000	0.980000	-7.117100	7.413664
31	16	3.230000	-3.220000	-5.679800	7.284328
31	18	2.690000	1.130000	-7.184000	7.753893
31	20	-0.780000	0.877000	-7.143000	7.238783
31	26	0.440000	-0.100000	-7.251800	7.265824
31	28	-0.450000	2.452000	-6.954000	7.387349
31	1	1.377000	0.310000	-7.647000	7.776171
31	3	-3.110000	2.230000	-6.007000	7.122433
31	9	-0.310000	-1.280000	-7.175000	7.294870
31	13	-0.410000	-1.180000	-7.262000	7.368660
31	17	-2.150000	1.600000	-6.829500	7.336523
31	19	-0.470000	1.418000	-7.329000	7.479697
31	21	0.130000	-1.568000	-7.392200	7.557787
31	27	-1.120000	2.260000	-7.156600	7.588078
31	29	-1.780000	-2.242000	-6.893400	7.464176
32	0	-0.854000	2.600000	-6.665000	7.204966
32	2	3.200000	-1.730000	-6.397400	7.359322
32	4	0.190000	1.700000	-7.007000	7.212777
32	8	-0.750000	-1.450000	-7.302000	7.482259
32	12	-0.090000	0.290000	-7.471800	7.477967
32	16	0.320000	-2.680000	-6.677700	7.202533
32	18	1.910000	0.669000	-7.166900	7.447155
32	20	0.140000	0.649000	-7.451000	7.480522
32	26	-0.640000	-1.260000	-7.256300	7.392638
32	28	-0.780000	2.280000	-6.867000	7.277533
32	1	1.056000	-0.680000	-7.612000	7.714926
32	3	-1.580000	3.010000	-6.453500	7.294118
32	7	-1.580000	-3.280000	-6.906000	7.806897
32	9	1.060000	-0.180000	-7.384000	7.461867
32	13	0.110000	0.020000	-7.519000	7.519831
32	17	-3.270000	3.410000	-5.676000	7.384983
32	19	-1.130000	0.157000	-7.521000	7.607036
32	21	0.230000	-1.412000	-7.039500	7.183398
32	27	-1.840000	1.380000	-7.051000	7.416644
32	29	0.100000	-2.610000	-7.204500	7.663349
33	0	-1.081000	1.590000	-7.066000	7.322910
33	2	3.300000	-1.660000	-6.604700	7.567540
33	4	2.360000	2.170000	-6.658000	7.389686
33	8	-1.460000	0.200000	-7.451000	7.595328
33	12	-0.830000	0.450000	-7.779720	7.836801
33	16	0.800000	-3.550000	-6.309600	7.283787
33	18	0.100000	0.864000	-7.197000	7.249366
33	20	-0.700000	2.656000	-6.749000	7.286517
33	26	-1.010000	-1.560000	-6.869380	7.116325
33	28	1.000000	2.507000	-6.899000	7.408188
33	1	1.986000	0.400000	-7.112800	7.395683
33	3	-2.390000	1.450000	-6.675700	7.237373
33	7	-0.450000	-2.760000	-6.787000	7.340536
33	9	0.520000	-0.410000	-7.268000	7.298104
33	13	0.100000	0.190000	-7.396000	7.399116
33	17	-3.320000	3.030000	-6.025000	7.516909
33	19	-0.610000	-1.538000	-6.878000	7.074209
33	21	-2.060000	-2.617000	-6.572380	7.368071
33	27	-0.200000	1.130000	-7.238000	7.328407
33	29	-1.360000	-1.206000	-7.113540	7.342104
34	0	-1.855000	0.840000	-6.929000	7.222026
34	2	1.830000	-1.550000	-6.908800	7.313202
34	4	2.470000	0.520000	-7.118000	7.552299
34	8	-0.270000	-0.809000	-7.308000	7.357598
34	12	-0.170000	2.250000	-6.899600	7.259193
34	16	1.160000	-3.500000	-6.644800	7.599274
34	18	-0.920000	3.106000	-6.458000	7.224915
34	20	1.620000	3.258000	-6.400000	7.361995
34	26	-0.850000	-2.470000	-6.560700	7.061599
34	28	1.860000	3.363000	-6.468000	7.523589
34	1	0.980000	-1.410000	-7.342800	7.540903
34	3	-3.700000	1.540000	-6.763100	7.861369
34	7	-2.080000	-3.200000	-6.580000	7.606760
34	9	1.270000	1.580000	-6.800000	7.095724
34	13	-0.470000	0.630000	-7.403600	7.445206
34	17	-3.410000	2.920000	-5.845000	7.370110
34	19	-0.470000	1.570000	-7.596500	7.771268
34	21	-0.530000	-3.096000	-6.600900	7.310130
34	27	-0.660000	-0.360000	-7.211400	7.250482
34	29	-1.600000	-1.492000	-6.980990	7.315756
35	0	0.164000	3.170000	-6.843000	7.543371
35	2	4.040000	-1.820000	-5.575000	7.121420
35	4	1.120000	1.880000	-6.717000	7.064481
35	8	-0.240000	-1.250000	-7.142000	7.254534
35	12	0.530000	0.780000	-7.488800	7.547942
35	16	1.570000	-3.810000	-5.961000	7.246690
35	18	0.210000	0.476000	-7.445000	7.463156
35	20	1.670000	2.245000	-6.693000	7.254321
35	26	0.190000	-0.960000	-7.440300	7.504383
35	28	2.240000	1.777000	-7.017200	7.577363
35	1	1.492000	-0.830000	-7.486000	7.678226
35	3	-3.050000	2.360000	-6.217650	7.316507
35	7	-2.350000	-2.750000	-6.533000	7.467603
35	9	0.100000	-0.030000	-7.349000	7.349742
35	13	1.430000	-0.910000	-7.054000	7.254786
35	17	-2.630000	1.830000	-6.781600	7.500393
35	19	-0.110000	-0.435000	-7.215160	7.229098
35	21	-0.910000	-2.032000	-7.138790	7.477931
35	27	0.110000	1.900000	-6.793000	7.054569
35	29	-1.790000	-2.288000	-6.765500	7.362814
36	2	2.220000	-2.950000	-6.519700	7.492489
36	4	1.690000	3.230000	-6.600000	7.539828
36	8	1.020000	-0.180000	-7.316000	7.388955
36	12	-0.750000	-2.410000	-6.697900	7.157686
36	16	1.450000	-1.750000	-6.860100	7.226754
36	18	-1.600000	0.369000	-6.955000	7.146201
36	20	1.500000	1.015000	-7.240400	7.463486
36	26	-0.690000	-2.050000	-7.237800	7.554095
36	28	2.850000	2.092000	-6.338500	7.257792
36	3	-4.660000	0.110000	-5.649100	7.323935
36	7	-1.500000	-0.260000	-7.035000	7.197835
36	9	-0.140000	1.090000	-7.377000	7.458407
36	13	0.470000	-0.490000	-7.367900	7.399118
36	17	-0.880000	3.530000	-6.486000	7.436632
36	19	-1.560000	-0.157000	-7.507200	7.669179
36	21	-0.620000	-2.279000	-7.094300	7.477121
36	27	-1.460000	2.190000	-7.177000	7.644412
36	29	-2.070000	-2.170000	-6.797200	7.429383
37	2	3.470000	-0.030000	-6.651000	7.501840
37	4	0.220000	1.140000	-7.148000	7.241678
37	8	-0.330000	-1.100000	-7.080000	7.172538
37	12	-1.370000	-1.700000	-7.127700	7.454596
37	16	1.260000	-1.380000	-6.714400	6.969589
37	18	1.350000	1.668000	-6.886000	7.212608
37	20	-0.010000	0.528000	-7.415100	7.433881
37	26	0.160000	-2.220000	-7.208100	7.543918
37	28	1.110000	1.338000	-7.227250	7.433403
37	3	-3.110000	1.590000	-6.432000	7.319209
37	7	-0.720000	-3.070000	-6.461000	7.189424
37	9	-1.740000	1.010000	-7.092000	7.371849
37	13	0.420000	0.750000	-7.235100	7.285985
37	17	-0.310000	2.070000	-7.096200	7.398449
37	19	-1.460000	0.089000	-7.374900	7.518555
37	21	-1.950000	-0.558000	-7.050900	7.336829
37	27	-0.500000	0.600000	-7.376100	7.417335
37	29	-2.130000	-0.480000	-7.168500	7.493643
38	2	4.400000	-1.390000	-5.793000	7.406143
38	4	0.460000	2.130000	-6.856600	7.194544
38	8	-0.640000	-0.480000	-7.250000	7.294004
38	12	-0.800000	-1.130000	-7.229290	7.360675
38	16	2.120000	-0.570000	-7.101000	7.432597
38	18	1.730000	1.575000	-6.939000	7.322789
38	20	1.100000	0.247000	-7.293300	7.379921
38	26	2.460000	-0.310000	-7.098000	7.518597
38	28	0.270000	0.114000	-7.629700	7.635327
38	3	-1.810000	1.190000	-7.080060	7.404016
38	7	0.380000	-1.640000	-7.423000	7.611500
38	9	-2.730000	1.340000	-6.614000	7.279663
38	13	1.690000	1.340000	-7.572000	7.873175
38	17	0.570000	1.270000	-7.435200	7.564390
38	19	-0.800000	0.819000	-7.478700	7.565825
38	21	-1.330000	-0.587000	-7.376900	7.518785
38	27	-0.920000	1.150000	-7.516300	7.659221
38	29	-1.310000	-1.045000	-7.028000	7.225020
39	4	0.710000	1.710000	-7.289500	7.520971
39	8	1.380000	0.090000	-7.296000	7.425908
39	12	-0.610000	-2.170000	-7.292500	7.632926
39	16	2.560000	-0.350000	-6.969900	7.433411
39	18	1.020000	-0.133000	-7.424000	7.494923
39	26	0.010000	-0.860000	-7.177000	7.228349
39	28	0.260000	-0.976000	-7.354500	7.423533
39	7	-1.220000	-3.650000	-6.627000	7.663421
39	9	-2.760000	1.510000	-6.951000	7.629817
39	13	0.990000	0.760000	-7.189000	7.296535
39	17	1.770000	2.220000	-7.036800	7.588007
39	19	-1.340000	0.260000	-7.140960	7.270248
39	27	-2.740000	1.530000	-7.047102	7.714282
39	29	-2.160000	-0.453000	-6.902900	7.247126
40	2	1.590000	0.670000	-7.118900	7.325008
40	4	1.510000	1.730000	-7.028000	7.393631
40	8	2.070000	-0.163000	-6.940200	7.244159
40	12	-0.420000	-3.230000	-6.559900	7.324042
40	16	0.640000	-1.810000	-7.146300	7.399683
40	18	1.670000	-0.369000	-7.102000	7.305030
40	26	1.720000	1.420000	-7.289800	7.623384
40	28	0.840000	1.710000	-7.375000	7.617107
40	3	-4.590000	2.020000	-5.827000	7.687810
40	7	-0.870000	-1.930000	-6.913000	7.229894
40	9	-0.220000	1.334000	-7.505000	7.625810
40	13	1.620000	1.420000	-7.689100	7.985177
40	17	-1.030000	1.380000	-7.308300	7.508432
40	19	-1.280000	-2.068000	-6.827400	7.247649
40	27	-2.040000	2.360000	-6.687200	7.379014
40	29	-2.060000	0.681000	-7.345200	7.658938
41	2	1.850000	0.770000	-7.407300	7.673558
41	4	1.600000	-0.110000	-7.327000	7.500469
41	8	2.540000	-1.680000	-6.892000	7.534830
41	12	-1.720000	-3.080000	-6.238900	7.167194
41	16	0.890000	-1.540000	-7.399200	7.609984
41	18	0.750000	2.028000	-7.264000	7.578983
41	26	3.530000	0.570000	-6.566000	7.476507
41	28	1.540000	1.031000	-7.095700	7.333725
41	3	-2.460000	1.210000	-6.532300	7.084253
41	7	-1.170000	-2.930000	-6.499000	7.224320
41	9	-2.550000	-1.080000	-7.069000	7.592079
41	13	-0.260000	1.340000	-7.560000	7.682239
41	17	-2.720000	2.150000	-6.662600	7.510735
41	19	-2.180000	-0.079000	-6.906600	7.242911
41	27	-0.780000	0.380000	-7.457400	7.507704
41	29	-1.770000	0.851000	-6.946600	7.218889
42	2	2.360000	0.370000	-6.956300	7.355040
42	4	-0.160000	1.390000	-7.174000	7.309171
42	8	2.390000	0.845000	-7.416000	7.837294
42	10	1.130000	1.750000	-7.012700	7.315556
42	12	1.360000	-3.050000	-6.674380	7.463206
42	16	0.090000	-3.460000	-6.712400	7.552219
42	18	1.070000	-0.172000	-7.358600	7.437975
42	26	1.150000	2.840000	-6.946000	7.591773
42	28	1.860000	0.721000	-7.048900	7.325738
42	3	-2.880000	-1.130000	-6.781200	7.453588
42	7	-1.190000	-1.380000	-7.027000	7.259423
42	9	-2.400000	-1.196000	-6.901000	7.403662
42	11	0.000000	2.177000	-6.882000	7.218120
42	13	1.010000	2.530000	-6.977000	7.489962
42	17	-1.690000	1.440000	-7.009000	7.352264
42	19	-0.640000	-3.523000	-6.762800	7.652228
42	27	-3.350000	0.890000	-6.374800	7.256216
42	29	-2.740000	0.380000	-6.774000	7.317040
43	2	2.310000	0.020000	-7.276490	7.634383
43	4	0.230000	2.580000	-7.025000	7.487318
43	8	1.690000	2.391000	-6.854000	7.453207
43	10	0.510000	-1.113000	-7.606100	7.704001
43	12	0.700000	-2.170000	-6.962000	7.325868
43	16	3.050000	-1.760000	-6.598600	7.479413
43	18	-0.140000	1.707000	-6.700000	6.915450
43	26	0.730000	2.340000	-7.253300	7.656296
43	28	2.210000	0.743000	-7.131500	7.502962
43	3	-2.880000	1.230000	-6.362000	7.091004
43	7	-0.410000	-0.870000	-6.989000	7.054865
43	9	-1.190000	-0.778000	-7.787000	7.915728
43	11	0.350000	-1.452000	-6.928000	7.087171
43	13	0.410000	2.330000	-7.298440	7.672303
43	17	-0.160000	2.140000	-7.034900	7.354932
43	19	-1.300000	-1.359000	-7.154100	7.397163
43	27	-1.650000	0.800000	-6.869600	7.110127
43	29	-1.560000	-1.732000	-7.090900	7.464200
44	2	3.690000	0.000000	-6.616300	7.575719
44	4	0.900000	0.480000	-7.400000	7.469967
44	8	2.460000	0.482000	-6.832000	7.277372
44	10	-0.010000	0.295000	-7.277800	7.283783
44	12	0.280000	-1.930000	-7.148800	7.410037
44	16	0.060000	-1.050000	-7.210800	7.287094
44	18	-0.310000	1.727000	-7.342800	7.549526
44	26	1.340000	1.680000	-6.885000	7.212574
44	28	3.660000	0.703000	-6.755500	7.715348
44	3	-1.650000	1.740000	-7.044300	7.441254
44	7	-0.300000	-1.750000	-6.983000	7.205192
44	9	-0.460000	-1.820000	-7.046000	7.291784
44	11	-0.180000	0.685000	-7.404000	7.437798
44	13	-0.190000	1.760000	-7.142800	7.358892
44	17	-1.990000	1.940000	-6.871000	7.411770
44	19	-1.390000	-1.886000	-7.083300	7.460713
44	27	-1.590000	-0.280000	-7.118870	7.299645
44	29	-1.840000	-0.183000	-7.372800	7.601136
45	2	3.100000	0.150000	-6.648000	7.336784
45	4	0.540000	0.460000	-7.183000	7.217942
45	8	1.720000	0.134000	-7.382000	7.580916
45	10	-1.020000	-0.961000	-7.352050	7.484421
45	12	0.410000	-2.220000	-7.048000	7.400730
45	16	1.580000	-2.150000	-6.835800	7.338056
45	18	2.430000	0.824000	-6.985000	7.441378
45	20	-0.040000	-1.642000	-7.191000	7.376194
45	26	2.180000	2.560000	-6.610000	7.416070
45	28	3.050000	1.248000	-6.781000	7.539361
45	3	-1.140000	0.530000	-7.251880	7.360045
45	7	-0.110000	-1.440000	-7.343000	7.483672
45	9	-1.740000	-1.132000	-7.021000	7.321439
45	11	0.280000	0.224000	-7.231000	7.239885
45	13	0.420000	1.830000	-6.729100	6.986135
45	17	-1.480000	1.280000	-7.041000	7.307837
45	19	-0.570000	-1.074000	-7.571300	7.668309
45	21	-2.260000	1.736000	-6.908500	7.473197
45	27	-0.460000	-0.790000	-7.434200	7.490196
45	29	-3.460000	0.777000	-6.954320	7.806273
46	2	3.550000	0.400000	-6.447400	7.370988
46	4	1.500000	-0.540000	-7.269000	7.441771
46	8	1.340000	0.258000	-7.748000	7.867253
46	10	-1.710000	1.335000	-7.021400	7.348904
46	12	-0.680000	-1.090000	-7.493900	7.603225
46	16	1.200000	-2.220000	-6.768100	7.223266
46	18	1.190000	-0.105000	-7.229000	7.327043
46	20	-0.670000	-0.590000	-7.244000	7.298804
46	26	1.290000	1.320000	-7.166300	7.400159
46	28	3.890000	0.753000	-6.005000	7.194382
46	3	-1.580000	1.600000	-7.207400	7.550034
46	7	1.170000	-1.570000	-6.901000	7.173395
46	9	-3.030000	-0.058000	-6.675000	7.330750
46	11	0.320000	0.567000	-7.158500	7.188046
46	13	-0.190000	1.960000	-7.109500	7.377174
46	17	-1.710000	-0.010000	-7.277000	7.475221
46	19	-0.480000	0.183000	-7.518000	7.535530
46	21	-0.590000	1.988000	-7.381600	7.667350
46	27	-0.860000	-1.730000	-6.880200	7.146303
46	29	-2.510000	-0.733000	-7.255100	7.711930
47	2	3.390000	0.050000	-6.789300	7.588754
47	4	-0.540000	0.710000	-7.520000	7.572721
47	8	2.960000	-0.549000	-7.225000	7.827108
47	10	-0.610000	-0.259000	-7.334000	7.363881
47	12	0.070000	-0.550000	-7.254600	7.275756
47	16	2.100000	-1.660000	-7.044200	7.535672
47	18	1.260000	-0.239000	-7.108000	7.222769
47	20	-0.880000	-1.302000	-7.186000	7.355828
47	26	0.910000	1.520000	-7.285000	7.497315
47	28	1.730000	1.817000	-6.888900	7.331530
47	3	-3.310000	1.250000	-6.855200	7.714426
47	7	-0.830000	-2.630000	-6.683000	7.229681
47	9	-1.690000	-0.318000	-7.574000	7.766769
47	11	2.560000	1.163000	-6.816000	7.373196
47	13	-0.350000	3.440000	-6.531000	7.389862
47	17	-1.850000	-0.050000	-7.343000	7.572625
47	19	0.390000	0.790000	-7.295200	7.348207
47	21	-0.740000	1.110000	-7.288900	7.409977
47	27	-1.090000	-0.500000	-7.070100	7.171082
47	29	-1.690000	0.642000	-7.092700	7.319471
48	2	5.140000	-1.480000	-5.869000	7.940728
48	4	0.030000	0.020000	-7.402000	7.402088
48	8	3.750000	-0.510000	-6.448000	7.476584
48	10	-2.570000	1.242000	-7.058500	7.613796
48	12	-0.050000	-1.320000	-7.276500	7.395428
48	16	1.440000	-0.360000	-7.394600	7.542102
48	18	0.380000	-1.015000	-7.199000	7.280125
48	20	0.180000	-1.010000	-7.217000	7.289553
48	26	0.970000	0.570000	-7.425350	7.510101
48	28	0.940000	2.077000	-6.888000	7.255486
48	3	-2.610000	-1.700000	-6.390300	7.109011
48	7	-0.140000	-3.150000	-6.363000	7.101399
48	9	-1.930000	-2.071000	-6.654000	7.231159
48	11	1.110000	0.605000	-7.351000	7.458909
48	13	0.850000	1.180000	-7.202000	7.347360
48	17	-1.250000	-0.480000	-7.328000	7.449328
48	19	-0.220000	-0.265000	-7.375700	7.383737
48	21	-0.180000	2.452000	-7.050900	7.467255
48	27	-2.030000	-1.750000	-7.000500	7.496026
48	29	-1.120000	-0.694000	-7.473800	7.589053
49	2	3.130000	-0.290000	-6.395000	7.125800
49	4	0.370000	1.460000	-7.294000	7.447881
49	8	1.470000	1.743000	-7.111000	7.467615
49	10	-1.690000	0.705000	-6.901400	7.140199
49	12	-0.280000	-1.270000	-7.337400	7.451761
49	16	0.010000	0.630000	-7.294000	7.321164
49	18	0.910000	-2.440000	-6.932000	7.405020
49	20	0.750000	-0.460000	-7.482300	7.533851
49	26	-0.180000	0.840000	-7.425280	7.474810
49	28	1.890000	0.858000	-7.184700	7.478514
49	3	-3.180000	0.390000	-6.733600	7.456934
49	7	-1.350000	-2.160000	-6.691000	7.159440
49	9	-3.130000	0.171000	-6.694000	7.391602
49	11	0.750000	-0.174000	-7.342600	7.382855
49	13	0.610000	2.410000	-7.256300	7.670338
49	17	-2.180000	-0.670000	-6.982000	7.345041
49	19	-1.380000	1.730000	-7.089700	7.427055
49	21	0.750000	0.892000	-7.235100	7.328358
49	27	-3.200000	-0.920000	-6.534000	7.333455
49	29	-0.920000	-0.947000	-7.515500	7.630593
50	2	2.000000	-0.740000	-7.083300	7.397347
50	4	0.750000	1.480000	-7.597000	7.776073
50	8	2.880000	0.496000	-7.097000	7.675143
50	10	-1.050000	1.574000	-7.311600	7.552448
50	12	-1.250000	-0.880000	-7.182700	7.343574
50	16	1.220000	1.450000	-7.280500	7.523070
50	18	0.330000	-0.488000	-7.479000	7.502165
50	20	-0.510000	1.318000	-7.427000	7.560261
50	26	2.630000	-0.290000	-7.261390	7.728440
50	28	0.350000	-0.059000	-7.860800	7.868809
50	3	-4.870000	-0.550000	-6.225500	7.923146
50	7	0.700000	-3.390000	-7.005000	7.813586
50	9	-0.050000	-0.256000	-7.622000	7.626462
50	11	0.270000	1.547000	-7.112000	7.283313
50	13	2.140000	0.800000	-7.378200	7.723823
50	17	-0.540000	0.620000	-7.266000	7.312370
50	19	-1.790000	1.642000	-7.073900	7.479327
50	21	-0.460000	1.743000	-7.273800	7.493852
50	27	-2.350000	-0.390000	-6.846000	7.248608
50	29	-1.080000	-0.081000	-7.288080	7.368112
51	2	3.000000	-2.330000	-6.186550	7.259635
51	4	1.020000	1.500000	-7.082000	7.310617
51	8	3.380000	0.853000	-6.860000	7.694908
51	10	-2.290000	0.824000	-6.962270	7.375383
51	12	-1.170000	-2.420000	-7.112900	7.603857
51	16	0.680000	0.650000	-7.531430	7.589950
51	18	1.610000	-1.290000	-7.076000	7.370616
51	20	-0.010000	-1.449000	-7.544000	7.681903
51	26	3.830000	-1.120000	-6.325800	7.479241
51	28	-0.400000	0.980000	-7.478000	7.552542
51	3	-2.870000	-0.750000	-6.594000	7.230507
51	7	1.070000	-3.590000	-6.457000	7.464975
51	9	-2.270000	0.364000	-7.297000	7.650595
51	11	2.150000	0.950000	-7.125000	7.502708
51	13	0.800000	0.370000	-7.296400	7.349446
51	17	-0.880000	-0.850000	-7.179000	7.282509
51	19	-1.200000	1.390000	-6.820400	7.063282
51	21	-0.690000	0.549000	-7.197900	7.251708
51	27	-0.720000	0.260000	-7.417400	7.456797
51	29	1.340000	0.908000	-6.989900	7.174870
52	2	0.500000	-0.450000	-7.336500	7.367274
52	4	-0.810000	1.540000	-7.533000	7.731351
52	8	3.120000	0.160000	-6.613000	7.313807
52	10	-2.670000	0.864000	-6.897400	7.446444
52	12	-0.480000	-1.900000	-6.988400	7.257970
52	16	-0.840000	0.280000	-7.243030	7.296950
52	18	0.400000	0.754000	-7.368000	7.417273
52	20	0.350000	-0.551000	-7.129000	7.158823
52	26	0.640000	-0.660000	-7.297700	7.355381
52	28	1.430000	-0.242000	-7.280000	7.423063
52	3	-2.860000	0.990000	-6.707000	7.358230
52	7	-0.770000	-3.070000	-6.962000	7.647695
52	9	-1.760000	-1.495000	-6.822000	7.202243
52	11	2.730000	0.229000	-6.833000	7.361741
52	13	1.120000	0.980000	-7.340800	7.490136
52	17	0.600000	0.930000	-7.365000	7.447693
52	19	-2.510000	1.161000	-6.747830	7.292546
52	21	-0.230000	0.380000	-7.706600	7.719390
52	27	-2.130000	-0.640000	-6.823000	7.176338
52	29	1.050000	0.599000	-7.333100	7.432069
53	2	2.210000	-0.270000	-7.101000	7.441855
53	4	-0.780000	3.700000	-6.337720	7.380047
53	8	1.870000	1.361000	-7.403000	7.755877
53	10	-2.970000	-2.039000	-6.625800	7.541860
53	12	-0.610000	-0.380000	-7.445500	7.480105
53	16	-0.630000	-0.550000	-7.425720	7.472665
53	18	1.570000	-0.714000	-7.578000	7.771794
53	20	1.980000	-1.192000	-6.871000	7.249269
53	26	2.070000	-1.410000	-7.048200	7.479981
53	28	0.490000	-1.858000	-7.242000	7.492585
53	3	0.170000	0.340000	-7.138500	7.148614
53	7	-0.800000	-2.380000	-7.220000	7.644135
53	9	-2.870000	-0.751000	-6.836000	7.451966
53	11	1.880000	-1.617000	-7.077000	7.498868
53	13	0.330000	1.210000	-7.085000	7.195153
53	17	-0.260000	2.150000	-7.140000	7.461213
53	19	-2.630000	0.452000	-6.776500	7.283005
53	21	0.070000	0.416000	-7.647300	7.658926
53	27	-2.540000	1.290000	-7.001000	7.558419
53	29	-0.010000	-1.371000	-7.638900	7.760962
54	2	-0.120000	-0.450000	-7.174000	7.189101
54	4	-0.700000	2.970000	-6.390900	7.081984
54	8	2.460000	2.612000	-6.633000	7.541275
54	10	-2.810000	-1.272000	-6.479800	7.176482
54	12	0.010000	-0.960000	-7.415460	7.477349
54	16	0.070000	-1.330000	-7.392700	7.511712
54	18	1.000000	-1.018000	-7.451700	7.587105
54	20	0.460000	1.075000	-7.233000	7.326903
54	26	1.220000	-0.950000	-7.150800	7.316067
54	28	1.280000	0.851000	-7.054000	7.219523
54	3	-1.550000	-1.480000	-6.996050	7.316940
54	7	0.110000	-1.650000	-7.129000	7.318281
54	9	-2.380000	-0.189000	-7.144000	7.532387
54	11	3.530000	1.252000	-6.386000	7.403337
54	13	1.090000	0.260000	-7.372000	7.456680
54	17	0.830000	2.870000	-6.807000	7.433778
54	19	-2.760000	-0.340000	-6.586700	7.149673
54	21	0.480000	1.470000	-7.320400	7.481949
54	27	-0.820000	2.140000	-6.892000	7.263034
54	29	-0.520000	-0.464000	-7.567200	7.599224
55	2	0.870000	2.000000	-7.058100	7.387400
55	4	-0.470000	1.740000	-7.358000	7.575531
55	8	1.660000	1.713000	-7.090000	7.480513
55	10	-2.780000	-1.045000	-6.828900	7.446764
55	12	-0.300000	-1.240000	-7.167340	7.279997
55	16	-0.390000	-1.280000	-7.397900	7.517940
55	18	0.990000	-1.283000	-7.040600	7.224696
55	20	-0.750000	0.300000	-7.567000	7.609993
55	26	0.050000	-1.280000	-7.220350	7.333100
55	28	1.320000	-0.793000	-7.220000	7.382388
55	3	-0.740000	-0.250000	-7.220700	7.262824
55	7	0.030000	-4.240000	-6.293000	7.588172
55	9	-2.360000	-0.514000	-6.844000	7.257695
55	11	4.370000	-0.077000	-5.709000	7.189959
55	13	0.200000	-0.730000	-7.085000	7.125316
55	17	-0.530000	3.010000	-6.641000	7.310532
55	19	-1.420000	-1.145000	-6.904700	7.141590
55	21	0.020000	0.177000	-7.432000	7.434134
55	27	0.990000	1.610000	-7.246000	7.488439
55	29	-1.660000	-1.949000	-7.216020	7.656706
56	2	1.800000	1.330000	-6.927000	7.279576
56	4	0.980000	1.970000	-7.338700	7.661450
56	8	2.880000	1.143000	-7.085000	7.732921
56	10	-2.570000	-1.136000	-6.857200	7.410573
56	12	0.760000	-1.070000	-7.667480	7.778994
56	16	1.510000	-2.260000	-6.943000	7.456068
56	18	1.310000	-0.860000	-7.144900	7.314731
56	20	-1.240000	0.868000	-7.490000	7.641409
56	26	0.070000	1.920000	-7.453400	7.697043
56	28	-0.350000	-0.385000	-7.290000	7.308545
56	3	-0.490000	-0.750000	-7.375080	7.429294
56	7	-1.230000	-2.680000	-7.105000	7.692615
56	9	-1.870000	-0.404000	-6.938000	7.196941
56	11	3.410000	-0.836000	-6.513000	7.399065
56	13	-0.010000	1.510000	-7.058300	7.218019
56	17	0.440000	1.960000	-7.215000	7.489421
56	19	-2.710000	-0.706000	-6.534900	7.109673
56	21	0.750000	-0.358000	-7.758000	7.802386
56	27	0.570000	0.920000	-7.232000	7.312532
56	29	-0.790000	-0.361000	-7.337300	7.388531
57	2	1.850000	1.420000	-6.942400	7.323648
57	4	1.230000	1.940000	-7.169000	7.528018
57	8	2.090000	0.695000	-6.788000	7.136390
57	10	-3.600000	0.177000	-6.557400	7.482702
57	12	0.360000	-0.940000	-7.137010	7.207643
57	16	0.250000	-1.640000	-7.052300	7.244794
57	18	0.100000	-0.657000	-7.384000	7.413845
57	20	-0.940000	0.429000	-7.603200	7.673089
57	26	0.910000	1.120000	-7.125700	7.270358
57	28	0.080000	1.006000	-7.197000	7.267410
57	3	0.050000	-1.740000	-7.300400	7.505061
57	7	-0.810000	-3.000000	-6.500000	7.204589
57	9	-0.980000	-0.359000	-7.214000	7.289107
57	11	3.190000	-1.490000	-6.410000	7.313296
57	13	-3.250000	1.120000	-6.316000	7.190880
57	17	-2.880000	1.390000	-6.803000	7.517134
57	19	-0.800000	0.909000	-7.277200	7.377257
57	21	1.230000	0.290000	-7.557200	7.662132
57	27	1.360000	-0.600000	-7.181000	7.333237
57	29	-1.660000	-0.312000	-7.219000	7.413967
58	2	0.510000	1.740000	-7.300600	7.522397
58	4	1.720000	0.770000	-7.000100	7.249324
58	8	2.080000	0.633000	-7.282000	7.599646
58	10	-2.910000	2.211000	-6.156700	7.159719
58	12	1.000000	-0.790000	-7.087500	7.201164
58	16	0.940000	-2.950000	-6.814800	7.485159
58	18	0.410000	-0.249000	-7.564000	7.579195
58	20	-0.500000	0.237000	-7.363000	7.383762
58	26	0.100000	-0.910000	-7.678800	7.733180
58	28	0.160000	0.603000	-7.371000	7.397354
58	3	-2.340000	-0.830000	-7.451900	7.854636
58	7	0.560000	-0.660000	-7.216000	7.267727
58	9	-1.860000	0.105000	-6.967000	7.211776
58	11	3.550000	-2.886000	-5.925000	7.485795
58	13	-1.710000	0.990000	-6.807000	7.087979
58	17	-2.310000	2.430000	-6.803000	7.584313
58	19	1.370000	0.288000	-7.114300	7.250732
58	21	0.970000	1.520000	-7.429300	7.644985
58	27	-0.660000	-0.680000	-7.445000	7.505067
58	29	-1.920000	-1.398000	-6.942100	7.337135
59	2	2.290000	1.210000	-6.572700	7.064601
59	4	0.380000	0.430000	-7.317800	7.340265
59	8	1.740000	0.406000	-7.152000	7.371807
59	10	-1.020000	2.504000	-6.743300	7.265157
59	12	3.000000	1.100000	-6.842100	7.551446
59	16	1.350000	-1.210000	-7.048300	7.277715
59	18	-0.940000	1.280000	-7.527400	7.693098
59	20	0.750000	-0.213000	-7.603000	7.642871
59	26	0.160000	0.810000	-7.475060	7.520520
59	28	-0.400000	1.453000	-7.403900	7.555723
59	3	-1.360000	0.380000	-7.322000	7.456922
59	7	-2.470000	-1.940000	-6.955000	7.631286
59	9	-3.000000	1.253000	-6.523000	7.288315
59	11	3.630000	-2.065000	-6.170000	7.450505
59	13	-2.710000	1.690000	-6.868000	7.574274
59	17	-1.960000	3.960000	-5.870000	7.347115
59	19	-0.980000	-0.413000	-7.001800	7.082102
59	21	0.690000	0.152000	-7.744000	7.776165
59	27	-0.130000	-1.260000	-7.280000	7.389378
59	29	-2.090000	-1.533000	-7.064000	7.524512
60	2	1.690000	1.820000	-6.839630	7.276609
60	4	1.350000	3.180000	-6.739800	7.573626
60	8	0.750000	-0.600000	-7.060000	7.125033
60	10	-2.290000	1.788200	-6.928000	7.512586
60	12	0.780000	-0.590000	-7.693700	7.755612
60	16	0.060000	-1.680000	-7.030640	7.228824
60	18	0.520000	0.218000	-7.703000	7.723609
60	20	0.650000	-0.002000	-7.490000	7.518152
60	26	0.250000	0.800000	-7.479300	7.526116
60	28	0.790000	0.576000	-7.534000	7.597173
60	3	-2.230000	-1.920000	-6.791000	7.401147
60	7	-1.920000	-1.760000	-7.046000	7.511998
60	9	-0.880000	-0.800000	-7.570000	7.662852
60	11	2.110000	-4.308000	-5.672000	7.428496
60	13	-1.730000	0.430000	-7.145800	7.364799
60	17	-0.880000	2.850000	-6.648000	7.286481
60	19	1.710000	-0.514000	-7.140100	7.359981
60	21	0.070000	1.242000	-7.299300	7.404542
60	27	-0.110000	-0.700000	-7.113000	7.148207
60	29	1.010000	-1.059000	-7.605480	7.744992
61	2	0.170000	1.330000	-7.305000	7.427033
61	4	0.840000	1.620000	-7.110700	7.341121
61	8	2.800000	-0.311000	-6.960000	7.508550
61	10	-2.800000	1.142000	-6.842700	7.481090
61	12	0.080000	-2.480000	-7.265200	7.677235
61	16	0.000000	-0.520000	-7.420100	7.438298
61	18	-0.130000	0.541000	-7.515000	7.535569
61	20	0.770000	-0.512000	-7.315000	7.373213
61	26	0.660000	0.850000	-7.103800	7.184850
61	28	-0.770000	0.604000	-7.309100	7.374324
61	3	-1.790000	-3.170000	-6.348000	7.317794
61	7	-2.280000	-1.780000	-6.881000	7.464246
61	9	0.290000	-0.016000	-7.400000	7.405698
61	11	2.120000	-3.929000	-6.074000	7.538230
61	13	-0.500000	1.110000	-7.180900	7.283366
61	17	2.110000	0.040000	-7.018000	7.328439
61	19	1.400000	1.697000	-7.247770	7.574297
61	21	0.250000	0.140000	-7.600100	7.605499
61	27	0.580000	-1.010000	-7.275200	7.367838
61	29	-1.800000	-1.611000	-7.238900	7.631317
62	2	0.950000	2.500000	-6.897800	7.398118
62	4	2.340000	1.350000	-7.068700	7.567339
62	8	0.190000	-0.818000	-7.464000	7.511093
62	10	-3.470000	3.110000	-5.663700	7.334201
62	12	0.450000	-2.700000	-6.752300	7.286018
62	16	-2.200000	-1.650000	-6.996000	7.517082
62	18	-1.400000	-1.205000	-7.333000	7.562071
62	20	0.190000	-1.856000	-7.407000	7.638356
62	26	-0.572000	1.010000	-7.233200	7.325740
62	28	0.930000	1.576000	-6.927000	7.164636
62	3	-1.980000	-2.150000	-6.739900	7.346370
62	7	-2.330000	-1.560000	-6.692000	7.255713
62	9	-1.640000	0.342000	-7.099000	7.293995
62	11	0.050000	-1.816000	-6.950000	7.183513
62	13	-0.110000	-0.660000	-7.588400	7.617842
62	17	2.540000	-2.250000	-6.504000	7.335947
62	19	0.500000	1.435000	-7.409700	7.563920
62	21	-1.410000	0.474000	-7.255900	7.406812
62	27	-0.416000	-0.850000	-7.090000	7.152877
62	29	0.040000	-1.857000	-7.371800	7.602203
63	2	1.530000	1.610000	-7.079380	7.419611
63	4	3.100000	1.260000	-6.650500	7.444914
63	8	1.310000	-1.448000	-6.907000	7.177705
63	10	-1.150000	2.343000	-6.963000	7.436096
63	12	-2.020000	-1.350000	-7.104700	7.508639
63	16	-3.180000	-0.180000	-7.084900	7.767922
63	18	-0.030000	-1.678000	-7.722100	7.902368
63	26	0.070000	0.620000	-7.228400	7.255279
63	28	1.790000	2.768000	-6.553000	7.335375
63	3	-2.170000	-1.660000	-7.173000	7.675704
63	7	-2.260000	-1.850000	-6.969000	7.556260
63	9	-0.560000	0.454000	-7.191000	7.227046
63	11	1.880000	-3.827000	-6.086000	7.430998
63	13	-1.930000	-1.330000	-6.972100	7.355541
63	17	0.340000	-2.530000	-6.930000	7.385215
63	19	1.530000	1.650000	-6.954300	7.309288
63	27	-0.178000	-2.120000	-7.191000	7.499104
63	29	-1.370000	-1.480000	-7.047500	7.330386
64	2	1.530000	1.710000	-7.208000	7.564408
64	4	3.240000	1.460000	-6.476100	7.387088
64	8	0.470000	-0.060000	-7.497000	7.511958
64	10	-1.210000	2.263000	-7.065000	7.516615
64	12	-1.410000	1.520000	-7.199500	7.492083
64	16	-2.570000	1.640000	-6.498400	7.178001
64	18	-2.410000	0.056000	-7.147000	7.542602
64	20	-0.550000	-1.413000	-6.929000	7.092962
64	26	0.887000	0.710000	-7.530500	7.615727
64	28	0.590000	2.396000	-7.107000	7.523188
64	3	-0.430000	-2.910000	-6.842000	7.447548
64	7	-0.850000	-1.170000	-7.193000	7.336937
64	9	0.470000	0.510000	-7.341000	7.373688
64	11	1.300000	-3.724000	-6.266000	7.404116
64	13	-1.600000	-1.510000	-7.332000	7.654954
64	17	-0.960000	-1.240000	-7.462000	7.625001
64	19	0.060000	0.886000	-7.227620	7.281970
64	21	0.280000	2.258000	-7.014720	7.374501
64	27	1.066000	-0.890000	-7.341000	7.471194
64	29	-1.690000	-2.991000	-6.663700	7.497138
65	2	1.550000	1.380000	-6.988700	7.290324
65	4	2.010000	1.790000	-6.952000	7.454831
65	8	0.200000	0.370000	-7.287000	7.299128
65	10	-1.940000	3.402000	-6.366800	7.474848
65	12	1.010000	1.310000	-7.104000	7.294040
65	16	-0.640000	2.280000	-7.194700	7.574411
65	18	-2.760000	-0.715000	-7.054600	7.608956
65	20	-0.990000	-1.878000	-7.432000	7.729270
65	26	0.715000	1.080000	-7.297800	7.411849
65	28	1.030000	2.491000	-7.177000	7.666506
65	3	0.790000	-2.860000	-6.989000	7.592748
65	7	-2.080000	-2.770000	-6.360000	7.242161
65	9	0.530000	-0.670000	-7.105000	7.156174
65	11	1.970000	-2.171000	-6.937000	7.531010
65	13	-1.160000	-0.170000	-7.419500	7.511556
65	17	0.840000	-2.240000	-6.698000	7.112412
65	19	0.180000	1.058000	-7.252900	7.331870
65	21	-0.580000	0.714000	-7.430100	7.486827
65	27	-2.276000	-1.560000	-6.888000	7.420129
65	29	-0.740000	-2.348000	-6.823960	7.254456
66	2	0.260000	1.440000	-7.493200	7.634739
66	4	0.370000	2.690000	-6.633200	7.167450
66	8	-1.210000	1.150000	-7.315000	7.503054
66	10	-0.370000	4.150000	-6.248000	7.509787
66	12	1.480000	1.340000	-7.395500	7.660249
66	16	-0.390000	1.970000	-7.079300	7.358634
66	18	-1.250000	0.132000	-7.186600	7.295693
66	20	0.250000	-0.430000	-7.882000	7.897678
66	26	0.769000	1.570000	-7.284700	7.491536
66	28	-1.670000	2.885000	-6.671500	7.457951
66	3	1.110000	-1.830000	-7.382000	7.686021
66	7	-2.990000	-1.780000	-6.477000	7.352553
66	9	-0.590000	0.100000	-7.256000	7.280634
66	11	-0.210000	-3.263000	-6.625000	7.387956
66	13	-1.060000	-0.230000	-7.294900	7.375098
66	17	0.950000	-3.110000	-7.001000	7.719365
66	19	-0.040000	0.563000	-7.394300	7.415810
66	21	0.790000	0.212000	-7.289830	7.335575
66	27	-2.433000	0.210000	-7.074000	7.483653
66	29	-1.360000	-0.809000	-7.025300	7.201314
67	2	-0.620000	2.780000	-7.220100	7.761613
67	4	-0.090000	0.630000	-7.332300	7.359866
67	8	-1.800000	1.460000	-7.313000	7.671478
67	10	-0.140000	2.680000	-6.877700	7.382734
67	12	0.400000	-0.780000	-7.510000	7.560985
67	16	-0.520000	2.060000	-6.985000	7.300974
67	18	-1.840000	0.584000	-7.559200	7.801805
67	20	0.550000	-1.174000	-7.308000	7.422105
67	26	1.170000	1.250000	-7.312700	7.510458
67	28	0.360000	1.553000	-7.259500	7.432479
67	3	0.330000	-1.830000	-6.882000	7.128795
67	7	-1.310000	-2.560000	-6.694000	7.285557
67	9	-0.400000	-0.380000	-7.442000	7.462423
67	11	-0.800000	-2.570000	-6.749000	7.265941
67	13	-2.340000	-0.860000	-6.834000	7.274528
67	17	-0.900000	-3.520000	-6.549000	7.489312
67	19	0.170000	1.155000	-6.921000	7.018772
67	21	-1.220000	0.157000	-7.576380	7.675584
67	27	-0.180000	-1.420000	-7.052000	7.195798
67	29	-0.650000	-0.173000	-7.948500	7.976909
68	2	-0.320000	1.380000	-7.515200	7.647551
68	8	0.520000	1.240000	-7.461000	7.581195
68	10	0.210000	2.119000	-6.989400	7.306571
68	12	0.850000	-0.320000	-7.598200	7.652290
68	16	-0.010000	4.280000	-5.786500	7.197366
68	18	0.910000	-0.357000	-7.393082	7.457427
68	20	1.080000	-1.919000	-7.246000	7.573208
68	26	-0.760000	-0.010000	-7.392000	7.430973
68	28	-1.350000	0.575000	-7.264900	7.411606
68	3	0.940000	-2.250000	-7.210000	7.611189
68	9	0.870000	-2.720000	-6.932000	7.497194
68	11	-0.270000	-1.262000	-6.974000	7.092406
68	13	-1.990000	0.260000	-6.991000	7.273361
68	17	0.920000	-2.810000	-6.664000	7.290500
68	19	0.830000	-1.140000	-7.023000	7.163172
68	21	0.880000	0.412000	-7.296700	7.361112
68	27	0.591000	-0.720000	-7.380000	7.438554
68	29	-2.520000	-1.289000	-7.283900	7.814545
69	2	0.460000	0.020000	-7.554500	7.568518
69	8	0.270000	1.020000	-7.243000	7.319450
69	10	0.360000	1.304000	-7.285300	7.409832
69	12	0.050000	-2.160000	-7.249600	7.564708
69	16	-1.110000	0.450000	-7.517400	7.612221
69	18	1.650000	0.646000	-6.917000	7.140357
69	20	-0.390000	-1.360000	-7.186000	7.323954
69	26	0.536000	0.710000	-7.124200	7.179528
69	28	0.040000	1.627000	-7.245000	7.425547
69	3	0.330000	-1.990000	-7.243000	7.518647
69	9	1.650000	-2.562000	-6.725000	7.383222
69	11	-1.880000	-0.854000	-7.086000	7.380726
69	13	-0.590000	-1.470000	-7.318200	7.487660
69	17	-0.120000	-3.020000	-6.827000	7.466105
69	19	-1.920000	0.453000	-6.939400	7.214352
69	21	-0.370000	0.589000	-7.508000	7.540152
69	27	-0.910000	-0.980000	-7.259000	7.381164
69	29	1.380000	-2.513000	-6.851000	7.426693
70	2	0.400000	0.950000	-7.468500	7.539297
70	8	0.250000	1.890000	-7.288000	7.533229
70	10	-0.390000	0.342000	-7.806500	7.823714
70	12	-1.410000	0.420000	-7.403800	7.548560
70	18	2.270000	-0.081000	-7.158300	7.510041
70	20	1.310000	-1.670000	-6.855000	7.176073
70	26	0.507000	-1.210000	-7.455000	7.569556
70	28	-0.260000	1.890000	-7.195200	7.443830
70	3	1.070000	-0.430000	-7.360500	7.450286
70	9	1.260000	-1.361000	-7.435000	7.662842
70	11	-1.090000	-2.236000	-6.954000	7.385520
70	13	-1.400000	0.040000	-7.352000	7.484217
70	19	-1.920000	-0.167000	-7.147000	7.402290
70	21	0.110000	1.528000	-7.192700	7.354034
70	27	-1.273000	-0.160000	-7.155000	7.269123
70	29	0.740000	-0.497000	-7.547400	7.599859
71	2	-0.250000	-0.340000	-7.307400	7.319576
71	8	-1.430000	1.680000	-7.132000	7.465435
71	10	-1.100000	1.079000	-6.703820	6.878622
71	18	1.450000	0.856000	-7.144940	7.340668
71	20	0.300000	-2.155000	-6.886000	7.221566
71	26	0.883000	-1.050000	-7.234000	7.362944
71	28	0.630000	3.216000	-7.126400	7.843796
71	3	-1.230000	-0.720000	-7.450000	7.585104
71	9	-0.140000	-2.690000	-6.843000	7.354070
71	11	-0.540000	-2.526000	-7.046000	7.504558
71	19	-2.560000	-0.032000	-7.374000	7.805799
71	21	0.280000	0.353000	-7.257000	7.270974
71	27	0.563000	-0.500000	-7.369000	7.407370
71	29	0.430000	-1.095000	-7.420100	7.512776
72	2	0.890000	1.640000	-7.394000	7.625807
72	8	0.260000	1.314000	-7.287000	7.409087
72	10	-0.240000	1.524000	-6.896000	7.066470
72	18	2.410000	2.054000	-6.544500	7.270316
72	20	-1.110000	-2.381000	-7.124000	7.592933
72	26	1.526000	0.200000	-7.348000	7.507448
72	28	0.380000	2.298000	-7.063600	7.437718
72	3	-1.440000	-0.020000	-7.409100	7.547765
72	9	-0.100000	-2.306000	-7.159000	7.521896
72	11	0.770000	-3.469000	-6.110000	7.068165
72	19	-2.640000	-2.429000	-6.724000	7.621143
72	21	0.720000	0.256000	-7.462700	7.501722
72	27	0.430000	0.620000	-7.403000	7.441351
72	29	-1.420000	-0.857000	-7.047000	7.239548
73	2	1.680000	1.040000	-7.188700	7.455294
73	8	0.100000	-0.400000	-7.579000	7.590207
73	10	-0.770000	3.604000	-6.779094	7.716076
73	18	-0.070000	1.340000	-7.260000	7.382960
73	20	-0.170000	-1.400000	-7.175000	7.312286
73	26	-0.636000	0.390000	-7.025000	7.064504
73	28	0.230000	2.740000	-6.841100	7.373001
73	3	-3.230000	-0.810000	-6.436400	7.246809
73	9	-0.800000	-2.976000	-6.494000	7.188088
73	11	0.880000	-1.775000	-7.237600	7.503858
73	19	-3.330000	-1.562000	-6.536000	7.499869
73	21	1.200000	0.790000	-7.235000	7.376268
73	27	-1.258000	1.450000	-7.048000	7.304750
73	29	-0.360000	-1.361000	-7.531100	7.661553
74	2	1.960000	1.810000	-6.676200	7.189530
74	8	1.070000	2.043000	-7.252000	7.609879
74	10	0.360000	0.737000	-7.560700	7.605061
74	12	-0.370000	0.890000	-7.176800	7.241233
74	18	2.100000	1.410000	-7.059000	7.498505
74	20	0.630000	-0.960000	-7.449000	7.536982
74	26	0.906000	0.090000	-7.396000	7.451829
74	28	-0.410000	3.290000	-6.403500	7.210895
74	3	-2.160000	-1.210000	-6.717000	7.158756
74	9	-1.040000	-2.366000	-6.886000	7.355036
74	11	0.800000	-2.013000	-7.202000	7.520703
74	13	1.010000	-0.360000	-7.353800	7.431559
74	19	-1.150000	-2.830000	-6.757000	7.415420
74	21	1.640000	1.530000	-7.096950	7.442929
74	27	1.825000	-0.360000	-7.167000	7.404466
74	29	0.930000	-3.379000	-6.646000	7.513445
75	2	1.640000	3.030000	-6.662000	7.500183
75	8	-0.620000	2.190000	-7.078000	7.434957
75	10	-0.310000	2.999000	-6.472700	7.140444
75	12	-0.990000	1.300000	-7.271000	7.452351
75	18	2.030000	3.952000	-5.759000	7.273602
75	20	-1.980000	-1.670000	-7.062000	7.522044
75	26	-1.300000	0.480000	-7.341000	7.470655
75	28	0.000000	2.780000	-6.981400	7.514542
75	3	-0.980000	-0.500000	-7.463700	7.544350
75	9	-0.370000	-1.027000	-7.088000	7.171567
75	11	0.570000	-0.290000	-7.597700	7.624569
75	13	1.290000	-0.900000	-6.785500	6.965422
75	19	-0.710000	-1.173000	-7.342000	7.468935
75	21	-0.490000	2.530000	-7.200900	7.648134
75	27	0.524000	1.500000	-7.130000	7.304894
75	29	0.290000	-2.414000	-6.835000	7.254566
76	2	0.870000	2.930000	-6.765000	7.423411
76	8	-1.000000	0.420000	-7.096000	7.178413
76	10	0.500000	1.577000	-7.132810	7.322152
76	12	-1.300000	1.550000	-7.305000	7.579942
76	18	1.380000	2.530000	-6.709000	7.301779
76	20	-1.090000	-2.630000	-6.986000	7.543818
76	26	-1.369000	-1.300000	-7.146600	7.391756
76	28	-0.410000	-0.873000	-7.378300	7.441071
76	3	-2.160000	-1.460000	-6.827100	7.307975
76	9	-0.310000	-1.690000	-7.092000	7.297168
76	11	-0.120000	-1.882000	-7.356000	7.593883
76	13	0.370000	-0.610000	-7.268600	7.303530
76	19	0.260000	-4.339000	-6.040000	7.441513
76	21	-0.230000	0.600000	-7.390900	7.418780
76	27	1.000000	-1.020000	-6.940000	7.085478
76	29	-0.020000	-1.232000	-7.175000	7.280031
77	2	2.040000	1.220000	-7.387800	7.760772
77	8	-0.150000	2.444000	-6.954000	7.372500
77	10	-2.080000	0.181000	-7.168032	7.465912
77	12	-0.250000	1.430000	-7.457900	7.597873
77	18	0.870000	3.640000	-6.358000	7.377714
77	20	-0.680000	-0.200000	-7.193000	7.227838
77	26	-0.266000	-0.090000	-7.509200	7.514449
77	28	-0.280000	0.155000	-7.081200	7.088428
77	3	-0.310000	-0.550000	-7.248100	7.275545
77	9	0.860000	-1.434000	-7.214000	7.405252
77	11	-1.550000	-1.042000	-6.956000	7.202375
77	13	-0.220000	-1.210000	-7.348000	7.450208
77	19	-0.930000	-4.270000	-6.067000	7.477051
77	21	-1.040000	0.630000	-7.433100	7.531897
77	27	1.856000	0.430000	-7.122000	7.372416
77	29	-0.280000	0.233000	-7.197000	7.206212
78	2	1.220000	0.580000	-7.319400	7.443011
78	8	-1.850000	1.695000	-7.029000	7.463402
78	10	-0.260000	0.084000	-7.034900	7.040204
78	12	0.100000	1.230000	-7.459200	7.560593
78	20	0.970000	0.070000	-7.342000	7.406130
78	26	-2.381000	-1.150000	-7.092300	7.569173
78	28	1.280000	-0.313000	-7.185300	7.305129
78	3	-1.440000	-0.190000	-7.258800	7.402694
78	9	2.380000	-1.474000	-6.833000	7.384238
78	11	-0.350000	-0.941000	-7.155200	7.225294
78	13	0.360000	-2.570000	-6.990800	7.456929
78	21	-0.120000	0.830000	-7.410770	7.458070
78	27	1.020000	0.370000	-7.626900	7.703694
78	29	-2.300000	0.495000	-7.361000	7.727829
79	2	2.600000	-1.050000	-7.061000	7.597383
79	8	-1.400000	0.366000	-7.410000	7.549971
79	10	0.380000	1.090000	-7.689000	7.775167
79	12	-0.220000	1.700000	-7.277000	7.476171
79	16	-0.730000	1.710000	-6.998300	7.241077
79	20	0.700000	-0.380000	-7.426600	7.469189
79	26	-0.369000	-0.550000	-7.399100	7.428684
79	28	-0.820000	0.030000	-7.409500	7.454796
79	3	-2.110000	-2.310000	-6.861100	7.540749
79	9	3.190000	-0.924000	-6.670000	7.451092
79	11	0.320000	-1.274000	-7.429000	7.544237
79	13	0.150000	-0.940000	-7.490700	7.550939
79	17	-0.080000	-2.440000	-6.740700	7.169173
79	21	0.010000	0.260000	-7.397000	7.401575
79	27	1.396000	0.430000	-7.301100	7.445789
79	29	-2.690000	-1.792000	-6.814000	7.541748
80	2	3.210000	1.590000	-6.583000	7.494537
80	8	-0.370000	0.588000	-7.712000	7.743229
80	10	-0.600000	1.285000	-7.228000	7.365814
80	12	-0.870000	0.720000	-7.463000	7.547958
80	16	-0.900000	3.290000	-6.771200	7.581771
80	20	-0.050000	0.510000	-7.269200	7.287240
80	26	-0.659000	-1.070000	-7.314000	7.421171
80	28	-0.350000	2.409000	-6.912900	7.328981
80	3	-1.610000	-0.210000	-7.385900	7.562256
80	9	2.100000	0.595000	-6.881000	7.218877
80	11	0.890000	-2.786000	-7.179000	7.751899
80	13	0.710000	0.060000	-7.346710	7.381182
80	17	0.400000	-1.690000	-7.061500	7.271924
80	21	0.380000	-0.940000	-7.334300	7.404050
80	27	-0.147000	1.570000	-7.206000	7.376513
80	29	-1.240000	0.450000	-7.291000	7.409371
81	2	3.370000	0.240000	-6.492900	7.319307
81	8	-1.270000	0.399000	-6.894000	7.021349
81	10	-0.190000	1.968000	-7.333100	7.594964
81	12	0.080000	-0.580000	-7.415000	7.438079
81	16	-0.380000	1.910000	-7.010800	7.276250
81	20	-0.330000	0.310000	-7.383000	7.396870
81	26	-0.828000	-1.190000	-7.722100	7.857004
81	28	0.690000	-0.080000	-7.277000	7.310077
81	3	-4.240000	-0.930000	-5.925000	7.344939
81	9	-0.580000	0.753000	-7.378000	7.438971
81	11	2.320000	0.622000	-7.223600	7.612469
81	13	1.690000	1.110000	-7.322100	7.596140
81	17	-0.470000	-4.090000	-6.054000	7.321196
81	21	-0.210000	0.090000	-7.519000	7.522470
81	27	0.900000	2.190000	-6.860000	7.257114
81	29	0.890000	-2.262000	-6.910000	7.325083
82	2	4.590000	0.340000	-5.944000	7.517635
82	8	-0.150000	-1.392000	-7.505000	7.634474
82	10	-1.440000	2.252000	-7.335200	7.807065
82	12	-1.010000	-0.310000	-7.332000	7.407727
82	16	-0.310000	3.110000	-6.824280	7.505931
82	20	0.350000	0.640000	-7.344000	7.380138
82	26	-1.558000	-1.350000	-7.111400	7.404179
82	28	0.550000	0.697000	-7.169500	7.224267
82	3	-2.890000	-0.460000	-6.879600	7.476135
82	9	1.310000	-0.165000	-7.106000	7.227625
82	11	0.990000	0.757000	-7.211000	7.317901
82	13	1.550000	-0.140000	-7.319500	7.483126
82	17	-0.230000	-3.530000	-6.856000	7.714826
82	21	0.210000	-0.130000	-7.625000	7.628999
82	27	0.713000	0.830000	-7.580000	7.658568
82	29	-0.160000	0.386000	-7.428000	7.439743
83	2	4.260000	1.800000	-5.944000	7.531184
83	8	-1.750000	-0.274000	-6.996400	7.217145
83	10	0.070000	1.171000	-7.582800	7.673004
83	12	-1.320000	-0.200000	-7.284000	7.405340
83	16	-1.570000	3.150000	-6.862630	7.712528
83	20	1.090000	0.857000	-7.077500	7.212042
83	26	-1.945000	-0.020000	-7.308000	7.562426
83	28	0.330000	0.500000	-7.648700	7.672126
83	3	-1.540000	-0.340000	-7.522900	7.686431
83	9	1.420000	0.128000	-7.167000	7.307440
83	11	-0.010000	0.841000	-7.359800	7.407701
83	13	-0.070000	-0.890000	-7.459000	7.512235
83	17	0.370000	-2.920000	-6.650600	7.272811
83	21	1.180000	-1.500000	-7.262400	7.508985
83	27	3.005000	1.090000	-6.796000	7.510242
83	29	-1.950000	-1.240000	-7.036000	7.405768
84	2	3.340000	0.160000	-6.770000	7.550768
84	8	0.760000	-0.400000	-7.397000	7.446691
84	10	1.160000	1.486000	-7.337000	7.575313
84	12	-0.720000	0.500000	-7.505000	7.556019
84	16	-0.260000	3.260000	-6.578900	7.346913
84	20	0.600000	0.960000	-7.602700	7.686524
84	26	-2.523000	-0.140000	-7.130400	7.564901
84	28	0.220000	1.158000	-7.484000	7.576254
84	3	-1.450000	-1.080000	-7.243400	7.465638
84	9	2.200000	0.100000	-6.852000	7.197215
84	11	-0.030000	1.890000	-7.306100	7.546661
84	13	0.220000	0.520000	-7.413500	7.434970
84	17	-0.790000	-3.260000	-6.512000	7.325151
84	21	1.440000	-0.460000	-7.172000	7.329583
84	27	2.393000	-0.510000	-6.938000	7.356792
84	29	-0.190000	0.552000	-7.389000	7.412026
85	2	1.880000	1.000000	-7.357400	7.659356
85	8	0.140000	-0.066000	-7.693000	7.694557
85	10	-0.250000	1.531000	-7.347350	7.509328
85	12	-0.060000	-0.260000	-7.822000	7.826550
85	16	-0.320000	2.250000	-7.305100	7.650450
85	20	1.000000	0.920000	-7.361900	7.486252
85	26	-1.315000	0.020000	-7.197300	7.316471
85	28	-1.200000	-2.160000	-6.870000	7.300856
85	3	-1.800000	1.040000	-7.159000	7.454722
85	9	2.040000	-0.472000	-7.020000	7.325625
85	11	0.690000	-0.896000	-7.519000	7.603570
85	13	0.720000	-0.660000	-7.425700	7.489661
85	17	0.250000	-3.550000	-6.568000	7.470182
85	21	0.350000	-1.900000	-7.257500	7.510247
85	27	2.400000	-0.170000	-6.793000	7.206507
85	29	0.110000	-2.170000	-7.222000	7.541769
86	2	2.070000	1.240000	-7.226900	7.619093
86	8	-0.730000	-1.124000	-7.230100	7.353273
86	10	-1.010000	1.071000	-7.201500	7.350425
86	12	-2.160000	1.850000	-6.873300	7.438438
86	16	-0.250000	3.170000	-6.645900	7.367455
86	20	2.410000	1.212000	-7.091900	7.587627
86	26	-1.777000	-0.440000	-6.987960	7.223774
86	28	-2.020000	1.947000	-6.881000	7.430974
86	3	-2.780000	2.750000	-6.411600	7.509961
86	9	0.870000	-0.176000	-7.100000	7.155269
86	11	1.090000	-0.312000	-7.365200	7.451954
86	13	0.570000	-1.190000	-7.195669	7.315644
86	17	1.140000	-2.670000	-6.899900	7.485795
86	21	0.840000	-2.320000	-7.122000	7.537300
86	27	-1.531000	-0.010000	-7.242000	7.402069
86	29	-1.220000	1.636000	-6.741000	7.043151
87	2	1.670000	-2.050000	-7.097000	7.573560
87	8	-0.950000	-0.627000	-7.431900	7.518561
87	10	-1.780000	0.038000	-7.041000	7.262611
87	12	-2.970000	0.480000	-6.882000	7.510874
87	16	-0.330000	2.020000	-7.292000	7.573808
87	20	2.140000	2.590000	-6.718600	7.511810
87	26	0.678000	0.710000	-7.200000	7.266621
87	28	-0.870000	0.840000	-7.307000	7.406399
87	3	-2.090000	0.840000	-7.216000	7.559389
87	9	0.780000	0.989000	-7.195000	7.304420
87	11	0.690000	-0.533000	-7.495800	7.546337
87	13	0.010000	-1.760000	-7.416700	7.622673
87	17	-0.680000	-3.500000	-6.287000	7.227639
87	21	0.730000	-0.680000	-7.434600	7.501238
87	27	1.083000	0.010000	-7.082000	7.164336
87	29	-1.020000	-1.103000	-7.356000	7.507846
88	2	1.570000	-3.240000	-6.508000	7.437511
88	8	-0.560000	-1.658000	-7.487000	7.688806
88	10	-0.930000	2.143000	-7.244000	7.611366
88	12	-1.690000	0.330000	-7.253700	7.455278
88	16	-0.930000	4.000000	-6.041200	7.304861
88	20	0.880000	2.071000	-7.095600	7.443855
88	26	0.509000	-0.300000	-7.738300	7.760823
88	28	-0.700000	0.660000	-7.210000	7.273905
88	3	-2.350000	-1.230000	-6.609100	7.121489
88	9	1.510000	-1.711000	-7.102000	7.459626
88	11	1.470000	-0.328000	-7.648600	7.795484
88	13	1.860000	-0.980000	-7.070000	7.375968
88	17	-2.150000	-2.720000	-6.879700	7.703971
88	21	-0.310000	-1.630000	-7.211200	7.399622
88	27	0.366000	1.310000	-7.212000	7.339142
88	29	-1.500000	-1.573000	-6.993000	7.323003
89	2	2.650000	-2.520000	-6.528000	7.482492
89	8	-1.110000	-0.641000	-7.208000	7.321082
89	10	-2.260000	1.053000	-6.765000	7.209829
89	12	-2.390000	0.710000	-6.996000	7.426992
89	16	0.670000	3.020000	-6.764450	7.438218
89	20	1.120000	3.280000	-6.497000	7.363682
89	26	0.761000	0.020000	-7.455200	7.493966
89	28	-0.540000	-0.300000	-7.363000	7.388868
89	3	-0.740000	1.250000	-7.207600	7.352523
89	9	0.640000	-1.006000	-7.324000	7.420419
89	11	1.840000	-0.520000	-7.553200	7.791459
89	13	0.450000	0.230000	-7.487000	7.504037
89	17	-0.050000	-2.170000	-6.951000	7.282019
89	21	2.200000	0.330000	-7.331500	7.661579
89	27	-0.685000	0.940000	-7.294000	7.386153
89	29	-2.900000	-3.250000	-6.087000	7.484923
90	2	1.620000	-1.460000	-7.068000	7.396798
90	8	-0.430000	-0.025000	-7.303000	7.315691
90	10	-0.520000	0.614000	-7.335700	7.379694
90	12	-1.850000	1.690000	-7.075800	7.506367
90	16	-0.810000	1.610000	-7.046400	7.273235
90	20	-0.570000	1.310000	-7.300000	7.438481
90	26	1.609000	0.510000	-7.125000	7.322200
90	28	1.290000	1.510000	-7.221000	7.489128
90	3	0.340000	1.310000	-7.168000	7.294650
90	9	1.290000	-0.154000	-7.146000	7.263135
90	11	2.190000	-2.363000	-6.689100	7.424549
90	13	0.930000	1.070000	-7.323100	7.459061
90	17	0.070000	-2.180000	-7.372000	7.687892
90	21	0.190000	-1.920000	-6.985600	7.247145
90	27	1.010000	1.010000	-7.482000	7.617120
90	29	-1.800000	-0.050000	-7.387000	7.603306
91	2	0.660000	-1.210000	-7.662000	7.784982
91	8	-0.380000	0.795000	-7.096000	7.150499
91	10	-0.770000	0.684000	-7.288300	7.360711
91	12	-1.660000	0.280000	-7.016000	7.215141
91	16	1.450000	1.760000	-7.163500	7.517701
91	20	-0.390000	1.610000	-7.082900	7.274041
91	26	-0.884000	0.410000	-7.749000	7.810029
91	28	-1.160000	0.200000	-7.104000	7.200862
91	3	0.590000	2.330000	-7.368200	7.750314
91	9	1.540000	-1.417000	-6.975000	7.282178
91	11	1.920000	-1.975000	-6.802300	7.338822
91	13	0.890000	-1.580000	-6.901740	7.136001
91	17	0.060000	-2.140000	-7.248000	7.557559
91	21	1.400000	-1.620000	-6.990000	7.310575
91	27	-2.349000	0.250000	-6.929000	7.320611
91	29	-0.820000	-1.582000	-6.956000	7.180603
92	2	0.830000	-2.030000	-7.047000	7.380380
92	8	0.000000	1.107000	-7.311000	7.394334
92	10	-0.860000	0.002000	-7.533000	7.581932
92	12	0.040000	1.770000	-6.941000	7.163238
92	16	0.910000	1.260000	-7.379700	7.541596
92	20	-1.200000	2.254000	-6.760000	7.226210
92	26	1.638000	-0.770000	-7.355000	7.574429
92	28	-1.070000	-1.070000	-6.984000	7.146052
92	3	0.460000	1.850000	-7.356500	7.599486
92	9	2.470000	-0.770000	-6.884000	7.354132
92	11	-0.740000	-2.092000	-6.805200	7.157850
92	13	0.570000	0.850000	-7.404000	7.474397
92	17	-0.980000	-2.540000	-7.277000	7.769603
92	21	0.420000	-1.420000	-7.378200	7.525333
92	27	0.150000	0.660000	-7.320000	7.351224
92	29	-0.200000	-1.840000	-7.226000	7.459268
93	2	1.260000	-0.870000	-7.188000	7.349275
93	8	-2.650000	0.152000	-6.868000	7.363085
93	10	-0.830000	1.243000	-7.169000	7.323149
93	12	-0.100000	-0.070000	-7.387000	7.388008
93	16	0.590000	2.160000	-7.030900	7.378838
93	20	-1.920000	0.280000	-7.207000	7.463622
93	26	0.791000	-1.040000	-7.326000	7.441610
93	28	-1.650000	0.660000	-7.440000	7.649294
93	3	0.260000	0.490000	-7.423200	7.443897
93	9	0.290000	0.414000	-7.423000	7.440190
93	11	-0.610000	-0.892000	-7.078000	7.160017
93	13	-0.400000	-1.150000	-7.469600	7.568185
93	17	-1.840000	-0.950000	-7.077000	7.373739
93	21	2.600000	0.140000	-7.152600	7.611786
93	27	-2.569000	-1.990000	-7.026000	7.741094
93	29	-1.020000	-0.360000	-7.171000	7.252120
94	2	-0.550000	-2.380000	-7.097000	7.505618
94	8	-3.150000	0.796000	-6.444000	7.216734
94	10	-0.090000	1.791000	-7.259000	7.477223
94	12	-0.900000	0.290000	-7.262000	7.323301
94	16	0.230000	1.360000	-7.072800	7.206039
94	20	-0.470000	1.900000	-7.250000	7.509554
94	26	1.648000	-0.340000	-7.091000	7.287920
94	28	-0.310000	-0.080000	-7.789000	7.795577
94	3	-1.980000	1.530000	-6.904700	7.344126
94	9	0.720000	0.986000	-7.201000	7.303766
94	11	-1.270000	-2.286000	-7.262620	7.719090
94	13	0.230000	-0.160000	-7.502700	7.507930
94	17	0.130000	-1.250000	-7.341000	7.447797
94	21	1.260000	1.270000	-7.296300	7.512423
94	27	-2.714000	-0.420000	-7.067000	7.581866
94	29	0.460000	1.090000	-7.242000	7.338001
95	2	1.510000	-0.960000	-6.941000	7.167927
95	8	-2.210000	-1.391000	-6.922000	7.398180
95	10	-1.670000	3.556000	-6.692000	7.759955
95	12	-1.280000	-0.490000	-7.386000	7.512090
95	16	0.400000	-1.450000	-7.675000	7.821005
95	20	-1.490000	-0.990000	-7.092000	7.314141
95	26	1.181000	1.120000	-7.052000	7.237394
95	28	1.020000	0.019000	-7.501000	7.570057
95	3	-0.970000	2.160000	-7.075000	7.460705
95	9	1.970000	-0.410000	-7.336000	7.606964
95	11	-0.080000	-0.972000	-7.453730	7.517265
95	13	-0.330000	1.470000	-7.071200	7.229915
95	17	-0.540000	-0.070000	-7.786000	7.805017
95	21	-0.790000	-1.064000	-7.120000	7.242278
95	27	-1.610000	0.050000	-7.432000	7.604553
95	29	-0.780000	3.091000	-6.645000	7.370123
96	2	-1.370000	-1.500000	-7.020000	7.308030
96	8	-2.720000	-0.580000	-6.936200	7.472996
96	10	-1.210000	3.084000	-6.958000	7.706421
96	12	0.250000	-0.800000	-7.222000	7.270473
96	16	0.140000	0.300000	-7.247000	7.254558
96	20	-0.280000	-0.255000	-7.485050	7.494625
96	26	1.829000	0.120000	-7.234000	7.462600
96	28	0.990000	0.058000	-7.232000	7.299677
96	3	-0.520000	1.730000	-7.109300	7.335220
96	9	0.880000	0.360000	-7.302000	7.363641
96	11	-0.050000	-1.944000	-6.803600	7.076059
96	13	-0.250000	0.920000	-7.486150	7.546611
96	17	-1.120000	1.330000	-7.081000	7.291355
96	21	0.500000	-1.960000	-7.196000	7.474892
96	27	-1.090000	0.880000	-7.533000	7.662153
96	29	-1.400000	4.010000	-6.323000	7.617114
97	2	-0.060000	0.120000	-7.859000	7.860145
97	8	-2.180000	-0.480000	-7.085000	7.428326
97	10	-1.230000	1.576000	-6.875000	7.159770
97	12	-0.120000	-0.940000	-7.211000	7.272999
97	16	-0.310000	2.010000	-7.307800	7.585522
97	20	-0.350000	3.547000	-6.608600	7.508482
97	26	1.480000	-0.210000	-7.222000	7.375079
97	28	0.050000	-0.506000	-7.207000	7.224914
97	3	-0.690000	1.960000	-7.516900	7.798813
97	9	2.170000	-1.390000	-6.749000	7.224265
97	11	-0.140000	-2.909000	-6.850600	7.443964
97	13	-0.780000	0.480000	-7.430900	7.487127
97	17	-0.100000	-0.180000	-7.327000	7.329893
97	21	0.970000	-1.867000	-7.037800	7.345558
97	27	-0.935000	1.180000	-7.241000	7.395857
97	29	-1.780000	2.300000	-6.865000	7.455644
98	2	0.000000	-1.500000	-7.362000	7.513258
98	8	-0.490000	0.790000	-7.396000	7.454195
98	10	-0.790000	1.624000	-7.245000	7.466693
98	12	1.360000	-0.510000	-7.185600	7.330931
98	16	-0.250000	0.400000	-7.664900	7.679400
98	20	-0.360000	2.354000	-6.983800	7.378643
98	26	0.894000	-2.260000	-7.057000	7.463785
98	28	0.710000	-2.060000	-6.861000	7.198682
98	3	1.370000	-0.430000	-7.450600	7.587703
98	9	2.420000	-1.785000	-6.489000	7.151905
98	11	2.630000	-1.770000	-6.611100	7.331879
98	13	-2.970000	2.590000	-6.545900	7.640537
98	17	-0.680000	-1.470000	-7.412000	7.586899
98	21	1.160000	-2.004000	-6.491000	6.891640
98	27	-0.990000	-0.410000	-7.186000	7.265452
98	29	-1.180000	1.240000	-7.219000	7.419162
99	2	-0.230000	-0.980000	-7.249000	7.318559
99	8	-1.490000	-0.110000	-7.207000	7.360234
99	10	-0.990000	1.405000	-7.204000	7.406196
99	12	1.850000	-1.550000	-7.032000	7.434650
99	16	0.870000	1.760000	-7.080900	7.348037
99	20	0.110000	2.366000	-6.749800	7.153311
99	26	-0.441000	-0.070000	-7.218000	7.231798
99	28	0.390000	-1.218000	-7.236000	7.348151
99	3	1.160000	0.430000	-7.268600	7.373130
99	9	1.700000	-2.100000	-6.927000	7.435276
99	11	1.750000	-0.389000	-6.990500	7.216711
99	13	-2.040000	0.590000	-7.115200	7.425347
99	17	-0.840000	-0.170000	-7.446000	7.495160
99	21	-1.160000	-3.141000	-6.919000	7.686614
99	27	-2.326000	2.090000	-6.798000	7.482725
99	29	-0.620000	2.280000	-6.764000	7.164810
100	2	0.720000	-0.820000	-7.340000	7.420674
100	8	-1.400000	1.110000	-7.207000	7.425156
100	10	-1.870000	-1.123000	-7.264700	7.585110
100	12	3.020000	-0.860000	-6.791700	7.482459
100	16	1.020000	1.530000	-6.886930	7.128191
100	20	-0.920000	3.035000	-6.585680	7.309501
100	26	1.930000	-0.100000	-7.301000	7.552450
100	28	-0.360000	-3.220000	-6.686000	7.429710
100	3	1.140000	-1.290000	-7.286000	7.486621
100	9	2.050000	-1.400000	-6.550000	7.004641
100	11	1.200000	-2.442000	-6.940200	7.454511
100	13	-2.410000	2.460000	-6.605600	7.449406
100	17	0.340000	0.780000	-7.323000	7.372268
100	21	-1.040000	-1.864000	-7.019800	7.337144
100	27	0.010000	1.140000	-7.320000	7.408245
100	29	0.170000	0.000000	-7.508000	7.509924
101	2	-0.160000	0.630000	-7.497000	7.525125
101	8	-1.240000	2.990000	-6.802000	7.532921
101	10	-1.250000	1.548000	-7.266000	7.533496
101	12	3.660000	1.030000	-6.329000	7.383274
101	16	0.980000	0.730000	-7.598090	7.695731
101	20	0.270000	1.439000	-7.428100	7.571016
101	26	-2.330000	0.730000	-6.793000	7.218494
101	28	-0.570000	-2.270000	-7.125000	7.499562
101	3	-0.580000	1.360000	-7.520000	7.663968
101	9	2.990000	-0.230000	-6.724000	7.362416
101	11	0.160000	0.022000	-7.676000	7.677699
101	13	-1.560000	0.750000	-7.031300	7.241221
101	17	-0.230000	-1.100000	-7.379000	7.464083
101	21	-0.470000	-3.030000	-6.982000	7.625623
101	27	-0.750000	0.270000	-7.415000	7.457723
101	29	-0.440000	0.740000	-7.406000	7.455873
102	2	-0.990000	-1.890000	-7.132000	7.444301
102	8	-2.290000	0.090000	-6.885600	7.256975
102	10	-0.260000	-0.305000	-7.485000	7.495722
102	12	2.010000	0.810000	-6.885000	7.217993
102	16	1.620000	-0.650000	-7.363630	7.567691
102	20	0.470000	0.709000	-7.507700	7.555736
102	26	-0.550000	0.270000	-7.211000	7.236983
102	28	0.920000	-0.920000	-7.367000	7.481009
102	3	-0.630000	-0.270000	-7.394800	7.426498
102	9	1.690000	-0.790000	-6.976000	7.221134
102	11	1.200000	-0.988000	-7.587400	7.744984
102	13	-2.990000	1.770000	-6.841440	7.673220
102	17	0.890000	-0.370000	-7.519000	7.580525
102	21	-1.540000	-3.138000	-6.624000	7.489728
102	27	0.260000	-1.200000	-7.114000	7.219183
102	29	0.280000	1.170000	-7.243000	7.342231
103	2	-0.600000	0.030000	-7.277000	7.301755
103	8	-0.620000	0.340000	-7.493000	7.526291
103	10	-0.060000	1.255000	-7.735000	7.836380
103	12	2.930000	-1.950000	-6.636000	7.511584
103	16	1.360000	1.420000	-7.050696	7.319721
103	20	1.850000	0.515000	-7.218900	7.469956
103	26	0.100000	-1.280000	-7.170000	7.284044
103	28	0.160000	-0.638000	-7.439000	7.468023
103	3	1.540000	0.210000	-6.935600	7.107619
103	9	1.890000	-0.820000	-7.141000	7.432253
103	11	0.420000	-0.822000	-7.383050	7.440532
103	13	-1.430000	1.150000	-7.092400	7.325950
103	17	-0.580000	1.360000	-7.612000	7.754260
103	21	-0.370000	-2.937000	-6.620000	7.251708
103	27	-0.190000	-1.390000	-7.624000	7.752005
103	29	1.130000	1.220000	-7.224000	7.412926
104	2	-0.080000	0.980000	-7.249000	7.315381
104	8	-1.710000	2.020000	-6.843600	7.337531
104	10	1.000000	1.735000	-6.984900	7.266296
104	12	1.830000	-0.910000	-7.062300	7.352080
104	16	1.540000	-2.820000	-6.533100	7.280480
104	26	0.070000	-0.610000	-7.474000	7.499178
104	28	-0.650000	-0.830000	-7.548000	7.621267
104	3	2.320000	1.130000	-6.917000	7.382695
104	9	0.440000	0.630000	-7.472000	7.511410
104	11	-0.330000	-0.834000	-7.314800	7.369583
104	13	-2.310000	1.010000	-6.883300	7.330486
104	17	0.030000	-1.540000	-7.499000	7.655554
104	27	0.310000	0.280000	-7.449000	7.460704
104	29	-0.500000	0.830000	-7.360000	7.423510
105	2	-1.750000	0.190000	-7.343000	7.551043
105	8	0.060000	-0.350000	-7.450100	7.458558
105	10	1.250000	0.424000	-7.173000	7.293436
105	12	2.820000	-1.710000	-6.454000	7.247801
105	16	0.260000	-0.990000	-7.267600	7.339326
105	20	0.310000	2.321000	-7.039600	7.418835
105	26	-0.150000	0.730000	-7.431000	7.468277
105	28	-1.250000	-2.050000	-7.230600	7.618830
105	3	1.960000	0.320000	-6.921900	7.201160
105	9	-0.230000	-0.870000	-7.347000	7.401906
105	11	-0.440000	-1.454000	-7.350000	7.505346
105	13	-2.180000	1.580000	-6.853240	7.363131
105	17	0.450000	0.360000	-7.348000	7.370563
105	21	0.140000	-1.699000	-7.171600	7.371435
105	27	2.180000	-1.700000	-6.833000	7.371044
105	29	0.030000	-0.520000	-7.492000	7.510084
106	2	-1.580000	0.860000	-7.144000	7.367003
106	8	2.020000	-1.350000	-6.806000	7.226655
106	10	-0.190000	0.053000	-7.304000	7.306663
106	12	1.710000	-1.930000	-6.974000	7.435434
106	16	0.230000	-1.930000	-6.875300	7.144757
106	20	0.620000	1.158000	-7.097000	7.217532
106	26	-0.210000	2.300000	-6.771000	7.154058
106	28	-1.560000	-0.240000	-7.208000	7.378785
106	3	1.920000	1.060000	-6.788400	7.133889
106	9	-0.510000	-2.560000	-7.235000	7.691484
106	11	-1.390000	-2.209000	-6.793100	7.277224
106	13	-4.090000	-0.430000	-6.272600	7.500567
106	17	0.330000	-2.200000	-7.423000	7.749182
106	21	0.210000	-2.161000	-7.361450	7.674957
106	27	0.430000	-0.860000	-7.505000	7.566342
106	29	1.230000	1.980000	-7.023000	7.399718
107	2	-2.830000	-0.560000	-6.701000	7.295608
107	8	0.940000	0.340000	-7.530700	7.596752
107	10	1.130000	0.598000	-7.281000	7.392392
107	12	1.830000	-1.150000	-7.098000	7.419771
107	16	-0.940000	-0.710000	-7.381400	7.474809
107	20	1.830000	0.302000	-7.247400	7.480970
107	26	-0.180000	2.600000	-7.126000	7.587640
107	28	-1.430000	-0.430000	-7.322000	7.472716
107	3	1.040000	0.350000	-7.468000	7.548187
107	9	0.620000	1.490000	-7.285000	7.461617
107	11	-0.340000	-1.470000	-7.474000	7.624774
107	13	-2.510000	0.390000	-6.689100	7.155156
107	17	-0.990000	0.560000	-6.968000	7.060221
107	21	-0.750000	-1.357000	-7.263800	7.427432
107	27	-0.190000	-1.150000	-7.451000	7.541618
107	29	-0.490000	0.640000	-7.207000	7.251934
108	2	-2.200000	-0.170000	-6.999000	7.338590
108	8	-0.460000	0.970000	-7.404500	7.481920
108	10	0.980000	1.671000	-7.529000	7.774219
108	12	2.410000	0.710000	-6.976000	7.414633
108	16	-0.310000	0.140000	-7.374900	7.382740
108	20	0.670000	2.187000	-6.903000	7.272089
108	26	-1.130000	0.870000	-7.370000	7.506710
108	28	-0.550000	-1.680000	-7.270000	7.481831
108	3	1.670000	0.940000	-7.277000	7.525107
108	9	-1.480000	-0.100000	-7.115000	7.267986
108	11	-0.990000	-1.100000	-7.372400	7.519467
108	13	-3.250000	0.040000	-6.720000	7.464750
108	17	1.040000	0.820000	-7.146000	7.267690
108	21	-0.890000	-0.547000	-7.312300	7.386545
108	27	1.020000	-0.120000	-7.325000	7.396650
108	29	-1.380000	2.840000	-6.765000	7.465603
109	2	-1.970000	-1.310000	-7.353000	7.724222
109	8	1.630000	-0.190000	-6.997600	7.187448
109	10	1.450000	2.763000	-6.639000	7.335734
109	12	2.220000	-1.410000	-6.823000	7.312307
109	16	0.030000	-0.760000	-7.247000	7.286804
109	20	1.050000	1.342000	-7.091000	7.292856
109	26	-1.030000	1.680000	-7.493000	7.747796
109	28	-0.580000	-0.580000	-7.304000	7.349913
109	3	1.880000	1.640000	-7.215000	7.634149
109	9	-0.200000	-0.850000	-7.401000	7.452335
109	11	-1.010000	0.150000	-7.589100	7.657483
109	13	-2.480000	-1.240000	-7.079000	7.602647
109	17	1.510000	1.290000	-7.039000	7.313803
109	21	1.010000	-2.645000	-6.709820	7.282706
109	27	1.160000	0.880000	-7.436000	7.577209
109	29	-1.520000	0.940000	-7.514000	7.723613
110	2	-1.650000	-1.870000	-6.765000	7.210036
110	8	0.890000	-0.710000	-7.446500	7.533031
110	10	-1.050000	1.517000	-7.286000	7.515955
110	12	2.230000	-1.520000	-6.792000	7.308527
110	16	0.960000	2.050000	-7.115800	7.467175
110	20	-1.420000	3.131000	-6.303000	7.179650
110	26	-0.920000	-1.280000	-7.390000	7.556249
110	28	1.000000	-1.540000	-7.115000	7.348117
110	3	3.350000	0.850000	-6.779000	7.609195
110	9	-1.040000	-1.470000	-7.169000	7.391689
110	11	-0.790000	-1.310000	-7.643900	7.795474
110	13	-1.920000	-1.270000	-6.994000	7.363106
110	17	0.600000	-0.340000	-7.565000	7.596369
110	21	0.470000	-2.121000	-7.083000	7.408673
110	27	0.680000	-1.000000	-6.926000	7.030781
110	29	1.020000	0.490000	-7.403000	7.488986
111	2	-2.900000	-1.190000	-6.463000	7.183068
111	8	1.860000	-0.790000	-7.063700	7.347078
111	10	-1.410000	2.814000	-6.832000	7.522162
111	12	2.830000	0.480000	-6.746000	7.331290
111	16	2.110000	-0.020000	-7.296900	7.595871
111	20	-0.330000	1.676000	-6.966800	7.173157
111	26	-0.840000	-0.750000	-7.450000	7.534627
111	28	0.100000	-1.220000	-7.506000	7.605159
111	3	2.640000	1.540000	-6.891000	7.538374
111	9	-1.530000	-0.960000	-7.207000	7.429896
111	11	-0.040000	-1.620000	-7.393000	7.568517
111	13	-2.020000	0.770000	-6.921000	7.250761
111	17	1.100000	-2.470000	-6.955000	7.462099
111	21	1.890000	-3.849000	-6.455900	7.750197
111	27	0.460000	1.690000	-7.327000	7.533434
111	29	-0.920000	0.780000	-7.290000	7.389107
112	2	-1.820000	-1.810000	-6.555000	7.039640
112	8	1.290000	1.260000	-7.290700	7.510393
112	10	-0.340000	2.940000	-6.723000	7.345606
112	12	2.180000	-0.260000	-7.530000	7.843526
112	16	0.400000	2.580000	-6.936900	7.411949
112	20	-0.960000	2.224000	-7.268700	7.661708
112	26	-0.540000	-0.120000	-7.560000	7.580211
112	28	-0.290000	-0.180000	-7.551000	7.558710
112	3	2.530000	0.800000	-6.685000	7.192366
112	9	-1.230000	-0.550000	-7.269000	7.392818
112	11	-0.160000	-1.560000	-7.086600	7.258037
112	13	-2.210000	1.490000	-7.042000	7.529539
112	17	-1.190000	-0.490000	-7.423000	7.533733
112	21	1.620000	-2.666000	-6.714700	7.403996
112	27	-0.230000	2.270000	-7.003000	7.365311
112	29	-1.580000	1.750000	-7.098000	7.479338
113	2	-2.090000	-0.370000	-7.177000	7.484272
113	8	0.380000	1.650000	-7.231100	7.426689
113	10	-1.700000	1.605000	-6.584000	6.986779
113	12	2.410000	-0.720000	-7.281000	7.703211
113	16	-0.040000	0.210000	-7.393000	7.396090
113	20	-1.920000	1.704000	-6.891600	7.354194
113	26	-0.340000	-1.630000	-7.750000	7.926853
113	28	-0.330000	-1.820000	-7.133000	7.368920
113	3	2.470000	1.620000	-6.763000	7.379937
113	9	-1.400000	-1.030000	-7.007000	7.219345
113	11	-2.080000	-1.920000	-6.907900	7.465379
113	13	-2.760000	1.280000	-6.663300	7.324996
113	17	-1.900000	-2.280000	-6.697000	7.325176
113	21	-0.340000	-2.454000	-6.962300	7.389948
113	27	1.420000	1.220000	-7.770000	7.992353
113	29	-0.690000	-0.270000	-7.742000	7.777375
114	2	-2.970000	-0.290000	-6.874000	7.493789
114	8	2.280000	-0.480000	-7.271300	7.635483
114	10	-0.190000	3.223000	-6.326000	7.102261
114	12	2.670000	-3.170000	-5.962000	7.261077
114	16	0.390000	0.490000	-7.159970	7.187306
114	20	0.810000	1.328000	-6.980000	7.151230
114	26	-0.920000	-2.650000	-7.296000	7.816682
114	28	0.560000	-1.170000	-7.294000	7.408437
114	3	2.400000	0.880000	-7.122000	7.566854
114	9	-0.460000	-2.260000	-7.248500	7.606573
114	11	-1.640000	-2.720000	-6.869758	7.568459
114	13	-2.130000	1.990000	-6.965000	7.550379
114	17	0.350000	-1.690000	-7.095000	7.301892
114	21	2.040000	-1.990000	-6.817800	7.389458
114	27	-0.270000	0.850000	-7.378000	7.431708
114	29	-1.090000	1.120000	-7.618000	7.776659
115	2	-2.470000	-0.470000	-6.625000	7.086073
115	8	1.370000	1.590000	-7.003000	7.310746
115	10	-1.090000	2.196000	-7.076400	7.489056
115	12	2.430000	-0.950000	-6.874000	7.352501
115	16	0.150000	0.070000	-7.268600	7.270485
115	20	-0.100000	2.154000	-6.973000	7.298798
115	26	-1.740000	-1.580000	-7.111000	7.489347
115	28	0.590000	-0.320000	-7.553000	7.582764
115	3	3.070000	0.900000	-6.632000	7.363309
115	9	-1.190000	-2.110000	-7.094000	7.496201
115	11	-1.400000	-2.410000	-6.738400	7.292060
115	13	-1.310000	2.180000	-6.867000	7.322854
115	17	-0.220000	-0.980000	-7.414000	7.481724
115	21	1.300000	-1.749000	-7.119200	7.445268
115	27	0.910000	2.250000	-6.749000	7.172141
115	29	-0.010000	0.020000	-7.221000	7.221035
116	2	-2.820000	-1.780000	-6.822000	7.593450
116	8	-0.510000	1.060000	-7.823500	7.911438
116	10	-0.370000	1.716000	-7.215500	7.425968
116	12	3.220000	0.770000	-6.425000	7.227858
116	16	-0.940000	-1.650000	-7.088600	7.338552
116	20	0.120000	0.897000	-7.418000	7.473000
116	26	-2.180000	-2.390000	-6.908000	7.627907
116	28	1.630000	-1.390000	-6.949000	7.271699
116	3	1.890000	-0.120000	-7.098800	7.347072
116	9	-0.430000	-1.530000	-7.087000	7.263014
116	11	-1.280000	-2.059000	-7.151300	7.551091
116	13	-2.240000	1.760000	-6.637100	7.222624
116	17	-0.440000	-0.300000	-7.083000	7.102992
116	21	1.410000	-1.244000	-7.344000	7.580895
116	27	1.120000	1.230000	-7.088000	7.280594
116	29	-1.340000	1.180000	-7.182000	7.400616
117	2	-2.330000	-1.430000	-6.842000	7.367955
117	8	-0.360000	0.980000	-7.652500	7.723390
117	10	0.970000	1.373000	-6.955700	7.155962
117	12	3.390000	-0.610000	-6.473000	7.332389
117	16	-1.040000	-1.470000	-7.551500	7.763224
117	20	-0.490000	2.206000	-7.474000	7.808150
117	26	-2.410000	-2.130000	-6.565000	7.310556
117	28	2.450000	-2.871000	-6.005000	7.092613
117	3	1.730000	0.450000	-7.276000	7.492368
117	9	-0.530000	-2.852000	-6.955100	7.535796
117	11	1.040000	-2.195000	-7.017900	7.426341
117	13	-2.310000	-0.540000	-7.058000	7.446010
117	17	0.560000	0.820000	-7.247000	7.314712
117	21	2.230000	0.489000	-6.699400	7.077710
117	27	1.690000	0.820000	-6.845000	7.098065
117	29	-0.370000	2.690000	-7.155000	7.652910
118	2	-2.390000	0.050000	-7.359000	7.737537
118	8	-1.190000	2.130000	-7.187100	7.589954
118	10	-2.950000	2.530000	-6.061000	7.199939
118	12	3.060000	0.840000	-6.875000	7.571976
118	16	0.780000	-1.990000	-7.374100	7.677620
118	20	-1.390000	0.941000	-7.287400	7.478220
118	26	-2.110000	-1.370000	-7.284000	7.706209
118	28	1.340000	-2.401000	-6.887000	7.415603
118	3	-0.120000	1.200000	-7.192000	7.292411
118	9	1.180000	-0.615000	-7.437200	7.555301
118	11	-0.850000	-0.782000	-7.598700	7.685979
118	13	-2.290000	0.810000	-6.776000	7.198220
118	17	1.880000	0.630000	-6.728000	7.014078
118	21	2.020000	0.729000	-7.199800	7.513252
118	27	1.870000	3.000000	-6.730000	7.601960
118	29	-1.330000	2.930000	-6.557000	7.303975
119	2	-2.000000	-0.280000	-7.140000	7.420108
119	8	-1.690000	1.680000	-7.087000	7.476902
119	10	0.560000	1.105000	-7.434100	7.536609
119	12	2.080000	-0.660000	-7.611000	7.917659
119	16	-2.410000	0.280000	-6.902200	7.316206
119	20	-1.860000	-0.167000	-7.084500	7.326502
119	26	-1.290000	-1.580000	-7.035000	7.324734
119	28	0.800000	-0.900000	-7.096000	7.197445
119	3	0.780000	-0.640000	-6.905000	6.978325
119	9	1.000000	-0.610000	-7.211000	7.305520
119	11	2.120000	-2.931000	-6.456000	7.400344
119	13	-1.950000	-1.680000	-6.873200	7.339331
119	17	-2.020000	0.170000	-6.904000	7.195451
119	21	1.100000	0.488000	-7.371400	7.468981
119	27	0.710000	1.420000	-7.470000	7.636845
119	29	-2.310000	3.390000	-6.310000	7.526241
120	0	1.371400	2.280000	-7.022000	7.509169
120	2	-0.860000	0.510000	-7.304000	7.372117
120	8	-0.530000	2.117000	-7.152000	7.477546
120	10	-0.030000	1.153000	-7.308000	7.398457
120	12	1.040000	1.090000	-7.309600	7.463240
120	16	0.520000	0.330000	-7.249900	7.276012
120	20	-1.430000	-1.019000	-7.367700	7.574052
120	26	-0.360000	-1.400000	-7.324000	7.465291
120	28	1.220000	-2.800000	-6.988000	7.626306
120	3	2.990000	-0.650000	-6.829400	7.483536
120	9	2.450000	-0.779000	-6.928000	7.389623
120	11	1.480000	-3.434000	-6.520000	7.516193
120	13	-2.970000	1.210000	-6.567200	7.308428
120	17	0.160000	-1.230000	-7.116000	7.223293
120	21	0.590000	1.579200	-7.007100	7.207040
120	23	-0.629000	-2.200000	-6.568000	6.955161
120	27	-0.440000	0.980000	-7.520000	7.596341
120	29	-1.550000	2.250000	-7.126000	7.631833
121	0	0.498500	2.310000	-7.240000	7.615918
121	2	-0.030000	-0.220000	-7.424000	7.427320
121	8	-1.610000	1.220000	-7.025000	7.309660
121	10	-0.020000	1.692000	-7.377100	7.568677
121	12	1.300000	0.640000	-6.895000	7.045610
121	16	0.780000	1.410000	-7.387000	7.560706
121	20	1.700000	-0.818000	-7.334000	7.572759
121	26	0.200000	-2.550000	-6.713000	7.183792
121	28	1.010000	-0.890000	-7.252000	7.375887
121	3	2.000000	-1.860000	-6.851400	7.375722
121	9	2.260000	-1.439000	-7.262000	7.740476
121	11	1.320000	-1.766000	-6.690000	7.043952
121	13	-2.010000	1.160000	-6.872200	7.253470
121	17	0.160000	-1.080000	-7.407000	7.487032
121	21	1.690000	1.366000	-6.797400	7.136295
121	23	-1.857000	-1.320000	-6.621300	7.002318
121	27	1.410000	0.310000	-7.213000	7.356057
121	29	-2.340000	3.050000	-6.792000	7.804445
122	0	0.388400	2.220000	-7.034000	7.386231
122	2	-0.310000	1.780000	-7.229000	7.451372
122	8	-2.760000	0.882000	-6.730800	7.327973
122	10	1.470000	1.512700	-7.110600	7.416859
122	12	-0.270000	-1.770000	-7.002000	7.227296
122	16	1.080000	-0.850000	-7.203000	7.332947
122	20	-2.040000	-0.492000	-6.832800	7.147784
122	26	-0.570000	-1.210000	-7.468000	7.586832
122	28	1.310000	-1.640000	-7.137000	7.439252
122	3	0.910000	-0.180000	-7.702000	7.757661
122	9	2.340000	-1.532000	-6.948000	7.489815
122	11	-0.630000	-2.867000	-6.825000	7.429483
122	13	-1.290000	0.590000	-7.307900	7.444300
122	17	-1.140000	-1.810000	-7.049000	7.366417
122	21	-0.030000	1.952300	-7.185000	7.445576
122	23	-2.798100	-0.960000	-6.572400	7.207455
122	27	1.150000	2.770000	-7.010000	7.624664
122	29	-0.760000	2.520000	-6.998000	7.476631
123	0	1.207000	2.740000	-6.856000	7.481256
123	2	-1.230000	1.330000	-7.201000	7.425375
123	8	-1.080000	0.952000	-7.111000	7.255276
123	10	0.230000	0.413000	-7.386900	7.402011
123	12	-1.530000	-0.620000	-7.118000	7.306930
123	16	0.820000	-1.290000	-6.854000	7.022380
123	20	-2.270000	-0.381000	-7.097600	7.461500
123	26	-1.660000	-0.960000	-7.294000	7.541859
123	28	0.440000	-1.760000	-7.192000	7.417281
123	3	1.210000	1.170000	-7.482000	7.668985
123	9	2.880000	-0.867000	-6.792000	7.428146
123	11	-1.100000	-1.752000	-7.281000	7.569179
123	13	-1.640000	1.280000	-6.848700	7.157702
123	17	-1.530000	-0.770000	-6.902000	7.111357
123	21	-0.370000	0.267200	-7.173300	7.187804
123	23	-1.532000	-1.210000	-7.125200	7.387801
123	27	0.880000	2.890000	-6.689000	7.339565
123	29	0.420000	2.140000	-7.287000	7.606337
124	0	1.388600	0.780000	-7.207000	7.380885
124	2	-0.220000	0.090000	-7.652000	7.655691
124	8	-1.570000	0.470000	-7.058600	7.246353
124	10	1.810000	2.526000	-6.678700	7.366262
124	12	-0.730000	-1.890000	-7.396000	7.668495
124	16	0.040000	2.170000	-6.992000	7.321104
124	20	-2.140000	1.054900	-6.781400	7.188866
124	26	-2.070000	-2.650000	-6.938000	7.709944
124	28	1.690000	-1.400000	-6.929000	7.268228
124	3	0.290000	-0.270000	-7.200000	7.210895
124	9	3.150000	-1.745000	-6.744000	7.645199
124	11	-0.350000	0.175000	-7.445500	7.455776
124	13	0.330000	1.280000	-7.193600	7.314040
124	17	-1.240000	1.220000	-7.457000	7.657209
124	21	-1.120000	1.378300	-7.348100	7.559675
124	23	-1.364000	-3.020000	-7.223000	7.946863
124	27	0.600000	1.650000	-7.366000	7.572348
124	29	-1.000000	0.450000	-7.319000	7.400693
125	0	1.957000	-0.030000	-7.209000	7.469969
125	2	1.460000	0.160000	-7.210000	7.358077
125	8	-2.320000	-0.780000	-6.830800	7.256075
125	10	1.510000	2.168000	-6.923600	7.410571
125	12	-1.140000	-1.590000	-7.146000	7.408982
125	16	1.600000	-0.540000	-7.316000	7.508359
125	20	-0.910000	-0.508400	-7.252000	7.326532
125	26	-2.040000	-1.530000	-7.188000	7.626916
125	28	1.470000	-1.850000	-6.715000	7.118611
125	3	0.050000	-0.240000	-7.057100	7.061357
125	9	1.410000	-2.545000	-6.984000	7.565803
125	11	-2.410000	-0.841000	-7.212000	7.650381
125	13	-0.450000	0.780000	-7.439490	7.493792
125	17	-0.650000	0.200000	-7.285000	7.316674
125	21	-0.250000	0.325100	-7.192300	7.203983
125	23	-1.304000	-3.040000	-6.274600	7.093139
125	27	1.130000	0.690000	-7.036000	7.159490
125	29	-0.060000	0.980000	-7.429000	7.493600
126	0	1.397000	1.210000	-7.359000	7.587529
126	2	-0.740000	1.320000	-7.502000	7.653104
126	8	-2.790000	0.770000	-6.591470	7.198922
126	10	0.280000	1.313310	-7.076900	7.203173
126	12	-1.170000	-2.300000	-7.017000	7.476442
126	16	2.330000	-0.180000	-7.024200	7.402749
126	20	-1.240000	-1.134100	-7.271000	7.462655
126	26	-1.130000	-2.440000	-6.939000	7.441789
126	28	-0.010000	-1.450000	-7.228000	7.372014
126	3	-0.720000	-0.060000	-7.667900	7.701863
126	9	2.430000	-0.502000	-6.720000	7.163470
126	11	-2.050000	-1.891000	-6.845000	7.391374
126	13	0.390000	0.530000	-7.317850	7.347376
126	17	0.760000	-0.060000	-7.259000	7.298923
126	21	0.000000	-0.795400	-7.522600	7.564534
126	23	-0.141000	-2.090000	-7.138000	7.439020
126	27	1.890000	1.580000	-7.177000	7.588006
126	29	-1.240000	0.720000	-7.388000	7.525858
127	0	-0.314000	-0.440000	-7.505000	7.524442
127	2	-1.020000	1.120000	-7.263000	7.419297
127	8	-2.990000	1.870000	-6.462600	7.362214
127	10	1.680000	2.029900	-6.997000	7.476691
127	12	-1.130000	-1.150000	-7.292000	7.468110
127	16	2.490000	-1.150000	-6.768000	7.302631
127	18	1.630000	2.556000	-6.657400	7.315122
127	20	1.390000	0.913200	-6.983100	7.178420
127	26	-0.900000	-1.540000	-7.116000	7.336147
127	28	0.200000	-2.050000	-7.274000	7.559998
127	3	0.590000	-2.060000	-7.390100	7.694497
127	9	3.690000	-0.026000	-6.465000	7.443991
127	11	-1.160000	-3.247000	-6.579000	7.427776
127	13	1.340000	1.300000	-7.197000	7.435214
127	17	-0.320000	-0.510000	-7.275000	7.299872
127	19	0.280000	-2.487000	-6.862300	7.304432
127	21	1.960000	-0.714100	-6.924000	7.231412
127	23	0.135000	-0.100000	-7.321300	7.323227
127	27	2.030000	1.200000	-7.195000	7.571587
127	29	0.270000	0.810000	-7.174000	7.224630
128	0	-0.247000	-1.580000	-7.266000	7.439904
128	2	-0.170000	0.990000	-7.266000	7.335104
128	8	-3.750000	-0.303000	-6.438500	7.457117
128	10	0.780000	3.142100	-6.581000	7.334218
128	12	-1.360000	-2.260000	-6.993000	7.473905
128	16	0.800000	-0.290000	-7.502000	7.550106
128	18	1.070000	2.866000	-6.976000	7.617311
128	20	-2.280000	-0.455490	-7.016000	7.391220
128	26	-1.070000	-1.070000	-7.210000	7.367082
128	28	-0.610000	-0.880000	-7.317000	7.394930
128	3	-0.310000	-0.670000	-7.489100	7.525398
128	9	3.540000	-0.255000	-6.657000	7.544022
128	11	-2.640000	-1.923000	-6.520000	7.292320
128	13	1.930000	2.100000	-6.764580	7.341283
128	17	-1.860000	-0.140000	-7.076000	7.317717
128	19	-1.870000	-1.063500	-7.065800	7.386032
128	21	-0.660000	0.282700	-7.686300	7.719762
128	23	1.465000	0.180000	-7.401000	7.546749
128	27	0.750000	3.300000	-6.698000	7.504379
128	29	-0.500000	2.030000	-7.089000	7.390861
129	0	-0.931000	-0.480000	-7.500000	7.572791
129	2	-0.040000	0.730000	-7.711000	7.745581
129	8	-2.180000	-1.007000	-7.104000	7.498884
129	10	1.830000	3.196100	-6.609300	7.566162
129	12	-2.140000	-1.690000	-7.127000	7.630847
129	16	2.040000	-0.410000	-6.919000	7.225113
129	18	0.420000	1.842000	-7.304700	7.545065
129	20	-0.230000	0.270000	-7.392000	7.400504
129	26	-0.380000	-1.540000	-7.330000	7.499660
129	28	0.260000	-0.950000	-7.140000	7.207614
129	3	-0.600000	-0.330000	-7.380600	7.412298
129	9	2.490000	-1.201000	-6.710000	7.257176
129	11	1.540000	-2.412000	-6.734300	7.317113
129	13	1.670000	3.140000	-6.446170	7.362174
129	17	-0.500000	-0.430000	-7.292000	7.321760
129	19	-1.030000	-1.683600	-7.341300	7.601980
129	21	0.890000	0.360000	-7.322500	7.385168
129	23	-0.061000	1.280000	-7.354800	7.465601
129	27	1.020000	1.870000	-7.408000	7.708162
129	29	0.730000	-0.150000	-7.132000	7.170831
130	0	-0.482000	-1.830000	-7.114000	7.361401
130	2	2.350000	2.070000	-7.281000	7.925930
130	8	-2.700000	1.056000	-6.706450	7.306272
130	10	0.730000	2.567370	-7.063900	7.551356
130	12	-2.370000	-1.650000	-6.946000	7.522388
130	16	0.050000	1.840000	-7.142000	7.375382
130	18	-0.100000	0.942000	-7.212000	7.273947
130	20	-1.480000	-0.240200	-7.410000	7.560172
130	26	0.090000	-1.520000	-7.405000	7.559929
130	28	-1.050000	0.390000	-7.301000	7.386420
130	3	-0.250000	1.680000	-6.941900	7.146669
130	9	1.320000	-0.257000	-7.111000	7.237042
130	11	0.540000	-4.110000	-6.302000	7.543136
130	13	1.420000	1.980000	-7.156300	7.559724
130	17	-1.050000	0.810000	-7.323000	7.442105
130	19	-0.410000	-1.674900	-7.457600	7.654357
130	21	2.280000	-0.164000	-7.149610	7.506145
130	23	1.341800	1.170000	-6.955000	7.179231
130	27	0.130000	2.470000	-7.007000	7.430737
130	29	0.790000	0.270000	-7.477000	7.523465
131	0	-1.466700	0.020000	-7.238000	7.385137
131	2	2.230000	0.250000	-7.135000	7.479547
131	8	-0.760000	0.075000	-7.036600	7.077921
131	10	-0.320000	1.952000	-6.861100	7.140546
131	12	-1.020000	-1.590000	-7.170000	7.414675
131	16	0.430000	-0.800000	-7.255000	7.311629
131	18	-0.690000	0.942000	-7.150200	7.244917
131	20	-0.910000	1.876000	-7.245800	7.539834
131	26	1.290000	-1.270000	-7.046000	7.274828
131	28	0.060000	0.640000	-7.365000	7.392998
131	3	-0.030000	0.330000	-7.476000	7.483340
131	9	2.400000	0.600000	-6.933000	7.361147
131	11	0.930000	-3.632000	-6.608100	7.597586
131	13	0.480000	3.720000	-6.426800	7.441274
131	17	-0.240000	-1.210000	-7.038000	7.145288
131	19	-1.910000	-1.343000	-7.281400	7.646603
131	21	0.550000	-0.964000	-7.490500	7.572277
131	23	0.835600	2.400000	-6.795900	7.255514
131	27	0.310000	2.500000	-7.126000	7.558173
131	29	1.260000	0.350000	-7.620000	7.731397
132	0	-1.956900	-0.740000	-7.299000	7.592922
132	2	0.840000	2.830000	-6.766000	7.381955
132	8	0.600000	0.137000	-7.637000	7.661758
132	10	-0.530000	1.008600	-7.105300	7.196073
132	12	0.590000	-1.940000	-6.847000	7.140946
132	16	1.080000	1.990000	-7.043100	7.398091
132	18	0.230000	0.808000	-7.205100	7.253911
132	20	-2.180000	1.818000	-6.694500	7.271441
132	26	-0.600000	-1.790000	-7.162000	7.406642
132	28	-1.070000	0.300000	-7.308000	7.392007
132	3	-1.410000	2.940000	-6.695200	7.446973
132	9	4.460000	-0.080000	-5.988000	7.466870
132	11	-1.910000	-2.448000	-6.621000	7.312896
132	13	0.880000	2.810000	-6.788300	7.399427
132	17	-0.880000	2.320000	-7.252000	7.664744
132	19	-1.480000	0.356000	-7.212400	7.371285
132	21	0.370000	0.080700	-7.451000	7.460618
132	23	-0.624300	0.310000	-7.506000	7.538295
132	27	0.870000	2.830000	-6.880000	7.490007
132	29	-0.280000	1.010000	-7.177000	7.253125
133	0	-0.905000	-1.460000	-6.955000	7.163983
133	2	2.410000	-0.960000	-6.769000	7.249073
133	8	-2.790000	1.753000	-6.442200	7.235955
133	10	1.070000	1.589900	-7.154300	7.406530
133	12	-0.050000	-3.290000	-7.062000	7.790921
133	16	2.700000	-1.070000	-6.741300	7.340301
133	18	0.370000	-1.594000	-7.067200	7.254175
133	20	-1.430000	2.443200	-7.152300	7.692173
133	26	-0.050000	-1.990000	-7.199000	7.469150
133	28	-0.720000	-0.080000	-7.466000	7.501064
133	3	-0.160000	0.470000	-7.024900	7.042423
133	9	1.820000	0.720000	-7.189000	7.450673
133	11	-1.090000	-1.847000	-7.196000	7.508790
133	13	-0.560000	1.730000	-6.842600	7.080090
133	17	-0.910000	-1.520000	-7.043000	7.262393
133	19	-2.700000	-0.987000	-6.798100	7.380944
133	21	0.520000	0.163700	-7.662800	7.682168
133	23	1.452200	0.580000	-7.183000	7.351243
133	27	-0.630000	2.000000	-7.309000	7.603840
133	29	1.800000	1.260000	-6.916000	7.256628
134	0	-0.509000	-0.740000	-7.269000	7.324278
134	2	0.970000	-1.790000	-7.332000	7.609417
134	8	-2.100000	1.102000	-7.077200	7.463991
134	10	0.650000	1.965900	-7.217600	7.508729
134	12	-1.730000	-1.790000	-7.046000	7.472825
134	16	1.850000	-0.500000	-7.518000	7.758403
134	20	-1.150000	-0.408000	-7.105700	7.209711
134	26	-1.640000	-0.650000	-7.343000	7.551937
134	28	-2.210000	-0.720000	-6.915000	7.295185
134	3	-1.740000	1.740000	-6.910500	7.335544
134	9	2.240000	-1.386000	-6.490000	7.004191
134	11	-0.700000	-2.234500	-7.252000	7.620662
134	13	0.840000	0.970000	-7.110700	7.225549
134	17	-3.500000	-0.880000	-6.519000	7.451293
134	21	0.320000	-1.958000	-7.058000	7.331543
134	23	0.764400	1.320000	-7.333200	7.490162
134	27	0.560000	1.120000	-7.110000	7.219425
134	29	-0.900000	1.140000	-7.307000	7.449956
135	0	-2.083200	-1.700000	-6.836000	7.345789
135	2	2.030000	-0.500000	-6.975000	7.281588
135	8	-1.630000	0.302000	-6.999060	7.192701
135	10	2.000000	2.532300	-6.603070	7.349359
135	12	-2.400000	-1.180000	-7.098000	7.585117
135	16	2.080000	-0.060000	-6.957200	7.261724
135	20	0.290000	-0.852000	-7.430420	7.484727
135	26	-1.860000	-0.770000	-7.098000	7.377947
135	28	-1.240000	-1.260000	-7.395000	7.603369
135	3	-1.710000	1.220000	-7.216200	7.515720
135	9	1.020000	-1.785000	-7.149000	7.438738
135	11	0.110000	-2.203400	-6.741000	7.092824
135	13	0.540000	0.840000	-7.064000	7.134234
135	17	-2.950000	-0.420000	-6.535000	7.182279
135	21	-0.520000	-0.767000	-7.228000	7.287158
135	23	-1.641700	1.540000	-7.256000	7.597125
135	27	1.687000	-0.080000	-7.260000	7.453856
135	29	-2.470000	0.720000	-7.199000	7.644926
136	0	-0.735800	-0.070000	-7.668000	7.703540
136	2	2.390000	-0.540000	-6.907000	7.328734
136	8	-0.410000	-0.002000	-7.404000	7.415344
136	10	0.670000	2.634600	-6.842500	7.362732
136	12	-1.520000	0.890000	-6.840000	7.063151
136	16	3.100000	-0.380000	-6.776837	7.461898
136	18	0.990000	-1.838000	-7.158050	7.456274
136	20	0.360000	-1.100000	-7.076300	7.170329
136	26	-1.630000	-0.320000	-7.299000	7.485633
136	28	0.020000	0.500000	-7.489000	7.505699
136	3	-1.690000	1.590000	-7.153700	7.520613
136	9	0.060000	-1.841000	-6.775000	7.020933
136	11	-2.620000	-2.140100	-6.800000	7.595027
136	13	1.240000	0.340000	-7.307400	7.419656
136	17	-2.430000	0.300000	-7.021000	7.435680
136	19	-1.750000	2.317000	-6.575000	7.187601
136	21	-0.930000	-1.998000	-7.054700	7.390920
136	23	-1.806700	1.910000	-6.951700	7.432254
136	27	1.842000	1.310000	-7.125000	7.474937
136	29	-0.050000	0.800000	-7.341000	7.384631
137	0	-0.172000	-0.260000	-7.258000	7.264692
137	2	2.700000	0.680000	-6.815000	7.361836
137	8	-0.240000	0.008000	-7.392500	7.396399
137	10	1.510000	2.120500	-6.787500	7.269579
137	12	-0.320000	-0.650000	-7.611000	7.645405
137	16	1.520000	0.050000	-7.054360	7.216432
137	18	0.190000	-1.640000	-7.237500	7.423416
137	20	1.810000	2.340200	-6.674600	7.300885
137	26	-1.127000	0.020000	-7.655000	7.737542
137	28	-0.240000	-0.630000	-7.533000	7.563107
137	3	-3.560000	0.660000	-6.495800	7.436707
137	9	-0.510000	-1.796000	-7.225000	7.462328
137	11	-0.980000	-1.279000	-7.068000	7.249335
137	13	0.890000	-0.280000	-7.321900	7.381106
137	17	-2.260000	0.920000	-6.925000	7.342317
137	19	-1.510000	1.557000	-6.874700	7.208734
137	21	0.070000	-0.062100	-7.176200	7.176810
137	23	0.234000	1.210000	-7.349600	7.452213
137	27	-0.086000	0.990000	-7.342000	7.408945
137	29	1.390000	0.490000	-7.403000	7.548285
138	0	-0.156000	0.580000	-7.276000	7.300747
138	2	2.250000	-1.990000	-7.029000	7.643915
138	8	0.550000	1.433000	-7.044000	7.209294
138	10	-0.800000	-0.836900	-7.131000	7.224373
138	12	-1.450000	-0.100000	-7.539000	7.677827
138	16	1.860000	-1.880000	-7.105400	7.581603
138	18	-0.050000	-2.349000	-6.810000	7.203916
138	20	1.670000	1.082400	-7.219300	7.488577
138	26	-0.292000	-0.750000	-7.956000	7.996606
138	28	-1.550000	-0.870000	-7.431000	7.640626
138	3	-2.410000	-0.200000	-7.114000	7.513794
138	9	0.360000	-0.056000	-7.212000	7.221197
138	11	-2.030000	-3.300000	-6.358000	7.445473
138	13	0.740000	0.290000	-7.485900	7.527974
138	17	-3.310000	0.600000	-6.704000	7.500648
138	19	0.800000	2.523000	-7.121700	7.597640
138	21	0.110000	-1.647600	-7.285000	7.469800
138	23	1.785000	1.490000	-7.077300	7.449463
138	27	-0.445000	1.090000	-7.518000	7.609629
138	29	0.520000	-0.200000	-7.378000	7.399006
139	0	-0.935110	-1.950000	-7.262000	7.577175
139	2	4.010000	-2.400000	-5.929000	7.549380
139	8	2.300000	2.212000	-6.618300	7.347438
139	10	0.320000	-0.009000	-7.618000	7.624723
139	12	-1.500000	-1.260000	-7.197000	7.458848
139	16	3.090000	-0.300000	-6.996100	7.653987
139	18	-0.510000	1.373000	-7.352700	7.497161
139	20	1.010000	0.739000	-7.275800	7.382648
139	26	-0.320000	-0.640000	-7.293600	7.328615
139	28	-1.020000	-1.050000	-7.002200	7.153580
139	3	-1.960000	0.950000	-7.212000	7.533727
139	9	0.200000	-1.191000	-7.325000	7.423888
139	11	-2.770000	-2.141400	-6.589000	7.461462
139	13	-0.510000	-0.510000	-7.534800	7.569241
139	17	-3.570000	-1.730000	-6.476000	7.594496
139	19	0.050000	2.679000	-6.798000	7.307007
139	21	1.150000	-2.726000	-6.822000	7.435944
139	23	-0.172100	0.200000	-7.201200	7.206032
139	27	0.683000	0.870000	-7.398000	7.480227
139	29	0.770000	-1.470000	-7.344000	7.529152
140	0	0.897700	-0.600000	-7.517000	7.594153
140	2	2.570000	-1.820000	-7.107000	7.773464
140	8	-0.210000	0.708000	-7.383000	7.419842
140	10	3.340000	-1.556000	-6.127400	7.149949
140	12	-0.850000	0.190000	-7.678000	7.727243
140	16	2.460000	-0.670000	-7.213500	7.650822
140	18	-0.130000	-1.009000	-7.231000	7.302215
140	20	0.720000	2.259300	-6.757320	7.161299
140	26	-0.966000	-1.120000	-7.182000	7.332713
140	28	-0.030000	-0.900000	-7.496000	7.549895
140	3	-3.470000	0.980000	-6.629800	7.546890
140	9	0.320000	-2.329000	-7.064000	7.444913
140	11	0.570000	-1.415000	-7.331000	7.488036
140	13	0.370000	0.030000	-7.633200	7.642221
140	17	-3.640000	-1.170000	-6.262000	7.336971
140	19	0.680000	1.462000	-7.304900	7.480736
140	21	-0.820000	-2.806000	-6.921000	7.513074
140	23	2.626000	-0.050000	-6.787700	7.278135
140	27	-1.040000	1.360000	-7.109000	7.312256
140	29	2.870000	-1.500000	-6.639000	7.386692
141	0	-0.033000	0.140000	-7.563000	7.564368
141	2	3.400000	0.430000	-6.722000	7.545209
141	8	-0.110000	1.130000	-7.290000	7.377879
141	10	0.280000	0.327500	-7.529700	7.542018
141	12	-0.320000	0.320000	-7.600000	7.613462
141	16	3.950000	-0.640000	-6.282200	7.448365
141	18	0.260000	0.627000	-7.365900	7.397108
141	20	2.230000	2.841000	-6.240000	7.209839
141	26	0.710000	0.590000	-7.793000	7.847487
141	28	-1.530000	-0.140000	-7.294000	7.454055
141	3	-1.260000	1.550000	-6.749900	7.039265
141	9	-0.970000	-2.207000	-7.195000	7.588134
141	11	-2.050000	0.431000	-6.737000	7.055170
141	13	0.120000	1.680000	-7.052780	7.251104
141	17	-3.470000	1.110000	-6.808700	7.722137
141	19	-1.610000	1.353000	-7.210800	7.511215
141	21	-0.340000	-1.990000	-7.275600	7.550500
141	23	2.097600	0.210000	-7.256900	7.556892
141	27	0.920000	2.190000	-7.167000	7.550390
141	29	1.850000	-0.660000	-7.082000	7.349342
142	0	-0.063000	-1.580000	-7.365000	7.532834
142	2	1.430000	-1.550000	-7.168000	7.471789
142	8	0.180000	2.144000	-7.032700	7.354455
142	10	-0.710000	0.580000	-7.426800	7.483172
142	12	-1.500000	-1.300000	-7.429100	7.689703
142	16	2.150000	-1.760000	-6.843100	7.385670
142	18	1.160000	1.485000	-7.305700	7.544805
142	20	0.610000	1.005600	-7.149900	7.245992
142	26	1.440000	-1.530000	-7.137000	7.439843
142	28	0.010000	-1.550000	-7.730000	7.883876
142	3	-2.050000	0.700000	-6.673800	7.016559
142	9	-0.190000	-1.407000	-7.167000	7.306274
142	11	-2.010000	-1.405600	-7.093000	7.505096
142	13	0.100000	0.290000	-7.592900	7.599094
142	17	-2.490000	0.770000	-6.992000	7.461975
142	19	-2.410000	1.689000	-6.516900	7.150581
142	21	0.400000	-2.400400	-7.129400	7.533277
142	23	2.922500	0.610000	-6.864000	7.485159
142	27	2.280000	-0.270000	-7.309000	7.661121
142	29	2.540000	-1.710000	-6.912000	7.559857
143	0	-0.540000	-0.530000	-7.604000	7.641552
143	2	2.210000	-0.010000	-7.074000	7.411186
143	8	0.420000	0.150000	-7.439000	7.452357
143	10	-0.770000	1.216130	-7.145900	7.289428
143	12	-0.120000	0.130000	-7.307500	7.309641
143	16	2.100000	-0.870000	-6.656600	7.034005
143	18	0.630000	0.725000	-7.582700	7.643289
143	20	0.850000	1.714400	-7.134920	7.387066
143	26	0.680000	-0.050000	-7.749000	7.778940
143	28	-0.620000	1.780000	-7.284000	7.523926
143	3	-0.470000	0.310000	-7.214000	7.235938
143	9	0.210000	-2.080000	-7.081000	7.383161
143	11	-1.950000	-3.188000	-6.382000	7.395659
143	13	0.910000	-0.510000	-7.742800	7.812756
143	17	-2.260000	0.580000	-6.825000	7.212810
143	19	-1.490000	0.932000	-7.140000	7.353117
143	21	-2.170000	-1.563000	-6.999000	7.492521
143	23	1.333000	1.440000	-7.082000	7.348824
143	27	-1.000000	2.350000	-7.018000	7.468254
143	29	1.510000	-0.230000	-7.292000	7.450253
144	0	0.868710	-0.260000	-7.410000	7.465277
144	2	2.250000	0.340000	-6.868000	7.235159
144	8	-1.100000	1.012000	-7.336000	7.486724
144	10	-0.320000	1.349600	-7.174300	7.307147
144	12	-0.460000	1.690000	-7.176500	7.387141
144	16	2.480000	0.030000	-6.781000	7.220337
144	18	0.820000	-0.340000	-7.179900	7.234567
144	20	1.260000	0.557100	-7.395600	7.522823
144	26	-0.060000	-1.620000	-7.412300	7.587502
144	28	-0.160000	0.500000	-7.269000	7.287933
144	3	-1.220000	1.940000	-6.712300	7.092741
144	9	0.890000	-3.040000	-6.786000	7.488892
144	11	0.050000	-2.581000	-6.774000	7.249216
144	13	-1.280000	0.930000	-7.285000	7.454832
144	17	-0.640000	1.750000	-7.011000	7.254393
144	19	-1.750000	0.930000	-7.040000	7.313617
144	21	0.650000	-1.274000	-7.384500	7.521730
144	23	1.897420	0.610000	-7.374000	7.638598
144	27	-0.660000	1.200000	-7.319000	7.446030
144	29	0.330000	-1.600000	-7.202000	7.384965
145	0	-1.594700	0.580000	-7.110000	7.309690
145	2	1.470000	-1.790000	-6.817000	7.199756
145	8	-0.740000	-0.511000	-7.357600	7.412354
145	10	0.770000	1.924000	-7.104600	7.400677
145	12	-0.420000	0.750000	-7.570300	7.618946
145	16	1.400000	-1.680000	-7.038800	7.370692
145	18	0.690000	0.510000	-7.399170	7.448753
145	20	-0.560000	2.479000	-6.866100	7.321364
145	26	-0.700000	-2.200000	-7.006400	7.376967
145	28	0.090000	0.650000	-7.525000	7.553557
145	3	-2.290000	-0.510000	-6.889700	7.278198
145	9	1.770000	-1.433000	-7.276000	7.624078
145	11	0.420000	-0.235000	-7.427400	7.442976
145	13	-0.480000	-0.210000	-7.250000	7.268906
145	17	-2.910000	1.280000	-6.821000	7.525460
145	19	-1.430000	0.854000	-7.299000	7.486629
145	21	0.550000	-1.670000	-7.199500	7.411086
145	23	0.625000	2.120000	-7.252700	7.581997
145	27	0.290000	0.940000	-7.405000	7.470055
145	29	-0.400000	-0.270000	-7.266000	7.282009
146	0	-2.902000	-0.170000	-6.965000	7.547299
146	2	0.960000	-0.910000	-7.226700	7.346761
146	8	1.040000	1.478000	-7.303200	7.523484
146	10	0.040000	1.149000	-7.234800	7.325581
146	12	-0.990000	2.180000	-6.842700	7.249486
146	16	2.200000	-0.740000	-7.474000	7.826128
146	18	-0.360000	0.199000	-7.608910	7.620020
146	20	0.930000	-0.148000	-7.494100	7.553035
146	26	0.690000	-0.940000	-7.403100	7.494371
146	28	0.890000	1.560000	-6.979000	7.206396
146	3	-3.770000	0.500000	-6.324600	7.379937
146	9	2.850000	-0.685000	-6.947000	7.540062
146	11	-0.350000	-1.557000	-7.317400	7.489399
146	13	-0.160000	-1.090000	-7.224000	7.307522
146	17	-3.430000	0.660000	-6.758000	7.607303
146	19	0.160000	0.065000	-7.367800	7.369824
146	21	0.910000	-1.521000	-7.280600	7.493242
146	23	1.948000	-0.640000	-7.032000	7.324843
146	27	-0.530000	1.740000	-7.282000	7.505733
146	29	-0.190000	-1.630000	-7.033000	7.221917
147	0	-1.793900	-1.510000	-6.879000	7.267656
147	2	2.470000	-0.630000	-6.736000	7.202187
147	8	-3.600000	2.075000	-6.502000	7.716322
147	10	-0.990000	2.235000	-7.014739	7.428451
147	12	-0.620000	1.430000	-7.093700	7.262911
147	16	2.790000	-1.850000	-7.177500	7.919792
147	18	-1.380000	-0.550000	-7.155000	7.307594
147	20	0.390000	0.451000	-6.937000	6.962576
147	26	0.470000	-1.010000	-7.195190	7.280917
147	28	-0.050000	1.000000	-7.472000	7.538785
147	3	-3.160000	0.360000	-6.607900	7.333454
147	9	2.680000	-0.809000	-6.904000	7.449973
147	11	-1.760000	0.695000	-7.167000	7.412592
147	13	0.720000	-1.750000	-7.107000	7.354614
147	17	-2.560000	0.340000	-6.731000	7.209408
147	19	0.040000	0.311000	-7.344750	7.351440
147	21	0.360000	0.277000	-7.279500	7.293658
147	23	1.512000	1.430000	-7.234100	7.527499
147	27	0.370000	2.370000	-7.201000	7.590007
147	29	0.210000	-0.740000	-7.086000	7.127629
148	0	-2.584400	-2.030000	-6.685000	7.449111
148	2	1.790000	-0.060000	-6.821000	7.052215
148	8	-2.260000	2.261000	-6.734000	7.454293
148	10	-0.580000	-1.187500	-7.253060	7.372478
148	12	0.230000	1.750000	-7.167400	7.381533
148	16	2.270000	-0.670000	-7.012000	7.400672
148	18	-0.130000	-0.650000	-7.507100	7.536309
148	20	1.370000	-0.012000	-7.217000	7.345892
148	26	1.319000	-2.060000	-6.855400	7.278727
148	28	0.770000	1.540000	-6.843000	7.056284
148	3	-3.990000	0.670000	-6.198000	7.401635
148	9	1.780000	-0.508000	-6.920000	7.163300
148	11	-0.140000	-1.737100	-7.074000	7.285506
148	13	-0.660000	-4.140000	-6.094000	7.396758
148	17	-4.030000	0.620000	-6.694000	7.838044
148	19	0.770000	0.290000	-7.263000	7.309458
148	21	-0.740000	-0.140000	-7.553800	7.591251
148	23	2.972000	2.570000	-6.295420	7.420916
148	27	-0.190000	1.740000	-7.126100	7.337915
148	29	-0.610000	-1.040000	-7.443000	7.540023
149	0	-3.062000	-1.080000	-6.938000	7.660162
149	2	3.600000	1.410000	-6.244000	7.344089
149	8	-1.440000	-0.255000	-7.241100	7.387297
149	10	-2.180000	0.460000	-6.656600	7.019567
149	12	0.020000	1.650000	-7.345900	7.528954
149	16	2.800000	-1.030000	-6.991000	7.600986
149	18	0.010000	-0.513000	-7.433800	7.451487
149	20	0.510000	-0.176000	-7.210800	7.230955
149	26	1.000000	-0.220000	-7.212000	7.284322
149	28	1.150000	1.820000	-7.317000	7.627148
149	3	-3.270000	0.800000	-6.692000	7.491046
149	9	1.600000	-2.078000	-7.101000	7.569827
149	11	0.840000	0.013000	-7.200000	7.248846
149	13	-0.670000	-1.870000	-7.316300	7.581164
149	17	-3.140000	1.090000	-6.754000	7.527564
149	19	-0.170000	0.376000	-7.203000	7.214810
149	21	-1.570000	-0.293000	-7.379700	7.550544
149	23	2.372000	2.070000	-6.676600	7.381617
149	27	-1.180000	1.600000	-6.931000	7.210490
149	29	1.020000	-1.020000	-7.314000	7.454891
150	0	-3.404000	-2.540000	-6.341000	7.631979
150	2	2.540000	-1.110000	-6.831000	7.371992
150	8	-4.440000	1.476000	-5.771500	7.429831
150	10	-3.130000	-0.131000	-6.890900	7.569581
150	12	-0.010000	2.160000	-7.044000	7.367743
150	18	-0.480000	0.974000	-7.386900	7.466282
150	20	0.700000	1.890000	-7.036300	7.319263
150	26	-0.030000	-0.140000	-7.467000	7.468373
150	28	-0.900000	1.330000	-7.212000	7.388629
150	3	-3.270000	-0.920000	-6.156000	7.031048
150	9	0.460000	-1.115000	-7.191000	7.291454
150	11	0.370000	0.380000	-7.513700	7.532396
150	13	-0.010000	-1.200000	-7.517670	7.612848
150	19	-0.010000	1.651000	-7.246100	7.431814
150	21	-0.250000	-0.592000	-7.298600	7.326836
150	23	1.957000	1.790000	-7.244000	7.714239
150	27	-0.160000	3.020000	-6.698000	7.349095
150	29	-1.950000	-1.613000	-7.245000	7.674262
151	0	-1.087000	-3.230000	-6.535000	7.370257
151	2	1.460000	-0.860000	-6.894000	7.099186
151	8	-2.280000	1.722000	-6.571700	7.165956
151	10	-0.980000	-0.699000	-7.154000	7.254565
151	12	0.260000	1.750000	-7.134200	7.350300
151	18	-1.100000	-0.449000	-6.992800	7.093014
151	20	0.830000	0.819000	-7.213900	7.307531
151	26	-1.749000	-0.730000	-6.825000	7.083257
151	28	0.650000	1.920000	-6.848000	7.141709
151	3	-3.840000	1.670000	-6.039500	7.349154
151	9	1.310000	-1.418000	-7.035000	7.295070
151	11	0.670000	1.226000	-7.453800	7.583608
151	13	-0.270000	-1.670000	-7.200500	7.396553
151	19	0.550000	0.357000	-7.426300	7.455192
151	21	-0.450000	-0.620000	-7.302500	7.342575
151	23	2.749000	1.200000	-6.678000	7.320702
151	27	-0.422000	3.090000	-6.848000	7.524712
151	29	0.920000	-0.950000	-7.270000	7.389303
152	0	-0.908800	-1.350000	-7.191000	7.372849
152	2	4.120000	-0.980000	-6.500000	7.757886
152	8	-2.290000	0.113000	-7.430000	7.775717
152	12	0.620000	2.940000	-6.552900	7.208918
152	18	-1.520000	-2.042000	-7.074430	7.518492
152	20	0.210000	2.387400	-6.823200	7.231863
152	26	-2.030000	-3.110000	-6.740000	7.695492
152	28	-0.460000	1.210000	-7.445000	7.556701
152	3	-3.060000	-0.020000	-6.572200	7.249677
152	9	1.480000	-2.020000	-6.684000	7.137693
152	13	0.430000	-1.050000	-7.493100	7.578519
152	19	0.830000	0.996000	-7.225900	7.341291
152	21	-2.290000	-0.659000	-6.954900	7.351804
152	23	3.837000	1.750000	-6.031000	7.359214
152	27	1.574000	1.580000	-7.008000	7.354314
152	29	-0.180000	-1.140000	-8.008000	8.090739
153	0	-1.954000	-0.740000	-6.944000	7.251541
153	2	2.590000	-1.390000	-7.026000	7.616093
153	8	-2.460000	-0.894000	-6.836000	7.319954
153	12	-0.010000	3.790000	-6.433100	7.466524
153	18	-1.420000	-1.351000	-6.919800	7.192026
153	20	0.940000	2.729850	-7.288400	7.839417
153	26	-3.234000	-2.170000	-6.226000	7.343755
153	28	-0.600000	1.990000	-7.186000	7.480555
153	3	-3.000000	-0.670000	-6.628000	7.306113
153	9	1.690000	-2.936000	-6.645000	7.458701
153	13	-0.230000	-1.310000	-7.275100	7.395680
153	19	-0.880000	2.390000	-6.729500	7.195323
153	21	-0.990000	-2.222000	-6.911000	7.326616
153	23	0.740000	2.220000	-7.023200	7.402793
153	27	-1.337000	2.380000	-7.088000	7.595506
153	29	2.030000	-0.920000	-7.091000	7.433006
154	2	3.420000	-1.490000	-6.175100	7.214455
154	8	-1.910000	1.064000	-6.911000	7.248594
154	12	0.250000	2.960000	-6.676700	7.307696
154	18	0.160000	-0.734000	-7.502200	7.539719
154	20	1.170000	2.159400	-6.820471	7.249188
154	26	-0.216000	-2.160000	-7.114000	7.437826
154	28	-2.590000	0.080000	-6.685000	7.169639
154	3	-2.780000	1.780000	-6.586300	7.367235
154	9	2.810000	-1.938000	-6.403000	7.256056
154	13	-0.200000	-2.780000	-7.057000	7.587467
154	19	-0.780000	0.618000	-7.248400	7.316394
154	21	-1.910000	-2.131000	-6.689000	7.275437
154	27	0.291000	3.500000	-6.633000	7.505423
154	29	-0.960000	-3.540000	-6.366000	7.347051
155	2	2.630000	-1.780000	-6.700800	7.415256
155	8	-2.390000	1.671000	-6.866000	7.459645
155	12	-0.470000	1.800000	-7.573100	7.798253
155	16	-0.240000	-0.030000	-7.265460	7.269485
155	18	-1.420000	-0.930000	-7.124300	7.323725
155	20	1.270000	0.272000	-7.085300	7.203358
155	26	-0.553000	-3.510000	-6.744000	7.622824
155	28	-1.610000	2.750000	-6.579000	7.310119
155	3	-1.830000	1.320000	-7.261800	7.604278
155	9	-0.480000	-2.251000	-7.277000	7.632308
155	13	0.830000	-0.880000	-7.027500	7.130852
155	17	1.060000	1.730000	-6.953000	7.242977
155	19	-0.690000	-0.420000	-7.270700	7.315434
155	21	-2.550000	-1.797000	-6.865800	7.541281
155	27	0.631000	3.320000	-6.714000	7.516539
155	29	2.470000	-1.460000	-6.861000	7.436788
156	2	1.690000	0.540000	-7.103800	7.321999
156	8	-1.920000	2.142000	-6.528000	7.133677
156	12	0.080000	1.910000	-7.055000	7.309413
156	16	-1.110000	-1.560000	-7.279000	7.526589
156	18	-0.320000	-0.129000	-7.467300	7.475267
156	20	0.720000	0.293000	-7.352800	7.393776
156	26	-0.277000	-3.070000	-6.651000	7.330582
156	28	-2.800000	1.430000	-6.963000	7.639913
156	3	-3.290000	1.990000	-6.426600	7.489018
156	9	-0.630000	-1.817000	-7.469000	7.712610
156	13	1.930000	-1.030000	-7.048820	7.380492
156	17	1.760000	0.680000	-7.314000	7.553449
156	19	0.780000	3.124000	-6.721000	7.452491
156	21	-2.240000	-1.645000	-7.076100	7.602290
156	27	-0.183000	2.040000	-6.892000	7.189906
156	29	1.190000	-0.920000	-7.359000	7.511150
157	2	0.830000	-1.220000	-7.319100	7.466360
157	8	0.630000	2.263000	-6.952000	7.338145
157	12	-1.080000	2.210000	-6.989000	7.409225
157	16	0.080000	-2.320000	-7.035500	7.408580
157	18	-0.190000	-1.956000	-6.944000	7.216729
157	20	2.220000	2.169000	-7.270700	7.905444
157	26	1.145000	-2.760000	-7.005000	7.615684
157	28	-2.090000	1.310000	-6.679000	7.119919
157	3	-3.250000	1.930000	-5.914900	7.019504
157	9	1.570000	-2.368000	-7.074000	7.623241
157	13	1.600000	-1.540000	-7.111100	7.449788
157	17	0.800000	0.000000	-7.240900	7.284959
157	19	1.890000	1.400000	-7.311700	7.680694
157	21	-0.930000	0.090000	-7.381900	7.440796
157	27	-1.705000	3.160000	-6.616000	7.527555
157	29	2.180000	-0.610000	-7.230000	7.576107
158	2	0.330000	-2.330000	-7.289000	7.659460
158	8	0.050000	0.456000	-7.176000	7.190648
158	12	-2.530000	3.160000	-6.350000	7.530538
158	16	1.410000	-1.640000	-7.241600	7.557676
158	18	-1.290000	-1.771000	-7.149100	7.477310
158	20	2.480000	3.116000	-5.909000	7.125738
158	26	0.737000	-4.410000	-6.186000	7.632684
158	28	0.690000	-0.350000	-7.417000	7.457244
158	3	-2.490000	0.760000	-6.650900	7.142281
158	9	2.060000	-1.175000	-7.128000	7.512164
158	13	0.780000	-2.330000	-7.126200	7.537906
158	17	0.800000	1.410000	-7.356000	7.532519
158	19	0.780000	0.680000	-7.113700	7.188569
158	21	-0.520000	-1.197000	-7.707400	7.817111
158	27	-0.991000	3.500000	-6.303000	7.277355
158	29	2.290000	-1.340000	-6.957000	7.445774
159	2	2.200000	-2.110000	-6.673000	7.336282
159	8	-1.120000	-0.481000	-7.316900	7.417735
159	12	-0.120000	1.570000	-7.054000	7.227601
159	16	-0.760000	-1.120000	-7.375900	7.499060
159	18	-2.630000	-0.836000	-6.791500	7.330775
159	20	0.800000	3.356100	-6.743400	7.574751
159	26	0.274000	-3.870000	-6.336000	7.429460
159	28	-1.700000	0.320000	-7.396000	7.595605
159	3	0.390000	2.000000	-7.080300	7.367683
159	9	-0.390000	-1.449000	-7.346000	7.497694
159	13	1.750000	-2.950000	-6.989750	7.785988
159	17	-1.600000	2.150000	-6.925000	7.425505
159	19	-0.880000	0.462000	-7.342900	7.409860
159	21	-0.990000	-1.244000	-7.154900	7.329409
159	27	0.001000	3.310000	-6.466000	7.263970
159	29	-0.230000	-0.810000	-7.269000	7.317606
160	8	-0.010000	-0.135000	-7.237300	7.238566
160	12	-0.930000	2.320000	-7.193600	7.615457
160	16	0.740000	0.350000	-7.469800	7.514520
160	18	-1.000000	-1.744000	-7.145200	7.422629
160	20	1.790000	1.051000	-7.223500	7.515827
160	26	1.879000	-5.160000	-5.686000	7.904862
160	28	-0.260000	2.450000	-7.269000	7.675185
160	9	-0.360000	-0.295000	-7.372000	7.386678
160	13	2.110000	-2.210000	-6.522100	7.202360
160	17	0.430000	2.330000	-7.100000	7.484905
160	19	-0.240000	1.265000	-7.240800	7.354387
160	21	-0.840000	-1.634000	-6.891300	7.132010
160	27	1.000000	2.610000	-6.765000	7.319653
160	29	1.120000	0.310000	-7.190000	7.283310
161	2	1.800000	-2.990000	-6.850000	7.687822
161	8	1.400000	0.275000	-7.310000	7.447934
161	12	-0.630000	3.170000	-6.750000	7.483869
161	16	0.310000	-1.180000	-7.177800	7.280749
161	18	-1.010000	-1.496000	-6.903400	7.135478
161	20	1.490000	2.902500	-6.949300	7.677068
161	26	1.217000	-3.020000	-6.664000	7.416899
161	28	-0.540000	0.750000	-7.344000	7.401921
161	3	-1.260000	1.120000	-7.224830	7.418906
161	9	-0.730000	-0.791000	-7.101000	7.182115
161	13	1.250000	-2.580000	-6.756700	7.339748
161	17	-1.510000	1.230000	-6.851000	7.122443
161	19	1.200000	-0.580000	-7.509700	7.627057
161	21	0.220000	-1.319000	-7.248700	7.371012
161	27	-1.127000	4.060000	-5.795000	7.164897
161	29	-0.330000	-2.180000	-7.088000	7.423008
162	2	0.670000	-2.610000	-7.003000	7.503533
162	8	-0.200000	-0.442000	-7.495000	7.510685
162	16	0.010000	-1.010000	-7.514300	7.581880
162	18	0.580000	-1.840000	-7.061100	7.319913
162	20	1.790000	2.519400	-6.882900	7.544918
162	26	1.048000	-2.880000	-6.668000	7.338592
162	28	0.270000	1.710000	-7.526000	7.722543
162	3	-1.900000	2.700000	-6.708680	7.477057
162	9	-0.500000	-0.895000	-7.315000	7.386491
162	17	0.400000	0.820000	-7.391000	7.447099
162	19	1.540000	-1.050000	-7.161600	7.400177
162	21	-1.830000	-2.483000	-6.840000	7.503319
162	27	-1.376000	3.650000	-6.146000	7.279368
162	29	-1.390000	-1.060000	-7.161000	7.371270
163	2	2.060000	-2.930000	-6.606000	7.514502
163	8	1.360000	1.181000	-7.273700	7.493402
163	16	0.510000	-0.700000	-7.601480	7.650660
163	18	-1.040000	-1.444000	-7.441700	7.651512
163	20	0.500000	2.578000	-7.059880	7.532462
163	26	1.539000	-3.720000	-5.919000	7.158316
163	28	2.680000	0.750000	-7.079000	7.606388
163	3	-1.040000	2.820000	-6.612700	7.263732
163	9	-0.070000	-1.246000	-7.332000	7.437448
163	17	-0.660000	1.160000	-7.081000	7.205676
163	19	1.830000	2.380000	-6.915000	7.538602
163	21	-2.090000	-1.432000	-7.248000	7.678035
163	27	0.299000	4.120000	-6.361000	7.584598
163	29	0.700000	-1.810000	-7.491000	7.738293
164	2	1.030000	-1.310000	-7.124000	7.316309
164	8	1.350000	1.395000	-7.529000	7.775241
164	16	0.370000	-1.620000	-7.196000	7.385372
164	18	-2.070000	-1.367000	-6.867930	7.302195
164	20	-0.230000	0.828000	-7.379000	7.428871
164	26	-0.056000	-3.280000	-6.476000	7.259484
164	28	1.210000	1.080000	-6.876000	7.064692
164	3	-0.930000	1.160000	-7.099200	7.253216
164	9	0.690000	-1.595000	-7.047000	7.258122
164	17	0.050000	2.130000	-6.716000	7.045854
164	19	3.140000	1.750000	-6.337000	7.285580
164	21	0.270000	-3.421830	-6.736000	7.560127
164	27	-1.599000	3.000000	-6.515000	7.348607
164	29	-0.630000	0.130000	-7.224000	7.252584
165	0	-1.111000	2.070000	-6.784000	7.179267
165	2	0.510000	0.430000	-7.223000	7.253739
165	8	1.180000	1.109000	-7.100000	7.282327
165	16	1.520000	-1.520000	-7.288500	7.598884
165	18	-1.550000	-0.796000	-7.395000	7.597509
165	20	0.710000	1.790890	-7.252000	7.503525
165	26	-0.408000	-2.360000	-7.089000	7.482646
165	28	3.010000	0.350000	-7.051000	7.674581
165	1	2.622500	-2.440000	-6.315000	7.260188
165	3	-2.100000	1.440000	-7.061700	7.506744
165	9	0.390000	-1.899000	-6.942000	7.207612
165	17	0.750000	0.640000	-7.332000	7.397995
165	19	2.310000	3.667000	-5.855000	7.284505
165	21	2.160000	-1.308000	-6.890000	7.338158
165	27	-1.517000	3.490000	-6.329000	7.384960
165	29	0.990000	-1.580000	-7.247000	7.483015
166	0	-2.886400	1.530000	-6.630000	7.391150
166	2	-0.720000	-0.700000	-7.308000	7.376670
166	8	-0.760000	1.025000	-7.235000	7.346663
166	16	0.890000	-0.750000	-7.130200	7.224566
166	18	-1.470000	-3.811000	-6.380000	7.575554
166	20	-0.710000	-0.115900	-7.707700	7.741200
166	26	1.479000	-1.670000	-7.066000	7.409770
166	28	1.930000	-0.670000	-6.701000	7.005512
166	1	1.545000	-1.280000	-7.010000	7.291469
166	3	-2.570000	0.580000	-6.939000	7.422333
166	9	-0.270000	-4.191000	-6.570000	7.797582
166	17	0.750000	-0.080000	-7.523000	7.560716
166	19	1.390000	1.930000	-7.052000	7.442292
166	21	2.230000	-1.472560	-7.127000	7.611535
166	27	-1.581000	3.580000	-6.421000	7.519654
166	29	-1.220000	-2.640000	-6.936000	7.521044
167	0	-1.839900	3.390000	-6.204000	7.305269
167	2	0.150000	-0.500000	-7.430000	7.448315
167	8	-1.190000	2.273000	-7.111000	7.559692
167	16	2.000000	-1.490000	-6.948300	7.382342
167	18	-1.350000	-2.510000	-6.641400	7.227088
167	20	-0.550000	0.479300	-7.499700	7.535100
167	26	-0.263000	-3.050000	-6.496000	7.181204
167	28	0.570000	2.140000	-7.140000	7.475567
167	1	1.684000	-0.200000	-7.099000	7.298744
167	3	-2.200000	-0.020000	-7.050460	7.385756
167	9	1.120000	-2.523000	-6.591000	7.145713
167	17	0.040000	1.350000	-7.358000	7.480927
167	19	0.850000	2.580000	-6.984000	7.493674
167	21	1.620000	-0.194900	-7.175000	7.358193
167	27	-1.232000	1.840000	-7.032000	7.372411
167	29	-0.930000	1.220000	-7.143000	7.305871
168	0	-2.236900	0.470000	-6.914000	7.282034
168	2	-0.090000	1.480000	-7.508000	7.653010
168	8	-2.240000	1.986000	-6.960000	7.576503
168	10	2.000000	1.290000	-6.948400	7.344683
168	14	-0.960000	2.970000	-6.659870	7.355023
168	16	0.890000	0.700000	-6.919200	7.011236
168	18	-1.960000	-0.910000	-7.362600	7.673173
168	20	-0.340000	-0.357100	-7.516300	7.532456
168	26	1.428000	-1.890000	-7.016000	7.405102
168	28	0.380000	0.330000	-7.597000	7.613653
168	1	1.894000	-0.260000	-6.846000	7.107922
168	3	0.120000	0.830000	-7.457540	7.504545
168	7	-0.300000	0.940000	-7.071000	7.139513
168	9	-0.360000	-1.643000	-6.926000	7.127308
168	17	1.670000	1.120000	-7.285000	7.557415
168	19	-0.260000	4.350000	-6.185000	7.565998
168	21	1.160000	-0.955800	-7.536000	7.684429
168	23	-2.240000	-2.150000	-6.703500	7.387626
168	27	-0.424000	3.010000	-7.011000	7.641596
168	29	0.330000	-3.120000	-6.832000	7.517947
169	0	-0.779800	-0.110000	-7.845000	7.884429
169	2	0.150000	0.360000	-7.263700	7.274162
169	8	-2.350000	1.170000	-6.792000	7.281666
169	10	2.030000	0.210000	-7.211400	7.494617
169	14	0.420000	-1.590000	-7.195800	7.381330
169	16	-0.110000	1.440000	-7.167600	7.311648
169	18	-0.680000	-3.043000	-6.647000	7.341993
169	20	-0.330000	0.743700	-7.439600	7.483959
169	26	-0.452000	-2.910000	-7.004000	7.597922
169	28	0.160000	0.220000	-7.569000	7.573887
169	1	1.402000	0.460000	-7.351000	7.497627
169	3	0.490000	-1.000000	-7.587400	7.668686
169	7	0.120000	-1.420000	-7.418000	7.553643
169	9	1.940000	-0.661000	-7.109000	7.398541
169	17	0.520000	1.360000	-7.055000	7.203681
169	19	0.280000	3.990000	-6.308000	7.469228
169	21	1.760000	-1.006400	-7.025000	7.311707
169	23	-2.700000	-2.160000	-6.600900	7.451676
169	27	-1.990000	1.850000	-7.140000	7.639516
169	29	0.960000	-2.090000	-7.202000	7.560324
170	0	0.708100	1.550000	-7.244000	7.441736
170	2	-1.180000	0.190000	-7.389400	7.485435
170	8	-0.560000	0.933000	-7.254000	7.335162
170	10	1.430000	0.480000	-7.300100	7.454312
170	14	1.710000	-0.940000	-7.044300	7.309573
170	16	-0.510000	0.120000	-7.302600	7.321371
170	18	0.170000	-4.120000	-5.953500	7.242062
170	20	-1.370000	1.572600	-7.141600	7.439921
170	26	1.445000	-1.390000	-7.121000	7.397889
170	28	-0.510000	1.970000	-7.323000	7.600482
170	1	1.459200	1.490000	-6.892000	7.200627
170	3	0.530000	-1.730000	-7.170800	7.395551
170	7	-0.120000	2.050000	-7.095000	7.386198
170	9	3.350000	-1.125000	-6.405000	7.315200
170	17	-1.750000	0.030000	-7.250000	7.458277
170	19	0.860000	1.070000	-7.375200	7.501871
170	21	0.670000	-1.145000	-7.283000	7.402838
170	23	-1.430000	-1.020000	-6.758000	6.982540
170	27	-1.051000	3.800000	-6.011000	7.188652
170	29	1.780000	-0.880000	-7.172000	7.441800
171	0	1.114900	0.170000	-7.496000	7.580364
171	2	-0.860000	0.330000	-7.337600	7.395193
171	8	-1.600000	1.405000	-6.860000	7.182870
171	10	2.280000	1.500000	-6.705000	7.239159
171	14	0.140000	-1.400000	-6.942500	7.083637
171	16	-0.240000	0.270000	-7.208400	7.217446
171	18	0.780000	-3.260000	-6.492440	7.306694
171	20	-1.890000	0.356890	-7.144940	7.399300
171	26	0.948000	-3.850000	-6.301600	7.445224
171	28	-0.550000	1.030000	-7.272000	7.365147
171	1	1.764050	1.050000	-6.961000	7.257403
171	3	0.040000	3.070000	-6.684200	7.355612
171	7	-0.350000	0.750000	-7.264000	7.310998
171	9	3.200000	-0.868000	-6.528000	7.321763
171	17	-0.470000	1.170000	-7.210000	7.319419
171	19	0.520000	1.900000	-7.179000	7.444356
171	21	-0.760000	-2.886500	-6.899000	7.517026
171	23	-0.550000	-0.440000	-7.532500	7.565359
171	27	-0.248000	1.770000	-7.509000	7.718775
171	29	1.130000	-2.670000	-6.735000	7.332532
172	0	0.488000	-2.890000	-6.574000	7.197758
172	2	-0.680000	-0.750000	-7.295100	7.365011
172	8	-1.650000	1.926000	-6.759000	7.219145
172	10	0.690000	0.730000	-7.138900	7.209223
172	14	-0.440000	-1.900000	-7.167000	7.427617
172	16	0.920000	-2.060000	-7.257000	7.599608
172	18	0.040000	-3.460000	-6.709530	7.549238
172	20	0.090000	2.803000	-7.267800	7.790111
172	26	1.578000	-1.150000	-7.109500	7.372759
172	28	0.390000	-0.270000	-7.442000	7.457102
172	1	-0.780900	-1.520000	-7.213000	7.412663
172	3	0.850000	0.690000	-7.266700	7.348709
172	7	-0.600000	1.360000	-7.388000	7.536056
172	9	1.490000	-1.571000	-7.021000	7.347284
172	17	-0.790000	-1.170000	-7.071000	7.210551
172	19	0.900000	3.030000	-6.595000	7.313339
172	21	-0.910000	-0.526000	-7.141600	7.218534
172	23	-1.700000	-0.520000	-6.932000	7.156328
172	27	-0.211000	2.540000	-7.087000	7.531380
172	29	-0.150000	-3.340000	-6.417000	7.235744
173	0	1.038300	1.110000	-7.033000	7.195363
173	2	0.760000	0.390000	-7.255200	7.305315
173	8	-2.280000	1.860000	-6.795000	7.404730
173	10	0.200000	1.930000	-7.082800	7.343770
173	14	2.110000	-1.090000	-7.046000	7.435477
173	16	0.100000	0.440000	-7.082900	7.097258
173	18	-1.620000	-1.720000	-7.047300	7.432849
173	20	0.490000	0.947000	-7.348900	7.425849
173	26	1.979000	-0.930000	-7.272100	7.593733
173	28	-1.290000	2.070000	-7.044000	7.454323
173	1	0.438700	1.240000	-7.559000	7.672584
173	3	0.570000	1.210000	-7.292700	7.414342
173	7	-1.570000	0.720000	-7.340000	7.540484
173	9	1.510000	-1.731000	-7.263000	7.617587
173	17	-1.810000	1.510000	-7.258000	7.631171
173	19	0.390000	2.320000	-6.958000	7.344948
173	21	-0.310000	-0.451000	-7.332000	7.352396
173	23	-0.160000	-1.120000	-7.181000	7.269578
173	27	0.770000	2.600000	-6.851000	7.368114
173	29	0.300000	-1.280000	-7.351000	7.467637
174	0	0.366000	-0.150000	-7.505000	7.515416
174	2	0.790000	-0.410000	-7.451900	7.504866
174	8	-1.180000	1.790000	-7.231000	7.542139
174	10	1.730000	1.740000	-7.076700	7.490006
174	14	0.720000	-0.020000	-7.278600	7.314152
174	16	2.280000	-0.020000	-7.112400	7.468938
174	18	-1.270000	-2.930000	-6.437900	7.186401
174	20	0.110000	-1.543000	-6.997000	7.165958
174	26	1.578000	-3.150000	-6.997400	7.834296
174	28	-0.560000	2.010000	-7.018000	7.321613
174	1	0.203400	-0.900000	-7.603000	7.658785
174	3	-0.790000	1.720000	-7.146700	7.393093
174	7	-0.650000	0.500000	-7.550000	7.594406
174	9	1.640000	-0.105000	-7.300000	7.482688
174	17	-1.320000	0.570000	-7.303000	7.443192
174	19	1.710000	1.600000	-7.082000	7.459144
174	21	-0.030000	0.669000	-7.164800	7.196028
174	23	-0.890000	-1.170000	-7.205000	7.353436
174	27	-2.026000	0.490000	-7.109000	7.408283
174	29	2.520000	0.260000	-7.392000	7.814068
175	0	0.754000	-0.820000	-7.464000	7.546669
175	2	0.510000	-1.730000	-7.288000	7.507859
175	8	-2.830000	1.268000	-6.855000	7.523812
175	10	0.930000	0.840000	-7.436300	7.541158
175	12	1.230000	3.080000	-6.676000	7.454413
175	14	1.500000	-0.500000	-7.177200	7.349299
175	16	2.180000	-0.680000	-7.153000	7.508676
175	18	0.760000	-1.340000	-7.482200	7.639144
175	20	-1.170000	-1.274000	-7.670300	7.862918
175	26	3.066100	-1.640000	-6.864300	7.694750
175	28	-1.830000	-0.200000	-6.927000	7.167442
175	1	0.771190	1.380000	-7.521000	7.685348
175	3	-1.020000	0.050000	-7.285970	7.357191
175	7	-0.290000	-0.090000	-7.514000	7.520133
175	9	0.930000	-0.108000	-7.090000	7.151550
175	13	-1.040000	-1.290000	-7.345500	7.530078
175	17	-2.520000	0.280000	-6.990000	7.435651
175	19	2.500000	1.940000	-6.444000	7.179048
175	21	0.910000	2.542000	-6.672600	7.198156
175	23	-1.770000	-1.100000	-7.007400	7.310715
175	27	-2.387000	1.870000	-6.618000	7.279601
175	29	0.010000	-0.940000	-7.525000	7.583490
176	0	0.810000	-1.440000	-7.155000	7.343278
176	2	2.770000	1.130000	-6.660000	7.301055
176	8	-3.220000	1.086000	-6.640000	7.459048
176	10	2.520000	0.430000	-6.901600	7.359849
176	12	0.580000	1.060000	-7.304000	7.403271
176	14	1.380000	-0.680000	-7.497600	7.653810
176	16	0.910000	-1.950000	-7.079400	7.399223
176	18	-0.390000	-2.080000	-7.154200	7.460635
176	20	-0.710000	-1.436000	-7.144500	7.321890
176	26	0.841000	-1.620000	-7.019800	7.253225
176	28	0.800000	0.270000	-7.231000	7.280128
176	1	-0.647880	1.660000	-7.089000	7.309533
176	3	-0.370000	0.240000	-7.181900	7.195428
176	7	-0.960000	-0.330000	-7.188000	7.259328
176	9	2.380000	-0.761000	-7.045000	7.474995
176	13	-1.270000	-1.760000	-7.295500	7.611493
176	17	-1.390000	0.020000	-7.561000	7.687732
176	19	-0.230000	2.290000	-6.862000	7.237682
176	21	1.240000	0.483000	-7.406100	7.524706
176	23	-2.300000	-0.590000	-7.112700	7.498573
176	27	-2.964000	1.070000	-6.571000	7.287540
176	29	-0.440000	0.870000	-7.472000	7.535336
177	0	1.284350	-0.850000	-7.432000	7.589906
177	2	1.500000	0.420000	-7.049000	7.219058
177	8	-1.170000	0.425000	-7.581000	7.682518
177	10	1.870000	1.130000	-7.245600	7.567861
177	12	1.190000	2.010000	-7.492000	7.847692
177	14	1.470000	-0.040000	-7.387000	7.531950
177	16	0.830000	-1.080000	-7.097800	7.227314
177	18	0.740000	-2.800000	-7.102500	7.670274
177	20	-0.260000	-1.078000	-7.408600	7.491131
177	26	1.211000	0.260000	-7.395200	7.498207
177	28	-1.000000	-0.980000	-7.326000	7.458597
177	1	-1.544900	-0.500000	-7.545000	7.717755
177	3	-0.050000	-0.970000	-7.386300	7.449888
177	7	-0.860000	-2.150000	-6.817000	7.199555
177	9	3.820000	-0.022000	-6.603000	7.628400
177	13	-1.270000	-1.860000	-6.928200	7.285084
177	17	-2.110000	1.980000	-6.817000	7.405673
177	19	-0.200000	2.470000	-7.027400	7.451527
177	21	1.600000	0.926000	-7.246000	7.478101
177	23	-2.580000	-1.500000	-6.678900	7.315334
177	27	-4.223000	0.880000	-6.326000	7.656788
177	29	0.730000	-0.550000	-7.364000	7.420505
178	0	0.954120	-1.240000	-7.273000	7.439387
178	2	-0.400000	1.250000	-7.264000	7.381612
178	8	-2.610000	1.077000	-7.100000	7.640813
178	10	2.390000	1.800000	-6.685000	7.324024
178	12	0.540000	1.970000	-7.256000	7.538039
178	14	1.380000	-0.790000	-7.470000	7.637369
178	16	0.920000	-2.000000	-6.969000	7.308444
178	18	0.970000	-3.880000	-6.012600	7.221264
178	20	0.430000	-1.779000	-7.311480	7.537074
178	26	0.459000	-1.240000	-7.168300	7.289225
178	28	-1.070000	-2.250000	-7.066000	7.492380
178	1	-1.337180	0.700000	-7.273000	7.427959
178	3	0.450000	-1.380000	-7.397500	7.538561
178	7	-2.080000	-1.020000	-7.409000	7.762737
178	9	2.930000	0.483000	-7.110000	7.705212
178	13	-0.770000	-0.950000	-7.288000	7.389881
178	17	-1.290000	0.870000	-7.165000	7.332000
178	19	-0.480000	1.460000	-7.250100	7.411204
178	21	0.660000	1.973000	-7.018000	7.319881
178	23	-1.930000	-1.650000	-6.987310	7.434373
178	27	-1.888000	-0.240000	-7.149000	7.397996
178	29	1.830000	0.140000	-6.945000	7.183420
179	0	1.555000	0.690000	-7.540000	7.729536
179	2	-0.880000	1.920000	-7.289000	7.588829
179	8	-2.270000	0.445000	-7.240000	7.600561
179	10	1.580000	1.610000	-6.932100	7.289891
179	12	0.560000	1.930000	-7.094000	7.373150
179	14	1.680000	1.000000	-6.945400	7.215330
179	16	0.110000	-1.590000	-7.400200	7.569885
179	18	1.320000	-2.910000	-6.719300	7.440396
179	20	-1.760000	-1.279000	-6.835000	7.172912
179	26	2.402900	-0.750000	-6.980600	7.420593
179	28	-2.460000	-1.740000	-6.847000	7.480682
179	1	-2.089500	0.260000	-6.972000	7.283021
179	3	0.840000	-0.360000	-7.165790	7.223832
179	7	-0.520000	0.480000	-7.212000	7.246637
179	9	2.420000	0.272000	-7.275000	7.671767
179	13	0.010000	-0.670000	-7.285900	7.316648
179	17	0.430000	2.630000	-7.312000	7.782490
179	19	-0.810000	3.170000	-6.422000	7.207433
179	21	0.330000	1.036000	-7.365500	7.445320
179	23	-1.650000	-1.570000	-7.032300	7.391931
179	27	-2.814000	0.180000	-7.016000	7.561432
179	29	2.850000	-0.770000	-6.805000	7.417778
180	0	1.836000	0.670000	-7.192000	7.452829
180	2	-0.690000	1.450000	-7.211000	7.387633
180	8	-1.620000	1.764000	-7.007000	7.405008
180	10	1.090000	1.800000	-7.187600	7.489305
180	12	0.590000	1.230000	-7.431000	7.555181
180	14	2.420000	-0.750000	-7.489900	7.906801
180	16	1.080000	-0.600000	-7.043500	7.151034
180	18	2.420000	-2.780000	-6.955300	7.871531
180	20	-1.370000	0.028000	-7.431200	7.556482
180	26	2.522000	0.150000	-6.800800	7.254920
180	28	-3.060000	-0.280000	-6.939000	7.588921
180	1	-1.742800	-0.270000	-7.039400	7.256956
180	3	-1.590000	-0.500000	-7.265900	7.454623
180	7	-0.920000	1.080000	-7.085000	7.225650
180	9	1.400000	0.284000	-7.542000	7.676094
180	13	-0.180000	-2.570000	-7.127500	7.578823
180	17	0.570000	2.180000	-7.396000	7.731631
180	19	-1.920000	2.660000	-6.797000	7.547265
180	21	0.280000	2.449000	-6.806000	7.238621
180	23	0.330000	-1.480000	-7.087800	7.248187
180	27	-2.689000	0.030000	-6.697000	7.216746
180	29	3.540000	0.610000	-6.846000	7.731198
181	0	0.849000	0.420000	-7.490000	7.549656
181	2	0.420000	1.110000	-7.296000	7.391895
181	8	-2.090000	-0.170000	-7.066000	7.370574
181	10	-1.130000	-0.510000	-7.220970	7.326623
181	12	-0.460000	1.110000	-6.948000	7.051128
181	14	1.570000	0.460000	-7.166800	7.351158
181	16	1.950000	-1.290000	-6.870900	7.257814
181	18	2.600000	-1.720000	-7.021400	7.682347
181	20	-1.640000	0.559000	-7.032500	7.242799
181	26	2.512000	-0.370000	-6.442100	6.924428
181	28	-1.740000	-0.990000	-7.167000	7.441343
181	1	-3.238000	-1.020000	-6.715300	7.524646
181	3	0.430000	0.690000	-7.431610	7.475950
181	7	-2.570000	0.930000	-7.142000	7.647089
181	9	2.970000	-0.290000	-6.953000	7.566321
181	13	-0.850000	-1.050000	-7.168000	7.294191
181	17	-0.030000	-0.600000	-7.263000	7.287803
181	19	-1.520000	1.080000	-7.374000	7.606095
181	21	1.450000	0.766000	-7.161000	7.346372
181	23	0.970000	-0.930000	-7.560000	7.678502
181	27	-2.595000	-2.470000	-6.853300	7.733217
181	29	4.000000	0.210000	-6.230000	7.406551
182	0	1.552000	-1.220000	-7.559000	7.812527
182	2	0.000000	1.240000	-7.205000	7.310925
182	4	-2.890000	-1.240000	-6.911000	7.592866
182	8	-2.900000	-0.142000	-7.040000	7.615232
182	10	-2.810000	-0.470000	-6.783500	7.357504
182	12	-0.230000	-0.430000	-7.127000	7.143664
182	14	2.480000	-0.590000	-7.141900	7.583221
182	16	-0.980000	-0.210000	-7.322300	7.390574
182	18	1.040000	-2.530000	-6.705300	7.241792
182	20	-1.470000	0.308000	-6.946500	7.107012
182	26	1.577000	0.520000	-6.974200	7.169156
182	28	-1.790000	-1.870000	-7.243000	7.691687
182	1	-2.359000	-1.320000	-6.662300	7.189821
182	3	0.450000	1.110000	-7.201667	7.300590
182	7	-2.390000	-0.640000	-6.992000	7.416857
182	9	1.860000	0.440000	-7.114000	7.366288
182	13	-1.420000	0.080000	-7.340000	7.476523
182	15	2.710000	1.310000	-6.813000	7.448300
182	17	-0.920000	0.130000	-7.661000	7.717138
182	19	-2.930000	1.780000	-6.470000	7.322172
182	21	1.510000	2.079000	-6.919000	7.380711
182	23	1.090000	1.610000	-7.311900	7.565982
182	27	-2.946000	-0.300000	-6.939700	7.545088
182	29	2.850000	0.180000	-6.758000	7.336584
183	0	0.774000	1.950000	-7.120000	7.422666
183	2	0.110000	2.450000	-7.335900	7.734987
183	4	-2.200000	-0.410000	-6.862400	7.218077
183	8	-0.640000	-0.634000	-7.182000	7.238279
183	10	-2.210000	-2.150000	-7.117700	7.756820
183	12	0.220000	0.390000	-7.196000	7.209918
183	14	1.990000	-0.940000	-7.133000	7.464810
183	16	-0.690000	0.440000	-7.096200	7.143231
183	18	2.830000	-1.900000	-6.146200	7.028134
183	20	-3.440000	-1.430000	-6.283100	7.304509
183	26	2.100000	2.040000	-6.708530	7.319561
183	28	-2.390000	-0.980000	-6.864000	7.333962
183	1	-1.093800	0.640000	-7.329000	7.437758
183	3	-0.390000	0.020000	-7.278600	7.289068
183	7	-3.260000	-0.900000	-7.173000	7.930292
183	9	2.220000	0.038000	-7.226000	7.559426
183	13	-0.740000	-0.510000	-7.316000	7.370994
183	15	1.710000	0.600000	-6.871000	7.105965
183	17	-0.360000	-0.840000	-7.227000	7.284554
183	19	-1.290000	1.420000	-6.918300	7.179371
183	21	0.160000	2.159000	-6.477700	6.829896
183	23	0.340000	-0.060000	-7.341000	7.349114
183	27	-2.153000	0.260000	-6.959000	7.289080
183	29	4.500000	-1.390000	-6.011000	7.636375
184	0	1.312200	0.220000	-7.518000	7.634828
184	2	0.160000	-1.010000	-7.438000	7.507965
184	4	-0.880000	-0.210000	-7.936000	7.987402
184	8	-1.230000	-0.694000	-7.522000	7.653432
184	10	-1.940000	-0.480000	-7.174100	7.447262
184	12	-0.320000	-1.380000	-7.415000	7.549108
184	14	1.500000	-1.370000	-7.240000	7.519608
184	16	0.440000	-0.060000	-7.538100	7.551169
184	18	1.350000	-3.280000	-6.311900	7.240234
184	20	-0.900000	-1.658000	-7.345000	7.583402
184	26	1.520000	1.620000	-7.262000	7.594172
184	28	-3.370000	-0.040000	-6.884000	7.664722
184	1	-0.439600	-1.880000	-7.057800	7.317116
184	3	-1.200000	-0.500000	-7.345600	7.459748
184	7	-2.270000	-1.560000	-6.724000	7.266270
184	9	1.280000	0.015000	-7.367000	7.477387
184	13	-0.240000	1.200000	-7.574000	7.672228
184	15	1.210000	1.120000	-7.190000	7.376625
184	17	1.140000	-0.580000	-7.399000	7.508742
184	19	-0.480000	0.250000	-7.602900	7.622138
184	21	2.250000	1.771000	-6.595000	7.189782
184	23	-0.530000	1.350000	-7.465000	7.604579
184	27	-1.879000	0.860000	-7.086000	7.381168
184	29	3.200000	-0.080000	-6.696000	7.421780
185	0	0.236700	-0.350000	-7.503000	7.514888
185	2	0.910000	-1.260000	-6.982000	7.152903
185	4	-3.280000	-1.640000	-6.782000	7.709963
185	8	-1.160000	-0.840000	-7.305000	7.444073
185	10	-0.920000	-0.790000	-7.527600	7.624648
185	12	2.590000	-1.740000	-6.697000	7.388201
185	14	3.010000	0.820000	-6.993000	7.657320
185	16	-2.240000	-0.640000	-7.250000	7.615097
185	18	-0.410000	-0.640000	-7.116000	7.156477
185	20	-0.100000	-0.999000	-7.420300	7.487914
185	26	1.762000	1.640000	-6.964500	7.368752
185	28	-2.120000	-1.340000	-6.855000	7.299385
185	1	-0.957660	-2.120000	-6.961700	7.340080
185	3	-0.160000	0.900000	-7.537100	7.592330
185	7	-2.980000	0.400000	-6.737000	7.377504
185	9	-0.170000	-1.344000	-6.889000	7.020937
185	13	-1.540000	0.410000	-7.512000	7.679183
185	15	0.710000	1.570000	-7.361800	7.560760
185	17	1.330000	0.090000	-7.390300	7.509563
185	19	-1.450000	-0.720000	-6.973000	7.158466
185	21	2.600000	2.169000	-6.490000	7.320154
185	23	-0.410000	1.320000	-7.513000	7.639088
185	27	-0.807000	-0.040000	-7.297000	7.341598
185	29	2.710000	1.210000	-6.825000	7.442367
186	2	0.220000	1.700000	-6.978700	7.186143
186	4	-1.900000	-2.200000	-6.910880	7.497350
186	8	0.160000	1.297000	-7.350000	7.465274
186	10	-1.700000	0.370000	-7.375300	7.577727
186	12	3.000000	-0.280000	-6.906000	7.534669
186	14	2.240000	-0.660000	-7.063300	7.439315
186	16	-1.280000	-1.400000	-7.090500	7.339863
186	18	1.620000	0.650000	-7.077300	7.289381
186	20	1.100000	-0.759000	-6.943500	7.070946
186	26	2.041000	1.800000	-6.974000	7.486144
186	28	-1.880000	-0.870000	-7.371000	7.656562
186	3	-0.530000	0.500000	-7.182100	7.218965
186	7	-1.920000	-1.230000	-7.000000	7.362017
186	9	-0.760000	0.815000	-7.467000	7.549696
186	13	-3.690000	0.310000	-6.098000	7.134270
186	15	2.330000	2.690000	-6.858800	7.727104
186	17	0.530000	0.330000	-7.209000	7.235985
186	19	-0.940000	1.530000	-7.005000	7.231495
186	21	1.850000	2.798000	-6.708000	7.499905
186	23	-0.470000	-0.730000	-7.326000	7.377268
186	27	0.737000	-1.130000	-7.647100	7.765192
186	29	2.640000	-0.420000	-6.735000	7.246118
187	0	2.856000	2.180000	-6.565000	7.483873
187	2	0.940000	-2.200000	-7.283800	7.666638
187	4	-2.210000	-0.410000	-7.094760	7.442299
187	8	-1.260000	-1.272000	-7.416000	7.629065
187	10	-0.600000	-0.220000	-7.421400	7.448864
187	12	1.870000	-0.430000	-7.234000	7.484154
187	14	1.450000	-1.060000	-7.158000	7.379909
187	16	-0.120000	-0.200000	-7.748800	7.752309
187	18	2.350000	-0.190000	-6.873700	7.266798
187	20	-0.020000	-1.235000	-7.326000	7.429394
187	26	1.995000	1.970000	-6.998300	7.539040
187	28	-2.570000	-0.270000	-6.819000	7.292226
187	1	-2.010400	-0.520000	-6.828862	7.137609
187	3	-0.580000	-2.850000	-6.930500	7.516032
187	7	-2.180000	-0.990000	-6.878000	7.282814
187	9	-1.130000	-1.482000	-7.119000	7.358898
187	13	-2.950000	-0.560000	-6.564100	7.218276
187	15	1.290000	3.040000	-6.904000	7.653164
187	17	2.030000	0.810000	-7.328000	7.646998
187	19	-1.330000	2.000000	-6.980000	7.381687
187	21	0.920000	0.641000	-7.032000	7.120836
187	23	0.700000	1.710000	-7.097000	7.333588
187	27	0.232000	-1.800000	-7.105100	7.333231
187	29	0.260000	0.030000	-7.416000	7.420617
188	0	3.098300	0.520000	-6.775000	7.467964
188	2	1.080000	-1.560000	-6.900400	7.156502
188	4	-2.460000	-1.310000	-7.011100	7.544748
188	8	-1.080000	0.248000	-7.279000	7.362863
188	10	-1.870000	-2.080000	-7.220000	7.742848
188	12	1.450000	2.090000	-7.767000	8.172936
188	14	2.240000	0.660000	-7.128000	7.500772
188	16	-0.530000	-1.590000	-7.200430	7.392915
188	18	2.420000	-1.400000	-7.049300	7.583471
188	20	0.090000	-0.291000	-7.576000	7.582121
188	26	-2.271000	1.130000	-6.843700	7.298669
188	28	-2.220000	-0.420000	-6.931000	7.289963
188	1	-2.500000	-1.070000	-7.035900	7.543129
188	3	-1.590000	-1.350000	-7.001100	7.305204
188	7	-1.670000	-1.580000	-7.143000	7.503849
188	9	-0.520000	-0.996000	-7.408000	7.492722
188	13	-2.050000	-1.530000	-6.953000	7.408617
188	15	2.270000	2.420000	-6.755000	7.525910
188	17	0.800000	-0.070000	-7.221000	7.265517
188	19	-1.540000	0.450000	-7.400000	7.571928
188	21	1.190000	2.158000	-6.919000	7.344769
188	23	1.130000	-0.510000	-7.210000	7.315812
188	27	-2.218000	-0.410000	-6.853000	7.214654
188	29	1.060000	1.380000	-7.236000	7.442291
189	0	2.936800	0.180000	-6.498000	7.133106
189	2	0.720000	-0.200000	-7.060800	7.100232
189	4	-2.130000	-2.280000	-6.899900	7.572577
189	8	0.440000	0.533000	-7.355000	7.387402
189	10	-3.150000	-0.070000	-6.403100	7.136322
189	12	2.730000	3.090000	-6.179000	7.428394
189	14	0.680000	2.920000	-6.700000	7.340218
189	16	1.560000	-1.380000	-7.259100	7.551989
189	18	0.580000	-0.470000	-7.149400	7.188270
189	20	0.140000	-2.618000	-6.742000	7.233816
189	26	-1.970000	2.070000	-6.896800	7.465363
189	28	-2.130000	-1.770000	-6.905000	7.439679
189	1	-2.091282	-2.130000	-6.842000	7.464806
189	3	-2.770000	-2.090000	-6.553100	7.415128
189	7	-1.410000	-1.520000	-6.893000	7.198052
189	9	0.390000	-1.644000	-6.994000	7.195198
189	13	-1.740000	-1.020000	-6.813000	7.105278
189	15	1.960000	0.250000	-7.100000	7.369810
189	17	0.710000	1.420000	-7.117000	7.291926
189	19	-1.430000	-1.050000	-7.087000	7.305681
189	21	2.400000	0.524000	-6.903000	7.327072
189	23	0.540000	-0.050000	-7.212100	7.232461
189	27	-1.128000	0.130000	-7.451000	7.537021
189	29	2.010000	1.450000	-7.156000	7.573040
190	0	3.159900	1.570000	-6.321000	7.239123
190	2	3.310000	1.570000	-6.241000	7.236787
190	4	-0.200000	-0.390000	-7.412300	7.425247
190	8	-0.520000	2.014000	-7.128000	7.425293
190	10	-2.190000	0.810000	-7.015500	7.393879
190	12	1.450000	0.240000	-7.104000	7.254441
190	14	1.120000	2.070000	-6.683300	7.085605
190	16	1.480000	-2.960000	-6.505200	7.298604
190	18	-1.010000	-0.030000	-7.922000	7.986181
190	20	-0.150000	-1.187000	-7.259000	7.356939
190	26	-0.450000	1.780000	-7.479000	7.701061
190	28	-2.380000	-1.670000	-6.642000	7.250480
190	1	-2.002210	-1.030000	-7.015000	7.367494
190	3	-2.030000	0.330000	-7.270200	7.555502
190	7	-0.470000	-2.500000	-6.899000	7.353033
190	9	0.870000	-0.134900	-7.637000	7.687579
190	13	-3.490000	-1.890000	-6.372000	7.506969
190	15	1.490000	2.890000	-6.582000	7.341316
190	17	0.340000	0.860000	-7.591000	7.647122
190	19	-0.460000	2.210000	-7.107000	7.456886
190	21	2.600000	2.920000	-6.331000	7.440965
190	23	1.410000	-0.760000	-7.212700	7.388419
190	27	1.012000	-1.900000	-7.265000	7.577227
190	29	-0.140000	0.440000	-7.468000	7.482261
191	0	3.031000	0.730000	-6.652000	7.346357
191	2	2.290000	1.500000	-6.708400	7.245463
191	4	-0.780000	-0.470000	-7.252500	7.309450
191	8	-0.110000	1.549000	-7.536000	7.694335
191	10	-2.400000	0.120000	-6.763340	7.177546
191	12	2.340000	1.450000	-7.009000	7.530218
191	14	1.230000	0.340000	-7.133000	7.246253
191	16	0.270000	-3.040000	-6.979000	7.617148
191	18	0.710000	-1.270000	-6.997900	7.147559
191	20	-0.040000	-0.692000	-7.146000	7.179539
191	26	-0.390000	0.620000	-7.233100	7.270092
191	28	-0.600000	0.100000	-7.611000	7.635268
191	1	-3.360000	-0.230000	-6.383600	7.217538
191	3	-3.090000	0.970000	-6.390700	7.164499
191	7	-1.690000	-3.650000	-6.079000	7.289228
191	9	-0.700000	-2.369300	-6.900000	7.328955
191	13	-1.600000	-1.110000	-7.311000	7.565899
191	15	1.490000	-0.010000	-7.171000	7.324168
191	17	-3.240000	1.160000	-6.418000	7.282439
191	19	0.550000	2.050000	-7.298000	7.600382
191	21	0.330000	1.464000	-7.180000	7.335162
191	23	1.170000	-2.510000	-6.950000	7.481410
191	27	-0.266000	-2.150000	-7.055000	7.380127
191	29	1.520000	0.190000	-7.656000	7.807742
192	0	2.717000	1.760000	-7.157000	7.855084
192	2	2.040000	1.090000	-7.042300	7.412401
192	4	-1.020000	0.630000	-7.563000	7.657432
192	8	-0.340000	2.228000	-6.919000	7.276822
192	10	-3.460000	0.630000	-6.691600	7.559498
192	12	2.190000	1.100000	-7.112000	7.522409
192	14	-0.940000	0.210000	-7.287000	7.350379
192	16	2.010000	-3.840000	-5.932400	7.347045
192	18	2.060000	-1.360000	-7.250600	7.659269
192	20	0.420000	-1.875000	-7.044000	7.301367
192	26	-2.369000	1.840000	-6.661050	7.305296
192	28	-1.420000	-0.620000	-6.886000	7.058172
192	1	-3.119000	-1.550000	-6.862900	7.696107
192	3	-3.080000	-1.100000	-6.519200	7.293584
192	7	-0.850000	-2.280000	-7.092000	7.497824
192	9	-0.170000	-2.753800	-6.900000	7.431172
192	13	-2.960000	-2.010000	-6.455000	7.380293
192	15	2.050000	1.220000	-7.110000	7.499533
192	17	-2.220000	1.360000	-7.111400	7.572979
192	19	0.170000	1.640000	-7.154000	7.341540
192	21	2.150000	0.429000	-7.029000	7.362974
192	23	1.540000	-2.070000	-7.180500	7.629946
192	27	-1.139000	-0.460000	-7.166000	7.270521
192	29	0.150000	0.120000	-7.555000	7.557442
193	0	2.511000	1.280000	-6.645700	7.218646
193	2	2.660000	1.280000	-6.982300	7.580667
193	8	0.100000	0.578000	-7.586000	7.608645
193	10	-1.970000	0.220000	-6.983400	7.259282
193	12	3.240000	2.700000	-5.957000	7.298866
193	14	-0.480000	0.470000	-7.088000	7.119764
193	16	2.940000	-2.770000	-6.245000	7.437508
193	18	2.670000	-0.680000	-6.852800	7.385944
193	20	-0.190000	-1.348000	-7.309000	7.434695
193	26	-0.937000	1.130000	-7.351600	7.496725
193	28	-0.740000	-0.550000	-7.136000	7.195318
193	1	-3.693500	-1.680000	-6.325800	7.515324
193	3	-2.600000	-0.710000	-6.919000	7.425406
193	7	-0.840000	-1.070000	-7.470000	7.592852
193	9	0.060000	-1.586000	-7.473000	7.639681
193	13	-2.250000	-2.330000	-6.598000	7.350170
193	17	-1.860000	2.810000	-6.608000	7.417639
193	19	1.030000	1.280000	-7.078000	7.266181
193	21	1.130000	1.890000	-6.794000	7.141949
193	23	1.940000	-0.810000	-6.914000	7.226555
193	27	-0.624000	-1.860000	-7.075000	7.341975
193	29	0.940000	0.360000	-7.073000	7.144265
194	0	2.027000	1.410000	-7.052000	7.471782
194	2	1.900000	1.870000	-7.090600	7.575190
194	8	-1.650000	1.259000	-7.253000	7.544110
194	10	-0.790000	1.200000	-7.356100	7.495086
194	12	0.940000	2.930000	-6.880000	7.536770
194	14	0.450000	1.500000	-7.377000	7.541394
194	16	2.290000	-1.150000	-7.129000	7.575569
194	18	-0.130000	-1.150000	-7.156300	7.249278
194	20	-0.800000	-1.662000	-7.105800	7.341297
194	26	0.106000	3.060000	-6.658500	7.328742
194	28	-0.480000	-0.810000	-7.437000	7.496364
194	1	-0.629000	-1.490000	-7.354530	7.530262
194	3	-1.830000	-0.570000	-7.465700	7.707819
194	7	-1.420000	-1.360000	-6.967000	7.239136
194	9	0.030000	-0.209800	-7.503000	7.505993
194	13	-2.500000	-1.130000	-6.689000	7.229773
194	17	-2.470000	4.620000	-5.811000	7.823875
194	19	0.150000	1.870000	-7.155000	7.396852
194	21	0.590000	1.176000	-7.035000	7.156976
194	23	4.140000	-0.620000	-6.521000	7.749028
194	27	-1.197000	0.270000	-6.966000	7.073250
194	29	0.230000	1.650000	-7.256000	7.444793
195	0	1.487000	2.050000	-7.105000	7.542857
195	2	3.110000	0.530000	-6.766500	7.465824
195	4	-1.800000	-0.230000	-7.519000	7.734873
195	8	-1.990000	1.063000	-7.058000	7.409820
195	10	-2.560000	1.810000	-6.809800	7.496871
195	12	2.430000	2.440000	-6.639000	7.478959
195	14	-1.030000	1.740000	-7.278500	7.554142
195	16	4.080000	-2.600000	-5.735300	7.503337
195	18	0.030000	-2.780000	-7.206100	7.723806
195	20	1.440000	0.602000	-7.285000	7.450317
195	26	0.078000	2.230000	-7.316100	7.648811
195	28	-0.380000	-2.060000	-7.040000	7.345039
195	1	0.205000	-1.890000	-7.363393	7.604846
195	3	-1.700000	-1.840000	-7.211000	7.633749
195	7	-0.290000	-0.910000	-7.536000	7.596282
195	9	-0.980000	-1.690400	-7.107000	7.370706
195	13	-0.960000	-2.460000	-6.677000	7.180218
195	15	1.210000	1.430000	-7.089000	7.332320
195	17	-1.440000	3.010000	-6.659300	7.448488
195	19	0.860000	0.050000	-7.398600	7.448583
195	21	-0.100000	0.475000	-7.355000	7.371001
195	23	1.780000	-1.500000	-6.860800	7.244928
195	27	-1.997000	-1.800000	-7.034000	7.530283
195	29	-0.050000	1.000000	-7.440000	7.507070
196	0	0.859000	-0.690000	-7.370100	7.452003
196	2	2.870000	1.000000	-6.709700	7.365933
196	4	-0.540000	-0.020000	-7.241000	7.261135
196	8	0.810000	-0.763000	-7.533000	7.614746
196	10	-0.761000	1.000000	-7.303900	7.411213
196	12	0.760000	0.800000	-7.279000	7.362163
196	14	0.420000	1.370000	-7.096100	7.239333
196	16	3.110000	-1.680000	-6.050110	7.007020
196	18	0.770000	-0.880000	-7.342800	7.435322
196	20	1.540000	0.968000	-7.067000	7.297336
196	26	2.088000	2.190000	-6.924600	7.556847
196	28	-1.130000	-1.430000	-7.346000	7.568720
196	1	0.140000	-2.190000	-7.044500	7.378393
196	3	-1.820000	-0.760000	-6.945200	7.219820
196	7	0.760000	-1.580000	-7.245000	7.454128
196	9	1.100000	-1.432300	-6.817000	7.052161
196	13	-0.500000	-2.110000	-7.157000	7.478285
196	15	2.570000	1.910000	-6.760000	7.480013
196	17	-0.630000	2.250000	-6.776000	7.167536
196	19	1.370000	-0.080000	-7.269600	7.397999
196	21	-0.380000	-0.003000	-7.295000	7.304891
196	23	3.940000	-2.670000	-5.857000	7.546983
196	27	-1.172000	-2.290000	-7.094500	7.546497
196	29	0.620000	2.570000	-6.820000	7.314486
197	0	-0.393000	0.690000	-7.346000	7.388793
197	2	1.180000	1.960000	-7.139900	7.497478
197	4	-2.020000	-0.150000	-7.107900	7.390882
197	8	-1.230000	-0.146000	-7.406000	7.508865
197	10	-3.350000	2.010000	-6.477200	7.564173
197	12	2.010000	0.300000	-7.246000	7.525597
197	14	1.490000	1.250000	-7.073900	7.336393
197	16	2.070000	-2.580000	-6.440400	7.240169
197	18	0.270000	-1.420000	-7.315300	7.456736
197	20	0.070000	0.957000	-7.173400	7.237293
197	26	1.447000	-0.610000	-7.348300	7.514215
197	28	1.590000	-0.520000	-7.138000	7.331408
197	1	0.768000	-1.380000	-7.279400	7.448751
197	3	-2.420000	-1.060000	-7.039000	7.518479
197	7	-0.130000	0.780000	-7.220000	7.263174
197	9	-1.660000	-1.651300	-6.932000	7.316763
197	13	-0.620000	-0.980000	-7.677000	7.764092
197	15	0.780000	0.740000	-7.276000	7.355010
197	17	-0.320000	3.010000	-7.135000	7.750531
197	19	0.740000	-0.680000	-7.309000	7.377769
197	21	0.240000	0.244000	-6.832000	6.840567
197	23	1.450000	-2.260000	-6.855000	7.362141
197	27	0.063000	-1.510000	-7.070800	7.230510
197	29	0.640000	1.400000	-7.286000	7.446838
198	0	-0.135000	0.450000	-7.465200	7.479969
198	2	2.400000	1.640000	-6.833100	7.425689
198	4	-2.890000	2.190000	-6.739900	7.653395
198	8	0.300000	-0.778000	-7.628000	7.673439
198	10	-3.545000	1.450000	-6.376730	7.438562
198	12	-0.180000	0.120000	-7.833000	7.835987
198	14	1.540000	1.060000	-7.053000	7.296575
198	16	1.920000	-2.380000	-7.360800	7.970707
198	18	1.660000	-0.870000	-7.078860	7.322756
198	20	0.120000	1.767000	-7.267400	7.480093
198	26	1.095000	2.770000	-7.032300	7.637092
198	28	2.050000	-0.550000	-6.951000	7.267833
198	1	1.974000	-2.240000	-6.580500	7.226151
198	3	-2.000000	-0.750000	-7.037000	7.354038
198	7	1.680000	-1.540000	-6.994000	7.355952
198	9	-1.370000	-1.448000	-7.241000	7.510372
198	13	-1.680000	-1.690000	-6.932800	7.330908
198	15	0.190000	1.770000	-7.191000	7.408069
198	17	-0.190000	2.200000	-7.195000	7.526229
198	19	1.500000	0.260000	-7.234000	7.392453
198	21	0.920000	-2.128000	-6.961000	7.336914
198	23	2.280000	-0.380000	-6.905000	7.281609
198	27	-0.107000	0.420000	-7.422300	7.434944
198	29	0.010000	-0.780000	-7.620000	7.659824
199	0	-1.084000	1.640000	-7.145000	7.410512
199	2	2.900000	0.000000	-6.354900	6.985324
199	4	-2.860000	0.890000	-6.771500	7.404385
199	8	-0.490000	0.406000	-7.160000	7.188222
199	10	-1.712000	1.050000	-7.442500	7.708713
199	12	-1.350000	-0.610000	-7.461000	7.606650
199	14	0.840000	0.680000	-7.337000	7.416169
199	16	0.940000	-2.640000	-6.878600	7.427539
199	18	-1.170000	0.260000	-7.199900	7.298977
199	20	0.570000	2.491400	-7.107700	7.553236
199	26	0.366000	1.000000	-7.234000	7.311957
199	28	-0.690000	0.130000	-7.526000	7.558682
199	1	-0.268000	-0.820000	-7.587900	7.636783
199	3	-0.710000	-1.010000	-7.112800	7.219150
199	7	-0.410000	-2.160000	-7.395000	7.714903
199	9	-0.770000	-1.806800	-7.457000	7.711308
199	13	-1.440000	-0.880000	-7.367000	7.557823
199	15	0.900000	-1.250000	-7.353000	7.512597
199	17	-0.720000	1.160000	-7.250400	7.377825
199	19	0.130000	1.120000	-6.953000	7.043828
199	21	1.910000	-1.116000	-7.117000	7.452868
199	23	3.580000	-0.090000	-6.503000	7.423847
199	27	-0.069000	-0.030000	-7.423400	7.423781
199	29	-0.450000	2.810000	-7.173000	7.716899
200	0	0.179000	2.050000	-7.297800	7.582376
200	2	1.890000	0.080000	-7.221000	7.464673
200	4	-2.050000	1.690000	-7.018800	7.504809
200	8	-0.010000	1.475000	-7.064000	7.216358
200	10	-3.097000	1.000000	-6.726600	7.472520
200	12	0.700000	0.690000	-7.240000	7.306415
200	14	0.920000	2.960000	-6.904400	7.568272
200	16	1.990000	-3.020000	-6.411800	7.361500
200	18	-0.270000	-1.750000	-7.093260	7.310933
200	20	0.040000	1.957500	-7.358000	7.614038
200	26	-0.748000	0.310000	-7.639000	7.681792
200	28	-0.640000	1.040000	-7.026000	7.131331
200	1	1.203000	-0.130000	-7.283300	7.383127
200	3	-1.920000	-1.980000	-6.981900	7.506912
200	7	-0.710000	-0.630000	-7.532000	7.591576
200	9	-0.570000	-1.053000	-7.247000	7.345251
200	13	-1.010000	-1.140000	-6.846000	7.013374
200	15	2.490000	-0.930000	-6.829000	7.328045
200	17	0.540000	1.930000	-7.087700	7.365595
200	19	2.040000	0.460000	-6.816000	7.129590
200	21	0.970000	-1.634000	-7.306000	7.549072
200	23	3.480000	-1.010000	-6.178000	7.162275
200	27	-0.743000	-0.630000	-7.255600	7.320702
200	29	0.880000	1.600000	-7.262000	7.488060
201	0	0.359000	0.840000	-7.347700	7.404267
201	2	0.860000	1.890000	-7.377500	7.664151
201	4	-0.800000	0.570000	-7.145000	7.212207
201	8	-0.530000	1.773200	-7.344000	7.573604
201	10	-0.165000	1.890000	-7.146700	7.394231
201	12	0.740000	0.360000	-7.301000	7.347231
201	14	0.300000	1.010000	-7.450560	7.524689
201	16	1.640000	-1.430000	-6.865710	7.202255
201	18	-1.570000	-0.750000	-7.227790	7.434269
201	20	-1.400000	1.732600	-6.877500	7.229240
201	24	-0.360000	-0.530000	-7.347000	7.374884
201	26	1.387000	-0.740000	-7.402000	7.567098
201	28	0.240000	-0.050000	-7.609000	7.612948
201	1	1.386000	-1.870000	-7.191900	7.559188
201	3	-1.570000	-2.380000	-6.973900	7.534227
201	5	1.540000	0.970000	-7.471000	7.689495
201	7	-1.120000	-0.520000	-7.936000	8.031494
201	9	-2.420000	-1.584000	-6.647000	7.249004
201	13	-0.710000	-1.020000	-7.142000	7.249322
201	15	1.350000	-0.050000	-7.509000	7.629553
201	17	-2.060000	2.150000	-6.923000	7.536181
201	19	1.660000	0.890000	-7.451000	7.685382
201	21	0.470000	-2.638400	-6.811000	7.319274
201	23	3.697000	-2.040000	-6.455000	7.713393
201	27	0.399000	-0.130000	-7.613870	7.625426
201	29	-0.040000	-0.040000	-7.429000	7.429215
202	0	-0.663000	2.730000	-7.038000	7.577989
202	2	2.250000	1.270000	-6.610100	7.097100
202	4	-0.990000	0.400000	-7.400100	7.476736
202	8	0.490000	2.399800	-7.189000	7.594792
202	10	-1.040000	2.010000	-7.118000	7.469111
202	12	-0.590000	0.470000	-7.613000	7.650279
202	14	-0.070000	1.030000	-7.471790	7.542774
202	16	0.530000	-0.900000	-7.402300	7.475623
202	18	0.320000	-1.850000	-7.583210	7.812168
202	20	-0.210000	2.891000	-7.268000	7.824692
202	24	-0.212000	0.370000	-7.598000	7.609957
202	26	1.351000	-0.580000	-7.278000	7.425018
202	28	0.790000	1.160000	-7.108000	7.245230
202	1	0.027000	-0.240000	-7.353800	7.357765
202	3	-0.200000	-0.830000	-7.367500	7.416802
202	5	0.063000	-0.340000	-7.279200	7.287408
202	7	0.330000	-0.390000	-7.396000	7.413624
202	9	-2.012000	-1.192000	-7.062000	7.439143
202	13	-1.310000	-1.800000	-7.072000	7.414127
202	15	0.930000	-0.280000	-7.455000	7.518000
202	17	-0.610000	2.590000	-6.876000	7.372895
202	19	2.210000	-0.920000	-7.098000	7.490801
202	21	1.130000	-3.149000	-6.356000	7.182746
202	23	2.107000	-2.840000	-6.596000	7.484134
202	27	-1.438000	-0.040000	-7.541300	7.677281
202	29	1.340000	0.460000	-7.058000	7.198789
203	0	-1.264000	1.980000	-7.292000	7.661029
203	2	1.480000	0.050000	-7.139120	7.291086
203	4	-2.010000	-0.090000	-7.281900	7.554751
203	8	1.876000	1.928000	-6.826100	7.337043
203	10	-1.555000	2.073000	-7.048900	7.510149
203	12	-0.520000	2.690000	-7.041000	7.555275
203	14	-0.890000	1.040000	-7.486700	7.610807
203	16	2.020000	-0.740000	-7.280100	7.591301
203	18	-0.250000	1.250000	-7.322400	7.432533
203	20	-0.880000	3.757700	-5.944100	7.087103
203	24	2.331000	-0.740000	-6.977000	7.393219
203	26	0.183000	-0.290000	-7.786500	7.794047
203	28	-0.870000	0.690000	-7.252000	7.336519
203	1	-0.884000	-2.650000	-7.054200	7.587206
203	3	0.050000	-0.420000	-7.338000	7.350180
203	5	1.012000	-0.300000	-7.337000	7.412538
203	7	-1.240000	-2.130000	-7.083000	7.499559
203	9	-1.482000	-0.724000	-7.510000	7.688992
203	13	-1.650000	-0.570000	-7.378000	7.581707
203	15	1.890000	-0.470000	-7.487000	7.736160
203	17	0.550000	3.050000	-6.572000	7.266098
203	19	0.230000	0.910000	-7.228000	7.288689
203	21	-0.220000	-2.633000	-6.761000	7.258940
203	23	0.934000	-3.840000	-6.418000	7.537153
203	27	-2.040000	1.670000	-6.803000	7.295979
203	29	0.770000	1.230000	-7.353000	7.494825
204	0	-1.277000	0.280000	-7.401900	7.516465
204	2	2.130000	-0.590000	-6.956200	7.298885
204	4	-1.270000	-0.060000	-7.455900	7.563527
204	8	1.460000	1.341400	-7.117800	7.388777
204	10	-0.215000	2.962000	-6.687500	7.317262
204	12	-0.180000	0.550000	-7.381000	7.403652
204	14	-0.660000	0.090000	-7.556800	7.586101
204	16	-0.070000	-2.240000	-6.899400	7.254255
204	18	1.060000	0.190000	-7.884000	7.957208
204	20	-1.370000	2.539000	-6.965900	7.539707
204	24	0.383000	-1.480000	-7.471000	7.625807
204	26	0.668000	-0.100000	-7.667000	7.696695
204	28	0.390000	-0.510000	-7.537000	7.564296
204	1	1.914000	-1.040000	-7.226400	7.547573
204	3	-0.890000	-0.320000	-7.263000	7.324320
204	5	2.223000	0.000000	-6.820600	7.173724
204	7	-1.170000	-2.100000	-7.087000	7.483613
204	9	-1.417000	-1.241800	-7.360000	7.597339
204	13	-2.070000	-0.670000	-7.386000	7.699792
204	15	0.800000	-0.570000	-7.618000	7.681069
204	17	-1.120000	0.860000	-7.363200	7.497380
204	19	-0.340000	0.120000	-7.205000	7.214016
204	21	0.340000	-2.431000	-7.374700	7.772487
204	23	2.191000	-2.930000	-6.502000	7.460656
204	27	0.369000	1.310000	-7.178000	7.305884
204	29	-0.480000	0.860000	-6.971000	7.040230
205	0	-0.946000	-0.240000	-7.720200	7.781645
205	2	2.950000	-0.520000	-7.073720	7.681824
205	4	-0.680000	0.400000	-7.447800	7.489468
205	8	0.590000	0.807600	-7.157900	7.227437
205	10	-0.194000	2.306000	-7.260200	7.620090
205	12	-0.360000	0.530000	-7.242000	7.270286
205	14	-0.700000	0.780000	-7.390000	7.463947
205	16	-0.350000	0.710000	-7.350600	7.393100
205	18	1.140000	-1.540000	-7.122700	7.375910
205	20	-1.180000	3.790000	-6.161600	7.329517
205	24	-0.626000	-1.580000	-7.080000	7.281118
205	26	-1.662000	-1.330000	-7.214530	7.522007
205	28	-0.580000	-1.080000	-7.365000	7.466326
205	1	-0.368000	-1.900000	-7.144000	7.401497
205	3	-0.060000	0.740000	-7.601000	7.637172
205	5	-0.031000	0.650000	-7.836000	7.862974
205	7	-0.150000	0.440000	-7.456800	7.471276
205	9	-1.338000	-1.644800	-6.969000	7.284406
205	13	-0.360000	-0.380000	-7.358000	7.376596
205	15	-0.050000	0.010000	-7.424000	7.424175
205	17	0.490000	0.990000	-7.409000	7.490893
205	19	-2.110000	-1.390000	-6.848000	7.299267
205	21	-0.410000	-1.992000	-7.192400	7.474408
205	23	0.008000	-3.150000	-6.998000	7.674280
205	27	-1.626000	0.820000	-7.022000	7.254293
205	29	-1.100000	0.450000	-7.212000	7.309271
206	0	-1.228000	0.990000	-7.137700	7.309914
206	2	1.630000	0.960000	-7.062900	7.311844
206	4	1.310000	-0.920000	-7.081100	7.259785
206	8	1.490000	0.882000	-7.334200	7.535815
206	10	-1.142000	3.471000	-6.525200	7.478652
206	12	-1.430000	1.130000	-7.083000	7.313733
206	14	-1.210000	0.290000	-7.300500	7.405775
206	16	-1.820000	0.150000	-7.319700	7.544064
206	18	1.450000	0.090000	-7.126900	7.273466
206	20	-0.770000	3.295000	-6.606700	7.422830
206	24	0.820000	-2.570000	-7.202000	7.690650
206	26	-0.014000	-1.870000	-7.224800	7.462897
206	28	1.040000	-0.840000	-7.028000	7.154019
206	1	0.859000	-0.030000	-7.286000	7.336523
206	3	-1.070000	1.450000	-7.078000	7.303799
206	5	-0.958000	0.110000	-7.254400	7.318209
206	7	0.520000	-0.020000	-7.351000	7.369396
206	9	-2.631000	-1.842000	-6.794000	7.514889
206	13	-0.560000	1.600000	-7.508000	7.696991
206	15	0.530000	0.500000	-7.600000	7.634848
206	17	0.150000	0.740000	-7.443000	7.481200
206	19	-2.030000	-0.310000	-6.996000	7.291160
206	21	0.860000	-2.452000	-7.168700	7.625101
206	23	1.717000	-1.620000	-7.086200	7.469051
206	27	0.598000	0.920000	-7.279000	7.361239
206	29	-0.540000	-0.100000	-7.178000	7.198978
207	0	-0.901000	0.940000	-7.430300	7.543524
207	2	2.070000	-1.340000	-6.854700	7.284738
207	4	1.700000	0.540000	-7.346800	7.560230
207	8	1.910000	0.382000	-6.927200	7.195841
207	10	-2.245000	3.342000	-6.545300	7.684396
207	12	0.970000	-1.180000	-7.305000	7.462997
207	14	-1.590000	0.200000	-7.174900	7.351686
207	16	0.360000	0.240000	-7.335500	7.348249
207	18	1.470000	0.180000	-6.989100	7.144286
207	20	0.220000	2.018000	-7.263900	7.542212
207	24	-1.191000	0.260000	-7.257000	7.358677
207	26	0.420000	-0.280000	-7.371800	7.389062
207	28	1.470000	-1.960000	-7.145000	7.553378
207	1	-0.066000	-1.520000	-7.094400	7.255706
207	3	-1.940000	-0.620000	-7.290000	7.569155
207	5	-1.778000	1.630000	-7.320480	7.707633
207	7	1.380000	-0.200000	-7.340600	7.471868
207	9	-0.983000	-0.105000	-7.775000	7.837598
207	13	-1.960000	1.270000	-7.499000	7.854266
207	15	0.820000	1.430000	-7.213000	7.398964
207	17	0.420000	0.750000	-7.497900	7.547013
207	19	-2.020000	-1.060000	-7.081000	7.439393
207	21	0.070000	-2.632000	-6.720000	7.217390
207	23	-0.166000	-2.680000	-6.899000	7.403118
207	27	0.339000	1.580000	-7.160100	7.340188
207	29	-0.480000	0.260000	-7.331000	7.351297
208	0	-0.333000	1.350000	-7.066300	7.201804
208	2	1.890000	-0.280000	-7.099300	7.351909
208	4	-0.370000	-1.520000	-7.308200	7.473760
208	8	2.720000	0.970000	-7.043800	7.612780
208	10	-0.588000	2.991000	-6.961200	7.599351
208	12	0.500000	-1.170000	-7.336000	7.445522
208	14	-0.360000	1.180000	-7.041400	7.148658
208	16	-0.780000	-0.600000	-7.451800	7.516497
208	18	1.490000	1.310000	-7.074000	7.346950
208	20	0.000000	2.960000	-6.748900	7.369481
208	24	-0.461000	-0.490000	-7.425000	7.455417
208	26	-1.186000	-0.970000	-7.514500	7.669107
208	28	0.090000	-1.130000	-7.306000	7.393418
208	1	0.475000	-1.220000	-7.699100	7.809620
208	3	-1.790000	0.500000	-7.336500	7.568245
208	5	-0.538000	0.710000	-7.460900	7.513892
208	7	-0.100000	1.680000	-7.508700	7.694997
208	9	-1.466000	-0.578000	-7.263000	7.431986
208	13	-1.520000	1.000000	-7.197300	7.423714
208	15	0.720000	0.750000	-7.646700	7.717054
208	17	0.420000	-0.640000	-7.321600	7.361510
208	19	-2.230000	0.590000	-7.114700	7.479302
208	21	-1.390000	-1.301000	-7.351200	7.593737
208	23	-1.073000	-2.220000	-7.068000	7.485743
208	27	-0.586000	-0.800000	-7.308600	7.375570
208	29	-0.840000	0.830000	-7.289000	7.384038
209	0	-1.643000	0.860000	-7.029200	7.269711
209	2	3.460000	-1.330000	-6.688000	7.646558
209	4	0.360000	-0.280000	-7.404100	7.418133
209	8	3.892000	1.218000	-6.315400	7.517677
209	10	-0.596000	1.830000	-7.187000	7.440234
209	12	-1.030000	-1.570000	-7.315000	7.552154
209	14	-0.570000	-0.770000	-7.415200	7.476830
209	16	0.170000	-0.590000	-7.671930	7.696461
209	18	2.010000	-1.190000	-7.138000	7.510476
209	20	0.050000	2.952000	-7.003800	7.600659
209	24	-0.291000	0.290000	-7.249000	7.260632
209	26	0.049000	0.190000	-7.196000	7.198675
209	28	0.930000	0.390000	-7.105000	7.176212
209	1	1.186000	-2.780000	-6.647300	7.302164
209	3	-1.160000	1.140000	-7.246000	7.426285
209	5	-0.426000	0.600000	-7.286000	7.323064
209	7	-0.620000	0.520000	-7.203600	7.248907
209	9	0.327000	0.321000	-7.797000	7.810453
209	13	-1.990000	0.420000	-7.018800	7.307534
209	15	1.020000	2.360000	-7.066000	7.519199
209	17	2.630000	-0.710000	-6.646000	7.182640
209	19	-0.970000	-2.320000	-6.965480	7.405485
209	21	-0.780000	-1.370000	-6.969100	7.145184
209	23	-1.510000	-2.380000	-6.998000	7.544303
209	27	-2.215000	-0.130000	-7.063400	7.403698
209	29	0.510000	1.500000	-7.255000	7.425976
210	0	-1.788000	1.210000	-7.074000	7.396115
210	2	2.630000	-1.270000	-7.015000	7.598686
210	4	-2.310000	-1.610000	-6.857247	7.412829
210	8	3.548000	1.065000	-6.303700	7.311577
210	10	1.270000	2.640000	-6.579100	7.201879
210	12	-0.810000	-1.450000	-7.025000	7.218672
210	14	1.060000	-0.170000	-7.055257	7.136466
210	16	-1.240000	1.170000	-7.433000	7.626007
210	18	0.830000	-0.310000	-7.599300	7.650775
210	20	1.170000	3.602000	-6.290900	7.342937
210	24	-0.147000	-0.720000	-7.241000	7.278193
210	26	1.785000	-1.480000	-7.067000	7.437682
210	28	1.930000	-1.340000	-7.087000	7.466329
210	1	2.186000	-0.950000	-7.070200	7.461154
210	3	-1.410000	1.000000	-7.341400	7.542165
210	5	0.923000	-0.420000	-7.278700	7.349000
210	7	0.460000	0.730000	-7.299300	7.350121
210	9	-0.974000	0.634000	-7.212000	7.305038
210	13	0.830000	2.120000	-7.408300	7.750239
210	15	-0.630000	1.380000	-7.473000	7.625420
210	17	1.820000	0.080000	-7.102910	7.332812
210	19	-1.280000	-1.290000	-7.240600	7.465172
210	21	-1.290000	-2.067000	-6.890000	7.308125
210	23	-1.882000	-0.260000	-6.684000	6.948768
210	27	-1.816000	-0.440000	-7.140200	7.380644
210	29	0.210000	0.670000	-7.614000	7.646306
211	0	-2.715000	2.110000	-6.330000	7.203626
211	2	-0.100000	-0.170000	-7.474000	7.476602
211	4	-1.770000	-0.760000	-7.289700	7.539909
211	8	3.100000	-0.189000	-6.810500	7.485228
211	10	1.090000	1.320000	-7.015900	7.221728
211	12	-1.250000	-0.870000	-7.628000	7.778546
211	14	2.350000	-0.490000	-7.072500	7.468792
211	16	0.320000	0.810000	-7.213000	7.265388
211	18	1.290000	-0.550000	-7.095100	7.232361
211	20	-0.970000	2.822000	-7.026100	7.633522
211	24	-1.373000	-0.690000	-7.104000	7.268290
211	26	1.269000	0.140000	-7.659100	7.764778
211	28	2.910000	-1.290000	-6.922000	7.618811
211	1	0.429000	-0.570000	-7.899000	7.931150
211	3	-3.300000	1.330000	-6.426800	7.345928
211	5	1.164000	-0.340000	-7.178200	7.279907
211	7	0.740000	-0.570000	-7.670600	7.727264
211	9	-2.911000	-1.190000	-7.043000	7.713227
211	13	-0.890000	2.110000	-7.111700	7.471310
211	15	-0.210000	2.570000	-6.715000	7.193068
211	17	0.680000	0.000000	-7.336600	7.368046
211	19	-1.200000	-1.690000	-7.344100	7.630983
211	21	-2.930000	-2.417000	-6.551000	7.572476
211	23	-2.756000	-1.880000	-6.500000	7.306157
211	27	-2.014000	-0.170000	-7.134300	7.415075
211	29	-1.620000	1.610000	-7.127000	7.484025
212	0	-2.237000	-1.680000	-6.728000	7.286464
212	2	2.420000	0.610000	-7.057000	7.485302
212	4	-2.430000	-0.410000	-6.992900	7.414422
212	8	3.740000	2.027000	-6.699620	7.936072
212	10	0.348000	1.950000	-7.227800	7.494311
212	12	0.460000	-1.890000	-7.235000	7.491924
212	14	0.140000	2.850000	-6.881800	7.449918
212	16	-1.690000	-0.300000	-7.473000	7.667583
212	18	0.950000	0.200000	-7.537600	7.599863
212	20	2.440000	2.015000	-6.721500	7.429158
212	24	0.877000	0.400000	-7.442000	7.504165
212	26	1.514000	-1.660000	-6.923000	7.278442
212	28	1.140000	-1.160000	-6.847000	7.037514
212	1	-0.158000	-1.760000	-7.379400	7.588024
212	3	0.640000	-0.120000	-7.339800	7.368627
212	5	2.621000	0.400000	-7.431100	7.889923
212	7	1.010000	-0.100000	-7.285500	7.355856
212	9	-2.894000	-0.182000	-6.817300	7.408370
212	13	-1.080000	-0.360000	-7.113000	7.203525
212	15	-0.420000	2.310000	-7.039000	7.420244
212	17	0.710000	-2.260000	-7.363000	7.734693
212	19	-2.600000	-1.970000	-6.682600	7.436265
212	21	-1.760000	-2.027000	-7.011100	7.507453
212	23	-1.127000	-2.400000	-6.685800	7.192361
212	27	-0.012000	0.310000	-7.527500	7.533890
212	29	-2.090000	2.050000	-6.777000	7.382298
213	0	-1.889000	-1.650000	-6.845000	7.290051
213	2	-0.890000	-0.280000	-7.220400	7.280431
213	4	-0.320000	-1.300000	-7.084300	7.209695
213	8	3.890000	1.141000	-6.587300	7.734759
213	10	0.436000	0.560000	-7.276220	7.310751
213	12	1.460000	-0.020000	-7.403000	7.545622
213	14	-0.910000	1.510000	-7.036200	7.253710
213	16	0.070000	-1.170000	-7.335000	7.428057
213	18	1.740000	-0.570000	-7.067300	7.300632
213	20	2.600000	1.094000	-6.936800	7.488393
213	24	-0.601000	-1.100000	-7.380000	7.485693
213	26	1.114000	0.880000	-7.288300	7.425275
213	28	2.790000	-1.510000	-6.887000	7.582544
213	1	1.143000	-0.360000	-7.143000	7.242824
213	3	-0.930000	-0.590000	-7.333800	7.416038
213	5	0.641000	-1.910000	-6.875500	7.164599
213	7	2.160000	-1.060000	-7.214300	7.604954
213	9	-3.038000	-1.654000	-6.748200	7.583097
213	13	0.930000	1.430000	-6.691000	6.905019
213	15	1.050000	2.170000	-7.179000	7.572941
213	17	1.810000	-0.290000	-7.126600	7.358575
213	19	-0.510000	-2.070000	-6.846600	7.170839
213	21	-1.260000	-2.308000	-6.510000	7.021009
213	23	0.550000	-2.670000	-6.980000	7.493450
213	27	-1.193000	1.110000	-7.078000	7.263156
213	29	-2.370000	2.220000	-6.446000	7.217771
214	0	-1.130000	-2.100000	-6.894000	7.294802
214	2	0.790000	1.510000	-7.479000	7.670700
214	4	-1.750000	-1.980000	-6.716100	7.217264
214	8	3.258000	1.206000	-6.513900	7.382404
214	10	0.270000	1.598000	-7.148660	7.330064
214	12	-1.160000	-0.830000	-7.357000	7.493994
214	14	-1.730000	0.920000	-7.097500	7.363003
214	16	-1.730000	-0.380000	-7.421000	7.629452
214	18	0.560000	-0.180000	-7.223600	7.247510
214	20	2.970000	3.076000	-6.321600	7.631861
214	24	-1.047000	-0.440000	-7.124000	7.213958
214	26	0.809000	-0.510000	-7.687600	7.746856
214	28	2.550000	-2.840000	-6.384000	7.437981
214	1	1.040000	-0.530000	-7.370200	7.462061
214	3	-1.010000	-1.840000	-6.905800	7.217740
214	5	1.360000	-1.760000	-6.830700	7.183708
214	7	0.410000	0.040000	-7.478200	7.489538
214	9	-0.958000	-2.382000	-6.897000	7.359368
214	13	-0.910000	2.210000	-7.334000	7.713608
214	15	1.480000	0.920000	-7.377000	7.580035
214	17	2.320000	2.000000	-6.792090	7.450831
214	19	-0.620000	-3.210000	-6.943800	7.674950
214	21	-2.920000	-0.174000	-6.800800	7.403213
214	23	-0.122000	-2.370000	-6.995000	7.386597
214	27	-0.535000	-1.170000	-7.264000	7.377047
214	29	-1.690000	1.040000	-7.303000	7.567794
215	0	-0.010000	-3.230000	-7.151000	7.846643
215	2	0.800000	1.830000	-7.270000	7.539350
215	4	-0.420000	-1.570000	-6.960900	7.148107
215	8	4.110000	1.478800	-6.210630	7.592817
215	10	-1.440000	2.480000	-6.742400	7.326934
215	12	-0.750000	-1.930000	-7.412000	7.695787
215	14	0.460000	1.290000	-7.646300	7.767986
215	16	-1.840000	0.540000	-7.189000	7.440358
215	18	-1.190000	0.990000	-7.348600	7.509868
215	20	2.560000	2.436000	-6.771900	7.638477
215	24	-1.144000	-0.150000	-7.789000	7.873992
215	26	1.192000	1.220000	-7.002000	7.206752
215	28	2.995000	-1.120000	-6.506000	7.249308
215	1	3.195000	1.350000	-6.969400	7.784797
215	3	0.240000	-1.930000	-7.293900	7.548740
215	5	0.764000	-2.010000	-7.157300	7.473335
215	7	0.600000	-1.290000	-7.424400	7.559485
215	9	-1.296000	-2.512000	-6.903000	7.459301
215	13	-0.640000	1.030000	-7.305000	7.404966
215	15	1.810000	0.200000	-6.970000	7.203957
215	17	0.390000	2.280000	-7.013240	7.384852
215	19	-1.610000	-2.200000	-7.038100	7.547645
215	21	-3.420000	-0.406000	-6.496000	7.352500
215	23	-0.640000	-2.150000	-7.220900	7.561316
215	27	-0.396000	-1.070000	-7.374300	7.462038
215	29	-3.070000	1.480000	-6.628000	7.452898
216	0	-0.792000	-1.350000	-7.290000	7.456129
216	2	0.460000	2.730000	-6.837000	7.376250
216	4	-1.370000	-0.390000	-7.232700	7.371631
216	8	1.010000	2.656700	-6.734100	7.309327
216	10	-0.732000	2.290000	-7.189300	7.580630
216	12	0.810000	-0.580000	-7.176000	7.244824
216	14	-0.700000	-0.530000	-6.978500	7.033517
216	16	-0.480000	-0.530000	-7.350000	7.384700
216	18	-0.560000	0.890000	-7.206100	7.282416
216	24	-0.108000	1.500000	-7.131000	7.287855
216	26	0.340000	0.470000	-7.542100	7.564375
216	28	1.940000	-2.670000	-6.447000	7.242673
216	1	1.371000	0.730000	-7.259600	7.423903
216	3	-0.520000	-1.010000	-7.447600	7.533740
216	5	1.355000	-0.250000	-7.142000	7.273698
216	7	1.920000	0.120000	-6.853000	7.117894
216	9	-0.894000	-2.020000	-6.750000	7.102263
216	13	-0.850000	2.510000	-7.226000	7.696602
216	15	0.970000	0.050000	-7.153000	7.218643
216	17	0.830000	0.460000	-7.656500	7.715082
216	19	-1.830000	-2.770000	-6.604200	7.391702
216	23	0.350000	-1.680000	-7.352000	7.549623
216	27	-1.829000	-0.480000	-7.150000	7.395819
216	29	-2.430000	0.590000	-6.553000	7.013901
217	0	-2.168000	-1.680000	-6.748000	7.284101
217	2	0.060000	2.190000	-6.754000	7.100438
217	4	-0.890000	0.300000	-7.442000	7.501031
217	8	0.600000	1.984000	-7.181000	7.474157
217	10	-1.825000	-0.540000	-7.188000	7.435696
217	12	0.190000	-0.070000	-7.496000	7.498734
217	14	-1.100000	-1.500000	-7.102750	7.342279
217	16	-0.100000	-1.470000	-7.567500	7.709602
217	18	0.830000	-0.060000	-7.343900	7.390898
217	24	1.132000	2.720000	-6.960000	7.557872
217	26	-0.357000	0.410000	-7.265700	7.286010
217	28	1.037000	-1.560000	-7.287000	7.523918
217	1	0.910000	0.180000	-7.469500	7.526881
217	3	-0.660000	-1.130000	-7.255500	7.372569
217	5	1.466000	-0.060000	-7.520000	7.661798
217	7	1.360000	-0.440000	-7.503000	7.637945
217	9	-2.268000	-2.197000	-6.455000	7.185935
217	13	-0.070000	2.470000	-6.865000	7.296165
217	15	2.490000	-0.440000	-6.925000	7.372199
217	17	-0.610000	-0.250000	-7.191500	7.221653
217	19	-0.520000	-3.030000	-7.003700	7.648733
217	23	0.690000	-1.540000	-7.172000	7.367855
217	27	-0.988000	0.910000	-7.476800	7.596498
217	29	-2.130000	0.930000	-6.882000	7.263864
218	0	-1.201000	-1.690000	-7.197000	7.489680
218	2	-1.250000	1.940000	-7.009000	7.379172
218	4	-2.700000	0.740000	-7.050600	7.586077
218	8	1.380000	2.701000	-6.568000	7.234530
218	10	-1.132000	1.500000	-7.231800	7.471971
218	12	1.570000	-2.080000	-7.407000	7.852067
218	14	-1.400000	-0.410000	-7.205900	7.352081
218	16	1.120000	0.400000	-7.196000	7.293615
218	18	-0.130000	0.130000	-7.187000	7.189351
218	24	-1.199000	-1.110000	-7.296000	7.476718
218	26	0.270000	-0.150000	-7.724270	7.730443
218	28	1.818000	-1.020000	-6.751000	7.065517
218	1	1.832000	-0.050000	-7.331700	7.557284
218	3	-0.610000	-0.540000	-7.402700	7.447393
218	5	-0.895000	-3.330000	-6.713600	7.547341
218	7	2.230000	1.990000	-6.766000	7.396740
218	9	-0.622000	-1.334000	-7.552000	7.694098
218	13	-0.500000	-0.170000	-7.264000	7.283172
218	15	1.040000	-1.190000	-7.209000	7.380202
218	17	0.140000	-1.000000	-7.454900	7.522974
218	19	-1.240000	-1.550000	-7.116200	7.387855
218	23	0.616000	0.210000	-7.589000	7.616855
218	27	2.332000	-1.650000	-6.747000	7.326850
218	29	-0.590000	2.460000	-6.608000	7.075688
219	0	-1.015000	-0.340000	-7.233000	7.311779
219	2	1.510000	1.580000	-6.697000	7.044594
219	4	0.820000	0.100000	-7.064200	7.112336
219	8	0.880000	1.290000	-6.929000	7.102784
219	10	0.374000	2.350000	-7.026470	7.418467
219	12	0.950000	-1.400000	-7.271000	7.465249
219	14	-0.710000	-0.580000	-6.977900	7.037868
219	16	-0.150000	-0.880000	-7.451900	7.505179
219	18	0.910000	-0.760000	-7.224000	7.320647
219	20	2.230000	-1.512000	-6.815000	7.328251
219	24	0.185000	1.100000	-7.405000	7.488541
219	26	-0.127000	-0.230000	-7.539230	7.543807
219	28	0.386000	-2.050000	-6.984000	7.288879
219	1	2.792000	0.300000	-7.195500	7.724020
219	3	1.550000	-0.480000	-7.304730	7.482779
219	5	1.000000	-2.230000	-6.801500	7.227261
219	7	0.220000	1.370000	-7.221000	7.353104
219	9	-1.330000	-2.330000	-6.763000	7.275711
219	13	-1.530000	1.330000	-6.767400	7.064524
219	15	2.440000	-0.530000	-7.404000	7.813688
219	17	-0.330000	-1.160000	-7.288500	7.387607
219	19	1.210000	-1.860000	-7.035000	7.376647
219	21	-3.500000	-0.270000	-6.611180	7.485359
219	23	1.094000	0.010000	-7.347000	7.428011
219	27	0.930000	-0.520000	-7.371000	7.447613
219	29	-1.622000	2.080000	-6.704000	7.204228
220	0	-1.439000	-0.690000	-7.301000	7.473381
220	2	1.100000	1.410000	-7.202000	7.420708
220	4	-0.370000	-0.170000	-7.370000	7.381240
220	8	2.027000	2.095000	-6.867200	7.460308
220	10	0.586000	1.790000	-7.312800	7.551459
220	12	0.630000	-1.290000	-7.349000	7.487910
220	14	-0.180000	-0.190000	-7.247000	7.251725
220	16	-0.160000	0.630000	-7.631600	7.659231
220	18	-0.530000	0.040000	-7.571500	7.590133
220	20	3.480000	0.220000	-6.768600	7.613984
220	24	-0.247000	0.320000	-7.489000	7.499902
220	26	0.895000	1.370000	-6.935000	7.125458
220	28	0.970000	-3.910000	-6.260800	7.444905
220	1	1.180000	1.760000	-6.912800	7.230270
220	3	0.480000	1.310000	-7.256530	7.389434
220	5	-0.895000	-3.850000	-6.378100	7.503578
220	7	-0.730000	0.780000	-7.092000	7.172013
220	9	-1.246000	-0.459000	-7.078000	7.201478
220	13	-0.320000	-0.370000	-7.077400	7.094286
220	15	1.360000	-0.090000	-7.423000	7.547094
220	17	-1.470000	-1.340000	-7.150600	7.422101
220	19	-0.030000	0.830000	-7.218000	7.265626
220	21	-3.030000	0.855000	-6.647000	7.354899
220	23	-0.063000	-0.060000	-7.525000	7.525503
220	27	0.259000	-0.510000	-7.734100	7.755223
220	29	-0.364000	1.740000	-7.562000	7.768136
221	0	-0.571000	-0.960000	-7.256000	7.341470
221	2	0.930000	1.390000	-7.043000	7.238843
221	4	-2.500000	-1.680000	-6.734800	7.377664
221	8	2.172000	1.130000	-7.070000	7.481937
221	10	-1.278000	2.110000	-7.112800	7.528433
221	12	1.070000	-0.470000	-7.555000	7.644856
221	14	1.530000	-1.050000	-7.276000	7.508900
221	16	1.200000	1.430000	-7.558900	7.786005
221	18	-0.100000	0.020000	-7.401450	7.402153
221	20	0.390000	-0.781000	-7.591600	7.641626
221	24	0.557000	0.880000	-7.186000	7.261077
221	26	0.716000	2.360000	-7.308800	7.713677
221	28	0.096000	-2.030000	-6.809000	7.105814
221	1	1.608000	1.120000	-7.049400	7.316700
221	3	0.040000	-1.200000	-7.278000	7.376373
221	5	0.060000	-3.380000	-6.815400	7.607738
221	7	-1.200000	-0.030000	-7.502000	7.597427
221	9	0.019000	-2.727000	-6.671000	7.206881
221	13	-1.500000	0.480000	-7.172100	7.342984
221	15	0.960000	0.700000	-7.259000	7.355588
221	17	-0.070000	-0.900000	-7.041000	7.098632
221	19	0.370000	0.490000	-7.249600	7.275555
221	21	-1.580000	0.403000	-7.135200	7.319145
221	23	-0.131000	1.060000	-7.171600	7.250697
221	27	-0.435000	0.440000	-7.531200	7.556573
221	29	-1.405000	2.080000	-7.200000	7.624987
222	0	-0.541000	-1.440000	-7.019000	7.185586
222	2	0.630000	2.080000	-6.911000	7.244668
222	4	-2.010000	-0.830000	-7.162100	7.484963
222	8	1.406000	1.436000	-7.093500	7.372698
222	10	0.113000	1.449000	-7.556100	7.694610
222	12	1.890000	-0.400000	-7.437000	7.683819
222	14	1.540000	-1.930000	-6.855700	7.286777
222	16	0.880000	1.190000	-7.500100	7.644737
222	18	0.180000	-0.430000	-7.630000	7.644227
222	20	-0.510000	1.097000	-7.336900	7.435967
222	24	0.997000	0.530000	-7.294000	7.380877
222	26	0.797000	-0.150000	-7.364000	7.408522
222	28	1.279000	-2.190000	-7.123000	7.561023
222	1	1.977000	-1.170000	-7.218000	7.574758
222	3	0.040000	0.120000	-7.983900	7.984902
222	5	1.040000	-2.560000	-7.097600	7.616504
222	7	-1.250000	1.060000	-7.179000	7.363704
222	9	-1.773000	-1.149000	-6.961000	7.274562
222	13	-1.070000	0.340000	-7.123000	7.210938
222	15	1.330000	0.740000	-6.989000	7.152805
222	17	-0.550000	-1.170000	-7.279500	7.393411
222	19	-1.340000	-0.250000	-7.230800	7.358163
222	21	-0.370000	0.759000	-7.412000	7.459941
222	23	0.325000	-1.450000	-7.287100	7.437066
222	27	0.974000	-0.180000	-7.519000	7.583959
222	29	-1.876000	-0.590000	-6.860000	7.136321
223	0	-2.436000	-1.050000	-7.118000	7.596217
223	2	1.260000	1.470000	-7.222000	7.477017
223	4	-0.780000	-0.560000	-7.631300	7.691472
223	8	0.870000	0.056000	-7.327100	7.378782
223	10	0.153000	-0.840000	-7.351800	7.401214
223	12	2.710000	-1.440000	-6.584000	7.264073
223	14	2.170000	0.110000	-7.171800	7.493712
223	16	0.120000	0.820000	-7.270000	7.317083
223	18	0.100000	-0.530000	-7.052000	7.072595
223	20	1.230000	-0.452000	-7.248000	7.365508
223	24	-1.146800	1.050000	-7.166000	7.332749
223	26	0.000000	-0.460000	-7.321000	7.335437
223	28	2.106000	-1.370000	-7.192000	7.618202
223	1	-2.299000	-0.270000	-7.135700	7.501767
223	3	-0.750000	-0.970000	-7.462300	7.562362
223	5	-1.063100	-2.200000	-7.038500	7.450548
223	7	-1.760000	1.350000	-7.059000	7.399296
223	9	-0.782000	-1.334000	-7.705000	7.858633
223	13	-0.320000	0.960000	-7.369000	7.438156
223	15	1.050000	1.130000	-7.155000	7.319387
223	17	-1.740000	-2.530000	-6.943200	7.591872
223	19	-1.570000	-0.710000	-7.151760	7.356403
223	21	-0.410000	-0.496000	-7.544000	7.571397
223	23	1.060000	-2.185000	-6.835700	7.254283
223	27	-1.563000	0.520000	-6.971810	7.163763
223	29	-2.300000	1.210000	-6.826000	7.303997
224	0	-0.212000	-0.820000	-7.405000	7.453279
224	2	1.850000	1.770000	-7.027000	7.478912
224	4	0.250000	-1.400000	-7.112900	7.253678
224	8	1.810000	1.250500	-7.005800	7.343098
224	10	0.545000	0.160000	-7.118500	7.141125
224	12	0.350000	-0.940000	-7.362000	7.430016
224	14	0.980000	0.080000	-7.279700	7.345804
224	16	1.610000	1.200000	-7.078000	7.357322
224	18	1.930000	0.680000	-6.975800	7.269738
224	20	0.100000	1.935000	-7.127900	7.386554
224	24	-1.255000	1.440000	-6.965000	7.222178
224	26	2.386000	0.510000	-7.171000	7.574717
224	28	3.208000	0.180000	-6.494000	7.245392
224	1	0.542000	-0.120000	-7.150000	7.171518
224	3	-0.690000	-1.840000	-7.208600	7.471654
224	5	0.576900	-1.130000	-7.525000	7.631208
224	7	-1.660000	0.600000	-7.160000	7.374361
224	9	-0.771000	-1.212000	-7.492000	7.628463
224	13	-2.410000	1.330000	-7.062000	7.579502
224	15	0.940000	0.730000	-7.508000	7.601747
224	17	-1.190000	-0.690000	-7.231820	7.361482
224	19	-0.470000	-0.860000	-7.422700	7.487121
224	21	-1.730000	0.777000	-7.196200	7.441903
224	23	0.383000	-0.310000	-7.189000	7.205866
224	27	-1.090000	-0.960000	-7.044100	7.192291
224	29	-3.110000	-0.220000	-6.807000	7.487039
225	0	0.236000	-0.530000	-7.137000	7.160542
225	2	0.270000	1.800000	-7.027100	7.258997
225	4	1.570000	-1.120000	-7.139200	7.395098
225	8	2.100000	2.166241	-6.642000	7.295119
225	10	-0.280000	0.540000	-7.287800	7.313141
225	12	1.330000	-1.580000	-7.022000	7.319411
225	14	-0.270000	0.360000	-7.659400	7.672608
225	16	0.290000	2.510000	-7.352000	7.774066
225	18	1.270000	0.440000	-7.220600	7.344628
225	20	-0.180000	0.683000	-7.384800	7.418501
225	24	-0.755000	3.310000	-6.713000	7.522665
225	26	3.895000	1.190000	-6.620000	7.772485
225	28	1.748000	-0.130000	-7.119000	7.331614
225	1	-0.712000	0.940000	-7.427000	7.520031
225	3	-1.630000	-2.660000	-6.463900	7.177360
225	5	1.185100	-1.910000	-6.935000	7.290184
225	7	-2.260000	0.260000	-7.053000	7.410804
225	9	-1.907000	-0.189000	-7.410000	7.653788
225	13	-0.570000	1.230000	-7.468700	7.590736
225	15	0.530000	2.360000	-6.853000	7.267332
225	17	-0.420000	-1.270000	-7.237600	7.360173
225	19	-0.670000	0.620000	-7.393700	7.449839
225	21	-2.700000	-0.126000	-7.197200	7.688014
225	23	0.440000	-0.920000	-7.451900	7.521357
225	27	-1.150000	-0.200000	-7.411700	7.503053
225	29	-2.644000	-0.660000	-6.730000	7.260801
226	0	0.928000	1.550000	-7.211000	7.433855
226	2	-0.210000	3.210000	-6.782300	7.506517
226	4	0.980000	0.140000	-7.483200	7.548396
226	8	1.670000	1.448900	-7.010000	7.350395
226	10	0.144000	0.360000	-7.522400	7.532386
226	12	-0.800000	-0.020000	-7.529000	7.571409
226	14	-0.500000	-2.020000	-6.909700	7.216256
226	16	0.940000	0.650000	-7.047000	7.139069
226	18	1.740000	-0.550000	-7.073200	7.304811
226	20	-1.020000	1.156000	-7.354410	7.514259
226	24	-1.346700	1.300000	-6.919000	7.167717
226	26	2.721000	0.580000	-6.909000	7.448122
226	28	2.253000	1.010000	-7.114000	7.530279
226	1	0.674000	0.480000	-7.131000	7.178846
226	3	-2.650000	-1.210000	-6.989500	7.572299
226	5	-0.005600	-2.010000	-6.959000	7.243467
226	7	-1.980000	0.030000	-7.174000	7.442283
226	9	-1.929000	-2.204000	-6.747000	7.355315
226	13	-0.600000	1.670000	-7.312800	7.525021
226	15	-0.590000	0.680000	-7.147000	7.203479
226	17	-0.610000	-1.700000	-7.103700	7.329710
226	19	-1.240000	-1.520000	-7.141800	7.406302
226	21	-1.610000	0.455000	-7.471000	7.656041
226	23	1.980000	-2.210000	-7.146000	7.737559
226	27	0.532000	-1.350000	-7.209600	7.354173
226	29	-4.368000	-0.110000	-6.093000	7.497745
227	0	0.758000	1.190000	-7.198000	7.334976
227	2	1.530000	1.560000	-6.908000	7.245341
227	4	0.020000	1.300000	-6.919200	7.040293
227	8	1.690000	1.224000	-7.125000	7.424278
227	10	-1.075000	0.667000	-7.363900	7.471783
227	12	0.010000	-0.110000	-7.573000	7.573805
227	14	0.460000	-0.340000	-7.445000	7.466942
227	16	0.370000	1.260000	-7.168000	7.287299
227	18	0.230000	1.670000	-6.904700	7.107509
227	20	0.630000	2.325000	-7.067300	7.466542
227	24	0.862000	1.710000	-7.508000	7.748368
227	26	1.681000	0.430000	-7.299000	7.502404
227	28	3.020000	-0.300000	-6.964000	7.596558
227	1	0.606000	0.000000	-7.245000	7.270300
227	3	-0.550000	-4.160000	-5.927100	7.262136
227	5	0.591000	-1.420000	-7.022000	7.188474
227	7	-0.320000	1.050000	-7.305000	7.387011
227	9	-1.589000	-0.260000	-7.290000	7.465696
227	13	-0.610000	1.230000	-7.428530	7.554340
227	15	0.340000	0.880000	-7.481000	7.540249
227	17	-2.010000	-0.240000	-7.185800	7.465482
227	19	-2.970000	-0.280000	-6.423600	7.082509
227	21	0.080000	0.811000	-7.422000	7.466606
227	23	1.000000	-2.000000	-7.350000	7.682610
227	27	0.267000	-2.360000	-7.058200	7.447085
227	29	-2.634000	-1.390000	-6.737000	7.365950
228	0	0.129000	-1.120000	-7.098000	7.186977
228	2	1.070000	1.730000	-7.048000	7.335673
228	4	0.570000	-0.560000	-7.430900	7.473739
228	8	0.780000	0.480000	-7.087000	7.145934
228	10	-0.980000	0.870000	-7.316600	7.433030
228	12	0.060000	-0.190000	-7.482000	7.484653
228	14	-0.760000	-0.100000	-7.698000	7.736072
228	16	1.900000	0.620000	-7.464000	7.726946
228	18	3.000000	-0.550000	-7.089000	7.717281
228	20	1.330000	1.416000	-7.346400	7.598918
228	24	1.158000	2.640000	-7.389000	7.931449
228	26	0.771000	3.240000	-6.805000	7.576283
228	28	2.734000	0.400000	-7.071000	7.591693
228	1	1.815000	-0.960000	-7.291600	7.575174
228	3	0.930000	-3.730000	-6.270900	7.355405
228	5	0.433000	-0.770000	-7.613000	7.664082
228	7	0.760000	-0.150000	-7.101000	7.143130
228	9	-0.119000	-0.308000	-7.399000	7.406364
228	13	1.590000	-0.190000	-7.709700	7.874241
228	15	-0.020000	-1.900000	-7.567000	7.801916
228	17	0.800000	-1.520000	-7.222200	7.423650
228	19	0.200000	-0.480000	-7.334000	7.352412
228	21	0.370000	0.346000	-7.470000	7.487157
228	23	0.273000	-1.430000	-7.156000	7.302586
228	27	-1.786000	1.050000	-7.100000	7.396100
228	29	-1.964000	-0.180000	-7.112000	7.380396
229	0	-1.951000	-0.780000	-7.423000	7.714644
229	2	0.650000	2.570000	-6.765000	7.265853
229	4	0.650000	1.710000	-7.231000	7.458818
229	8	1.261000	-0.061000	-7.412000	7.518749
229	10	-2.045000	-0.460000	-7.129000	7.430765
229	12	-1.020000	-0.890000	-7.104000	7.231827
229	14	0.520000	0.470000	-7.200000	7.234038
229	16	0.160000	0.870000	-7.321000	7.374249
229	18	2.190000	0.610000	-7.201800	7.552094
229	20	0.230000	1.374000	-7.363100	7.493732
229	24	-1.543200	-0.070000	-6.746000	6.920613
229	26	1.330000	2.370000	-6.984000	7.494135
229	28	2.263000	0.840000	-6.960000	7.366707
229	1	1.149000	0.900000	-7.204000	7.350362
229	3	-0.340000	-1.340000	-7.019400	7.154242
229	5	0.062100	-2.440000	-7.168000	7.572165
229	7	0.290000	-1.730000	-6.958000	7.175707
229	9	1.072000	-0.818000	-7.194000	7.319286
229	13	0.300000	-0.650000	-7.291100	7.326161
229	15	-1.010000	-2.000000	-6.946000	7.298426
229	17	-0.850000	-0.790000	-7.409900	7.500215
229	19	-2.790000	1.020000	-6.646000	7.279685
229	21	-1.960000	0.455000	-7.322000	7.593439
229	23	2.121000	-0.100000	-7.253000	7.557424
229	27	-0.124000	0.100000	-7.396000	7.397715
229	29	-2.547000	-2.440000	-6.425000	7.329491
230	0	-2.741000	-0.700000	-6.841000	7.402862
230	2	0.230000	3.350000	-6.636000	7.437197
230	4	0.010000	1.600000	-7.000800	7.181316
230	8	0.000000	0.708000	-7.306000	7.340225
230	10	-2.281000	0.820000	-7.013800	7.420832
230	12	0.080000	-0.740000	-7.490000	7.526892
230	14	1.020000	0.000000	-7.323000	7.393695
230	16	-0.310000	-1.500000	-7.492000	7.646971
230	18	2.600000	-0.790000	-6.907000	7.422314
230	20	0.440000	-0.346000	-7.528100	7.548881
230	24	-0.006000	1.660000	-7.480000	7.661986
230	26	1.361000	0.880000	-7.579000	7.750352
230	28	2.417000	1.000000	-7.054900	7.524195
230	1	0.611000	1.380000	-7.075000	7.234179
230	3	-0.120000	-1.150000	-7.146000	7.238937
230	5	0.927000	-3.200000	-6.604800	7.397480
230	7	0.210000	-0.730000	-7.403000	7.441869
230	9	-1.591000	0.787000	-7.322000	7.534078
230	13	1.320000	-0.810000	-7.408400	7.568546
230	15	-2.630000	-2.520000	-6.575000	7.516510
230	17	-1.000000	-0.810000	-7.626900	7.734708
230	19	-1.700000	0.150000	-7.194380	7.394025
230	21	-1.880000	0.787000	-7.365000	7.641793
230	23	0.850000	0.450000	-7.836000	7.894802
230	27	-0.222000	-1.100000	-7.328600	7.414018
230	29	-0.364000	-0.500000	-7.358000	7.383946
231	0	-2.384000	-1.900000	-6.667000	7.330917
231	2	0.510000	0.680000	-7.208500	7.258441
231	4	2.070000	2.400000	-6.680900	7.394547
231	8	1.491000	-0.310000	-7.197000	7.356357
231	10	0.114000	-0.130000	-7.168000	7.170085
231	12	-1.420000	-0.990000	-7.238000	7.442120
231	14	0.060000	1.360000	-7.046400	7.176695
231	16	-0.520000	-0.310000	-7.385000	7.409772
231	18	2.070000	-0.280000	-6.902100	7.211261
231	20	0.540000	0.822000	-7.527700	7.591676
231	24	-0.020000	2.810000	-7.280000	7.803518
231	26	0.565000	1.300000	-7.247000	7.384324
231	28	2.239000	0.150000	-7.069830	7.417420
231	1	1.136000	-0.880000	-7.295000	7.435181
231	3	-0.910000	-4.170000	-6.321000	7.627060
231	5	-0.393000	-2.660000	-7.019600	7.516970
231	7	-0.750000	-0.100000	-7.399000	7.437587
231	9	-1.348000	0.477000	-7.370000	7.507432
231	13	1.190000	-0.070000	-7.328800	7.425113
231	15	-1.160000	-2.060000	-7.134000	7.515528
231	17	-0.320000	-0.140000	-7.664840	7.672794
231	19	-1.660000	0.410000	-6.885600	7.094730
231	21	0.150000	1.170000	-7.221000	7.316710
231	23	2.210000	-1.390000	-7.283000	7.736814
231	27	-0.693000	-0.150000	-7.401400	7.435286
231	29	-1.628000	-0.460000	-7.332000	7.524640
232	0	-2.164000	-1.280000	-6.976000	7.415246
232	4	1.980000	1.310000	-6.973100	7.366181
232	8	1.640000	0.954000	-7.412000	7.650978
232	10	-0.479000	0.230000	-7.533000	7.551717
232	12	-0.580000	0.660000	-7.525000	7.576122
232	14	0.710000	-1.290000	-7.499000	7.642199
232	16	-0.650000	1.220000	-7.214000	7.345250
232	18	0.640000	-0.020000	-7.279300	7.307408
232	20	-0.380000	-0.902000	-7.289500	7.354918
232	24	-1.594000	1.460000	-7.126000	7.446631
232	26	1.469000	-1.160000	-7.510100	7.739843
232	28	0.660000	-1.240000	-7.173400	7.309642
232	1	1.867000	-0.080000	-7.061000	7.304095
232	5	0.663000	-2.880000	-7.053000	7.647142
232	7	1.830000	0.320000	-7.180000	7.416448
232	9	-1.056000	-0.355000	-7.370000	7.453728
232	13	-1.410000	0.950000	-7.240000	7.436948
232	15	-0.840000	-2.740000	-7.220000	7.767986
232	17	-0.370000	-0.240000	-7.513400	7.526332
232	19	-0.980000	-0.930000	-7.282000	7.406269
232	21	0.140000	-0.208000	-7.720600	7.724670
232	23	2.076000	-0.040000	-7.207000	7.500148
232	27	0.169000	-1.470000	-7.161000	7.312276
232	29	-2.331000	-0.830000	-6.900000	7.330243
233	0	-2.847000	-1.150000	-6.647000	7.321920
233	4	0.990000	2.060000	-7.041700	7.403326
233	8	0.850000	0.759300	-7.638000	7.722570
233	10	-0.308000	1.270000	-7.362000	7.477086
233	12	1.220000	0.540000	-7.445000	7.563599
233	14	-1.300000	-0.600000	-7.204000	7.344904
233	16	-0.900000	0.880000	-7.583000	7.686761
233	18	0.840000	1.310000	-7.117800	7.285930
233	20	0.170000	0.268000	-7.202400	7.209389
233	24	-0.686000	2.270000	-7.176000	7.557676
233	26	0.666000	-1.390000	-7.227900	7.390412
233	28	1.419000	0.170000	-7.391800	7.528690
233	1	1.238000	-0.410000	-7.201000	7.318138
233	5	-0.832000	-2.010000	-6.892000	7.227170
233	7	1.780000	0.970000	-7.128000	7.410647
233	9	-2.674000	-0.109000	-6.814000	7.320707
233	13	0.260000	0.870000	-7.233100	7.289872
233	15	-1.260000	-2.220000	-6.868000	7.327034
233	17	0.860000	-0.790000	-7.085500	7.181087
233	19	0.470000	-0.740000	-7.138800	7.192424
233	21	0.670000	0.473000	-7.076300	7.123668
233	23	1.893000	2.170000	-6.690000	7.283437
233	27	-1.850000	-0.840000	-7.194600	7.475986
233	29	-2.123000	-0.950000	-6.925000	7.305153
234	0	-2.579000	-1.880000	-7.041000	7.730545
234	4	2.220000	2.860000	-6.519200	7.457075
234	8	0.170000	-0.810300	-7.318000	7.364687
234	10	-0.012000	0.030000	-7.209200	7.209272
234	12	0.790000	-0.810000	-7.405000	7.490943
234	14	-1.540000	-0.850000	-7.244400	7.454893
234	16	-0.030000	0.940000	-7.655000	7.712556
234	18	2.810000	1.210000	-6.918600	7.564868
234	20	0.460000	-0.056000	-7.199300	7.214198
234	24	-0.361000	1.740000	-6.960000	7.183281
234	26	0.304000	-0.150000	-7.249800	7.257721
234	28	2.650000	-0.280000	-7.105000	7.588275
234	1	1.477000	0.460000	-7.331000	7.492442
234	5	1.300000	-1.060000	-7.107000	7.302263
234	7	0.320000	0.750000	-7.299000	7.344406
234	9	-1.623000	-1.921300	-6.987000	7.425880
234	13	-2.160000	1.380000	-6.986800	7.442135
234	15	0.160000	-0.950000	-7.614000	7.674705
234	17	-0.080000	-0.330000	-7.198500	7.206504
234	19	0.770000	0.350000	-7.206700	7.256165
234	21	0.600000	-0.221000	-7.160900	7.189390
234	23	-0.282000	0.150000	-7.516000	7.522784
234	27	-1.498000	0.810000	-7.480200	7.671603
234	29	-2.360000	-1.380000	-6.701000	7.237223
235	0	0.512000	-1.010000	-7.462000	7.547429
235	4	0.110000	3.100000	-6.955900	7.616209
235	8	-0.250000	1.405400	-7.557000	7.690637
235	10	0.099000	0.400000	-7.515000	7.526289
235	12	1.260000	-1.420000	-7.509700	7.745940
235	14	0.720000	-1.070000	-7.124800	7.240585
235	16	-0.690000	0.770000	-7.733000	7.801813
235	18	0.660000	-1.100000	-7.274130	7.386377
235	20	-0.270000	-0.145000	-7.365900	7.372273
235	24	-1.401200	1.720000	-7.293000	7.622966
235	26	0.970000	-0.510000	-7.190000	7.273039
235	28	1.939000	0.220000	-6.876400	7.147937
235	1	2.601000	0.190000	-6.995400	7.465716
235	5	-0.214900	-2.230000	-6.990000	7.340244
235	7	2.070000	2.500000	-6.678000	7.424997
235	9	-1.380000	-1.654000	-6.867000	7.196930
235	13	0.860000	1.410000	-7.168170	7.355975
235	15	-1.220000	-2.020000	-6.849000	7.244143
235	17	0.700000	-1.410000	-7.428700	7.593661
235	19	-1.060000	-0.200000	-7.147000	7.227946
235	21	0.360000	0.541000	-7.277200	7.306156
235	23	-0.838000	0.880000	-7.365000	7.464574
235	27	-0.570000	2.120000	-7.110300	7.441483
235	29	-1.240000	-0.450000	-7.044000	7.166452
236	0	-0.779000	0.130000	-7.235000	7.277978
236	4	-0.610000	3.280000	-6.616800	7.410300
236	8	0.340000	1.595110	-7.167000	7.350229
236	10	-0.372000	-0.870000	-7.409000	7.469174
236	12	0.410000	-1.230000	-7.355200	7.468599
236	14	0.000000	-2.060000	-7.070200	7.364192
236	16	-0.110000	1.020000	-7.618000	7.686769
236	18	0.000000	-0.950000	-7.181700	7.244261
236	20	0.870000	-0.218000	-7.446500	7.500319
236	24	-1.258000	2.090000	-7.183000	7.585918
236	26	0.513000	-0.620000	-7.537000	7.579838
236	28	2.038000	0.010000	-7.046000	7.334825
236	1	0.885000	0.090000	-7.058000	7.113838
236	5	0.967000	-1.240000	-7.272000	7.440072
236	7	0.180000	1.130000	-7.582200	7.668054
236	9	0.280000	-1.904000	-7.079000	7.335929
236	13	0.170000	1.830000	-7.043800	7.279624
236	15	-0.160000	-1.740000	-7.168000	7.377901
236	17	1.590000	-0.840000	-7.325650	7.543133
236	19	0.530000	0.110000	-7.531700	7.551126
236	21	-0.200000	0.916000	-7.218000	7.278639
236	23	-1.352000	-1.600000	-7.284000	7.579219
236	27	-0.486000	0.760000	-7.348240	7.403406
236	29	-1.770000	0.670000	-7.466900	7.703012
237	0	-0.729700	-0.460000	-7.401000	7.451098
237	4	0.140000	2.760000	-6.591200	7.147106
237	8	0.380000	1.200600	-7.615000	7.718424
237	10	0.634000	1.940000	-7.047300	7.336893
237	12	0.680000	-0.740000	-7.373400	7.441574
237	14	-0.610000	-2.290000	-6.902800	7.298277
237	16	-0.500000	1.500000	-7.111000	7.284663
237	18	0.280000	-0.610000	-7.309800	7.340550
237	20	-0.020000	1.074000	-7.169800	7.249821
237	24	-0.903000	2.580000	-7.149000	7.653758
237	26	0.606000	-1.660000	-6.824000	7.049100
237	28	1.422000	-0.990000	-7.341060	7.542768
237	1	2.252000	-0.330000	-7.053000	7.411155
237	5	0.421600	-1.180000	-7.093900	7.203719
237	7	0.590000	1.430000	-7.444000	7.603035
237	9	0.170000	-1.664000	-7.166000	7.358624
237	13	-0.700000	2.270000	-6.930200	7.326020
237	15	0.160000	-2.890000	-6.999100	7.573975
237	17	1.630000	-1.670000	-7.505270	7.859700
237	19	1.050000	0.710000	-7.256300	7.366172
237	21	-0.510000	0.313000	-7.386400	7.410599
237	23	-0.746000	-0.980000	-7.151000	7.256288
237	27	-0.142000	-0.230000	-7.540000	7.544844
237	29	-3.136000	1.690000	-6.550000	7.456078
238	0	-0.741000	-1.030000	-7.271000	7.380882
238	4	-1.750000	3.010000	-6.583400	7.447399
238	8	0.790000	1.628400	-7.668000	7.878706
238	10	-1.165000	1.030000	-7.121600	7.289397
238	12	1.910000	-1.970000	-7.293100	7.792195
238	14	-1.070000	-2.080000	-6.931000	7.315057
238	16	-1.270000	0.480000	-7.291000	7.416332
238	18	-1.420000	-0.710000	-7.780300	7.940628
238	20	0.240000	1.361000	-7.575270	7.700301
238	24	-1.312000	1.030000	-7.061000	7.255340
238	26	1.093000	-1.090000	-7.195000	7.358721
238	28	2.580000	0.330000	-7.205400	7.660489
238	1	1.657000	0.160000	-7.094100	7.286803
238	5	0.529000	-4.130000	-6.353000	7.595877
238	7	0.850000	4.030000	-6.184000	7.430024
238	9	0.177000	-1.425000	-7.287000	7.427134
238	13	0.950000	1.360000	-7.308500	7.494416
238	15	0.000000	-3.040000	-6.532000	7.204764
238	17	-0.070000	-2.600000	-6.854880	7.331731
238	19	0.850000	2.150000	-7.021500	7.392325
238	21	0.500000	-0.987000	-7.686000	7.765228
238	23	-1.534000	-0.260000	-7.196000	7.362280
238	27	0.142000	0.630000	-7.280500	7.309086
238	29	-1.930000	0.750000	-7.143900	7.437924
239	0	-2.126000	-0.380000	-7.121000	7.441298
239	4	-0.330000	3.180000	-6.892400	7.597794
239	8	-0.230000	0.139980	-7.885000	7.889596
239	10	1.047000	0.590000	-7.594900	7.689396
239	12	0.010000	-1.240000	-7.620800	7.721029
239	14	-0.250000	-3.760000	-6.376640	7.406864
239	16	-0.530000	1.080000	-7.634400	7.728607
239	18	-1.520000	-2.800000	-6.478300	7.219333
239	20	0.080000	1.183000	-7.375100	7.469805
239	24	0.055000	2.720000	-7.037000	7.544587
239	26	0.978000	0.700000	-7.505000	7.600757
239	28	1.836000	-0.110000	-7.497500	7.719812
239	1	0.347000	1.490000	-7.251000	7.410635
239	5	0.835000	-2.130000	-7.025000	7.388149
239	7	0.000000	3.210000	-6.854000	7.568449
239	9	-2.372000	-2.144500	-6.829000	7.540591
239	13	-0.970000	2.410000	-7.368800	7.813336
239	15	1.020000	-2.110000	-7.104000	7.480596
239	17	-0.530000	-2.750000	-6.538700	7.113227
239	19	1.140000	1.590000	-7.025300	7.292636
239	21	0.110000	-0.303000	-7.575600	7.582455
239	23	0.368000	0.980000	-7.376000	7.449913
239	27	0.944000	-1.280000	-7.361000	7.530860
239	29	-2.849000	-0.150000	-6.870000	7.438831
240	0	-1.359000	-0.810000	-7.296000	7.465561
240	4	-1.460000	1.700000	-6.884900	7.240404
240	8	0.983000	1.642700	-6.961000	7.219437
240	10	-1.858000	1.210000	-7.095800	7.434154
240	12	-0.180000	-1.300000	-7.531000	7.644499
240	14	0.070000	-2.680000	-6.927000	7.427693
240	16	1.270000	-0.370000	-7.350700	7.468774
240	18	-0.970000	-1.690000	-7.367200	7.620540
240	20	-2.030000	1.301000	-7.002900	7.406356
240	24	-1.169600	3.210000	-6.581000	7.414960
240	26	0.180000	-0.900000	-7.292600	7.350130
240	28	0.989000	-0.010000	-7.745600	7.808492
240	1	1.060000	2.950000	-6.870000	7.551357
240	5	-0.957900	-1.610000	-6.903700	7.153373
240	7	0.930000	2.800000	-6.841000	7.450113
240	9	-0.465000	-1.562000	-7.034000	7.220334
240	13	-0.760000	1.960000	-7.148288	7.450988
240	15	0.030000	-1.990000	-7.137000	7.409303
240	17	0.840000	-2.860000	-6.814100	7.437551
240	19	0.310000	2.510000	-6.937400	7.384018
240	21	1.300000	-0.234000	-7.724000	7.836130
240	23	0.042000	1.720000	-7.067700	7.274101
240	27	-0.057000	-0.960000	-7.308400	7.371401
240	29	-4.216000	-0.450000	-5.878000	7.247623
241	0	-0.470090	-0.650000	-7.108000	7.153122
241	4	-1.220000	1.580000	-7.381500	7.646656
241	8	-0.133000	-0.473000	-7.486000	7.502107
241	10	-0.832000	-0.350000	-7.388800	7.443728
241	12	-0.180000	0.160000	-7.366000	7.369936
241	14	0.020000	-2.960000	-6.725300	7.347902
241	16	1.490000	-0.780000	-7.041000	7.239073
241	18	-0.500000	-1.710000	-7.265000	7.480262
241	20	-0.910000	0.945000	-7.322800	7.439390
241	24	-0.080000	1.020000	-7.148000	7.220852
241	26	0.306000	-0.480000	-7.211000	7.233433
241	28	1.234000	-0.870000	-7.072400	7.231770
241	1	3.229200	2.300000	-6.518000	7.629027
241	5	-0.824000	-1.340000	-7.530600	7.693147
241	7	1.010000	3.110000	-6.631000	7.393400
241	9	0.523000	-2.611000	-7.141000	7.621334
241	13	-0.340000	1.850000	-7.022500	7.270049
241	15	0.000000	-1.920000	-7.165000	7.417791
241	17	1.640000	-1.580000	-6.954000	7.317385
241	19	-0.220000	1.050000	-7.448600	7.525460
241	21	2.550000	-0.167000	-7.202000	7.641936
241	23	2.042000	-1.250000	-6.951000	7.351780
241	27	0.097000	0.280000	-7.357200	7.363165
241	29	-2.836000	-0.530000	-6.743000	7.334292
242	0	-0.689000	-0.760000	-6.954000	7.029256
242	4	-0.910000	1.350000	-7.231020	7.412034
242	8	-1.061000	-0.341800	-7.550000	7.631844
242	10	-2.406000	1.190000	-6.957600	7.457421
242	12	0.520000	-1.550000	-6.859000	7.051155
242	14	-1.090000	-1.770000	-7.234990	7.527688
242	16	-1.770000	0.440000	-7.014000	7.247254
242	18	0.050000	-0.500000	-7.253100	7.270486
242	20	-0.710000	0.980000	-7.341700	7.440770
242	24	1.062000	0.660000	-7.065000	7.174794
242	26	-0.131000	-0.680000	-7.448000	7.480125
242	28	4.889000	-1.470000	-5.632300	7.601712
242	1	2.437000	2.100000	-6.386000	7.150522
242	5	-0.478000	0.040000	-7.081800	7.098026
242	7	3.630000	2.170000	-6.273400	7.565801
242	9	-0.440000	-1.184800	-7.206000	7.315995
242	13	-0.960000	0.720000	-7.500240	7.595630
242	15	1.150000	-2.070000	-6.907000	7.301647
242	17	-2.010000	-0.770000	-6.780410	7.113857
242	19	0.260000	0.310000	-7.628700	7.639422
242	21	2.220000	-1.644000	-6.965000	7.492821
242	23	0.754000	-0.470000	-7.569200	7.621168
242	27	-1.448000	-0.870000	-7.488900	7.677058
242	29	-1.350000	0.900000	-7.168100	7.349432
243	0	0.447000	0.030000	-7.032000	7.046257
243	4	-0.090000	2.460000	-7.011500	7.431072
243	8	1.674000	-0.060100	-7.382000	7.569664
243	10	-2.378000	0.910000	-6.928960	7.381969
243	12	0.830000	-2.070000	-7.161000	7.500248
243	14	-1.750000	-2.930000	-6.447900	7.295397
243	16	0.440000	0.520000	-7.330000	7.361583
243	18	-0.920000	-0.130000	-7.107500	7.167974
243	20	-1.370000	2.370000	-6.957000	7.476206
243	24	1.987500	0.830000	-7.252000	7.565088
243	26	2.039000	1.010000	-7.264000	7.612051
243	28	2.361000	-1.840000	-7.016400	7.628223
243	1	1.648000	2.640000	-6.748000	7.431084
243	5	-2.115000	-0.820000	-7.032500	7.389295
243	7	1.700000	1.970000	-6.939000	7.410845
243	9	1.057000	-1.744600	-7.048000	7.337246
243	13	-0.670000	1.140000	-7.376500	7.494081
243	15	0.460000	-1.450000	-7.340500	7.496469
243	17	-0.050000	-0.620000	-7.470000	7.495852
243	19	0.060000	0.340000	-7.344400	7.352511
243	21	2.010000	-1.431000	-6.874200	7.303594
243	23	0.295000	-2.610000	-6.542000	7.049602
243	27	1.027000	-0.120000	-7.236000	7.309502
243	29	-3.482000	0.640000	-6.575000	7.467566
244	0	1.294000	-1.210000	-7.473000	7.680121
244	4	0.800000	0.460000	-7.484000	7.540680
244	8	1.189000	2.081800	-7.251000	7.637055
244	10	-1.402000	0.300000	-7.269300	7.409340
244	12	0.360000	0.070000	-7.346000	7.355149
244	14	-1.690000	-3.810000	-6.295200	7.549950
244	18	-1.120000	-1.300000	-7.245000	7.445430
244	20	-1.250000	1.845000	-7.029200	7.374020
244	24	0.510000	1.150000	-7.160000	7.269677
244	26	0.327000	0.330000	-7.426000	7.440518
244	28	2.919000	-1.420000	-7.081900	7.790396
244	1	0.004000	0.470000	-7.548900	7.563518
244	5	-1.111000	-0.890000	-7.612500	7.744455
244	7	3.320000	2.470000	-6.383000	7.606970
244	9	-0.124000	-0.695000	-7.511000	7.544105
244	13	-0.920000	1.440000	-7.237200	7.436200
244	15	1.440000	-2.770000	-6.949000	7.618077
244	19	0.120000	0.330000	-7.413800	7.422111
244	21	3.350000	-2.049000	-6.164000	7.308611
244	23	1.121000	-1.860000	-7.021000	7.349196
244	27	-0.416000	-1.060000	-7.457400	7.543837
244	29	-0.805000	1.500000	-7.220400	7.418369
245	0	1.546000	-0.590000	-7.222000	7.409150
245	4	-1.100000	2.480000	-6.870600	7.386849
245	8	1.838000	1.603500	-7.328000	7.723279
245	10	-0.706000	0.990000	-7.610600	7.707125
245	12	0.820000	0.030000	-7.453000	7.498034
245	14	-0.470000	-2.010000	-7.250000	7.538136
245	18	-0.370000	-0.420000	-7.669630	7.690028
245	20	-1.960000	0.036000	-7.097600	7.363343
245	24	0.133000	1.330000	-7.362000	7.482355
245	26	-0.518000	1.010000	-7.241000	7.329427
245	28	0.587000	-1.480000	-7.514730	7.681545
245	1	0.621000	-0.350000	-7.458000	7.491989
245	5	-1.517000	-0.690000	-7.189000	7.379642
245	7	2.900000	3.320000	-6.143000	7.561008
245	9	-0.482000	-1.653200	-7.240000	7.441975
245	13	1.040000	-0.130000	-7.704340	7.775304
245	15	0.780000	-2.240000	-7.083000	7.469598
245	19	0.740000	1.400000	-7.161000	7.333998
245	21	2.640000	-1.955000	-6.658200	7.424504
245	23	2.738000	-0.380000	-6.673000	7.222878
245	27	-1.039000	-1.440000	-7.061500	7.281339
245	29	-1.669000	3.700000	-6.241200	7.445008
246	0	0.770000	-0.660000	-7.377000	7.446384
246	4	-1.490000	2.020000	-6.666000	7.122925
246	8	0.552000	0.649000	-7.534000	7.582022
246	10	-2.023000	1.540000	-6.979700	7.428347
246	12	1.960000	-0.690000	-7.103000	7.400697
246	14	-2.030000	-1.660000	-6.846000	7.331045
246	16	0.110000	0.040000	-7.736900	7.737785
246	18	0.010000	-2.750000	-7.164400	7.674062
246	20	-0.610000	1.077000	-7.321800	7.425684
246	24	0.657000	0.740000	-7.409000	7.474793
246	26	-0.596000	0.210000	-7.201000	7.228673
246	28	0.661000	-3.110000	-6.902300	7.599392
246	1	-2.087000	0.490000	-7.053000	7.371599
246	5	0.603000	0.020000	-7.234000	7.259116
246	7	1.430000	2.490000	-6.904000	7.477313
246	9	-1.521000	-1.458200	-6.939000	7.251862
246	13	1.050000	-1.130000	-7.312400	7.473325
246	15	1.380000	-2.080000	-6.987000	7.419499
246	17	0.060000	-0.640000	-7.272000	7.300355
246	19	0.520000	1.670000	-7.264600	7.472196
246	21	1.440000	-1.686000	-7.279800	7.609973
246	23	0.309000	-3.250000	-6.445000	7.224680
246	27	0.562000	-0.440000	-7.408900	7.443201
246	29	-2.578000	2.370000	-6.761000	7.614073
247	0	1.464000	-2.060000	-6.796000	7.250690
247	4	-1.590000	1.570000	-7.261800	7.597811
247	8	-0.320000	3.540100	-6.702000	7.586271
247	10	-0.078000	0.960000	-7.504300	7.565858
247	12	-0.150000	-0.380000	-7.466000	7.477169
247	14	-2.610000	-0.770000	-6.659700	7.194206
247	16	0.610000	0.850000	-7.344300	7.418446
247	18	-1.270000	-2.270000	-7.167470	7.624856
247	20	-1.210000	1.623000	-7.386800	7.659180
247	24	1.151000	1.000000	-7.489000	7.642638
247	26	1.075000	-0.300000	-6.954000	7.042992
247	28	2.389000	-2.210000	-6.370900	7.154005
247	1	-0.161000	0.080000	-7.361000	7.363195
247	5	0.773000	-0.480000	-7.099000	7.157076
247	7	1.870000	-0.180000	-7.066400	7.311861
247	9	-2.422000	-1.363800	-6.934000	7.470367
247	13	0.540000	-0.450000	-7.283800	7.317639
247	15	1.170000	-1.620000	-7.057000	7.334477
247	17	-0.370000	0.510000	-7.431400	7.458063
247	19	-1.050000	2.190000	-7.181000	7.580591
247	21	-0.190000	0.204000	-7.284000	7.289333
247	23	-0.072000	-3.090000	-6.667000	7.348617
247	27	1.078000	-0.480000	-7.240400	7.335930
247	29	-0.879000	2.000000	-7.297800	7.617777
248	0	1.192000	-0.350000	-7.152000	7.259096
248	4	-2.190000	1.440000	-7.107640	7.575503
248	8	-0.028000	2.498900	-7.017000	7.448730
248	10	0.464000	1.810000	-6.974900	7.220847
248	12	-0.910000	-0.580000	-7.224000	7.304155
248	14	-2.920000	-0.210000	-6.965100	7.555337
248	16	0.710000	0.270000	-7.565700	7.603737
248	18	0.760000	-2.480000	-7.073900	7.534458
248	20	-1.200000	-1.132300	-7.090600	7.280021
248	24	0.231000	0.580000	-7.046000	7.073604
248	26	-0.231000	0.190000	-7.487000	7.492972
248	28	1.490000	-2.290000	-6.416100	6.973560
248	1	-0.113000	1.620000	-6.978000	7.164472
248	5	0.723000	0.300000	-7.237000	7.279210
248	7	1.390000	2.200000	-6.894000	7.368808
248	9	-2.345000	-1.267210	-6.915000	7.410943
248	13	-0.460000	1.050000	-7.500900	7.587991
248	15	-0.760000	-1.080000	-7.203000	7.323060
248	17	-0.890000	2.120000	-7.197000	7.555350
248	19	-0.370000	2.320000	-7.052700	7.433699
248	21	-1.710000	-0.343000	-7.021200	7.234570
248	23	0.127000	-3.030000	-7.073300	7.696012
248	27	-0.739000	-0.670000	-7.272600	7.340690
248	29	-1.145000	1.230000	-6.940500	7.141041
249	0	1.376000	0.670000	-7.101000	7.264054
249	4	0.130000	1.240000	-7.249500	7.355933
249	8	1.551000	1.780000	-6.986000	7.374157
249	10	-0.678000	2.000000	-7.488010	7.780101
249	12	-0.950000	-1.460000	-7.119000	7.329001
249	14	-1.600000	-0.480000	-7.065900	7.260671
249	16	0.310000	0.130000	-7.415300	7.422915
249	18	0.700000	-0.210000	-7.305080	7.341546
249	20	0.030000	0.878100	-7.045100	7.099676
249	24	0.023000	0.780000	-7.279000	7.320708
249	26	1.073000	-1.300000	-7.090000	7.287622
249	28	0.836000	-0.460000	-7.600500	7.660163
249	1	-0.235000	1.390000	-7.439000	7.571397
249	5	1.451000	-0.460000	-7.521000	7.673490
249	7	2.780000	1.500000	-6.414000	7.149671
249	9	-1.218000	-2.221000	-7.188000	7.621267
249	13	0.430000	0.880000	-7.365900	7.430732
249	15	0.870000	0.590000	-7.350000	7.424790
249	17	-0.160000	1.190000	-7.444000	7.540215
249	19	2.110000	3.170000	-6.472500	7.509611
249	21	0.230000	1.655790	-6.952900	7.151039
249	23	0.574000	-1.820000	-7.228000	7.475685
249	27	0.219000	-0.410000	-7.231600	7.246523
249	29	-0.499000	1.320000	-7.375600	7.509386
250	0	1.127000	0.340000	-7.589000	7.679756
250	4	-2.750000	0.600000	-6.864700	7.419340
250	8	1.006000	1.248000	-7.298000	7.471971
250	10	-0.901000	1.570000	-6.966700	7.198028
250	12	-0.120000	-1.980000	-7.030200	7.304691
250	14	-2.080000	-0.800000	-6.993200	7.339703
250	16	-0.190000	-0.810000	-6.958200	7.007763
250	18	-0.170000	-0.370000	-7.220300	7.231772
250	20	-0.230000	-0.316200	-7.268900	7.279409
250	24	-0.728000	-0.350000	-7.386000	7.430039
250	26	-0.194000	-0.060000	-7.198000	7.200864
250	28	0.557000	-0.540000	-7.419340	7.459789
250	1	0.707000	2.570000	-6.869000	7.368033
250	5	1.583000	-1.920000	-7.170000	7.589545
250	7	2.030000	1.160000	-6.900000	7.285362
250	9	-1.493000	-3.302200	-6.857000	7.755774
250	13	0.700000	-0.060000	-7.383300	7.416651
250	15	0.680000	0.470000	-7.329000	7.375469
250	17	2.250000	-0.840000	-7.117000	7.511311
250	19	0.360000	1.400000	-7.014000	7.161410
250	21	1.720000	-0.229600	-7.238500	7.443588
250	23	-0.393000	-2.290000	-7.201000	7.566568
250	27	-0.912000	1.140000	-7.140700	7.288411
250	29	-0.309000	0.990000	-7.201000	7.275299
251	0	0.227000	1.330000	-7.055000	7.182858
251	4	-0.820000	1.600000	-7.386900	7.602545
251	8	0.516000	2.732100	-6.862000	7.403896
251	10	-1.761000	2.460000	-6.446700	7.121282
251	12	-0.700000	-3.510000	-7.008000	7.869064
251	14	-1.380000	-0.860000	-7.553000	7.726047
251	16	-0.150000	-1.820000	-6.917900	7.154875
251	18	0.900000	-1.290000	-7.244500	7.413291
251	20	-0.010000	0.396600	-7.289000	7.299789
251	24	-0.494000	-0.310000	-7.415000	7.437900
251	26	0.493000	-0.510000	-7.127000	7.162212
251	28	0.690000	-0.470000	-7.260300	7.308143
251	1	1.569000	0.690000	-7.017000	7.223306
251	5	1.419000	-0.560000	-7.301000	7.458670
251	7	1.620000	2.160000	-6.970000	7.474684
251	9	-0.824000	-0.395100	-7.241000	7.298436
251	13	0.200000	-1.070000	-7.585570	7.663274
251	15	-0.920000	-0.120000	-7.333000	7.391461
251	17	1.330000	-1.320000	-7.175500	7.416138
251	19	0.990000	0.180000	-7.421600	7.489502
251	21	-0.220000	0.928400	-7.357000	7.418610
251	23	-0.686000	-1.800000	-7.055000	7.313250
251	27	-1.077000	0.710000	-7.489600	7.599877
251	29	0.794000	1.990000	-7.167200	7.480594
252	0	2.310000	-0.550000	-7.255000	7.633716
252	4	0.870000	2.270000	-7.124000	7.527362
252	8	0.008000	1.143000	-7.359000	7.447241
252	10	0.383000	3.150000	-6.622300	7.343299
252	12	0.690000	-0.180000	-7.271000	7.305884
252	14	-2.610000	-0.830000	-6.992800	7.510010
252	16	-1.210000	0.460000	-7.221700	7.336801
252	18	0.540000	0.110000	-7.224000	7.244990
252	20	0.670000	0.073700	-7.346830	7.377685
252	24	-1.448000	-0.400000	-7.154000	7.310022
252	26	2.068000	-0.540000	-7.273000	7.580551
252	28	-0.431000	-1.290000	-7.140400	7.268781
252	1	-0.201900	-1.980000	-7.142000	7.414130
252	5	0.390000	0.090000	-7.420000	7.430787
252	7	1.370000	2.130000	-7.457000	7.875319
252	9	-0.380000	-2.247630	-7.153000	7.507440
252	13	-0.030000	0.360000	-7.511900	7.520581
252	15	0.560000	0.520000	-7.194000	7.234476
252	17	-1.460000	-1.730000	-7.130000	7.480735
252	19	1.000000	1.250000	-7.236800	7.411732
252	21	1.870000	0.538530	-6.963000	7.229819
252	23	-0.032000	-2.250000	-6.954000	7.309011
252	27	0.366000	1.320000	-7.515000	7.638821
252	29	0.274000	0.460000	-7.417600	7.436899
253	0	3.471000	-0.180000	-6.370000	7.256524
253	4	1.500000	2.260000	-6.876700	7.392334
253	8	0.520000	2.194000	-7.415000	7.750243
253	10	1.140000	3.070000	-6.981700	7.711591
253	12	1.700000	0.160000	-7.265000	7.462964
253	14	0.210000	-0.920000	-7.120400	7.182659
253	16	-0.330000	2.450000	-6.931200	7.358868
253	18	-0.900000	-1.240000	-7.038100	7.202947
253	20	-0.310000	-0.702670	-6.884900	6.927604
253	24	-0.185000	1.390000	-7.251000	7.385345
253	26	1.538000	-1.170000	-6.992000	7.254130
253	28	-1.184000	1.200000	-6.846500	7.050987
253	1	1.713800	-0.220000	-7.296000	7.497808
253	5	0.161000	0.870000	-7.486000	7.538104
253	7	1.730000	2.960000	-7.137000	7.917782
253	9	-0.264000	-2.308890	-7.302000	7.662889
253	13	-0.530000	0.370000	-7.449400	7.477390
253	15	0.240000	0.300000	-7.383000	7.392989
253	17	-0.560000	-1.760000	-7.557500	7.779910
253	19	0.530000	1.220000	-7.183700	7.305809
253	21	0.760000	0.721300	-7.441000	7.514410
253	23	0.230000	-1.380000	-7.364000	7.495719
253	27	0.606000	-0.510000	-7.498000	7.539718
253	29	-0.640000	1.270000	-7.215900	7.354707
254	0	3.018000	0.020000	-7.180000	7.788525
254	4	0.950000	1.790000	-7.281300	7.558037
254	8	-0.082000	1.750000	-7.557000	7.757414
254	10	-0.280000	3.264000	-6.732300	7.487053
254	12	1.400000	0.250000	-7.335000	7.471595
254	14	-1.270000	-1.950000	-7.006000	7.382373
254	16	-0.050000	2.350000	-6.963300	7.349323
254	18	-1.320000	-1.050000	-7.228400	7.422578
254	20	-0.200000	-0.827000	-7.319750	7.369034
254	24	-1.945000	0.950000	-7.308000	7.621836
254	26	-0.446000	-0.750000	-7.230000	7.282466
254	28	-0.086000	-0.870000	-7.075000	7.128809
254	1	-0.490000	-0.250000	-7.253000	7.273830
254	5	0.316000	0.280000	-7.236700	7.249006
254	7	-0.710000	1.170000	-7.511000	7.634666
254	9	0.175000	-2.083200	-7.216000	7.512723
254	13	-0.150000	-0.220000	-7.246100	7.250991
254	15	-0.010000	-0.990000	-7.352000	7.418363
254	17	-0.360000	-1.970000	-7.491500	7.754552
254	19	-0.160000	1.920000	-7.286500	7.536915
254	21	-0.720000	1.593800	-7.179000	7.388954
254	23	-0.200000	-2.530000	-6.936000	7.385729
254	27	-1.089000	-0.120000	-7.109900	7.193817
254	29	0.182000	-0.860000	-7.150200	7.204032
255	0	2.491000	0.790000	-6.986000	7.458779
255	4	0.480000	2.830000	-7.154000	7.708373
255	8	-0.189000	1.024000	-7.488000	7.560056
255	10	-0.090000	2.890000	-6.639800	7.242040
255	12	-0.030000	-0.590000	-7.691000	7.713655
255	14	-0.580000	-3.070000	-6.820600	7.502125
255	16	-0.050000	1.670000	-7.122300	7.315638
255	18	-0.200000	-1.670000	-7.347800	7.537842
255	20	0.300000	-0.219200	-7.615500	7.624558
255	24	-1.443000	-0.880000	-7.011000	7.211849
255	26	1.345000	-1.070000	-7.128000	7.332279
255	28	0.192000	1.010000	-7.463600	7.534075
255	1	-1.987000	0.360000	-6.902000	7.191340
255	5	1.410000	-1.690000	-7.316600	7.640474
255	7	-1.780000	1.100000	-7.080000	7.382737
255	9	0.914000	-2.548600	-7.064000	7.565108
255	13	0.360000	-1.380000	-7.467600	7.602569
255	15	-1.210000	-0.990000	-7.106000	7.275949
255	17	-0.060000	-0.620000	-7.499200	7.525025
255	19	1.870000	0.940000	-7.373200	7.664501
255	21	1.360000	2.405200	-6.857400	7.393140
255	23	-0.900000	-2.340000	-6.658300	7.114672
255	27	-0.148000	-1.080000	-7.176800	7.259116
255	29	-1.368000	1.060000	-7.470000	7.667850
256	0	2.445000	0.530000	-6.810000	7.255000
256	4	-0.100000	0.480000	-7.473000	7.489067
256	8	-0.295000	1.162000	-7.680000	7.773009
256	10	0.650000	3.030000	-6.588300	7.280735
256	12	-1.140000	-0.250000	-7.090000	7.185416
256	14	-0.190000	-0.900000	-7.307900	7.365562
256	16	0.530000	-1.690000	-7.282900	7.495174
256	18	0.790000	-3.130000	-6.401000	7.168947
256	20	-1.260000	-1.636700	-6.956000	7.256192
256	24	-0.745000	0.650000	-7.305000	7.371604
256	26	-0.268000	0.260000	-7.368000	7.377455
256	28	1.180000	-0.350000	-7.430950	7.532192
256	1	-2.445000	-1.740000	-6.776000	7.410789
256	5	1.954000	-1.130000	-7.263430	7.606079
256	7	1.070000	2.640000	-6.963000	7.523156
256	9	1.786000	-1.525000	-6.963000	7.348387
256	13	-1.280000	-1.910000	-7.584700	7.925539
256	15	-1.600000	-2.750000	-6.988000	7.678193
256	17	0.730000	-1.190000	-7.194000	7.328208
256	19	1.510000	0.270000	-7.278600	7.438482
256	21	-0.970000	4.737600	-5.759000	7.520095
256	23	-0.120000	-0.370000	-7.272600	7.282995
256	27	0.322000	0.210000	-7.384200	7.394200
256	29	1.827000	-0.450000	-7.206000	7.447608
257	0	2.978000	-0.500000	-6.978000	7.603352
257	4	1.820000	2.010000	-6.985410	7.493227
257	8	-1.147000	1.771000	-7.160000	7.464426
257	10	2.070000	1.970000	-7.232900	7.776930
257	12	-0.930000	0.060000	-7.669000	7.725417
257	14	-1.320000	-0.450000	-7.142100	7.276984
257	16	-0.250000	0.150000	-7.649500	7.655054
257	18	-0.180000	-0.850000	-7.132800	7.185523
257	20	0.340000	-2.909000	-7.308430	7.873438
257	24	-1.737000	1.220000	-7.116000	7.425835
257	26	0.442000	0.300000	-7.626000	7.644687
257	28	-0.097000	1.050000	-7.394600	7.469405
257	1	0.020000	-0.360000	-7.437000	7.445735
257	5	1.633000	1.020000	-7.144800	7.399679
257	7	1.290000	1.400000	-6.938000	7.194438
257	9	1.146000	-2.320200	-7.007000	7.469585
257	13	-0.710000	-1.230000	-7.651200	7.781893
257	15	-2.740000	1.040000	-6.986000	7.575843
257	17	1.160000	-0.240000	-7.395600	7.489866
257	19	0.750000	0.380000	-7.032000	7.082085
257	21	0.070000	3.179000	-6.789000	7.496763
257	23	-1.117000	-2.680000	-6.882300	7.469682
257	27	0.315000	1.400000	-7.271400	7.411645
257	29	-0.592000	1.250000	-7.333600	7.462885
258	0	0.125000	-0.860000	-7.378000	7.429005
258	4	0.700000	-0.510000	-7.852600	7.900217
258	8	-1.147000	2.726000	-7.137700	7.726153
258	10	1.281000	3.200000	-6.546900	7.398842
258	12	-0.160000	0.470000	-7.392000	7.408655
258	14	-1.440000	-0.530000	-7.218100	7.379395
258	16	0.390000	0.430000	-7.529000	7.551347
258	18	-1.170000	-1.050000	-6.972000	7.147040
258	20	-0.860000	-2.208600	-7.186200	7.566967
258	24	-1.971000	0.570000	-7.092000	7.382832
258	26	0.119000	0.600000	-7.230000	7.255829
258	28	0.073000	-1.770000	-7.202470	7.417129
258	1	-1.870000	-1.680000	-6.627200	7.087953
258	5	0.640000	0.120000	-7.122500	7.152203
258	7	1.910000	3.100000	-6.551000	7.494912
258	9	1.195000	-0.241700	-7.320000	7.420838
258	13	0.300000	0.530000	-7.377300	7.402395
258	15	-1.440000	-0.240000	-7.069600	7.218756
258	17	-0.350000	0.890000	-7.554300	7.614594
258	19	0.250000	-0.470000	-7.533703	7.552488
258	21	-0.660000	3.095000	-6.777200	7.479643
258	23	-0.515000	-1.260000	-7.170860	7.298908
258	27	-1.504000	1.470000	-7.036000	7.343583
258	29	-1.157000	0.750000	-7.664000	7.787043
259	0	2.207000	-0.510000	-6.954000	7.313622
259	4	1.140000	-0.330000	-7.411900	7.506315
259	8	-0.255000	2.555900	-7.003000	7.459200
259	10	-0.300000	1.660000	-6.955500	7.157135
259	12	0.200000	1.120000	-7.339000	7.426663
259	14	-0.770000	0.060000	-7.432600	7.472620
259	16	0.190000	0.740000	-7.355400	7.394972
259	18	-1.420000	1.440000	-7.032000	7.317037
259	20	0.780000	-0.126900	-7.291600	7.334298
259	24	-2.825000	-0.970000	-6.866000	7.487555
259	26	1.236000	-0.410000	-7.629000	7.739343
259	28	-0.263000	-0.260000	-7.342800	7.352107
259	1	-0.376000	-0.950000	-7.155900	7.228470
259	5	0.124000	-0.940000	-7.633490	7.692148
259	7	2.980000	2.310000	-6.532000	7.542117
259	9	1.619000	-1.063900	-6.886000	7.153324
259	13	-0.760000	-0.260000	-7.443300	7.486516
259	15	-1.400000	0.540000	-7.134100	7.290198
259	17	-0.290000	-0.320000	-7.268900	7.281717
259	19	0.020000	-0.010000	-7.473800	7.473833
259	21	-0.120000	2.059330	-7.154000	7.445465
259	23	-2.082000	-0.440000	-7.012700	7.328457
259	27	0.051000	-0.540000	-7.625000	7.644268
259	29	-2.248000	0.140000	-7.333000	7.671114
260	0	1.101000	0.690000	-7.279000	7.394061
260	4	-0.010000	-0.830000	-7.358890	7.405556
260	8	-0.135000	2.853000	-6.784000	7.360740
260	10	0.740000	2.170000	-7.348810	7.698150
260	12	1.980000	0.490000	-7.333000	7.611399
260	14	-1.440000	1.060000	-7.226400	7.444331
260	16	-0.730000	0.810000	-7.471100	7.550254
260	18	-0.130000	-1.600000	-7.045700	7.226257
260	20	1.270000	-0.599300	-7.409600	7.541501
260	24	0.206000	-0.680000	-7.206000	7.240944
260	26	1.770000	-1.050000	-7.141000	7.431641
260	28	0.372000	1.110000	-7.464980	7.556217
260	1	-0.719000	-1.040000	-7.263000	7.372227
260	5	2.385000	-2.500000	-7.194800	7.981439
260	7	0.500000	1.550000	-7.342900	7.521348
260	9	1.829000	-2.201500	-7.294000	7.835450
260	13	-1.420000	-1.670000	-7.113650	7.443743
260	15	-3.110000	-0.440000	-6.766000	7.459521
260	17	-0.640000	0.920000	-7.252500	7.338580
260	19	-0.810000	-0.250000	-7.608300	7.655379
260	21	0.170000	0.453400	-7.595000	7.610420
260	23	-0.455000	-0.630000	-7.165000	7.207021
260	27	0.365000	-1.490000	-7.513500	7.668507
260	29	-2.246000	-2.240000	-6.739000	7.448237
261	0	1.764000	2.460000	-6.709000	7.360297
261	4	1.050000	1.560000	-7.003420	7.251482
261	8	-1.900000	2.256000	-6.742300	7.359222
261	10	-0.750000	1.320000	-7.288200	7.444646
261	12	2.090000	0.220000	-6.970000	7.279931
261	14	-2.990000	-0.180000	-6.794480	7.425460
261	16	-1.230000	-0.830000	-7.203700	7.354937
261	18	-0.530000	-1.810000	-7.069000	7.316267
261	20	1.750000	0.108000	-7.407900	7.612565
261	24	-1.493000	2.070000	-7.463000	7.887352
261	26	2.330000	0.120000	-7.222000	7.589505
261	28	0.584000	1.590000	-7.235130	7.430765
261	1	0.725000	-2.210000	-7.101000	7.472210
261	5	-1.008000	-1.130000	-7.548870	7.699247
261	7	0.650000	-0.010000	-7.373800	7.402400
261	9	0.996000	-2.490100	-6.873000	7.377719
261	13	-1.650000	-1.490000	-7.216650	7.551333
261	15	-2.620000	-0.810000	-6.930000	7.452879
261	17	1.400000	1.230000	-7.059000	7.300848
261	19	-1.300000	0.600000	-7.627800	7.761014
261	21	-0.040000	0.067000	-7.730000	7.730394
261	23	-0.030000	-0.580000	-7.512000	7.534417
261	27	1.393000	-0.420000	-7.542300	7.681350
261	29	-1.230000	-2.620000	-6.621000	7.225991
262	0	2.735000	1.170000	-6.917000	7.529543
262	4	1.470000	1.090000	-6.944300	7.181386
262	8	-1.824000	0.486000	-7.642000	7.871679
262	10	1.340000	2.000000	-6.966300	7.370545
262	12	0.220000	0.100000	-7.310100	7.314093
262	14	-2.470000	2.000000	-6.412000	7.156441
262	16	-2.540000	-0.020000	-6.831000	7.287974
262	18	1.940000	0.060000	-7.249000	7.504345
262	20	1.750000	1.455000	-7.376800	7.719890
262	24	-0.622000	1.430000	-7.305000	7.469592
262	26	-0.084000	-1.180000	-7.327000	7.421886
262	28	0.238000	1.310000	-7.209600	7.331513
262	1	-0.316000	-1.770000	-7.317000	7.534670
262	5	-0.496000	-2.810000	-7.411800	7.942096
262	7	1.430000	0.210000	-7.495300	7.633382
262	9	0.870000	-2.182400	-6.918000	7.306059
262	13	-2.320000	-1.450000	-6.862400	7.387654
262	15	-2.120000	-0.180000	-7.324000	7.626780
262	17	-1.040000	0.830000	-7.127800	7.250933
262	19	0.970000	2.450000	-6.993000	7.472981
262	21	-1.670000	1.011000	-7.361000	7.615467
262	23	-0.910000	-0.370000	-7.148400	7.215582
262	27	1.469000	2.330000	-6.940400	7.466995
262	29	-1.555000	-3.090000	-6.625000	7.473737
263	0	2.020000	0.820000	-7.204000	7.526647
263	4	0.890000	2.370000	-7.224800	7.655504
263	8	-0.269000	1.986000	-7.327000	7.596149
263	10	-0.650000	1.840000	-6.887100	7.158229
263	12	0.650000	0.730000	-7.340800	7.405589
263	14	-2.550000	1.410000	-6.871500	7.463787
263	16	-1.570000	-1.080000	-7.185700	7.434083
263	18	2.430000	-0.660000	-7.018000	7.456060
263	20	1.460000	0.776000	-7.142200	7.331084
263	24	1.265000	0.620000	-7.349000	7.482809
263	26	-0.044000	-1.630000	-7.045000	7.231242
263	28	-0.311000	2.850000	-6.748300	7.332037
263	1	-1.742000	-2.310000	-7.126500	7.691402
263	5	0.181000	-2.070000	-6.948900	7.252922
263	7	1.200000	0.420000	-7.176000	7.287755
263	9	1.580000	-0.173800	-7.064000	7.240629
263	13	-0.180000	-1.030000	-7.403000	7.476477
263	15	-0.570000	-0.650000	-7.300000	7.351014
263	17	0.440000	-0.230000	-7.299900	7.316764
263	19	0.070000	-0.270000	-7.696000	7.701053
263	21	-2.180000	-0.983000	-6.928000	7.329111
263	23	-1.230000	-1.840000	-7.002000	7.343467
263	27	0.156000	0.720000	-7.309100	7.346134
263	29	0.102000	-1.830000	-7.106000	7.338565
264	0	0.605000	-0.310000	-7.553000	7.583530
264	4	0.380000	1.290000	-7.291300	7.414281
264	8	0.490000	1.917000	-6.996900	7.271286
264	10	-1.070000	1.630000	-7.262700	7.519881
264	12	0.100000	-0.490000	-7.245800	7.263038
264	14	-0.530000	2.160000	-7.054100	7.396406
264	16	-1.450000	-0.240000	-7.185400	7.334172
264	18	0.560000	-2.090000	-7.212850	7.530399
264	20	0.750000	1.797000	-7.286100	7.541814
264	24	0.677000	2.080000	-7.305300	7.625755
264	26	1.002000	-1.660000	-7.198000	7.454583
264	28	0.488000	2.810000	-6.813400	7.386248
264	1	-1.991000	-0.310000	-7.332500	7.604324
264	5	-0.392000	-2.280000	-6.869600	7.248687
264	7	1.540000	0.080000	-7.424000	7.582465
264	9	-0.040000	-1.488100	-7.459000	7.606098
264	13	0.930000	-1.870000	-6.770000	7.084822
264	15	-1.110000	-3.330000	-6.555000	7.435659
264	17	-0.230000	0.990000	-7.577900	7.645755
264	19	-1.050000	-1.210000	-7.058000	7.237539
264	21	-1.610000	-1.097000	-7.073000	7.336405
264	23	-1.180000	-1.080000	-7.238000	7.412654
264	27	1.809000	0.490000	-7.228800	7.467806
264	29	-1.036000	-1.720000	-7.433000	7.699428
265	0	2.732000	-1.440000	-6.708000	7.384761
265	2	1.530000	0.420000	-7.433000	7.600447
265	4	-0.050000	2.840000	-6.619900	7.203553
265	8	-1.250000	1.356000	-6.996600	7.235582
265	10	0.990000	2.230000	-6.838390	7.260618
265	12	-0.160000	0.390000	-7.439100	7.451034
265	14	-0.720000	1.050000	-7.247500	7.358475
265	16	0.280000	-1.110000	-7.149400	7.240471
265	18	1.140000	0.380000	-7.337200	7.434952
265	20	0.930000	1.711000	-7.035000	7.299565
265	24	-0.173000	1.710000	-7.138000	7.342007
265	26	0.464000	-0.960000	-7.620000	7.694238
265	28	0.445000	1.400000	-7.442800	7.586389
265	1	-2.073000	-0.680000	-7.049000	7.378898
265	3	-0.260000	-0.800000	-7.414900	7.462462
265	5	-0.679000	-3.910000	-5.924300	7.130671
265	7	0.580000	-1.440000	-7.245000	7.409455
265	9	-1.790000	-2.122600	-7.340000	7.847619
265	13	1.210000	-2.500000	-6.823000	7.366643
265	15	-1.190000	-1.740000	-7.243000	7.543524
265	17	0.040000	1.200000	-7.276300	7.374696
265	19	-1.520000	0.490000	-7.113000	7.290080
265	21	-1.470000	-0.659000	-7.321000	7.496147
265	23	0.130000	-2.370000	-7.606000	7.967750
265	27	0.821000	-0.400000	-7.137100	7.195293
265	29	-0.874000	-0.720000	-7.319000	7.406081
266	0	2.324000	-1.050000	-6.663000	7.134357
266	2	1.200000	2.650000	-6.895000	7.483550
266	4	-0.570000	2.220000	-7.103550	7.464163
266	8	1.353000	0.143000	-7.255000	7.381469
266	10	0.790000	1.500000	-7.087430	7.287370
266	12	-1.110000	1.030000	-7.053600	7.214310
266	14	0.460000	0.000000	-7.243380	7.257972
266	16	-1.270000	-0.600000	-7.229500	7.364684
266	18	0.520000	0.330000	-7.385500	7.411134
266	20	2.790000	-0.197000	-7.004300	7.542090
266	26	-0.330000	-0.400000	-7.490000	7.507929
266	28	1.874000	0.510000	-6.943300	7.209812
266	1	-2.824100	-0.410000	-6.686000	7.269542
266	3	0.150000	-0.670000	-7.679000	7.709633
266	7	1.190000	-2.410000	-6.900000	7.405012
266	9	0.772000	-1.735000	-7.396000	7.635904
266	13	-0.090000	-0.780000	-7.385200	7.426822
266	15	0.410000	-1.350000	-7.238000	7.374228
266	17	-1.100000	1.260000	-7.408600	7.595061
266	19	-1.720000	0.970000	-7.285100	7.547979
266	21	-2.940000	-0.904000	-7.118000	7.754143
266	23	-0.920000	-2.430000	-6.783000	7.263635
266	27	0.324000	0.280000	-7.703000	7.714894
266	29	2.149000	0.600000	-6.916000	7.266998
267	0	2.656000	0.120000	-6.858000	7.355331
267	2	1.470000	2.040000	-7.173000	7.600949
267	4	-1.290000	1.860000	-7.048000	7.402567
267	8	-0.490000	-0.434000	-7.405800	7.434671
267	10	-1.230000	2.220000	-6.776600	7.236270
267	12	-0.660000	1.000000	-7.268900	7.366988
267	14	-1.380000	-0.580000	-7.478440	7.626786
267	16	0.070000	-1.540000	-6.900000	7.070113
267	18	2.020000	0.850000	-7.042000	7.375138
267	20	1.450000	0.822000	-7.159200	7.350669
267	26	0.552000	1.170000	-7.521000	7.631451
267	28	2.030000	1.810000	-7.073790	7.578622
267	1	-1.664800	-0.670000	-7.504000	7.715599
267	3	-0.960000	-1.220000	-7.307000	7.470090
267	7	1.120000	-1.220000	-7.127000	7.316893
267	9	-1.630000	-0.794000	-7.155000	7.381149
267	13	0.190000	0.050000	-7.400000	7.402608
267	15	1.660000	-2.670000	-6.656000	7.361171
267	17	-0.300000	-0.150000	-7.301600	7.309300
267	19	-0.990000	0.430000	-7.475470	7.552990
267	21	-3.290000	0.817000	-6.974000	7.754242
267	23	-1.340000	-1.580000	-7.153000	7.446973
267	27	1.720000	-0.380000	-7.071600	7.287683
267	29	0.704000	-1.420000	-7.389000	7.557072
268	0	2.229000	1.700000	-7.168000	7.696666
268	2	1.450000	1.460000	-7.199000	7.487303
268	4	-0.340000	1.950000	-6.754000	7.038083
268	8	-1.650000	-0.858200	-7.040400	7.281912
268	10	0.790000	1.420000	-7.280100	7.459246
268	12	-0.230000	1.740000	-7.175400	7.386939
268	14	-1.070000	-1.460000	-7.011070	7.240967
268	16	-0.880000	-0.470000	-7.589000	7.654294
268	18	1.160000	1.180000	-7.063600	7.254822
268	20	1.800000	-0.997000	-7.410200	7.690583
268	24	0.524000	-0.040000	-7.516000	7.534350
268	26	1.205000	1.780000	-6.913000	7.239475
268	28	0.135000	-0.270000	-7.143500	7.149875
268	1	-1.195000	-0.020000	-7.292000	7.389296
268	3	-1.170000	-2.590000	-6.929870	7.490000
268	5	-1.159000	-3.240000	-6.664200	7.500163
268	7	1.520000	-1.940000	-6.922000	7.347658
268	9	-0.630000	-0.215000	-7.313000	7.343235
268	13	1.770000	0.210000	-7.020000	7.242748
268	15	1.380000	-1.420000	-6.879000	7.158313
268	17	1.720000	-0.390000	-7.293507	7.503715
268	19	-1.360000	0.310000	-7.202600	7.336426
268	21	-0.970000	1.036000	-7.094200	7.234768
268	23	-0.100000	0.110000	-7.654000	7.655444
268	27	0.903000	0.170000	-7.406000	7.462784
268	29	-0.565000	-2.160000	-6.981000	7.329337
269	0	2.800000	2.270000	-6.733000	7.637158
269	2	0.420000	0.270000	-7.377000	7.393878
269	4	-2.430000	2.200000	-6.424500	7.212427
269	8	0.710000	-0.975000	-7.417900	7.515315
269	10	1.401000	0.290000	-7.234600	7.374709
269	12	-1.260000	1.570000	-7.315100	7.587041
269	14	-0.130000	0.900000	-7.346300	7.402366
269	16	-1.640000	-1.530000	-7.081000	7.427722
269	18	2.550000	1.790000	-6.865000	7.538888
269	20	1.840000	0.595000	-7.247000	7.500576
269	24	0.801000	1.000000	-7.025000	7.140884
269	26	2.976000	0.600000	-6.617000	7.280197
269	28	-0.476000	-0.490000	-7.464000	7.495197
269	1	-2.926000	0.210000	-6.653000	7.271037
269	3	-0.910000	-1.900000	-7.361000	7.656528
269	5	-0.532000	-2.680000	-6.830000	7.356244
269	7	1.670000	0.530000	-7.229000	7.438296
269	9	-0.200000	-1.813000	-7.217000	7.443928
269	13	0.450000	-1.310000	-7.605000	7.730112
269	15	1.690000	-1.910000	-6.703000	7.171779
269	17	0.020000	-0.450000	-7.330100	7.343927
269	19	-1.600000	-0.160000	-6.983000	7.165744
269	21	-2.130000	0.491000	-7.144700	7.471594
269	23	-0.059000	-1.400000	-7.533000	7.662217
269	27	-1.163000	0.780000	-7.325500	7.458144
269	29	-1.219000	-1.540000	-7.348000	7.605962
270	0	2.411000	0.590000	-6.851000	7.286784
270	2	-1.200000	1.420000	-7.525000	7.751260
270	4	-2.670000	2.450000	-6.637700	7.562438
270	8	-0.120000	0.340000	-7.502760	7.511418
270	10	0.340000	0.150000	-7.260730	7.270234
270	12	-1.210000	0.210000	-7.170600	7.275005
270	14	-0.650000	0.230000	-7.096000	7.129419
270	16	-1.800000	-1.660000	-7.026000	7.440449
270	18	2.460000	1.180000	-7.247600	7.744140
270	20	1.750000	1.470000	-7.058600	7.419382
270	24	2.560000	2.870000	-6.140000	7.245005
270	26	1.306100	0.290000	-7.200000	7.323250
270	28	-0.795000	2.220000	-7.261300	7.634586
270	1	-3.578000	-0.700000	-6.674100	7.604978
270	3	0.290000	0.130000	-7.249000	7.255963
270	5	-0.204000	-2.180000	-6.780000	7.124775
270	7	1.720000	0.470000	-7.042000	7.264232
270	9	-2.280000	-0.858000	-7.384000	7.775476
270	13	-1.320000	-2.020000	-6.865000	7.276745
270	15	1.030000	-1.520000	-7.521000	7.741882
270	17	1.260000	0.610000	-7.224600	7.358977
270	19	-3.320000	0.630000	-6.784890	7.579844
270	21	-0.410000	-1.004000	-7.523700	7.601459
270	23	-0.090000	-1.660000	-6.929000	7.125640
270	27	-2.759000	1.840000	-6.749100	7.519843
270	29	-2.084000	-0.620000	-7.223000	7.543155
271	0	3.261000	0.280000	-6.586000	7.354449
271	2	0.320000	0.800000	-7.472000	7.521515
271	4	-0.580000	1.850000	-7.325200	7.577431
271	8	1.590000	-0.222000	-7.017200	7.198505
271	10	0.929000	0.860000	-7.179000	7.289766
271	12	-0.190000	0.020000	-7.387900	7.390370
271	14	-2.020000	-0.680000	-7.289000	7.594229
271	16	-1.970000	-0.660000	-7.099000	7.396776
271	18	1.540000	2.080000	-7.169000	7.621848
271	20	2.860000	1.540000	-6.381000	7.160193
271	24	0.855000	2.890000	-6.741000	7.384051
271	26	2.521000	1.540000	-6.988000	7.586777
271	28	-0.073000	1.260000	-7.446770	7.552967
271	1	-2.047000	-1.750000	-7.008000	7.507648
271	3	-0.770000	-1.050000	-7.379000	7.492999
271	5	-2.031000	-2.840000	-6.758800	7.607361
271	7	1.820000	-1.330000	-7.550000	7.879327
271	9	0.030000	-0.207000	-7.304000	7.306994
271	13	0.950000	-2.140000	-7.097000	7.473253
271	15	1.960000	-2.210000	-6.687000	7.310381
271	17	0.840000	-0.430000	-6.939700	7.003566
271	19	-2.880000	-1.563000	-6.842430	7.586581
271	21	0.470000	0.868000	-7.412360	7.477794
271	23	0.606000	-0.680000	-7.264000	7.320883
271	27	-1.126000	1.190000	-7.012900	7.201718
271	29	-1.526000	-1.080000	-7.277000	7.513309
272	0	3.475000	-0.760000	-6.719000	7.602512
272	2	0.900000	0.710000	-7.170000	7.261061
272	4	-1.310000	0.100000	-7.118300	7.238529
272	8	1.590000	0.657000	-7.394200	7.591702
272	10	-0.159000	1.700000	-7.266200	7.464110
272	12	-1.020000	-0.990000	-7.554190	7.686760
272	14	-1.250000	0.400000	-7.297900	7.414974
272	16	-1.150000	-0.740000	-7.290000	7.417156
272	18	2.640000	1.550000	-6.678000	7.346277
272	20	2.290000	1.437000	-7.020100	7.522691
272	24	1.847000	1.800000	-7.014000	7.473126
272	26	3.382000	-0.370000	-6.758000	7.566068
272	28	-0.920000	1.090000	-7.215300	7.354934
272	1	-2.016000	-1.740000	-6.999000	7.488515
272	3	0.920000	-0.580000	-7.312200	7.392636
272	5	-0.280000	-1.240000	-7.210000	7.321209
272	7	0.390000	-0.100000	-7.349000	7.360020
272	9	-1.550000	-0.295000	-6.879000	7.057632
272	13	1.320000	-1.130000	-7.024000	7.235736
272	15	0.880000	-1.260000	-7.013000	7.179427
272	17	2.230000	0.910000	-6.936600	7.342848
272	19	-4.460000	0.610000	-5.741290	7.295623
272	21	-0.490000	-0.220000	-7.492900	7.512127
272	23	1.919000	-2.200000	-6.799000	7.399254
272	27	-0.673000	0.080000	-7.474200	7.504865
272	29	0.148000	0.150000	-7.311500	7.314536
273	0	1.913000	-0.320000	-7.125000	7.384280
273	2	0.420000	-0.820000	-7.518000	7.574241
273	4	0.000000	3.790000	-6.440500	7.472894
273	8	1.330000	0.714000	-7.275000	7.429961
273	10	-0.868000	1.830000	-7.226000	7.504492
273	12	-1.160000	-0.270000	-6.999300	7.099908
273	14	-0.760000	-0.560000	-7.191400	7.253098
273	16	-0.650000	-2.570000	-6.599000	7.111554
273	18	3.110000	1.520000	-6.357000	7.238366
273	20	1.050000	-1.088000	-7.150000	7.308129
273	24	2.144000	1.510000	-6.993000	7.468526
273	26	3.168900	1.900000	-7.155000	8.052698
273	28	-1.798000	-0.950000	-6.969700	7.260305
273	1	-4.057000	0.010000	-6.459000	7.627452
273	3	0.560000	-1.090000	-6.972200	7.079073
273	5	-0.540000	-1.010000	-7.427000	7.514787
273	7	0.390000	0.650000	-7.463000	7.501398
273	9	-0.700000	-0.697000	-7.320000	7.386353
273	13	0.770000	0.130000	-7.204700	7.246896
273	15	2.190000	0.130000	-7.161000	7.489521
273	17	1.750000	-0.600000	-7.071000	7.309004
273	19	-3.040000	0.630000	-6.421100	7.132252
273	21	-0.560000	-0.416000	-7.468200	7.500711
273	23	1.432000	-1.060000	-7.206500	7.423467
273	27	-1.907000	1.420000	-6.872200	7.271876
273	29	-0.114000	-0.400000	-7.403000	7.414675
274	0	2.065000	-0.430000	-7.000000	7.310891
274	2	-0.250000	-0.250000	-7.359000	7.367488
274	4	-1.280000	2.530000	-7.273700	7.806793
274	8	-0.090000	0.839000	-7.204500	7.253747
274	10	0.896000	0.860000	-7.296200	7.401145
274	12	0.820000	-0.120000	-7.665200	7.709870
274	14	0.290000	-2.060000	-7.112100	7.410106
274	16	-1.740000	0.090000	-7.334000	7.538120
274	18	3.100000	0.000000	-6.839000	7.508790
274	20	0.170000	0.859000	-6.936000	6.991057
274	24	0.230000	0.540000	-7.405000	7.428225
274	26	2.063400	-1.170000	-7.069000	7.456358
274	28	-0.260000	1.650000	-7.311400	7.499778
274	1	-3.555000	-0.580000	-6.690000	7.598061
274	3	0.100000	0.260000	-7.430000	7.435220
274	5	-2.211000	-0.820000	-7.028000	7.413077
274	7	1.260000	0.910000	-7.544000	7.702444
274	9	-2.390000	-1.340000	-6.986000	7.504125
274	13	1.740000	0.990000	-7.183000	7.456755
274	15	0.410000	0.010000	-7.361000	7.372416
274	17	-0.200000	0.910000	-7.334800	7.393740
274	19	-2.350000	2.690000	-6.739400	7.627458
274	21	-0.400000	1.383000	-7.388270	7.527232
274	23	2.266000	-2.090000	-6.786000	7.453365
274	27	-1.996000	0.360000	-7.118200	7.401512
274	29	0.477000	-1.200000	-7.353000	7.465530
275	0	3.221000	-0.400000	-6.243000	7.036326
275	2	-1.670000	0.400000	-7.224000	7.425300
275	4	-0.770000	2.070000	-7.109700	7.444839
275	8	0.530000	0.249000	-7.491000	7.513853
275	10	-0.490000	1.170000	-7.368800	7.477180
275	12	-1.280000	0.920000	-7.078600	7.251991
275	14	-1.380000	-0.780000	-7.191400	7.364037
275	16	-0.760000	-1.390000	-7.013000	7.189706
275	18	4.670000	-0.440000	-5.889000	7.528799
275	20	3.250000	0.685000	-6.876000	7.636171
275	24	2.410000	-1.380000	-6.916000	7.452755
275	26	0.381000	-0.470000	-6.991000	7.017132
275	28	-0.575000	0.920000	-7.242200	7.323011
275	1	-1.892000	-1.540000	-7.071000	7.479994
275	3	0.970000	0.500000	-7.306000	7.387052
275	5	0.130000	-3.100000	-6.886000	7.552741
275	7	0.680000	1.300000	-7.127000	7.276437
275	9	-3.090000	-1.610000	-6.301000	7.200195
275	13	0.360000	0.930000	-7.100000	7.169693
275	15	-1.500000	-0.980000	-7.074000	7.297388
275	17	1.240000	1.650000	-6.891900	7.194330
275	19	-1.670000	1.110000	-7.475000	7.739291
275	21	-0.300000	0.188000	-7.367100	7.375602
275	23	1.198000	-1.780000	-6.917000	7.242133
275	27	-2.785000	1.190000	-6.652700	7.309634
275	29	-0.679000	-1.130000	-7.193000	7.312810
276	0	0.450000	1.170000	-7.491000	7.595162
276	2	-0.220000	0.830000	-7.322000	7.372176
276	4	0.150000	0.900000	-7.339700	7.396195
276	10	-1.468000	2.230000	-7.168700	7.649718
276	12	-0.820000	1.430000	-6.994000	7.185634
276	14	-2.210000	0.440000	-7.027800	7.380222
276	16	-0.650000	-0.600000	-7.236000	7.289869
276	18	4.010000	-1.300000	-6.052000	7.375419
276	20	0.760000	1.683000	-7.291300	7.521512
276	24	0.606000	0.490000	-7.299000	7.340486
276	26	2.144000	-0.980000	-7.328000	7.697839
276	28	0.834000	-0.170000	-7.174800	7.225110
276	1	-2.965000	-1.440000	-6.794000	7.551375
276	3	0.330000	-0.350000	-7.499000	7.514413
276	5	-2.250000	-2.150000	-7.352000	7.983540
276	7	1.440000	1.440000	-7.295000	7.573917
276	13	-0.820000	-0.510000	-7.424340	7.486877
276	15	-0.020000	-1.300000	-7.124000	7.241669
276	17	1.750000	2.290000	-7.033100	7.600730
276	19	-1.540000	2.220000	-6.856900	7.370012
276	21	-1.530000	0.617000	-7.390900	7.572780
276	23	0.273000	-1.970000	-7.128600	7.400836
276	27	-1.259000	1.870000	-7.203900	7.548388
276	29	-0.973000	-0.460000	-7.442900	7.520312
277	0	1.458000	-0.060000	-7.240000	7.385592
277	2	1.580000	-0.370000	-7.083000	7.266511
277	4	-1.240000	2.610000	-7.041100	7.610965
277	10	0.186000	2.100000	-7.170200	7.473712
277	12	-1.740000	1.550000	-7.137700	7.508453
277	14	-1.570000	0.950000	-7.618000	7.835900
277	16	-2.610000	-0.780000	-6.755000	7.283579
277	18	2.750000	0.330000	-6.908000	7.442571
277	20	0.300000	1.216000	-7.324010	7.430328
277	24	-0.280000	1.680000	-7.116000	7.316984
277	26	2.615330	-1.790000	-6.753000	7.459696
277	28	0.603000	-0.500000	-7.478400	7.519314
277	1	-1.325000	-0.590000	-6.933000	7.083094
277	3	0.780000	-0.530000	-7.173200	7.234922
277	5	-1.620000	-0.070000	-6.913500	7.101111
277	7	2.150000	0.380000	-7.485000	7.796930
277	13	0.040000	0.260000	-7.522000	7.526598
277	15	-1.930000	-0.200000	-7.756600	7.995608
277	17	-0.720000	1.650000	-7.072400	7.297927
277	19	-2.960000	1.340000	-6.860400	7.590935
277	21	-2.460000	-0.449000	-7.029000	7.460566
277	23	2.214000	-1.100000	-7.047400	7.468443
277	27	-1.118000	0.100000	-7.290600	7.376501
277	29	-0.904000	0.010000	-7.435000	7.489762
278	0	1.629000	-0.640000	-7.222000	7.431051
278	2	1.000000	0.820000	-7.137000	7.253218
278	4	-0.390000	2.890000	-6.775000	7.375963
278	10	-1.611000	2.920000	-6.958900	7.716736
278	12	-1.630000	0.830000	-7.239900	7.467393
278	14	-2.040000	-0.170000	-7.094400	7.383834
278	16	-0.770000	-3.820000	-6.435000	7.522933
278	18	2.740000	-2.356000	-6.551000	7.481573
278	20	0.010000	1.084000	-7.071600	7.154207
278	24	-0.850000	-0.530000	-7.262000	7.330760
278	26	1.602790	-1.890000	-7.386000	7.790637
278	28	1.410000	0.190000	-7.187800	7.327255
278	1	0.033000	-2.080000	-6.685000	7.001194
278	3	-0.410000	-0.870000	-7.265700	7.329079
278	5	-0.930000	-2.020000	-7.296000	7.627379
278	7	-0.270000	-1.350000	-7.637000	7.760101
278	13	-0.100000	-0.530000	-7.594400	7.613528
278	15	-0.200000	-0.700000	-7.413000	7.448662
278	17	0.640000	0.580000	-7.528000	7.577386
278	19	-1.170000	2.160000	-7.300000	7.702240
278	21	-1.460000	-2.426000	-7.014000	7.563946
278	23	0.662000	-1.330000	-7.227500	7.378611
278	27	-1.355000	0.540000	-7.110700	7.258766
278	29	-1.287000	0.200000	-7.446000	7.559053
279	0	-0.146000	-0.030000	-7.417000	7.418497
279	2	1.530000	0.880000	-7.103000	7.319010
279	4	-0.830000	1.860000	-7.471700	7.744340
279	10	-0.303000	3.454000	-6.123000	7.036551
279	12	1.090000	0.440000	-7.292200	7.386331
279	14	-1.120000	0.820000	-7.509000	7.636222
279	16	-0.980000	-1.240000	-7.309600	7.478519
279	18	1.530000	-0.372000	-7.571200	7.733198
279	20	-1.390000	2.122000	-7.077800	7.518659
279	24	0.840000	-0.530000	-7.465000	7.530785
279	28	0.907400	0.380000	-7.244000	7.310493
279	1	-0.488000	-1.630000	-7.305000	7.500538
279	3	-0.900000	-0.390000	-7.320000	7.385425
279	5	0.570000	-1.560000	-7.144300	7.334816
279	7	1.080000	-1.540000	-6.956000	7.205827
279	13	-0.510000	-0.950000	-7.401700	7.479824
279	15	0.460000	-2.240000	-7.056000	7.417300
279	17	-0.250000	3.730000	-6.321200	7.343907
279	19	-0.630000	4.780000	-5.702700	7.467669
279	21	2.150000	0.264000	-7.024100	7.350522
279	23	0.107000	-1.940000	-6.879780	7.148876
279	29	-0.984000	-1.100000	-7.423000	7.568301
280	0	1.082000	0.540000	-7.301000	7.400468
280	2	0.100000	0.860000	-7.146000	7.198258
280	4	-1.410000	2.650000	-6.877820	7.504333
280	10	0.242000	2.570000	-6.904500	7.371267
280	12	1.100000	0.460000	-7.726500	7.817954
280	14	-1.910000	1.520000	-6.897000	7.316222
280	16	0.170000	-2.490000	-7.019200	7.449709
280	18	2.500000	-1.560000	-6.809000	7.419305
280	20	-0.570000	0.987000	-7.428600	7.515528
280	24	-0.227000	0.180000	-7.675000	7.680466
280	26	0.788000	-1.870000	-6.847000	7.141376
280	28	0.372000	0.270000	-7.264000	7.278529
280	1	-0.029000	-1.670000	-7.207000	7.398013
280	3	-1.510000	-0.900000	-7.181700	7.393708
280	5	-1.781000	-0.500000	-7.390700	7.618688
280	7	1.020000	-0.650000	-7.345000	7.443919
280	13	-0.020000	-1.190000	-7.239900	7.337074
280	15	0.940000	-1.380000	-7.242000	7.431996
280	17	-0.860000	2.930000	-6.741300	7.400650
280	19	-0.370000	1.260000	-7.029800	7.151405
280	21	0.380000	-1.675000	-7.182000	7.384521
280	23	1.128000	-3.200000	-6.585800	7.408451
280	27	-2.414200	0.270000	-6.994900	7.404721
280	29	-0.012000	0.230000	-7.494000	7.497538
281	0	0.590000	1.150000	-7.487000	7.597748
281	2	-0.540000	0.800000	-7.174000	7.238638
281	4	-0.500000	0.260000	-7.646000	7.666741
281	10	-0.196000	1.850000	-7.371700	7.602820
281	12	0.910000	1.190000	-7.499700	7.647856
281	14	-0.070000	-1.180000	-7.359000	7.453334
281	16	-0.340000	-2.390000	-7.017000	7.420646
281	18	2.130000	-1.840000	-7.014000	7.557691
281	20	-0.390000	-0.319000	-7.442500	7.459535
281	24	0.746000	0.160000	-7.451000	7.489961
281	26	0.337000	-1.370000	-7.384000	7.517574
281	28	0.121000	-2.430000	-6.779900	7.203234
281	1	-0.693000	-1.730000	-7.746000	7.967036
281	3	0.250000	-1.300000	-7.705000	7.817898
281	5	-2.290000	0.100000	-7.026000	7.390452
281	7	2.100000	-1.290000	-6.876000	7.304346
281	13	-0.640000	0.600000	-7.177800	7.231211
281	15	0.180000	-4.020000	-6.220000	7.408185
281	17	0.390000	2.020000	-7.228600	7.515661
281	19	-2.120000	-0.120000	-7.404300	7.702757
281	21	-0.140000	0.778000	-7.344900	7.387316
281	23	1.147000	-3.170000	-6.422000	7.253040
281	27	-1.561000	1.260000	-7.334700	7.604087
281	29	1.520000	-0.340000	-7.315000	7.478986
282	0	-1.156000	1.530000	-7.385000	7.629906
282	2	0.200000	0.530000	-7.537000	7.558258
282	10	-0.003000	1.350000	-7.385600	7.507969
282	12	0.050000	1.190000	-7.029900	7.130084
282	14	0.870000	2.300000	-6.995000	7.414643
282	16	-0.450000	-1.610000	-7.296600	7.485651
282	18	1.940000	1.104000	-7.141000	7.481731
282	20	0.400000	-1.205000	-7.435500	7.543122
282	24	0.845000	-0.490000	-7.526000	7.589124
282	26	0.302000	0.230000	-7.363000	7.372779
282	28	-1.815000	-1.570000	-7.267500	7.653475
282	1	1.275000	-2.180000	-6.920000	7.366439
282	3	2.260000	-1.810000	-6.847200	7.434235
282	5	-0.802000	-2.590000	-6.871000	7.386606
282	7	2.360000	0.730000	-6.813000	7.247032
282	13	-2.040000	1.200000	-7.001000	7.390237
282	17	1.160000	2.190000	-6.864000	7.297684
282	19	-0.680000	0.294000	-7.604000	7.640003
282	21	1.220000	0.600000	-7.347700	7.472422
282	23	-0.440000	-2.550000	-7.268600	7.715481
282	27	-0.558000	0.030000	-7.377600	7.398733
282	29	0.546000	1.650000	-7.243000	7.448602
283	0	-2.153000	1.450000	-6.818000	7.295412
283	2	0.430000	0.970000	-7.453000	7.528148
283	10	0.578000	3.380000	-6.738500	7.560811
283	12	-0.110000	0.230000	-7.313000	7.317443
283	14	-2.320000	0.330000	-7.199000	7.570793
283	16	0.010000	-1.440000	-6.978000	7.125039
283	18	2.030000	0.369000	-6.989700	7.287864
283	20	-0.790000	-1.071000	-7.404700	7.523345
283	24	1.086000	1.050000	-7.365000	7.518319
283	26	-0.237000	0.420000	-7.653000	7.668180
283	28	-1.309000	-3.680000	-6.160000	7.293935
283	1	0.964000	-1.840000	-7.159000	7.454272
283	3	2.070000	-0.430000	-6.882900	7.200286
283	5	-0.760000	-1.650000	-7.466000	7.683831
283	7	1.940000	0.540000	-7.041000	7.323311
283	13	-0.980000	-0.550000	-7.380450	7.465517
283	17	0.280000	0.950000	-7.511510	7.576522
283	19	-0.750000	0.145000	-7.168642	7.209227
283	21	0.760000	0.636000	-7.382800	7.449015
283	23	-0.172000	-1.630000	-7.195000	7.379330
283	27	-2.223000	-0.400000	-7.134400	7.483408
283	29	0.351300	2.000000	-7.116000	7.400059
284	0	-2.875000	1.940000	-6.294000	7.186352
284	2	-1.810000	0.080000	-7.386000	7.604965
284	10	1.624000	3.869000	-6.182110	7.471614
284	12	-0.340000	0.130000	-7.352100	7.361106
284	14	-2.640000	-0.910000	-6.954000	7.493718
284	16	-0.330000	-0.900000	-7.352000	7.414230
284	18	2.060000	-1.340000	-7.086000	7.500040
284	20	0.940000	0.313000	-7.155000	7.223268
284	24	0.243000	0.010000	-7.285000	7.289059
284	26	1.386000	0.760000	-7.120000	7.293353
284	28	0.187000	-3.710000	-6.576000	7.552671
284	1	0.849000	-1.480000	-7.222000	7.420814
284	3	2.000000	-1.450000	-6.793500	7.228703
284	5	-0.350000	-1.580000	-7.061000	7.244075
284	7	1.730000	-0.810000	-7.118000	7.369866
284	13	-0.850000	-0.660000	-7.534800	7.611262
284	17	0.890000	0.980000	-7.562600	7.677592
284	19	-1.010000	-0.330000	-7.437000	7.512521
284	21	0.510000	1.757000	-7.334900	7.559623
284	23	-0.466000	-2.060000	-7.221000	7.523536
284	27	0.064000	-0.010000	-7.394900	7.395184
284	29	1.138700	1.900000	-7.137000	7.472845
285	0	-2.540000	1.320000	-6.764000	7.344773
285	2	-0.360000	0.220000	-7.133000	7.145466
285	10	1.543000	2.670000	-7.006000	7.654658
285	12	2.280000	0.410000	-6.560000	6.957018
285	14	-1.840000	-0.380000	-7.060000	7.305724
285	16	0.440000	-1.450000	-7.206000	7.363595
285	18	2.690000	-0.546000	-6.662000	7.205308
285	20	0.270000	-0.929000	-7.144000	7.209208
285	24	0.380000	2.470000	-6.846000	7.287868
285	26	1.061000	-1.290000	-6.971000	7.168310
285	28	-0.248700	-4.110000	-6.280000	7.509484
285	1	-0.310000	-1.280000	-7.435000	7.550743
285	3	2.030000	-2.620000	-6.570300	7.358950
285	5	-1.700000	1.150000	-7.394000	7.673574
285	7	2.320000	1.110000	-6.908000	7.371225
285	13	1.480000	1.210000	-6.973500	7.230782
285	17	1.590000	1.250000	-7.068160	7.351836
285	19	-0.390000	1.500000	-7.645400	7.800913
285	21	-1.410000	0.628000	-7.126580	7.291819
285	23	0.607000	-2.630000	-6.747000	7.266867
285	27	-1.071000	-0.240000	-7.296700	7.378785
285	29	-0.653500	1.460000	-7.331000	7.503481
286	0	0.680000	1.350000	-7.051000	7.211207
286	2	-0.570000	0.090000	-7.364000	7.386575
286	10	1.573000	1.160000	-6.968200	7.237109
286	12	1.970000	-1.110000	-7.027200	7.382042
286	14	-2.270000	-0.290000	-6.975000	7.340819
286	16	-0.450000	-0.310000	-7.151300	7.172147
286	18	2.130000	-1.035000	-6.727000	7.131666
286	20	1.400000	0.220000	-7.165000	7.303809
286	24	0.700000	0.210000	-7.007000	7.045009
286	26	1.646000	-1.290000	-6.813000	7.126737
286	28	1.820300	-2.040000	-7.030800	7.543689
286	1	1.330000	-1.390000	-7.562000	7.802874
286	3	-0.200000	-1.280000	-7.237470	7.352508
286	5	-0.920000	-2.480000	-6.905000	7.394310
286	7	-0.220000	-0.170000	-7.364000	7.369247
286	13	0.420000	-0.280000	-7.496800	7.513775
286	17	-0.330000	0.200000	-7.237300	7.247580
286	19	-1.880000	1.370000	-6.775800	7.163991
286	21	-0.840000	0.427000	-7.280800	7.341524
286	23	-0.834000	-2.460000	-7.182000	7.637295
286	27	-1.043000	0.150000	-7.377000	7.451877
286	29	0.729000	2.040000	-7.376000	7.687549
287	0	1.569000	0.590000	-7.281000	7.471467
287	2	1.230000	1.060000	-7.385000	7.561397
287	10	1.190000	1.860000	-6.939500	7.282332
287	12	-0.160000	-0.580000	-7.648900	7.672527
287	16	0.700000	0.220000	-7.416000	7.452211
287	18	2.300000	-0.969000	-6.706000	7.155375
287	20	2.140000	-0.607000	-6.797000	7.151731
287	24	-0.100000	1.140000	-7.238000	7.327909
287	26	2.136000	-0.470000	-7.196000	7.521025
287	28	-0.334600	-3.405000	-6.858900	7.664887
287	1	1.234000	-1.180000	-7.341000	7.536938
287	3	0.260000	0.230000	-7.679400	7.687242
287	5	-1.130000	-2.260000	-7.052000	7.491008
287	13	0.370000	0.200000	-7.089800	7.102265
287	17	0.050000	0.750000	-7.340700	7.379084
287	19	-0.530000	2.280000	-7.286200	7.652974
287	21	-1.220000	-0.407000	-7.208800	7.322626
287	23	-2.602000	-1.450000	-6.753000	7.380780
287	27	-1.023000	-1.170000	-7.260900	7.425369
287	29	-0.929100	2.030000	-6.702000	7.064059
288	0	1.205000	0.500000	-7.195000	7.312322
288	2	0.000000	-0.020000	-7.200000	7.200028
288	10	2.302000	0.460000	-7.125600	7.502332
288	12	-1.020000	-0.560000	-7.240700	7.333603
288	16	1.670000	-0.720000	-6.808000	7.046713
288	18	2.410000	-3.548000	-6.398000	7.702649
288	20	1.970000	0.392000	-6.933000	7.218106
288	24	1.040000	-0.640000	-7.060000	7.164831
288	26	0.546000	1.630000	-7.486000	7.680834
288	28	0.000000	-2.370000	-6.987000	7.378013
288	1	-0.467000	-1.480000	-7.364000	7.525755
288	3	0.120000	0.070000	-7.510000	7.511285
288	5	0.830000	-1.650000	-7.182000	7.415694
288	13	-0.140000	-0.120000	-7.369200	7.371507
288	17	-0.320000	-0.030000	-7.424500	7.431453
288	19	-0.360000	2.190000	-6.885200	7.234064
288	21	-1.460000	-0.445000	-7.261400	7.420078
288	23	-2.048000	-1.790000	-7.058000	7.563978
288	27	-1.148000	0.720000	-7.451800	7.574010
288	29	-0.320000	3.230000	-6.502000	7.267139
289	0	1.630000	-0.270000	-7.323000	7.507072
289	2	-0.540000	-1.810000	-7.310000	7.550086
289	10	1.867000	3.310000	-6.413500	7.454849
289	12	-1.780000	1.190000	-6.891200	7.216172
289	16	0.460000	-1.780000	-6.994900	7.232470
289	18	1.500000	-2.376000	-6.812000	7.368767
289	20	0.210000	0.311000	-7.279700	7.289366
289	24	-0.890000	1.540000	-6.960000	7.183683
289	26	0.071000	1.410000	-7.335000	7.469630
289	28	-0.581000	-2.730000	-6.907000	7.449638
289	1	1.696000	-0.090000	-7.036000	7.238081
289	3	-0.710000	0.400000	-7.358200	7.403189
289	5	-1.870000	-0.670000	-7.339000	7.603073
289	13	0.390000	0.250000	-7.404700	7.419177
289	17	0.190000	-2.350000	-7.055100	7.438618
289	19	-2.570000	2.090000	-6.690200	7.465372
289	21	-3.230000	-0.498000	-6.914700	7.648136
289	23	-0.459000	0.600000	-7.292500	7.331524
289	27	-2.041000	0.580000	-7.088500	7.399251
289	29	0.119000	2.680000	-6.945000	7.445105
290	0	1.040000	0.350000	-7.106000	7.190225
290	2	-0.010000	-1.440000	-6.997000	7.143648
290	10	1.321000	2.090000	-6.719282	7.159741
290	12	-0.620000	-0.760000	-6.907000	6.976292
290	16	1.000000	3.130000	-6.622000	7.392414
290	18	0.870000	-2.671000	-6.568800	7.144248
290	20	0.960000	0.745000	-7.209600	7.311290
290	24	0.250000	1.490000	-7.187000	7.344084
290	26	1.429000	-0.770000	-7.300000	7.478298
290	28	-0.495000	-2.960000	-7.242600	7.839763
290	1	-1.100000	0.870000	-7.395000	7.526814
290	3	0.770000	0.140000	-7.508100	7.548779
290	5	0.310000	-0.890000	-7.082000	7.144433
290	13	-0.740000	-0.590000	-6.973500	7.037429
290	17	1.230000	-0.800000	-7.388800	7.533078
290	19	-2.600000	1.860000	-6.227800	7.000364
290	21	0.140000	-2.143000	-7.048700	7.368597
290	23	-1.265000	-1.700000	-7.129000	7.437262
290	27	-0.309000	-1.100000	-7.317660	7.406324
290	29	-0.392000	2.370000	-6.763000	7.176958
291	0	-0.170000	-0.600000	-7.062000	7.089481
291	2	0.260000	-0.610000	-7.617000	7.645809
291	10	0.654000	2.804000	-6.662850	7.258354
291	12	-0.390000	-0.030000	-7.038000	7.048861
291	16	0.310000	1.140000	-7.167400	7.264112
291	18	1.400000	-0.378000	-7.447300	7.587171
291	20	2.030000	0.419000	-6.892000	7.196952
291	24	0.360000	1.010000	-7.211000	7.290283
291	26	2.881000	0.100000	-6.885000	7.464140
291	28	-0.576000	-2.080000	-7.211900	7.527927
291	1	-0.540000	0.330000	-7.298000	7.325388
291	3	1.650000	1.290000	-6.815100	7.129670
291	5	1.670000	-0.010000	-7.598200	7.779566
291	13	0.700000	0.700000	-7.413600	7.479403
291	17	-0.100000	-3.520000	-6.336000	7.248813
291	19	-0.010000	3.100000	-6.424900	7.133683
291	21	-0.870000	-2.026000	-6.907100	7.250490
291	23	-0.078000	-1.800000	-6.906000	7.137151
291	27	-0.452000	-0.080000	-7.380000	7.394262
291	29	0.485000	2.970000	-6.713000	7.356663
292	0	-0.340000	0.920000	-6.990000	7.058477
292	2	-0.760000	-0.640000	-7.590000	7.654757
292	10	0.226000	2.985000	-6.630400	7.274854
292	12	-1.570000	-0.720000	-7.194800	7.399219
292	16	-1.080000	2.690000	-6.665000	7.268062
292	18	0.960000	-2.070000	-6.882000	7.250409
292	20	-0.500000	2.177000	-6.946100	7.296412
292	24	-0.170000	-0.220000	-7.672000	7.677036
292	26	2.970000	-0.750000	-6.974000	7.617091
292	28	-0.868000	-4.110000	-6.068400	7.380447
292	1	-0.550000	0.810000	-7.264000	7.329686
292	3	0.130000	2.300000	-7.055200	7.421775
292	5	1.403000	-2.990000	-6.783300	7.544645
292	13	0.620000	0.560000	-7.231700	7.279800
292	17	0.530000	-1.800000	-7.501700	7.732813
292	19	-1.000000	0.020000	-7.384570	7.451998
292	21	-2.190000	-1.639000	-7.108200	7.616359
292	23	-0.720000	-1.510000	-7.307900	7.496926
292	27	-0.883000	0.170000	-7.443000	7.497122
292	29	0.136000	1.390000	-7.379000	7.510009
293	0	-2.060000	-2.600000	-6.525000	7.319783
293	2	-0.400000	-2.630000	-7.092000	7.574521
293	10	0.754000	1.618000	-7.120500	7.340842
293	12	-1.310000	-1.360000	-7.272800	7.513942
293	14	-2.360000	-0.530000	-6.837800	7.253000
293	16	0.290000	2.940000	-6.612000	7.241978
293	18	-0.100000	-1.439000	-7.063000	7.208793
293	20	-0.360000	2.085000	-7.035800	7.347061
293	24	0.210000	-0.510000	-7.140000	7.161271
293	26	2.421000	-0.500000	-6.495000	6.949551
293	28	-1.201000	-2.889000	-6.730000	7.421699
293	1	0.480000	2.190000	-7.094000	7.439848
293	3	0.340000	0.370000	-7.254200	7.271583
293	5	0.970000	-2.820000	-7.423100	7.999732
293	7	0.070000	-0.260000	-7.521000	7.525818
293	13	1.820000	0.790000	-7.299000	7.563855
293	17	0.030000	-0.790000	-7.416900	7.458915
293	19	0.880000	1.480000	-6.980790	7.190009
293	21	-1.580000	-1.297000	-6.766900	7.068914
293	23	-0.307000	-2.890000	-6.682000	7.286664
293	27	-0.660000	1.240000	-7.582000	7.711026
293	29	-1.082000	3.510000	-6.386000	7.366941
294	0	-0.950000	-1.640000	-7.136000	7.383400
294	2	0.380000	-1.400000	-6.923000	7.073353
294	10	1.071000	3.061000	-6.890600	7.615585
294	12	-2.330000	-3.070000	-6.590200	7.634431
294	14	-0.850000	-1.160000	-7.151000	7.294169
294	16	-0.080000	2.400000	-6.893600	7.299871
294	18	-0.360000	-0.067000	-7.231000	7.240266
294	20	-0.200000	1.966000	-7.438000	7.696038
294	24	-0.730000	1.770000	-7.068000	7.322733
294	26	2.400000	-1.520000	-6.859000	7.424034
294	28	0.329000	-3.094000	-6.581000	7.279467
294	1	0.140000	1.880000	-7.080000	7.326691
294	3	0.280000	1.030000	-7.363700	7.440657
294	5	0.120000	-0.700000	-7.359100	7.393291
294	7	1.920000	0.710000	-7.300000	7.581590
294	13	2.340000	0.830000	-6.892940	7.326467
294	17	1.530000	-1.820000	-6.809200	7.212386
294	19	-0.050000	1.823000	-7.048100	7.280216
294	21	-0.220000	-0.796000	-7.631600	7.676154
294	23	0.834000	-1.180000	-7.227100	7.370138
294	27	-3.877000	0.920000	-6.597820	7.707708
294	29	-0.511000	4.270000	-6.042000	7.416184
295	0	0.520000	-2.830000	-6.746000	7.334018
295	2	-0.830000	-0.320000	-7.522400	7.574814
295	10	1.083000	2.761000	-6.934600	7.542194
295	12	-1.560000	-2.050000	-7.090300	7.543769
295	14	-1.900000	-0.360000	-7.004000	7.266059
295	16	-2.150000	1.340000	-7.241700	7.672048
295	18	0.590000	-1.550000	-7.040000	7.232717
295	20	0.810000	1.035000	-7.481000	7.595570
295	24	0.340000	0.000000	-7.475000	7.482728
295	26	2.532000	-1.160000	-7.018000	7.550427
295	28	1.283000	-3.750000	-6.038900	7.223358
295	1	0.140000	-0.270000	-7.194000	7.200426
295	3	1.690000	-0.300000	-7.292800	7.492065
295	5	1.680000	-2.360000	-7.038100	7.610969
295	7	0.250000	1.020000	-7.006000	7.084274
295	13	3.250000	0.810000	-6.400800	7.224184
295	17	0.560000	-1.700000	-7.310100	7.526032
295	19	0.630000	0.830000	-7.308000	7.381915
295	21	0.100000	-0.432000	-7.662800	7.675619
295	23	0.101000	-2.720000	-6.600000	7.139230
295	27	-0.973000	0.400000	-7.120000	7.197300
295	29	0.729000	3.700000	-6.672000	7.664008
296	0	-1.170000	-2.150000	-7.141000	7.548860
296	2	-2.120000	-0.480000	-6.897900	7.232277
296	10	-0.800000	3.880000	-6.149000	7.314684
296	12	-1.380000	-0.340000	-7.013400	7.155961
296	14	-0.940000	-1.590000	-6.852300	7.096881
296	16	-0.540000	1.040000	-7.232800	7.327114
296	18	-0.260000	-0.922000	-7.114800	7.179002
296	20	0.640000	1.390000	-7.168200	7.329720
296	24	-1.770000	0.730000	-7.094000	7.347832
296	26	1.839000	-0.630000	-7.229000	7.485804
296	28	-0.864000	-1.920000	-6.785800	7.104926
296	1	-1.500000	0.580000	-7.008000	7.190164
296	3	-0.320000	0.490000	-7.215800	7.239494
296	5	1.770000	-0.550000	-7.013000	7.253797
296	7	0.680000	0.100000	-7.512000	7.543377
296	13	2.130000	1.980000	-6.741500	7.342011
296	17	1.760000	-1.500000	-7.165820	7.529713
296	19	-1.560000	2.343000	-6.719200	7.284978
296	21	-1.120000	0.000000	-7.173000	7.259912
296	23	-1.893000	-1.960000	-6.910530	7.428356
296	27	-1.472000	-0.040000	-7.155000	7.304958
296	29	-1.721000	3.130000	-6.442000	7.366010
297	0	0.281000	-1.840000	-6.908000	7.154371
297	2	-1.850000	1.150000	-7.003000	7.333963
297	10	-1.370000	2.369000	-6.682400	7.221048
297	12	-1.270000	-1.560000	-6.876000	7.164208
297	14	-3.520000	0.100000	-6.860000	7.711031
297	16	-1.850000	1.830000	-6.746000	7.230485
297	18	-0.780000	-1.665000	-6.928300	7.168122
297	20	0.290000	0.536000	-7.362400	7.387579
297	24	-1.870000	-0.940000	-6.964000	7.271712
297	26	1.570000	0.050000	-7.592000	7.752797
297	28	-0.407000	-2.290000	-7.085100	7.457103
297	1	1.444000	2.670000	-6.772000	7.421187
297	3	1.440000	0.500000	-7.199320	7.358927
297	5	1.370000	-0.370000	-7.490000	7.623247
297	7	0.520000	0.740000	-7.543000	7.597029
297	13	1.990000	2.950000	-6.351600	7.280482
297	17	0.270000	0.660000	-7.282200	7.317031
297	19	-0.310000	1.640000	-7.292700	7.481255
297	21	1.650000	0.260000	-7.082000	7.276319
297	23	-2.340000	-2.290000	-6.362900	7.155851
297	27	-1.417000	1.490000	-6.906300	7.205898
297	29	-1.802000	2.370000	-6.544000	7.189439
298	0	-0.392000	-1.630000	-7.365000	7.553396
298	2	-1.790000	1.150000	-7.092000	7.404260
298	10	2.240000	3.200000	-6.017000	7.173694
298	12	-2.070000	-1.780000	-6.808600	7.335553
298	14	-1.260000	-1.000000	-7.347000	7.521038
298	16	-2.040000	0.440000	-6.992600	7.297373
298	18	-1.270000	-2.730000	-6.908000	7.535666
298	20	-0.210000	0.132000	-7.481400	7.485511
298	24	-3.000000	-0.330000	-6.866000	7.500057
298	26	-0.170000	-0.170000	-7.377000	7.380917
298	28	-0.235000	-2.120000	-6.895000	7.217385
298	1	1.891000	2.250000	-7.096000	7.680599
298	3	-0.180000	-0.600000	-7.233200	7.260274
298	5	2.520000	-1.300000	-6.938300	7.495359
298	7	2.380000	0.660000	-7.067000	7.486153
298	13	0.570000	3.840000	-6.212900	7.326024
298	17	2.010000	-1.120000	-7.442200	7.789791
298	19	-1.090000	0.970000	-7.151500	7.298832
298	21	-0.140000	0.443000	-7.274200	7.289022
298	23	-0.382000	-0.280000	-7.347600	7.362849
298	27	-1.192000	0.070000	-7.001000	7.102096
298	29	-1.125000	1.840000	-6.952610	7.279424
299	0	0.754000	-1.630000	-7.336000	7.552636
299	2	-0.820000	1.210000	-7.201000	7.347850
299	10	1.140000	2.760000	-6.665200	7.303567
299	12	0.530000	-0.470000	-7.382000	7.415910
299	14	-1.760000	-0.950000	-7.258300	7.528813
299	16	-1.640000	1.680000	-7.222000	7.594029
299	18	-0.200000	-1.670000	-7.178000	7.372420
299	20	0.130000	0.405000	-7.517300	7.529324
299	24	-0.920000	-0.910000	-7.296000	7.409866
299	26	-0.248000	-0.920000	-7.194000	7.256827
299	28	-0.630000	-1.870000	-6.826000	7.105496
299	1	-0.229000	2.560000	-6.735000	7.208763
299	3	-0.090000	-1.140000	-7.174200	7.264767
299	5	2.940000	-0.400000	-6.751000	7.374253
299	7	2.250000	0.780000	-7.257000	7.637732
299	13	0.830000	3.310000	-6.398440	7.251554
299	17	-0.040000	0.460000	-7.407220	7.421597
299	19	0.690000	1.620000	-7.163200	7.376445
299	21	0.370000	0.544000	-7.243900	7.273715
299	23	-0.979000	-1.610000	-7.214900	7.456898
299	27	0.128000	-0.740000	-7.764900	7.801132
299	29	0.562000	-1.770000	-7.276640	7.509876
300	0	1.241000	-1.520000	-6.884000	7.158208
300	2	0.050000	0.170000	-7.215000	7.217176
300	10	2.040000	1.782000	-6.872643	7.387174
300	12	0.410000	-2.730000	-7.022000	7.545163
300	14	-1.440000	0.130000	-7.225000	7.368251
300	16	-0.760000	1.730000	-7.198200	7.442082
300	18	-0.040000	-2.450000	-6.967000	7.385336
300	20	-2.300000	0.516000	-7.161630	7.539576
300	24	-0.160000	-0.510000	-7.552000	7.570892
300	26	0.165000	-1.430000	-7.020000	7.166068
300	28	-1.081000	0.540000	-7.169700	7.270816
300	1	0.720000	2.530000	-7.247000	7.709624
300	3	-0.140000	0.130000	-7.398000	7.400466
300	5	3.800000	-0.260000	-6.219500	7.293132
300	7	2.550000	2.250000	-6.310000	7.168061
300	13	-0.170000	0.100000	-7.279100	7.281772
300	17	-0.030000	0.760000	-7.332100	7.371444
300	19	2.370000	-1.290000	-7.326200	7.807317
300	21	-0.850000	0.909000	-7.216000	7.322529
300	23	-1.011000	-4.440000	-6.057000	7.577795
300	27	0.526000	-1.010000	-7.473800	7.560057
300	29	-0.332000	-1.360000	-7.541000	7.669844
301	0	0.069000	-2.310000	-6.960000	7.333653
301	2	-0.040000	0.000000	-7.363000	7.363109
301	10	0.922000	1.670000	-7.303600	7.548613
301	12	-1.090000	-3.070000	-6.724000	7.471625
301	14	-0.370000	-0.970000	-7.239200	7.313263
301	16	-2.480000	0.650000	-7.099244	7.547991
301	18	-2.580000	-0.540000	-7.246400	7.710922
301	20	-0.070000	-0.953000	-7.239200	7.301995
301	24	-3.540000	-1.240000	-6.233000	7.274578
301	26	-0.141000	-1.930000	-7.533000	7.777588
301	28	-1.438000	-0.230000	-7.408300	7.550076
301	1	-0.483000	1.400000	-7.464000	7.609506
301	3	-0.590000	0.770000	-7.241100	7.305787
301	5	1.310000	0.480000	-7.454000	7.583444
301	7	0.490000	0.330000	-7.352000	7.375697
301	13	-1.600000	1.720000	-7.395200	7.759342
301	17	-1.840000	1.410000	-7.175000	7.540181
301	19	1.760000	0.040000	-7.312020	7.520960
301	21	0.260000	0.066000	-7.702000	7.706670
301	23	-1.953000	-2.550000	-6.350000	7.116123
301	27	1.020000	-0.950000	-7.177400	7.311496
301	29	0.883600	-1.030000	-6.952300	7.083511
302	0	0.426000	-2.830000	-7.117000	7.670858
302	2	0.790000	-0.760000	-7.191000	7.274076
302	10	2.064000	2.950000	-7.112300	7.971663
302	12	1.260000	-3.940000	-6.399000	7.619606
302	14	-1.970000	-0.610000	-7.406100	7.687868
302	16	0.780000	0.380000	-7.278970	7.330498
302	18	-2.160000	0.190000	-7.256800	7.573826
302	20	-1.780000	-0.003000	-7.117100	7.336315
302	24	-1.530000	-3.910000	-6.250000	7.529376
302	26	-2.243000	-1.590000	-6.860000	7.390450
302	28	-0.579000	0.950000	-7.560900	7.642313
302	1	-1.654000	2.110000	-6.852000	7.357834
302	3	0.320000	1.870000	-7.072400	7.322441
302	5	2.160000	-1.070000	-7.210000	7.602276
302	7	-0.610000	1.750000	-7.124000	7.361112
302	13	-0.430000	1.900000	-7.103732	7.365997
302	17	0.840000	1.510000	-7.319000	7.520204
302	19	-0.140000	-0.730000	-7.219000	7.257166
302	21	0.140000	0.534000	-7.543000	7.563174
302	23	-2.214000	0.100000	-7.366000	7.692188
302	27	1.419000	0.510000	-7.475000	7.625568
302	29	1.028000	1.430000	-7.151200	7.364872
303	0	-0.525000	-2.660000	-6.781000	7.302957
303	2	0.380000	-0.380000	-7.306000	7.325738
303	10	1.580000	2.090000	-6.662800	7.159428
303	12	0.080000	-0.160000	-7.672690	7.674775
303	14	-0.930000	-1.540000	-7.474950	7.688392
303	16	-1.960000	0.030000	-7.205600	7.467474
303	18	0.880000	-0.700000	-7.909200	7.988732
303	20	-0.590000	0.247000	-7.313100	7.341018
303	24	-1.560000	-2.090000	-6.965000	7.437266
303	26	-1.395000	-0.970000	-7.324000	7.518504
303	28	-1.785000	-0.690000	-6.783000	7.047795
303	1	-0.387000	2.340000	-7.013000	7.403211
303	3	-1.190000	0.590000	-7.208800	7.330143
303	5	3.510000	0.410000	-6.664100	7.543105
303	7	0.940000	0.910000	-7.302000	7.418282
303	13	-1.060000	3.860000	-5.984000	7.199407
303	17	-1.140000	1.980000	-7.216000	7.569059
303	19	0.930000	0.350000	-7.141500	7.210300
303	21	0.620000	1.884000	-6.988000	7.264021
303	23	-3.770000	-1.230000	-6.542000	7.650070
303	27	0.841000	1.260000	-7.327000	7.481966
303	29	-0.350000	1.860000	-7.348200	7.588026
304	0	1.209000	-2.940000	-6.708000	7.423109
304	2	2.980000	0.840000	-6.385000	7.096071
304	10	0.200000	0.860000	-7.356600	7.409397
304	12	-0.170000	-0.880000	-7.571200	7.624065
304	14	0.390000	-0.810000	-7.126600	7.183079
304	16	-0.710000	-0.090000	-7.136800	7.172595
304	18	1.540000	-0.330000	-7.188600	7.359108
304	20	-0.100000	-1.440000	-7.330710	7.471473
304	24	-2.160000	-1.150000	-7.063000	7.474896
304	26	-1.957000	-0.710000	-7.004000	7.306844
304	28	0.210000	-0.940000	-7.309800	7.372983
304	1	0.830000	2.770000	-6.752000	7.345155
304	3	0.010000	0.770000	-7.498900	7.538335
304	5	3.430000	-0.970000	-6.747000	7.630715
304	7	0.880000	-0.230000	-7.220000	7.277067
304	13	-2.470000	3.040000	-6.989000	8.011780
304	17	-0.010000	1.600000	-7.148600	7.325475
304	19	-1.020000	1.380000	-7.488400	7.682508
304	21	-0.650000	1.820000	-7.233000	7.486734
304	23	-2.987000	-2.440000	-6.429000	7.497187
304	27	0.420000	2.040000	-7.388000	7.675972
304	29	-0.053000	1.670000	-7.415200	7.601112
305	0	0.140000	-2.710000	-6.872000	7.388375
305	2	2.190000	0.040000	-7.117400	7.446817
305	10	0.290000	1.260000	-7.502230	7.612828
305	12	1.990000	-1.460000	-7.003000	7.425208
305	14	0.520000	-0.800000	-7.605900	7.665515
305	16	-2.720000	0.450000	-6.722400	7.265780
305	18	1.620000	0.150000	-7.122200	7.305658
305	20	-0.790000	-1.559000	-7.119900	7.331273
305	24	-2.590000	-0.240000	-6.704000	7.190919
305	26	-3.053000	-1.290000	-6.912000	7.665550
305	28	0.814000	-1.500000	-7.185500	7.385391
305	1	0.020000	2.590000	-7.134000	7.589628
305	3	-1.170000	0.460000	-7.076800	7.187600
305	5	2.850000	-0.360000	-6.781000	7.364378
305	7	-0.190000	-0.310000	-7.335000	7.344006
305	13	0.290000	1.860000	-7.053200	7.300091
305	17	0.890000	0.480000	-6.983000	7.055834
305	19	-1.850000	1.210000	-7.414900	7.737399
305	21	-0.810000	0.898000	-7.199700	7.300561
305	23	-2.045000	-1.300000	-6.845000	7.261271
305	27	-0.084000	1.630000	-7.111000	7.295908
305	29	-0.647000	0.240000	-7.423300	7.455306
306	0	-0.597000	-2.710000	-7.159000	7.678007
306	2	2.060000	-0.470000	-7.305100	7.604537
306	10	-0.439000	0.380000	-7.466000	7.488543
306	12	0.850000	-0.390000	-7.091000	7.152404
306	14	0.060000	0.330000	-7.320900	7.328579
306	16	0.290000	-0.820000	-7.376600	7.427700
306	18	0.820000	-0.690000	-7.397000	7.474230
306	20	-0.930000	-2.464000	-6.594600	7.101052
306	24	-1.990000	-1.350000	-6.763000	7.177797
306	26	-1.260000	-1.120000	-7.428000	7.616901
306	28	0.340000	-0.650000	-7.270000	7.306915
306	1	-0.455000	2.660000	-6.972700	7.476709
306	3	-1.330000	-0.700000	-7.076500	7.234345
306	5	1.600000	-0.800000	-7.362000	7.576216
306	7	-0.770000	-0.680000	-7.177000	7.250147
306	13	0.020000	2.870000	-6.590000	7.187865
306	17	1.210000	0.020000	-7.092000	7.194509
306	19	-0.650000	0.310000	-7.155000	7.191149
306	21	0.710000	-0.995000	-7.652300	7.749311
306	23	-0.603000	1.080000	-7.379900	7.482843
306	27	0.692000	1.960000	-7.663000	7.939901
306	29	-0.181000	1.160000	-7.424667	7.516917
307	0	-1.140000	-1.910000	-7.335800	7.665616
307	2	2.290000	1.110000	-6.836000	7.294319
307	10	-0.167000	-0.290000	-7.155900	7.163721
307	12	0.200000	0.010000	-7.475000	7.477682
307	14	1.000000	1.390000	-7.383400	7.579360
307	16	0.560000	-0.190000	-7.199200	7.223447
307	18	-1.280000	-0.460000	-7.438300	7.561634
307	20	0.480000	-1.810000	-6.953400	7.201130
307	24	-1.800000	0.190000	-6.965000	7.196341
307	26	-0.068000	-2.640000	-6.893000	7.381577
307	28	1.435000	1.210000	-7.410000	7.644045
307	1	-0.580000	3.140000	-6.318600	7.079598
307	3	0.360000	-0.800000	-7.305800	7.358282
307	5	2.600000	0.490000	-7.034000	7.515135
307	7	0.260000	0.200000	-7.183000	7.190486
307	13	-0.230000	2.610000	-7.059900	7.530418
307	17	0.610000	2.200000	-6.889800	7.258198
307	19	-2.050000	0.960000	-7.145100	7.495102
307	21	1.610000	1.411000	-7.025000	7.343953
307	23	0.861000	1.230000	-7.244000	7.397956
307	27	0.892000	2.420000	-6.998000	7.458154
307	29	-0.185000	1.420000	-7.267300	7.407042
308	0	-0.670000	-0.440000	-7.270000	7.314055
308	2	-0.770000	2.610000	-7.064600	7.570573
308	10	-0.222000	-0.300000	-7.573000	7.582191
308	12	-0.790000	-1.970000	-7.229000	7.534152
308	14	1.400000	1.400000	-6.992500	7.267397
308	16	0.350000	0.240000	-7.667250	7.678986
308	18	0.410000	-0.190000	-7.530600	7.544146
308	20	-1.120000	-0.629000	-7.294200	7.406443
308	24	-0.190000	2.110000	-6.994000	7.307820
308	26	-1.085000	-1.360000	-7.233000	7.439295
308	28	0.645000	-1.130000	-7.269100	7.384629
308	1	-1.040000	3.560000	-6.475200	7.462132
308	3	-0.810000	-0.120000	-7.283200	7.329086
308	5	0.020000	-1.050000	-7.266000	7.341502
308	7	0.040000	0.860000	-7.012000	7.064655
308	13	0.250000	1.780000	-7.391600	7.607013
308	17	-0.730000	0.610000	-7.149000	7.212018
308	19	-1.200000	0.410000	-6.954000	7.068679
308	21	-0.750000	-0.861000	-7.101000	7.192220
308	23	1.503000	-1.390000	-7.431000	7.707845
308	27	-0.598000	2.730000	-7.248000	7.768141
308	29	-0.953000	0.180000	-6.966300	7.033487
309	0	1.090000	-0.870000	-7.549000	7.676744
309	2	-0.470000	2.270000	-7.404000	7.758416
309	10	1.080000	2.211000	-7.045400	7.462746
309	12	-0.790000	-0.660000	-7.346300	7.418074
309	14	1.210000	1.340000	-7.389000	7.606380
309	16	-0.190000	-1.200000	-7.411000	7.509928
309	18	2.320000	-1.260000	-6.999900	7.481216
309	20	-0.190000	2.064000	-7.051300	7.349628
309	24	1.460000	-0.010000	-6.854000	7.007783
309	26	-0.054000	-3.370000	-6.705000	7.504455
309	28	1.981000	1.862000	-6.817000	7.339134
309	1	-0.550000	3.660000	-6.525800	7.502277
309	3	0.710000	-1.880000	-6.903800	7.190338
309	5	1.760000	-1.460000	-7.245000	7.597317
309	7	-1.130000	-0.980000	-7.324000	7.475177
309	13	0.720000	2.530000	-6.819800	7.309512
309	17	1.740000	0.830000	-7.211300	7.464539
309	19	0.220000	-1.020000	-7.295500	7.369744
309	21	0.260000	-1.005000	-7.281800	7.355422
309	23	-0.070000	-0.620000	-7.139600	7.166812
309	27	1.034000	1.700000	-7.207000	7.476631
309	29	-1.357000	2.629000	-6.974700	7.576248
310	0	0.910000	-0.980000	-6.976000	7.103033
310	2	-0.070000	0.550000	-7.086900	7.108555
310	10	-0.750000	1.450000	-7.148200	7.332241
310	12	-0.720000	-2.840000	-6.528200	7.155515
310	14	1.860000	2.120000	-6.928200	7.480238
310	16	-2.760000	-0.330000	-6.888000	7.427721
310	18	0.640000	-0.610000	-7.527930	7.579672
310	20	0.280000	1.367000	-7.290550	7.422884
310	24	0.250000	-1.070000	-7.313000	7.395091
310	26	0.154000	-3.100000	-7.051000	7.703916
310	28	1.811000	0.490000	-6.891000	7.141828
310	1	-0.496000	1.250000	-7.247800	7.371507
310	3	0.350000	-1.530000	-7.320300	7.486668
310	5	1.040000	-1.400000	-7.001000	7.214957
310	7	-0.570000	-0.330000	-7.159000	7.189234
310	13	1.730000	0.470000	-7.120600	7.342802
310	17	0.890000	0.880000	-7.599800	7.702172
310	19	0.140000	-0.790000	-7.345000	7.388689
310	21	-0.430000	-2.094000	-7.181000	7.492429
310	23	-1.240000	-0.270000	-7.405300	7.513253
310	27	-0.903000	0.900000	-7.022000	7.136799
310	29	-0.958000	-0.190000	-7.624900	7.687195
311	0	0.010000	-1.820000	-7.135000	7.363472
311	2	-0.130000	1.410000	-7.315415	7.451194
311	10	-0.310000	0.960000	-7.329700	7.398797
311	12	-1.210000	-1.690000	-7.507900	7.790299
311	14	0.910000	1.720000	-7.144000	7.404271
311	16	-3.450000	-0.960000	-6.438400	7.367299
311	18	1.580000	-0.190000	-7.109790	7.285713
311	20	1.440000	1.774000	-6.934000	7.300756
311	24	0.200000	-1.660000	-7.491000	7.675329
311	26	1.531000	-2.020000	-6.884000	7.335790
311	28	1.132000	0.630000	-7.298000	7.412093
311	1	-1.497000	1.710000	-6.910300	7.274432
311	3	1.030000	-2.280000	-6.913000	7.351794
311	5	2.400000	-0.840000	-6.734000	7.198080
311	7	-1.090000	-1.430000	-7.090000	7.314445
311	13	-0.010000	2.920000	-7.023700	7.606501
311	17	1.670000	2.390000	-7.090700	7.666748
311	19	-0.600000	-0.240000	-7.554000	7.581591
311	21	-0.760000	-0.932000	-7.155300	7.255656
311	23	1.140000	0.260000	-7.244000	7.337761
311	27	1.201000	2.580000	-7.206000	7.747596
311	29	-1.646000	0.540000	-7.329550	7.531482
312	0	0.710000	-1.760000	-7.345000	7.586219
312	2	-0.200000	0.990000	-7.307200	7.376671
312	10	-1.780000	0.030000	-7.355400	7.567774
312	12	-0.880000	-1.530000	-7.225300	7.437759
312	14	2.040000	-0.440000	-6.994100	7.298811
312	16	-1.970000	-0.400000	-7.527508	7.791295
312	18	0.720000	1.490000	-7.261500	7.447676
312	20	0.490000	1.445000	-7.470400	7.624631
312	24	-0.310000	-0.760000	-7.136000	7.183049
312	26	0.540000	-0.830000	-7.539000	7.603750
312	28	1.821000	0.400000	-6.822800	7.072951
312	1	-0.760000	2.950000	-6.499800	7.178266
312	3	1.870000	-1.940000	-6.985600	7.487263
312	5	1.550000	0.470000	-7.552000	7.723736
312	7	0.300000	-1.210000	-7.485000	7.588104
312	13	-0.470000	2.860000	-6.757100	7.352476
312	17	1.410000	1.990000	-7.144000	7.548837
312	19	0.240000	-0.340000	-7.322200	7.334018
312	21	-2.010000	-1.430000	-7.124600	7.539557
312	23	0.060000	0.560000	-7.629100	7.649861
312	27	0.917000	1.860000	-7.151000	7.445622
312	29	-1.949000	-1.140000	-7.216700	7.561677
313	0	0.490000	-2.390000	-7.097000	7.504639
313	2	-1.640000	0.590000	-7.229100	7.436235
313	10	-1.131000	0.140000	-7.328700	7.416779
313	12	0.370000	-2.000000	-7.120000	7.404816
313	14	0.960000	0.900000	-7.072600	7.193975
313	16	-1.550000	-1.240000	-7.116800	7.388433
313	18	-0.520000	0.120000	-7.199400	7.219152
313	20	2.890000	1.603000	-6.424000	7.224229
313	24	-2.350000	-2.390000	-6.585000	7.388966
313	26	-1.201000	-0.910000	-7.297000	7.450954
313	28	1.669000	0.960000	-7.253900	7.505080
313	1	-0.940000	1.180000	-6.994600	7.155448
313	3	-1.090000	-0.890000	-6.982800	7.123180
313	5	0.600000	-0.410000	-7.287000	7.323146
313	7	-0.690000	-1.840000	-7.086000	7.353441
313	13	-0.040000	-0.050000	-7.471300	7.471574
313	17	2.580000	2.510000	-6.737000	7.638303
313	19	-1.900000	-0.700000	-7.206000	7.485081
313	21	-1.390000	-0.331000	-7.297300	7.435876
313	23	0.500000	0.670000	-7.495900	7.542375
313	27	-0.706000	0.980000	-7.113000	7.214818
313	29	-0.944000	-0.380000	-7.427900	7.497282
314	0	0.440000	-1.720000	-7.011000	7.232297
314	2	0.180000	2.710000	-6.775000	7.299118
314	10	-0.447000	-1.590000	-7.049400	7.240300
314	12	0.220000	-0.550000	-7.287000	7.311037
314	14	1.300000	1.790000	-6.996100	7.337541
314	16	-0.130000	-1.330000	-7.082000	7.206977
314	18	0.650000	2.710000	-6.792300	7.341794
314	20	0.650000	3.015000	-6.992100	7.642132
314	24	-0.370000	-2.290000	-7.000000	7.374347
314	26	1.606000	-1.540000	-7.159000	7.496807
314	28	0.266000	0.350000	-7.333200	7.346365
314	1	-2.401000	0.990000	-6.905100	7.377351
314	3	1.230000	-1.290000	-7.328020	7.541676
314	5	2.130000	-0.840000	-7.246700	7.599813
314	7	-0.390000	-2.060000	-6.918000	7.228722
314	13	-0.080000	1.390000	-7.265000	7.397211
314	17	2.570000	2.190000	-6.392000	7.229015
314	19	-1.030000	-0.227000	-7.368000	7.443108
314	21	-2.650000	-0.839000	-6.873400	7.414179
314	23	0.430000	0.440000	-7.660600	7.685265
314	27	2.012000	0.560000	-7.209000	7.505426
314	29	-0.917000	-1.290000	-7.231000	7.402185
315	0	1.410000	-1.540000	-6.965000	7.271240
315	2	-0.530000	0.620000	-7.657000	7.700321
315	10	0.500000	-1.080000	-7.387200	7.482454
315	12	-1.060000	-0.180000	-7.176000	7.256099
315	14	1.260000	1.300000	-7.213000	7.436731
315	16	-1.130000	-1.470000	-7.269000	7.501744
315	18	0.420000	1.650000	-7.299500	7.495439
315	20	0.800000	2.198000	-7.052500	7.430273
315	24	-0.070000	-0.230000	-7.311000	7.314952
315	26	-0.572000	-1.940000	-7.123000	7.404587
315	28	2.153000	0.460000	-7.320600	7.644488
315	1	-2.132000	2.940000	-6.249000	7.227657
315	3	-0.300000	-0.960000	-7.312900	7.381741
315	5	2.790000	-0.410000	-6.953000	7.503093
315	7	-0.390000	-1.830000	-7.044000	7.288274
315	13	0.530000	0.220000	-7.418740	7.440901
315	17	3.230000	0.470000	-6.825000	7.565344
315	19	-0.260000	-1.387000	-7.350000	7.484241
315	21	-1.100000	-0.935000	-7.418900	7.558062
315	23	0.890000	1.460000	-7.039600	7.244285
315	27	0.584000	1.290000	-7.430000	7.563733
315	29	-0.750000	-0.800000	-7.451600	7.531855
316	0	1.960000	-2.300000	-6.497000	7.165376
316	2	-0.930000	2.160000	-7.122000	7.500226
316	10	0.170000	0.320000	-7.265400	7.274430
316	12	-1.050000	-0.830000	-7.425800	7.545456
316	14	-0.470000	1.130000	-7.489200	7.588539
316	16	-2.730000	-0.410000	-6.632800	7.184361
316	18	2.070000	4.038000	-5.723200	7.303791
316	20	1.310000	0.744000	-7.266950	7.421469
316	24	-1.660000	-1.810000	-7.132000	7.543018
316	26	-0.892000	-0.850000	-7.691000	7.789072
316	28	0.005000	0.550000	-7.476000	7.496206
316	1	-2.347000	3.880000	-5.750700	7.323480
316	3	0.160000	0.580000	-7.562100	7.585997
316	5	2.170000	-2.200000	-6.554000	7.245952
316	7	-0.510000	-2.070000	-7.142000	7.453399
316	13	2.300000	1.240000	-6.992100	7.464386
316	17	1.070000	1.360000	-6.949000	7.161222
316	19	0.760000	-0.861000	-7.801800	7.885874
316	21	-0.630000	-1.222000	-7.497000	7.622020
316	23	1.170000	2.600000	-6.752700	7.329929
316	27	1.472000	2.780000	-6.986000	7.661552
316	29	0.145000	-0.920000	-7.386700	7.445184
317	0	1.850000	-1.680000	-7.140000	7.564688
317	2	-0.520000	0.750000	-7.363000	7.419344
317	10	-0.880000	-1.240000	-7.240100	7.398044
317	12	-1.000000	-0.480000	-7.489300	7.570998
317	14	-1.430000	2.810000	-6.492000	7.217137
317	16	-1.580000	0.520000	-7.065500	7.258656
317	18	-0.970000	3.480000	-6.271000	7.237178
317	20	1.690000	2.990000	-6.836000	7.650300
317	24	0.070000	0.520000	-7.159000	7.178202
317	26	-1.893000	-2.390000	-6.743000	7.400243
317	28	1.475000	0.440000	-7.166000	7.329446
317	1	-2.346000	1.620000	-6.736000	7.314493
317	3	0.920000	-1.230000	-7.527440	7.682555
317	5	2.630000	-0.620000	-7.496000	7.968144
317	7	-0.020000	-1.340000	-7.260000	7.382655
317	13	3.060000	-0.310000	-6.972100	7.620359
317	17	1.200000	1.200000	-7.421000	7.612571
317	19	-0.180000	-3.329000	-6.684000	7.469304
317	21	0.410000	-0.671000	-7.192000	7.234860
317	23	0.690000	0.390000	-7.266300	7.309399
317	27	1.043000	1.930000	-7.116000	7.446489
317	29	0.105000	-0.840000	-7.450800	7.498736
318	0	2.980000	-3.130000	-6.020000	7.410648
318	2	-1.640000	1.800000	-7.250000	7.648013
318	8	-0.320000	1.750000	-7.376200	7.587702
318	10	0.020000	-1.320000	-7.111400	7.232898
318	12	-2.010000	0.410000	-6.898000	7.196569
318	14	-1.250000	1.570000	-7.864900	8.116899
318	16	-0.490000	-0.380000	-7.337000	7.363156
318	18	0.660000	1.570000	-7.081000	7.282929
318	20	1.730000	1.636000	-6.885300	7.285379
318	24	-1.580000	-0.820000	-6.993000	7.216013
318	26	-2.643000	-1.710000	-6.684000	7.388194
318	28	-0.086000	1.700000	-7.269000	7.465638
318	1	-2.154000	2.480000	-6.367000	7.164412
318	3	0.790000	-0.150000	-7.655200	7.697317
318	5	1.320000	-1.010000	-7.221000	7.409814
318	7	1.160000	-0.160000	-7.277000	7.370613
318	9	0.557000	-2.902000	-6.805900	7.419712
318	13	1.920000	1.980000	-7.021300	7.543570
318	17	1.770000	0.610000	-7.091000	7.333981
318	19	1.600000	-3.060000	-6.681000	7.520596
318	21	-1.470000	-1.421000	-7.188000	7.473117
318	23	1.060000	0.430000	-7.243600	7.333365
318	27	0.976000	1.260000	-7.084000	7.261077
318	29	-0.599000	-0.840000	-7.178690	7.252447
319	0	2.890000	-2.660000	-6.308000	7.430919
319	2	-1.230000	0.350000	-7.191000	7.303826
319	8	-2.009000	1.300000	-7.058000	7.452613
319	10	0.100000	-1.150000	-7.579000	7.666403
319	12	-2.060000	0.390000	-6.928200	7.238484
319	14	-0.860000	1.640000	-7.256500	7.489058
319	16	-0.680000	-0.840000	-7.356700	7.435660
319	18	-0.760000	1.340000	-7.955000	8.102791
319	20	1.810000	-0.260000	-7.203400	7.431869
319	26	-2.760000	-1.910000	-6.580000	7.386616
319	28	0.683000	-0.100000	-7.570500	7.601905
319	1	-0.475000	3.250000	-6.757000	7.513000
319	3	-0.610000	-0.530000	-7.151987	7.197494
319	7	2.230000	-1.580000	-6.811000	7.338871
319	9	1.188000	-2.760000	-7.017700	7.633941
319	13	2.410000	4.260000	-5.651500	7.476306
319	17	0.690000	1.850000	-7.177000	7.443650
319	19	0.260000	-3.448000	-6.440000	7.309576
319	21	-1.910000	-0.578000	-6.698000	6.988948
319	23	0.140000	1.910000	-7.354500	7.599761
319	27	0.894000	1.480000	-7.024000	7.233686
319	29	1.200000	-1.360000	-7.040500	7.270367
320	0	1.450000	-2.610000	-6.469000	7.124785
320	2	0.450000	0.440000	-7.700600	7.726276
320	8	-1.812000	1.080000	-7.324700	7.622399
320	10	-2.190000	-0.220000	-7.212000	7.540388
320	12	-0.810000	-2.360000	-7.383600	7.793796
320	14	-2.560000	0.060000	-7.195500	7.637566
320	16	1.170000	-1.700000	-7.214800	7.504148
320	18	-0.730000	0.770000	-7.498000	7.572701
320	20	1.440000	-1.688000	-6.962500	7.307486
320	24	-2.850000	-1.330000	-6.797000	7.489366
320	26	-0.822000	-2.600000	-7.063000	7.571106
320	28	0.376000	1.250000	-7.174000	7.291787
320	1	-3.070000	2.810000	-6.580000	7.785718
320	3	-0.260000	-1.790000	-7.110200	7.336664
320	5	0.860000	-0.800000	-7.270000	7.364272
320	7	1.610000	-2.650000	-6.883000	7.549191
320	9	0.437000	-2.407000	-6.808600	7.234753
320	13	2.770000	0.620000	-6.633100	7.214937
320	17	2.740000	1.350000	-7.040000	7.674093
320	19	-2.260000	-2.395000	-6.554000	7.334749
320	21	-0.730000	0.195000	-7.583500	7.621050
320	23	0.400000	1.870000	-7.368400	7.612504
320	27	1.749000	1.470000	-7.275000	7.625321
320	29	0.926000	0.330000	-7.231100	7.297615
321	0	0.810000	-2.940000	-6.830000	7.479880
321	2	1.130000	1.320000	-7.511700	7.710054
321	8	-0.561000	3.140000	-6.656400	7.381191
321	10	1.160000	-0.960000	-7.409000	7.560455
321	12	-0.410000	-0.450000	-7.410640	7.435603
321	14	-2.320000	0.900000	-6.915200	7.349312
321	16	0.330000	-1.240000	-7.380900	7.491608
321	18	1.620000	1.680000	-7.106000	7.479441
321	20	1.660000	-0.132000	-7.273800	7.461983
321	24	-1.490000	-0.710000	-7.271000	7.455980
321	26	0.102000	-1.390000	-7.462000	7.591044
321	28	0.888000	-2.630000	-6.576000	7.137872
321	1	-2.433000	2.940000	-6.227800	7.304011
321	3	0.690000	-2.060000	-7.174900	7.496592
321	5	2.377000	0.760000	-7.064700	7.492511
321	7	2.250000	-0.350000	-6.978000	7.340128
321	9	1.036000	-1.205000	-7.328300	7.498620
321	13	1.650000	2.380000	-6.790900	7.382630
321	17	3.150000	0.350000	-6.528000	7.256706
321	19	0.160000	-2.427000	-6.875000	7.292568
321	21	0.070000	-0.711000	-7.533000	7.566803
321	23	0.770000	1.654000	-7.087300	7.318363
321	27	1.221000	1.480000	-7.140000	7.393297
321	29	-2.176000	-1.260000	-7.106400	7.538136
322	0	1.990000	-3.930000	-6.598000	7.933385
322	2	0.280000	-1.120000	-7.367000	7.456909
322	8	0.094000	1.694000	-7.203200	7.400308
322	10	1.307000	0.200000	-7.112000	7.233864
322	12	-0.250000	-0.820000	-7.328200	7.378172
322	14	-0.720000	0.310000	-7.435600	7.476807
322	16	-1.020000	-2.020000	-7.081780	7.434542
322	18	1.910000	0.060000	-7.210800	7.459714
322	20	-0.340000	0.840000	-7.158600	7.215730
322	24	-2.440000	-1.130000	-6.996000	7.494966
322	26	0.580000	-1.180000	-7.425000	7.540519
322	28	2.720000	-0.793000	-6.675000	7.251405
322	1	-3.047000	1.340000	-6.173800	7.013959
322	3	-0.880000	-1.110000	-7.433400	7.567162
322	5	4.475000	-0.570000	-5.732700	7.294818
322	7	1.680000	-0.970000	-6.910000	7.177144
322	9	0.585000	-1.483000	-7.132900	7.308883
322	13	-1.750000	2.460000	-6.924000	7.553534
322	17	-0.190000	0.380000	-7.370000	7.382235
322	19	-0.530000	-0.900000	-7.417000	7.490180
322	21	-0.160000	0.781000	-7.576300	7.618129
322	23	1.553000	-0.420000	-7.655700	7.822912
322	27	-1.312000	2.700000	-6.630500	7.278384
322	29	-0.157000	0.680000	-7.283800	7.317157
323	0	3.540000	-2.360000	-6.140000	7.469993
323	2	0.550000	-1.160000	-7.291000	7.403160
323	8	1.749000	0.380000	-7.275550	7.492465
323	10	-0.970000	1.150000	-7.183000	7.338862
323	12	-0.600000	-1.390000	-7.332000	7.486676
323	14	-2.270000	1.110000	-6.801500	7.255715
323	16	-0.540000	0.680000	-7.466400	7.516723
323	18	1.410000	-0.110000	-7.507800	7.639847
323	20	1.030000	-0.589000	-7.239000	7.335594
323	24	-3.280000	0.770000	-6.458000	7.284028
323	26	-1.000000	-1.250000	-7.252000	7.426574
323	28	0.262000	-0.940000	-7.432000	7.495790
323	1	-1.847000	1.310000	-6.834000	7.199379
323	3	0.330000	-0.240000	-7.836000	7.846617
323	5	2.007000	-1.630000	-7.084000	7.541088
323	7	-0.360000	-0.210000	-7.643000	7.654355
323	9	-1.189000	-2.348000	-6.831000	7.320477
323	13	-1.100000	2.250000	-7.113200	7.541228
323	17	1.090000	-0.770000	-7.213000	7.335419
323	19	-0.410000	-1.587000	-7.146000	7.331575
323	21	0.880000	-1.550000	-7.194000	7.411514
323	23	-1.060000	1.580000	-7.316940	7.560265
323	27	-1.730000	2.920000	-6.582000	7.405540
323	29	-0.305000	1.840000	-7.168000	7.406676
324	0	1.490000	-1.860000	-6.856000	7.258405
324	2	0.250000	-1.340000	-7.298900	7.425095
324	8	1.207000	2.086000	-6.849900	7.261500
324	10	2.270000	-0.530000	-7.137000	7.508034
324	12	0.650000	-2.290000	-7.392500	7.766315
324	14	1.020000	-0.140000	-7.349800	7.421560
324	16	-1.660000	1.690000	-7.153100	7.535154
324	18	1.090000	1.558000	-7.056510	7.308201
324	20	-0.470000	-0.013000	-7.114000	7.129521
324	24	-2.350000	0.280000	-7.000000	7.389242
324	26	-0.620000	-1.280000	-7.678000	7.808616
324	28	1.698000	-0.950000	-7.276000	7.531659
324	1	-3.459000	0.190000	-6.570000	7.427360
324	3	0.400000	0.780000	-7.471300	7.522548
324	5	1.417000	-2.770000	-6.400000	7.116234
324	7	0.730000	-0.120000	-7.315700	7.353011
324	9	-2.161000	-0.566000	-7.051800	7.397172
324	13	-0.430000	1.380000	-7.584300	7.720810
324	17	-0.940000	-0.480000	-7.459800	7.534097
324	19	0.960000	-0.974000	-7.646000	7.767341
324	21	0.830000	-0.758000	-7.493400	7.577236
324	23	1.070000	0.800000	-7.255080	7.377065
324	27	-1.570000	3.600000	-6.266500	7.395534
324	29	-1.493000	-0.030000	-6.918800	7.078117
325	0	1.510000	-2.400000	-6.656000	7.234807
325	2	0.810000	-0.740000	-7.290100	7.372195
325	8	0.020000	0.450000	-7.624800	7.638094
325	10	0.550000	-0.140000	-7.283000	7.305080
325	12	1.200000	-2.180000	-7.298200	7.710780
325	14	1.230000	1.110000	-6.950470	7.145211
325	16	0.190000	1.600000	-7.228260	7.405663
325	18	0.020000	0.780000	-7.549700	7.589912
325	20	-1.290000	-1.416000	-7.367900	7.612825
325	24	-2.270000	1.190000	-6.616000	7.095101
325	26	1.870000	-2.380000	-7.203000	7.813099
325	28	1.716000	-0.860000	-7.412000	7.656501
325	1	-4.565000	1.170000	-5.460100	7.212546
325	3	-0.150000	0.680000	-7.531900	7.564021
325	5	1.039000	-2.710000	-6.729000	7.328237
325	7	-0.020000	2.410000	-6.849000	7.260668
325	9	-2.953000	-2.134000	-5.996000	7.016137
325	13	-0.970000	1.640000	-7.248400	7.494652
325	17	1.470000	0.230000	-7.390000	7.538296
325	19	-0.570000	-0.841000	-7.174000	7.245582
325	21	-0.020000	-0.193000	-7.397400	7.399944
325	23	0.470000	0.350000	-7.476900	7.499829
325	27	-1.380000	1.550000	-7.300000	7.589262
325	29	-0.591000	0.640000	-7.350700	7.402140
326	0	3.785000	-0.750000	-6.357000	7.436409
326	2	1.670000	0.900000	-7.126000	7.374197
326	8	1.069000	2.766000	-6.753800	7.376133
326	10	1.190000	-0.230000	-7.253000	7.353571
326	12	-0.470000	-1.490000	-7.435560	7.597931
326	14	1.090000	-0.550000	-7.030200	7.135427
326	16	-1.020000	1.730000	-7.191300	7.466465
326	18	-0.070000	-0.182000	-7.612000	7.614497
326	20	-0.930000	-0.039000	-7.393400	7.451764
326	24	-2.900000	-0.110000	-7.076000	7.647998
326	26	2.250000	-2.440000	-6.805000	7.571270
326	28	0.697000	-0.186000	-7.574000	7.608277
326	1	-2.357000	1.330000	-7.085000	7.584298
326	3	-0.890000	0.160000	-7.626890	7.680309
326	5	0.165000	-2.940000	-6.741000	7.356080
326	7	-0.020000	-0.830000	-7.650000	7.694920
326	9	-1.582000	-1.497000	-6.881800	7.218234
326	13	-0.650000	1.260000	-7.079000	7.219580
326	17	0.590000	-0.320000	-7.486000	7.516029
326	19	0.600000	-1.675000	-7.246000	7.461243
326	21	1.560000	-0.069000	-7.581200	7.740346
326	23	0.960000	-0.060000	-7.388200	7.450550
326	27	-1.996000	1.450000	-7.228000	7.637441
326	29	1.028000	0.950000	-7.206660	7.341337
327	0	1.800000	1.380000	-7.136000	7.487783
327	2	0.970000	-0.140000	-7.415300	7.479784
327	8	0.845000	2.197000	-7.088360	7.468981
327	10	0.090000	0.340000	-7.486500	7.494757
327	12	0.850000	-2.250000	-7.140600	7.534797
327	14	0.470000	0.910000	-7.307000	7.378431
327	16	-2.380000	1.620000	-6.682800	7.276580
327	18	0.350000	0.910000	-7.361500	7.425785
327	20	0.150000	-0.763000	-7.665800	7.705138
327	24	-0.640000	-0.070000	-7.372000	7.400060
327	26	0.690000	-2.170000	-7.040000	7.399095
327	28	0.272000	0.480000	-7.461000	7.481371
327	1	-3.019000	1.260000	-7.015000	7.740296
327	3	-0.600000	-0.040000	-7.204000	7.229054
327	5	2.210000	-2.800000	-6.465000	7.383788
327	7	0.410000	-0.840000	-7.292000	7.351664
327	9	-0.530000	-0.913000	-7.389900	7.464924
327	13	0.760000	3.000000	-6.585200	7.276157
327	17	-0.470000	-1.470000	-7.165000	7.329326
327	19	-0.900000	-1.795000	-7.469000	7.734209
327	21	0.980000	2.409000	-7.313100	7.761773
327	23	-0.570000	-0.150000	-7.146100	7.170366
327	27	-3.259000	0.120000	-6.853700	7.590039
327	29	-0.544000	0.400000	-7.153500	7.185297
328	0	2.027000	1.330000	-7.263000	7.656944
328	2	1.190000	1.430000	-7.217200	7.453119
328	8	0.273000	1.740000	-7.304300	7.513649
328	10	-0.240000	0.770000	-7.249000	7.293730
328	12	0.470000	-2.900000	-6.804000	7.411162
328	14	-1.530000	1.770000	-7.145300	7.518584
328	16	-1.800000	2.860000	-6.449340	7.281043
328	18	-0.050000	1.340000	-7.167800	7.292150
328	20	-0.750000	-0.447000	-7.338300	7.390058
328	24	-0.030000	0.100000	-7.354000	7.354741
328	26	0.250000	-0.570000	-7.653000	7.678269
328	28	-0.622000	-0.330000	-7.572000	7.604668
328	1	-0.220000	1.120000	-7.287000	7.375850
328	3	-1.530000	-0.910000	-7.020000	7.242196
328	5	1.460000	-3.610000	-6.203000	7.323995
328	7	-0.660000	0.090000	-7.569000	7.598254
328	9	-1.533000	-1.333000	-7.069000	7.355117
328	13	-0.540000	2.530000	-6.769000	7.246507
328	17	1.570000	-2.540000	-7.101000	7.703292
328	19	-0.340000	-2.062000	-6.691000	7.009774
328	21	0.540000	2.397000	-7.203900	7.611398
328	23	-0.600000	-1.080000	-7.067600	7.174773
328	27	-1.108000	2.860000	-7.023700	7.664178
328	29	-1.116000	0.400000	-7.056700	7.155590
329	0	0.060000	-0.890000	-7.437000	7.490305
329	2	0.680000	1.470000	-7.280400	7.458386
329	8	1.296000	0.580000	-7.297400	7.434249
329	10	1.280000	1.660000	-7.267000	7.563286
329	12	1.230000	-2.460000	-6.945200	7.469960
329	14	0.400000	1.740000	-7.076000	7.297765
329	16	-1.830000	0.550000	-7.002200	7.258251
329	18	1.870000	2.620000	-6.334300	7.105256
329	20	0.190000	-0.230000	-7.136400	7.142633
329	24	-1.830000	1.340000	-6.964000	7.324056
329	26	1.580000	-3.210000	-6.544000	7.458179
329	28	-0.560000	0.780000	-7.682000	7.741778
329	1	-2.959000	-1.850000	-6.712900	7.565792
329	3	-1.910000	-1.960000	-6.961900	7.480491
329	5	-0.050000	-2.190000	-6.916000	7.254630
329	7	1.470000	-0.160000	-7.277000	7.425714
329	9	-0.822000	-2.276000	-6.650300	7.076888
329	13	1.190000	4.190000	-6.057000	7.460526
329	17	1.250000	-3.630000	-6.333000	7.405828
329	19	-3.330000	-0.685000	-6.497000	7.332744
329	21	0.370000	0.337000	-7.447700	7.464496
329	23	0.820000	-1.140000	-7.188200	7.324085
329	27	-0.868000	2.190000	-6.991000	7.377236
329	29	0.639000	0.750000	-7.773200	7.835398
330	0	1.060000	-1.720000	-7.036000	7.320334
330	2	0.850000	2.170000	-6.781000	7.170311
330	8	1.160000	1.540000	-7.166000	7.420833
330	10	1.190000	2.330000	-6.922000	7.399938
330	12	-0.870000	-2.830000	-7.282300	7.861151
330	14	-0.940000	1.870000	-7.242300	7.538661
330	16	-1.190000	2.370000	-6.989800	7.475982
330	18	1.000000	1.630000	-6.947550	7.205925
330	20	0.590000	-0.444000	-7.493900	7.530191
330	24	-0.160000	1.770000	-7.006000	7.227900
330	26	1.384000	-1.260000	-7.454000	7.685387
330	28	-0.521700	1.090000	-7.263000	7.362842
330	1	-1.020000	-0.140000	-7.263000	7.335610
330	3	-0.310000	-2.190000	-7.159900	7.493755
330	5	2.170000	-1.290000	-7.128000	7.561837
330	7	-0.310000	-0.360000	-7.699000	7.713644
330	9	-0.471000	-2.605000	-6.672300	7.178263
330	13	0.960000	2.910000	-6.633400	7.306962
330	17	1.150000	-2.370000	-7.072000	7.546694
330	19	-2.040000	-1.132000	-7.224600	7.591961
330	21	0.760000	1.365000	-7.309500	7.474598
330	23	-0.240000	-1.260000	-7.201500	7.314834
330	27	-1.080000	3.780000	-6.424700	7.532036
330	29	-0.152300	-1.540000	-7.322000	7.483748
331	0	1.130000	-0.180000	-7.501000	7.587773
331	2	1.070000	1.770000	-7.232000	7.521943
331	8	0.355000	0.500000	-7.523500	7.548449
331	10	-0.180000	0.500000	-7.368000	7.387139
331	12	-0.150000	-2.920000	-7.039290	7.622369
331	14	-0.230000	2.490000	-7.045400	7.476006
331	16	-0.640000	1.060000	-7.612400	7.712447
331	18	3.010000	1.480000	-6.759400	7.545859
331	20	-0.900000	-0.568000	-7.437400	7.513158
331	24	-0.860000	1.190000	-7.031000	7.182664
331	26	0.156000	-2.060000	-7.339000	7.624228
331	28	-0.126000	0.860000	-7.356000	7.407173
331	1	-1.609000	2.780000	-6.753700	7.478619
331	3	0.220000	-3.100000	-6.719400	7.403292
331	5	2.610000	-1.970000	-6.810000	7.554409
331	7	0.520000	-0.550000	-7.168100	7.207951
331	9	-0.458000	-1.727000	-6.959300	7.184995
331	13	2.280000	3.200000	-6.522000	7.614124
331	17	2.120000	-0.690000	-7.677000	7.994175
331	19	-1.550000	-0.160000	-7.308900	7.473160
331	21	0.460000	1.662000	-7.127100	7.332762
331	23	0.150000	-0.580000	-7.090800	7.116062
331	27	-1.446000	3.770000	-6.334000	7.511549
331	29	-0.386000	-0.740000	-7.528400	7.574523
332	0	2.887000	-1.770000	-6.641000	7.454566
332	2	0.180000	2.160000	-7.039000	7.365156
332	8	0.198000	1.010000	-7.274000	7.346454
332	10	-2.010000	1.510000	-7.262000	7.684845
332	12	-0.290000	-3.850000	-6.660800	7.698887
332	14	0.720000	1.510000	-7.088000	7.282736
332	16	1.020000	2.190000	-7.120000	7.518703
332	18	1.270000	-0.170000	-7.376700	7.487156
332	20	-1.480000	-0.372000	-7.118600	7.280333
332	24	-3.150000	-0.120000	-6.652000	7.361114
332	26	-0.691000	-2.980000	-6.872000	7.522118
332	28	0.430000	-0.230000	-7.420000	7.436007
332	1	-0.690000	2.210000	-7.253000	7.613554
332	3	-0.200000	-1.830000	-7.214900	7.446051
332	5	-0.100000	-1.800000	-7.018000	7.245849
332	7	0.450000	-0.560000	-7.513900	7.548165
332	9	0.887000	-1.616000	-7.340400	7.568335
332	13	2.070000	1.080000	-6.814200	7.203098
332	17	0.280000	-1.730000	-7.186000	7.396614
332	19	-2.430000	-1.570000	-6.896000	7.478276
332	21	0.050000	0.292000	-7.665200	7.670923
332	23	0.140000	-1.490000	-7.384100	7.534231
332	27	-1.861000	2.770000	-6.317000	7.144278
332	29	0.611000	-0.530000	-7.805900	7.847694
333	0	0.530000	-1.000000	-7.194000	7.282481
333	2	-0.380000	1.750000	-6.950000	7.177005
333	8	0.146000	1.708000	-7.566900	7.758644
333	10	-1.800000	2.590000	-7.149600	7.814402
333	12	-0.150000	-0.940000	-7.092000	7.155597
333	14	0.280000	1.680000	-7.137400	7.337798
333	16	0.000000	1.560000	-7.412100	7.574485
333	18	1.040000	-0.550000	-7.585100	7.675796
333	20	-0.570000	-0.514000	-7.327200	7.367290
333	24	-0.460000	0.750000	-7.301000	7.353822
333	26	0.360000	-2.740000	-7.398000	7.897316
333	28	0.263000	0.720000	-7.336000	7.375938
333	1	-0.927000	1.020000	-7.377000	7.504656
333	3	-0.140000	-1.290000	-7.590300	7.700413
333	5	0.990000	0.400000	-7.167200	7.246299
333	7	1.460000	1.000000	-7.130200	7.346520
333	9	-0.146000	-0.564000	-7.439400	7.462177
333	13	1.240000	2.930000	-6.568000	7.298022
333	17	0.640000	-1.830000	-7.180000	7.437130
333	19	-2.490000	-0.950000	-7.030000	7.518211
333	21	0.940000	0.876000	-7.468800	7.578519
333	23	0.200000	-2.550000	-6.806900	7.271615
333	27	-1.308000	3.240000	-6.810000	7.654055
333	29	-0.179000	0.930000	-7.477600	7.537337
334	0	-0.340000	-1.410000	-7.404000	7.544728
334	2	0.490000	2.680000	-7.153000	7.654274
334	8	0.344000	0.899000	-7.352700	7.415439
334	10	-0.400000	1.560000	-7.178200	7.356640
334	12	0.910000	-1.370000	-7.529400	7.706936
334	14	-1.760000	1.970000	-6.732400	7.232130
334	16	-2.600000	0.770000	-6.761100	7.284598
334	18	1.630000	0.770000	-7.064858	7.291229
334	20	-2.040000	0.033000	-7.011600	7.302412
334	24	-2.150000	2.140000	-6.735000	7.386632
334	26	0.276000	-4.410000	-6.047000	7.489358
334	28	-2.028200	-1.300000	-7.247700	7.637588
334	1	-1.260000	1.490000	-6.608000	6.890092
334	3	-1.700000	-1.110000	-7.261900	7.540377
334	5	-0.400000	0.640000	-7.509000	7.546833
334	7	0.960000	0.260000	-7.207900	7.276196
334	9	-0.343000	-0.296000	-7.518500	7.532138
334	13	0.980000	2.670000	-6.761400	7.335246
334	17	-0.230000	-2.890000	-7.257000	7.814669
334	19	-1.530000	-0.440000	-7.278000	7.450086
334	21	-0.550000	1.048000	-7.589100	7.680836
334	23	1.360000	-2.070000	-6.886000	7.317889
334	27	-1.110000	3.030000	-6.750000	7.481678
334	29	-0.160500	-0.020000	-7.524700	7.526438
335	0	0.730000	-0.930000	-7.180000	7.276689
335	2	0.770000	1.810000	-7.086000	7.353937
335	8	-0.707000	-0.218000	-7.049200	7.087919
335	10	-0.240000	2.000000	-7.245800	7.520586
335	12	-2.260000	-1.900000	-6.859100	7.467587
335	14	-1.260000	-1.070000	-7.054800	7.245875
335	16	1.290000	1.810000	-7.101400	7.441108
335	18	2.080000	-0.760000	-7.117500	7.454046
335	20	0.580000	-0.271000	-7.486000	7.513324
335	24	-1.450000	1.130000	-7.360000	7.586106
335	26	0.568000	-2.300000	-7.141000	7.523729
335	28	-2.560000	-0.040000	-6.947000	7.403783
335	1	-0.559000	1.430000	-7.090000	7.254342
335	3	-1.120000	-2.760000	-6.718400	7.349075
335	5	1.590000	-0.450000	-7.177000	7.364776
335	7	0.430000	0.560000	-7.144000	7.178805
335	9	-1.017000	0.613000	-7.429700	7.523995
335	13	-1.300000	2.200000	-7.408600	7.836922
335	17	1.510000	-0.160000	-7.070000	7.231224
335	19	-0.010000	-2.103000	-7.210000	7.510447
335	21	-0.570000	1.397000	-7.245500	7.400931
335	23	0.370000	-2.780000	-6.915000	7.462072
335	27	-0.665000	2.250000	-6.691000	7.090431
335	29	2.180500	-1.650000	-6.730900	7.265129
336	0	0.500000	-1.610000	-7.310000	7.501880
336	2	1.130000	0.740000	-7.199000	7.324623
336	8	-0.846000	-0.673000	-7.262000	7.342022
336	10	0.340000	1.190000	-7.597000	7.697149
336	12	-0.370000	-1.890000	-7.213300	7.465969
336	14	-0.440000	0.220000	-7.621300	7.637160
336	16	0.690000	2.510000	-6.924900	7.398002
336	18	0.880000	-2.450000	-7.110100	7.571686
336	20	0.510000	-0.236000	-7.503300	7.524314
336	24	-1.100000	0.540000	-6.972000	7.078869
336	26	-0.420000	-1.760000	-7.201000	7.424850
336	28	-2.544000	-0.320000	-7.242600	7.683072
336	1	-0.390000	1.970000	-6.969000	7.252583
336	3	-1.720000	-2.320000	-6.903000	7.482794
336	5	0.630000	-1.220000	-7.311000	7.438819
336	7	0.960000	0.490000	-7.095000	7.176401
336	9	0.610000	-0.175000	-7.577200	7.603728
336	13	-2.680000	2.210000	-7.130000	7.931166
336	17	-0.780000	-0.460000	-7.144000	7.201162
336	19	-0.300000	-0.110000	-7.335900	7.342856
336	21	-0.190000	2.196000	-6.868000	7.213040
336	23	0.960000	-1.780000	-7.154500	7.434842
336	27	-1.740000	2.710000	-6.683100	7.418593
336	29	1.031000	-1.240000	-7.376200	7.550423
337	0	1.720000	-1.410000	-6.873000	7.223893
337	2	1.540000	0.330000	-7.157000	7.328243
337	8	-0.152000	0.062000	-7.341000	7.342835
337	10	-0.020000	0.670000	-7.553100	7.582784
337	12	1.860000	-0.860000	-7.173300	7.460257
337	14	-1.350000	-0.950000	-7.456500	7.637041
337	16	-0.850000	1.110000	-7.600000	7.727522
337	18	0.520000	-1.490000	-7.618300	7.780038
337	20	2.090000	-0.196000	-7.114300	7.417532
337	24	-0.420000	-0.370000	-7.159000	7.180848
337	26	0.920000	-2.230000	-7.028000	7.430483
337	28	-0.932000	0.880000	-7.264200	7.376424
337	1	-1.044000	0.330000	-7.356000	7.437041
337	3	-1.850000	0.170000	-7.303000	7.535596
337	5	0.980000	-0.550000	-7.510000	7.593616
337	7	-1.380000	1.580000	-7.027000	7.333453
337	9	0.918000	-0.067000	-7.063300	7.123020
337	13	0.000000	2.490000	-7.221000	7.638255
337	17	0.220000	0.130000	-7.081000	7.085609
337	19	-0.620000	0.230000	-7.463000	7.492241
337	21	-0.890000	-0.040000	-7.547100	7.599501
337	23	0.320000	-2.700000	-6.756000	7.282578
337	27	-1.733000	1.330000	-7.036400	7.367708
337	29	-0.943000	0.830000	-7.415000	7.520663
338	0	0.545000	-1.140000	-7.333000	7.441069
338	2	0.710000	1.800000	-7.229000	7.483485
338	8	1.754000	-0.295000	-7.266000	7.480528
338	10	-0.010000	1.410000	-7.169400	7.306743
338	12	-1.570000	-2.250000	-7.278600	7.778523
338	14	-1.360000	0.430000	-7.302300	7.440301
338	16	-0.920000	1.650000	-7.183900	7.428144
338	18	0.150000	-0.340000	-7.457100	7.466354
338	20	1.370000	-0.372000	-7.456600	7.590531
338	24	-1.560000	0.830000	-7.461000	7.667400
338	26	1.577000	-1.000000	-7.106000	7.347256
338	28	-0.397000	-0.780000	-7.406300	7.457834
338	1	0.177000	1.690000	-7.359000	7.552636
338	3	-1.400000	-1.050000	-7.189000	7.398934
338	5	0.110000	-0.190000	-7.518000	7.521205
338	7	0.500000	1.860000	-7.122300	7.378127
338	9	0.811000	-0.541000	-7.657500	7.719307
338	13	-0.330000	1.850000	-7.365000	7.600962
338	17	-0.330000	0.540000	-7.232000	7.259637
338	19	0.480000	0.710000	-7.395800	7.445291
338	21	-2.610000	-1.177000	-7.054300	7.613184
338	23	0.630000	-2.040000	-7.088000	7.402584
338	27	-1.926000	1.520000	-7.221100	7.626543
338	29	-1.236000	-0.850000	-7.229400	7.383388
339	0	-1.405000	-2.970000	-6.665000	7.430824
339	2	1.160000	1.600000	-7.054000	7.325607
339	8	-2.810000	1.487000	-7.229000	7.897196
339	10	-1.390000	0.870000	-6.871000	7.063968
339	12	-0.780000	-2.780000	-6.980400	7.553991
339	14	-2.170000	0.940000	-6.918200	7.311224
339	16	1.510000	2.250000	-6.901700	7.414584
339	18	1.220000	-1.660000	-7.219500	7.507675
339	20	0.780000	-0.410000	-7.223600	7.277149
339	24	-1.950000	-0.970000	-7.292000	7.610300
339	26	2.412000	-2.630000	-6.398000	7.325916
339	28	-1.415000	0.300000	-7.026800	7.174130
339	1	-0.330000	1.160000	-7.919000	8.010310
339	3	-1.000000	-0.670000	-7.557000	7.652264
339	5	-0.290000	-2.320000	-7.333000	7.696713
339	7	2.250000	1.210000	-6.576800	7.055558
339	9	-0.301000	-0.758000	-7.295910	7.341353
339	13	1.420000	0.750000	-7.374800	7.547620
339	17	2.300000	-0.050000	-7.444000	7.791382
339	19	0.520000	-0.060000	-7.180000	7.199055
339	21	-2.000000	-0.618000	-6.977900	7.285123
339	23	1.070000	-2.680000	-7.294500	7.844554
339	27	-1.774000	-1.330000	-7.333000	7.660866
339	29	0.123000	0.300000	-7.542500	7.549466
340	0	-0.920000	-2.540000	-6.777000	7.295597
340	2	0.870000	2.300000	-6.945000	7.367491
340	8	-0.148000	1.829000	-7.233000	7.462133
340	10	-1.330000	1.240000	-7.058000	7.288475
340	12	-0.260000	-1.040000	-7.712100	7.786250
340	14	0.360000	0.150000	-7.188000	7.198572
340	16	0.020000	1.750000	-7.180540	7.390741
340	18	1.780000	-1.010000	-7.073000	7.363140
340	20	1.970000	0.130000	-7.244000	7.508218
340	24	-0.690000	-0.860000	-7.201000	7.284923
340	26	1.522000	-0.760000	-7.126000	7.326251
340	28	-0.954000	-0.890000	-7.435520	7.549117
340	1	-0.230000	2.760000	-7.082000	7.604290
340	3	0.020000	-0.540000	-7.415000	7.434664
340	5	0.560000	-0.430000	-7.594000	7.626751
340	7	1.670000	-0.860000	-6.791876	7.046849
340	9	2.368000	-0.990000	-7.097300	7.547131
340	13	2.120000	1.420000	-7.171300	7.611724
340	17	0.700000	-1.020000	-7.265000	7.369574
340	19	0.140000	1.150000	-7.376800	7.467214
340	21	-1.520000	0.700000	-7.159750	7.352715
340	23	1.470000	-3.040000	-6.546410	7.366002
340	27	-2.664000	0.780000	-7.112700	7.635168
340	29	1.921000	-0.490000	-7.127000	7.397599
341	0	-1.066000	-1.530000	-7.061000	7.303080
341	2	0.170000	1.510000	-6.920000	7.084871
341	8	-1.660000	1.038000	-7.338100	7.594785
341	10	-1.440000	3.330000	-6.596000	7.527929
341	12	-0.980000	-0.870000	-7.540300	7.653328
341	14	2.570000	-0.550000	-6.888300	7.372657
341	16	1.280000	3.190000	-6.592200	7.434487
341	18	-0.600000	0.450000	-7.484200	7.521685
341	20	0.900000	-1.800000	-6.954000	7.239345
341	24	0.600000	1.750000	-7.435000	7.661705
341	26	-0.061000	0.280000	-7.255000	7.260657
341	28	-2.217000	-1.070000	-6.962200	7.384593
341	1	1.343000	1.380000	-7.499000	7.742290
341	3	-0.200000	-0.290000	-7.413700	7.422065
341	5	1.540000	0.800000	-7.471000	7.669905
341	7	0.130000	-0.020000	-7.501800	7.502953
341	9	2.320000	-0.596000	-6.992700	7.391581
341	13	1.040000	1.850000	-7.358400	7.658339
341	17	-0.010000	-1.850000	-7.175000	7.409671
341	19	-0.460000	2.730000	-6.894000	7.429114
341	21	-1.050000	0.504000	-7.220600	7.313931
341	23	1.630000	-2.120000	-6.585400	7.107657
341	27	-3.647000	1.690000	-6.266800	7.445098
341	29	-0.229000	-0.710000	-7.453200	7.490443
342	0	-1.578000	-2.200000	-6.875000	7.388891
342	2	-0.150000	-0.160000	-7.459000	7.462224
342	8	-1.351000	1.209000	-7.152000	7.378210
342	10	-1.780000	1.010000	-7.244000	7.527552
342	12	-1.130000	-1.190000	-7.249000	7.432429
342	14	0.070000	0.010000	-7.565100	7.565430
342	16	0.180000	2.680000	-6.987900	7.486357
342	18	-0.130000	0.260000	-7.375100	7.380827
342	20	0.680000	-1.600000	-7.308300	7.512233
342	24	-0.070000	-0.680000	-7.334000	7.365790
342	26	3.355000	-1.380000	-6.692000	7.612049
342	28	-1.463000	0.880000	-7.119000	7.320856
342	1	0.557000	0.280000	-7.552000	7.577688
342	3	0.410000	0.500000	-7.078000	7.107474
342	5	0.100000	-2.340000	-6.740300	7.135632
342	7	-1.990000	1.080000	-6.984000	7.341850
342	9	1.001000	-0.964000	-7.323400	7.454092
342	13	-0.310000	0.350000	-7.516100	7.530628
342	17	-1.660000	-1.680000	-7.103000	7.485360
342	19	-0.970000	2.020000	-6.927000	7.280428
342	21	-1.860000	0.367000	-7.396700	7.635801
342	23	3.030000	-0.550000	-6.544100	7.232472
342	27	-1.953000	3.060000	-6.551000	7.489553
342	29	1.893000	-0.820000	-6.993800	7.291714
343	0	-2.262000	-1.830000	-6.954000	7.538147
343	2	-0.090000	-0.170000	-7.451000	7.453482
343	8	-0.730000	-0.360000	-7.234100	7.279746
343	10	-2.060000	1.070000	-6.798000	7.183405
343	12	0.160000	0.010000	-7.359000	7.360746
343	14	1.010000	-1.700000	-7.187500	7.454546
343	16	0.980000	2.770000	-6.788900	7.397463
343	18	1.650000	0.350000	-7.141000	7.337498
343	20	0.790000	-0.244000	-7.248000	7.295008
343	24	0.430000	0.280000	-7.545000	7.562429
343	26	0.858000	-0.880000	-7.443000	7.543793
343	28	-3.000000	1.460000	-6.684000	7.470439
343	1	0.198000	0.840000	-7.323000	7.373678
343	3	-0.960000	0.810000	-7.525000	7.629110
343	5	-0.070000	-0.950000	-7.315000	7.376763
343	7	-2.030000	-0.760000	-6.711200	7.052567
343	9	0.733000	-2.652000	-7.054200	7.571798
343	13	-0.480000	-0.470000	-7.467700	7.497856
343	17	-0.990000	-1.670000	-7.541000	7.786892
343	19	-0.770000	-1.330000	-7.354700	7.513549
343	21	-1.130000	1.057000	-7.375900	7.536448
343	23	0.930000	-1.590000	-7.282000	7.511360
343	27	-3.223000	2.670000	-6.217700	7.495093
343	29	0.224000	-1.660000	-7.424800	7.611401
344	0	-0.957000	-1.990000	-7.098000	7.433542
344	2	-0.420000	0.700000	-7.258000	7.303764
344	8	1.576000	1.379000	-7.152000	7.452283
344	10	-0.570000	1.140000	-7.737600	7.841872
344	12	-1.930000	0.780000	-7.211000	7.505453
344	14	2.060000	0.000000	-7.253500	7.540349
344	16	0.880000	1.360000	-7.149000	7.330225
344	18	0.740000	0.730000	-7.456000	7.528110
344	20	1.420000	-0.049000	-7.163000	7.302559
344	24	0.640000	1.000000	-7.745000	7.835472
344	26	2.539000	-1.810000	-6.996000	7.659415
344	28	-3.058000	0.660000	-7.024100	7.689275
344	1	1.055000	0.560000	-7.233000	7.330956
344	3	-1.160000	-0.750000	-7.427000	7.554365
344	5	-0.440000	-0.100000	-7.359800	7.373619
344	7	-1.440000	1.460000	-6.891000	7.189651
344	9	0.793000	0.099000	-7.729200	7.770404
344	13	1.490000	0.360000	-7.432600	7.589021
344	17	1.870000	-2.240000	-6.754000	7.357378
344	19	-3.670000	-1.580000	-6.450700	7.587940
344	21	0.110000	-0.051000	-7.250800	7.251814
344	23	0.960000	-1.080000	-6.949300	7.097941
344	27	-2.368000	1.700000	-6.980000	7.564246
344	29	1.258000	-0.370000	-7.114900	7.234726
345	0	-0.163000	-0.860000	-7.353000	7.404916
345	2	0.000000	1.670000	-7.118000	7.311281
345	8	0.659000	1.255000	-7.198000	7.336246
345	10	-1.100000	1.160000	-7.612200	7.778251
345	12	-0.680000	-1.870000	-7.263000	7.530635
345	14	-0.170000	-0.820000	-7.624800	7.670650
345	16	-0.410000	2.010000	-6.964900	7.260718
345	18	1.290000	-1.650000	-7.118200	7.419931
345	20	1.310000	0.334000	-7.468000	7.589379
345	24	0.480000	-0.700000	-7.603000	7.650229
345	26	2.339000	-0.990000	-7.234000	7.666927
345	28	-0.650000	0.390000	-7.481900	7.520201
345	1	1.500000	-0.560000	-7.170700	7.347281
345	3	-1.120000	-0.730000	-7.362000	7.482402
345	5	-0.790000	-0.170000	-7.529700	7.572937
345	7	0.080000	0.780000	-7.379000	7.420542
345	9	0.254000	-0.568000	-7.402400	7.428504
345	13	1.260000	-0.970000	-7.371700	7.541251
345	17	-0.600000	-3.200000	-6.980000	7.701974
345	19	-2.580000	-0.820000	-6.496900	7.038360
345	21	0.720000	1.447000	-7.540090	7.711366
345	23	0.840000	-1.160000	-7.093900	7.237031
345	27	-1.207000	1.910000	-7.111000	7.461318
345	29	1.609000	-0.570000	-7.276200	7.473745
346	0	0.747000	-0.810000	-7.539000	7.619096
346	2	-0.530000	1.430000	-7.379000	7.534948
346	8	0.802000	0.180000	-7.184700	7.231564
346	10	-0.680000	-0.300000	-7.527300	7.563904
346	12	-0.550000	-0.970000	-7.338000	7.422240
346	14	-0.550000	-0.650000	-7.529200	7.577193
346	16	0.370000	0.990000	-7.420700	7.495585
346	18	0.500000	2.520000	-7.106000	7.556165
346	20	-0.670000	1.644000	-7.359000	7.570107
346	24	2.510000	-0.020000	-6.902000	7.344257
346	26	2.190000	-0.760000	-6.926000	7.303641
346	28	-1.389000	2.390000	-7.141900	7.658208
346	1	-0.617000	0.890000	-7.480000	7.557988
346	3	-1.530000	-0.900000	-7.443000	7.651742
346	5	-0.150000	-0.700000	-7.338300	7.373137
346	7	-0.810000	0.980000	-7.594000	7.699697
346	9	2.170000	0.290000	-7.393700	7.711018
346	13	1.150000	-1.180000	-7.442700	7.622905
346	17	-1.020000	-3.110000	-6.617000	7.382221
346	19	-2.320000	0.630000	-7.173500	7.565607
346	21	0.080000	-0.905000	-7.489830	7.544732
346	23	2.590000	-1.030000	-7.009100	7.542976
346	27	-1.037000	0.320000	-7.478000	7.556339
346	29	0.340000	1.050000	-7.251100	7.334613
347	0	1.070000	-0.170000	-7.175000	7.256337
347	2	-0.160000	1.010000	-7.330000	7.400986
347	8	-2.029000	-0.748000	-7.246000	7.561803
347	10	-0.670000	-0.510000	-7.410000	7.457687
347	12	0.450000	-0.030000	-7.460800	7.474419
347	14	-0.430000	-1.350000	-7.336600	7.472155
347	16	1.010000	3.030000	-6.682500	7.406538
347	18	-1.030000	3.300000	-6.816700	7.643186
347	20	-0.230000	-0.035000	-7.130000	7.133795
347	24	0.670000	1.680000	-7.356000	7.575093
347	26	0.500000	-1.670000	-7.146000	7.355557
347	28	-2.564000	1.070000	-7.078200	7.603941
347	1	0.536000	0.950000	-7.294000	7.375109
347	3	-0.540000	-0.390000	-7.255000	7.285515
347	5	-0.900000	0.920000	-7.563400	7.672120
347	7	0.880000	0.840000	-7.435200	7.534069
347	9	0.348000	1.060000	-7.419600	7.503011
347	13	0.620000	-0.080000	-7.617100	7.642710
347	17	0.280000	-0.220000	-7.476100	7.484576
347	19	0.030000	-2.780000	-6.841200	7.384532
347	21	3.020000	-0.059000	-6.605750	7.263595
347	23	1.610000	-1.270000	-7.011700	7.305405
347	27	-1.780000	0.980000	-7.065900	7.352261
347	29	0.283000	-1.260000	-7.248700	7.362835
348	0	1.002000	-0.400000	-7.298000	7.377317
348	2	1.520000	1.040000	-6.951000	7.190855
348	8	-1.729000	0.033000	-6.803000	7.019355
348	10	-2.020000	0.240000	-6.937000	7.229106
348	12	0.470000	-1.640000	-7.338700	7.534389
348	14	-0.100000	-2.520000	-6.700900	7.159781
348	16	-0.210000	0.210000	-7.372700	7.378679
348	18	-0.570000	3.700000	-6.513700	7.512868
348	20	-0.470000	1.330000	-7.261300	7.397045
348	24	0.970000	-0.280000	-7.550000	7.617204
348	26	0.630000	-2.170000	-7.049000	7.402311
348	28	-0.451000	0.320000	-7.631700	7.651709
348	1	-0.975000	-1.050000	-7.782000	7.912815
348	3	-1.250000	-0.060000	-7.347000	7.452819
348	5	-1.210000	-0.830000	-7.417000	7.560747
348	7	1.800000	1.940000	-6.767870	7.266888
348	9	1.169000	1.223000	-6.926700	7.130320
348	13	0.280000	-0.330000	-7.360000	7.372713
348	17	-0.400000	-1.750000	-7.229800	7.449329
348	19	-0.310000	-2.436000	-6.750400	7.183181
348	21	2.790000	-0.119000	-6.754600	7.309096
348	23	-0.820000	0.430000	-7.619400	7.675452
348	27	-1.000000	0.740000	-7.220200	7.326588
348	29	0.432000	1.220000	-7.451000	7.562567
349	0	-0.028000	0.530000	-7.794000	7.812050
349	2	-0.740000	1.990000	-7.150000	7.458566
349	8	-0.996000	-1.414000	-7.540600	7.736411
349	10	-1.090000	0.990000	-7.232000	7.380381
349	12	-0.060000	-1.080000	-7.618300	7.694706
349	14	0.540000	-1.810000	-7.554000	7.786566
349	16	0.960000	1.240000	-7.025400	7.198295
349	18	-1.590000	2.510000	-6.733800	7.360181
349	20	-1.740000	1.271000	-7.176000	7.492531
349	24	1.090000	-0.400000	-7.352000	7.443118
349	26	2.507000	-1.890000	-6.677000	7.378311
349	28	0.962000	1.060000	-7.182100	7.323360
349	1	-0.408000	0.070000	-7.305000	7.316720
349	3	-1.890000	0.120000	-7.019500	7.270480
349	5	-0.480000	-1.910000	-7.328700	7.588698
349	7	1.490000	2.810000	-7.018150	7.705234
349	9	0.877000	0.620000	-7.330300	7.408564
349	13	-0.400000	-1.110000	-7.378800	7.472536
349	17	-2.270000	-0.330000	-7.034800	7.399339
349	19	-0.640000	-3.782000	-6.557300	7.596796
349	21	0.470000	0.778000	-7.611200	7.665282
349	23	0.240000	0.690000	-7.852550	7.886459
349	27	0.986000	2.250000	-7.159260	7.568996
349	29	-0.623000	-0.170000	-6.985000	7.014788
350	0	0.090000	0.090000	-7.556000	7.557072
350	2	3.210000	0.920000	-6.676000	7.464548
350	8	-1.404000	-1.469000	-7.173300	7.455562
350	10	0.580000	0.440000	-7.244000	7.280490
350	12	0.620000	-1.640000	-7.323000	7.529962
350	14	-1.350000	-1.900000	-7.280000	7.644011
350	16	2.720000	-0.390000	-6.988843	7.509623
350	18	0.040000	3.590000	-6.372000	7.313828
350	20	-2.740000	0.931000	-6.871000	7.455535
350	24	2.330000	0.700000	-7.103000	7.508096
350	26	-0.010000	-2.970000	-7.209000	7.796838
350	28	-0.450000	-0.590000	-7.146700	7.185118
350	1	-0.071000	-0.890000	-7.398000	7.451681
350	3	-1.040000	-1.550000	-7.350000	7.583311
350	5	-1.410000	-0.350000	-7.753000	7.887941
350	7	-1.190000	2.800000	-6.886300	7.528428
350	9	1.025000	2.660000	-7.097200	7.648299
350	13	-0.410000	-0.310000	-7.862700	7.879483
350	17	-1.000000	0.470000	-7.013000	7.099512
350	19	-0.950000	-2.565000	-6.859800	7.385024
350	21	-0.030000	1.255000	-7.073600	7.184131
350	23	-0.210000	-0.030000	-7.755000	7.757901
350	27	-1.410000	1.880000	-6.891700	7.281348
350	29	0.397000	0.530000	-7.368000	7.397698
351	0	-0.529000	-1.180000	-7.577000	7.686558
351	2	2.830000	1.330000	-6.486000	7.200416
351	8	-1.312000	-0.552000	-7.242000	7.380556
351	10	1.930000	0.050000	-7.400400	7.648093
351	12	-0.750000	-1.420000	-7.164800	7.342565
351	14	-0.610000	-1.120000	-7.445700	7.554135
351	16	3.460000	-1.410000	-6.424860	7.432263
351	18	-0.210000	2.730000	-6.638500	7.180995
351	20	-0.530000	2.935000	-6.981000	7.591409
351	24	2.720000	0.100000	-6.789000	7.314296
351	26	-1.320000	-2.900000	-6.688000	7.408221
351	28	1.032000	-0.770000	-7.445500	7.556017
351	1	-0.378000	-0.390000	-7.129000	7.149659
351	3	0.510000	-1.700000	-6.932300	7.155898
351	5	-0.070000	0.250000	-7.416000	7.420543
351	7	-0.100000	3.730000	-6.217200	7.250964
351	9	1.747000	2.404000	-6.645900	7.280056
351	13	0.040000	-1.790000	-7.075900	7.298908
351	17	-1.930000	2.480000	-6.822000	7.510991
351	19	2.070000	-2.315000	-6.755000	7.434659
351	21	3.120000	1.083000	-6.844000	7.599186
351	23	0.690000	-1.340000	-7.304600	7.458477
351	27	0.210000	1.730000	-6.871000	7.088557
351	29	0.145000	1.930000	-7.052000	7.312772
352	0	0.300000	0.170000	-7.347000	7.355087
352	2	1.730000	1.870000	-6.819000	7.279324
352	8	-0.525000	-2.095000	-6.955000	7.282628
352	10	0.580000	0.150000	-7.626000	7.649495
352	12	-0.980000	-0.240000	-7.351000	7.419919
352	14	1.340000	-2.520000	-7.068000	7.622508
352	16	2.090000	-2.950000	-6.333500	7.292724
352	18	-0.430000	1.970000	-7.122600	7.402515
352	20	-1.390000	1.095000	-7.014000	7.233763
352	24	2.550000	0.700000	-7.013000	7.494976
352	26	-0.243000	-2.140000	-7.020000	7.342959
352	28	1.130000	-2.310000	-7.224300	7.668345
352	1	-1.072000	-0.330000	-7.515000	7.598244
352	3	-1.040000	-1.710000	-7.014000	7.293963
352	5	-0.550000	0.770000	-7.202000	7.263897
352	7	0.390000	2.080000	-7.237400	7.540455
352	9	1.888000	3.534000	-6.380500	7.534221
352	13	1.290000	-0.200000	-7.121790	7.240441
352	17	-2.830000	1.540000	-6.765300	7.493316
352	19	0.980000	-1.678000	-6.757000	7.030870
352	21	1.010000	-0.516000	-7.124700	7.214410
352	23	0.030000	-1.900000	-7.069750	7.320674
352	27	1.022000	3.120000	-6.509000	7.290128
352	29	-1.622000	0.460000	-7.360000	7.550635
353	0	1.134000	-0.470000	-7.399000	7.500137
353	2	0.300000	2.220000	-6.880000	7.235523
353	8	-0.484000	-2.815000	-6.458000	7.061462
353	10	-1.260000	0.040000	-7.280000	7.388342
353	12	-0.440000	0.100000	-7.679000	7.692246
353	14	-0.180000	-2.440000	-7.259000	7.660227
353	16	2.480000	-3.420000	-6.396800	7.665889
353	18	-1.970000	1.110000	-7.016720	7.372066
353	20	-0.900000	0.050000	-7.449000	7.503339
353	24	2.620000	-1.690000	-7.016000	7.677549
353	26	-1.820000	-0.540000	-7.336000	7.577658
353	28	0.782000	-0.650000	-7.414500	7.483905
353	1	-0.407000	0.200000	-7.364000	7.377950
353	3	-2.970000	-0.630000	-7.010100	7.639326
353	5	0.610000	-1.080000	-7.440200	7.542882
353	7	-0.110000	1.810000	-7.210680	7.435194
353	9	2.203000	2.760000	-6.801800	7.663895
353	13	-0.260000	0.660000	-7.718760	7.751287
353	17	-1.700000	0.480000	-6.736600	6.964351
353	19	2.830000	-1.350000	-6.954000	7.628205
353	21	0.840000	-0.600000	-7.168700	7.242642
353	23	0.800000	-1.460000	-7.151600	7.342818
353	27	-0.820000	4.170000	-6.372000	7.659222
353	29	-1.896000	-0.750000	-7.077000	7.364866
354	0	0.690000	0.160000	-7.310000	7.344236
354	2	2.190000	2.990000	-6.333000	7.337785
354	8	1.209000	-3.537000	-6.209200	7.247497
354	10	0.620000	0.650000	-7.335000	7.389799
354	12	-0.550000	0.180000	-7.789000	7.810469
354	14	0.110000	-2.410000	-6.895000	7.304877
354	16	2.010000	-2.580000	-6.855210	7.595420
354	18	-1.320000	0.010000	-7.520000	7.634979
354	20	-0.470000	1.904000	-7.127000	7.391904
354	24	1.000000	-0.660000	-7.362000	7.458863
354	26	-2.750000	-2.920000	-6.443000	7.589542
354	28	3.028000	-0.410000	-7.164800	7.789175
354	1	-1.251000	0.970000	-7.107000	7.281164
354	3	-3.030000	-0.350000	-6.876000	7.522152
354	5	-0.850000	0.790000	-7.389000	7.479567
354	7	0.150000	2.310000	-6.945460	7.321066
354	9	1.107000	1.270000	-7.155300	7.350964
354	13	-0.360000	-0.360000	-7.366500	7.384072
354	17	-1.100000	1.540000	-7.431000	7.668205
354	19	2.730000	-2.130000	-6.732100	7.570401
354	21	0.410000	0.041000	-7.678400	7.689448
354	23	1.630000	-1.120000	-7.242100	7.507284
354	27	-1.220000	2.070000	-7.002000	7.402790
354	29	-1.134000	-0.180000	-7.450000	7.537961
355	0	-1.314000	-0.700000	-7.737000	7.878944
355	2	1.780000	1.430000	-7.225000	7.577198
355	8	-1.955000	-2.119000	-6.741600	7.332214
355	10	0.600000	-0.590000	-7.346000	7.394039
355	12	0.020000	1.600000	-7.099000	7.277101
355	14	0.170000	-1.770000	-6.977000	7.200023
355	16	1.950000	-1.650000	-6.816910	7.279784
355	18	-0.830000	1.260000	-7.139000	7.296699
355	20	-0.660000	1.008000	-7.364000	7.461914
355	24	1.060000	-0.810000	-7.350000	7.470087
355	26	-1.900000	-1.890000	-7.042000	7.534711
355	28	1.606000	-0.360000	-7.201500	7.387181
355	1	-1.294000	-0.790000	-7.270000	7.426401
355	3	-3.440000	-1.310000	-6.565410	7.526906
355	5	-1.530000	1.750000	-6.816700	7.202138
355	7	-1.700000	2.830000	-6.602900	7.382221
355	9	0.313000	2.060000	-6.885000	7.193385
355	13	-1.300000	-1.770000	-7.032600	7.367521
355	17	-1.950000	0.980000	-7.125000	7.451746
355	19	2.000000	-1.620000	-6.840400	7.308589
355	21	-0.390000	-1.006000	-7.378000	7.456475
355	23	0.530000	-3.090000	-6.829100	7.514360
355	27	0.100000	2.290000	-7.155000	7.513197
355	29	-1.733000	-0.510000	-6.850000	7.084200
356	0	0.314000	-0.030000	-7.335000	7.341779
356	2	3.460000	-0.260000	-6.554000	7.415802
356	8	-1.439000	-0.329000	-6.688000	6.848964
356	10	-0.050000	-0.430000	-7.389000	7.401670
356	12	0.230000	0.540000	-7.512000	7.534895
356	14	0.310000	-1.990000	-7.088000	7.368578
356	16	1.350000	1.060000	-7.253730	7.454039
356	18	-1.010000	2.360000	-7.548600	7.973146
356	20	-0.270000	-0.248000	-7.555000	7.563890
356	24	-0.440000	-2.040000	-7.341000	7.631873
356	26	-1.204000	-4.240000	-6.029000	7.468337
356	28	1.633000	0.030000	-6.775200	6.969284
356	1	-0.364000	-0.030000	-7.414000	7.422991
356	3	-3.260000	-2.220000	-6.375800	7.497121
356	5	-2.740000	1.060000	-6.965000	7.559261
356	7	-0.360000	1.530000	-7.003300	7.177514
356	9	0.449000	3.360000	-6.559100	7.383292
356	13	0.430000	-1.150000	-7.336300	7.438326
356	17	-1.820000	1.700000	-7.092000	7.516573
356	19	1.990000	0.080000	-6.996700	7.274635
356	21	-0.960000	-0.384000	-7.679500	7.748792
356	23	-1.320000	-2.240000	-7.141900	7.600443
356	27	1.150000	2.610000	-6.973000	7.533746
356	29	-2.892000	-0.430000	-7.352400	7.912417
357	0	0.238000	1.730000	-7.375000	7.578929
357	2	2.670000	1.340000	-7.182000	7.778536
357	8	1.437000	-3.644000	-6.499700	7.588795
357	10	0.340000	0.520000	-7.628000	7.653260
357	12	1.040000	-0.460000	-7.403000	7.489834
357	14	-0.410000	-3.070000	-6.433000	7.139782
357	16	3.120000	0.220000	-6.556000	7.263879
357	18	1.630000	1.320000	-7.129000	7.431147
357	20	0.070000	0.076000	-7.640000	7.640699
357	24	-0.180000	-1.690000	-6.950000	7.154789
357	26	-1.052000	-4.770000	-5.431000	7.304476
357	28	1.684000	0.420000	-7.279000	7.483054
357	1	-1.612000	-1.200000	-7.117000	7.395285
357	3	-3.030000	-0.230000	-6.872300	7.514140
357	5	0.490000	1.110000	-7.698000	7.793036
357	7	-0.250000	1.840000	-7.647000	7.869225
357	9	0.425000	1.640000	-7.136800	7.335130
357	13	-0.060000	-0.220000	-7.348100	7.351637
357	17	0.940000	0.510000	-7.238000	7.316580
357	19	2.470000	-0.360000	-7.085100	7.511933
357	21	1.090000	1.123000	-7.067300	7.238505
357	23	-1.280000	-2.660000	-6.811400	7.423555
357	27	-0.150000	2.980000	-6.923000	7.538622
357	29	-1.454000	-0.210000	-7.131300	7.281048
358	0	1.376000	0.380000	-7.422000	7.558033
358	2	1.930000	1.450000	-7.409000	7.792348
358	8	0.338000	-1.351000	-6.986710	7.124153
358	10	1.250000	0.770000	-7.017000	7.168939
358	12	0.080000	0.940000	-7.588100	7.646520
358	14	0.920000	-2.160000	-7.249000	7.619711
358	16	2.690000	-0.570000	-7.006400	7.526662
358	18	0.110000	0.360000	-7.144100	7.154010
358	20	-0.860000	-0.868000	-7.227000	7.329567
358	24	1.360000	-0.480000	-7.483000	7.620714
358	26	-0.627000	-4.690000	-5.991000	7.634220
358	28	3.151000	0.460000	-6.843000	7.547652
358	1	-0.786000	-1.260000	-7.254000	7.404452
358	3	-1.490000	0.810000	-7.060900	7.261715
358	5	0.570000	1.610000	-7.623000	7.811986
358	7	-0.600000	2.400000	-6.995900	7.420419
358	9	-0.381000	2.633000	-6.782000	7.285147
358	13	-1.000000	1.180000	-7.270100	7.432816
358	17	-0.730000	-0.030000	-7.539000	7.574320
358	19	0.870000	0.330000	-7.215500	7.275248
358	21	2.100000	0.581000	-7.278000	7.597160
358	23	-2.410000	-0.590000	-6.915100	7.346755
358	27	2.493000	3.880000	-6.148200	7.685689
358	29	0.945000	-1.340000	-7.201800	7.386105
359	0	1.781000	0.720000	-7.276000	7.525326
359	2	3.050000	0.480000	-6.553000	7.243943
359	8	0.623000	-2.252000	-6.938600	7.321462
359	10	1.780000	0.050000	-6.990000	7.213252
359	12	-0.400000	-0.470000	-7.459000	7.484489
359	14	1.770000	-1.710000	-7.042000	7.459676
359	16	1.490000	0.230000	-7.310800	7.464636
359	18	0.990000	-0.240000	-7.312000	7.382618
359	20	0.200000	-2.930000	-6.827000	7.431879
359	24	2.510000	-1.710000	-6.812000	7.458387
359	26	-1.238000	-4.020000	-5.891000	7.238572
359	28	0.185000	0.120000	-7.182000	7.185384
359	1	-1.234000	-1.980000	-7.441000	7.798182
359	3	-1.600000	0.080000	-7.156800	7.333907
359	5	-0.140000	-0.170000	-7.448000	7.451255
359	7	-0.860000	2.140000	-6.917800	7.292130
359	9	-0.156000	1.780000	-7.310000	7.525213
359	13	-3.020000	0.590000	-7.074300	7.714546
359	17	-0.140000	0.390000	-7.589000	7.600304
359	19	0.590000	-1.510000	-7.603174	7.774089
359	21	1.800000	0.429000	-7.169100	7.404055
359	23	-0.721000	-1.250000	-7.156000	7.300046
359	27	0.590000	3.900000	-6.107467	7.270437
359	29	-1.060000	-0.880000	-7.352010	7.479977
360	0	1.940000	0.970000	-7.053000	7.378978
360	2	1.180000	1.480000	-7.284600	7.526500
360	8	1.101000	-0.200000	-7.284700	7.370146
360	10	0.090000	0.510000	-7.345200	7.363434
360	12	2.590000	0.300000	-6.766000	7.250990
360	14	1.420000	-1.740000	-7.259000	7.598492
360	16	0.600000	0.210000	-7.479400	7.506366
360	18	2.530000	-0.230000	-6.518300	6.995858
360	20	-1.160000	-1.453000	-7.193000	7.429405
360	24	0.200000	-0.580000	-7.463000	7.488175
360	26	-1.472000	-3.850000	-6.443000	7.648629
360	28	1.099000	2.070000	-6.874000	7.262546
360	1	-2.922000	-1.740000	-6.352500	7.205549
360	3	-1.830000	0.100000	-7.292800	7.519563
360	5	-1.520000	0.350000	-7.196000	7.363105
360	7	-1.660000	2.550000	-6.488810	7.166781
360	9	-0.514000	2.210000	-7.017000	7.374726
360	13	0.700000	1.820000	-7.295100	7.551217
360	17	0.240000	-0.800000	-7.358000	7.405252
360	19	0.540000	-0.030000	-7.096100	7.116680
360	21	-0.410000	0.317000	-7.401700	7.419822
360	23	-1.680000	-2.110000	-6.987600	7.490064
360	27	0.350000	4.120000	-5.906800	7.210214
360	29	-0.878000	0.760000	-7.673410	7.760780
361	0	2.976000	0.830000	-6.754000	7.427112
361	2	2.360000	0.600000	-6.949000	7.363301
361	8	2.678000	-0.870000	-6.838900	7.395887
361	10	0.780000	1.190000	-7.232000	7.370639
361	12	1.010000	-2.300000	-7.038000	7.472854
361	14	0.540000	-0.860000	-7.708000	7.774604
361	16	0.700000	0.040000	-7.527400	7.559984
361	18	0.700000	-0.540000	-7.466000	7.518162
361	20	-0.610000	0.437000	-7.339000	7.377262
361	24	1.260000	0.270000	-7.855000	7.959995
361	26	-0.690000	-2.940000	-6.900000	7.531912
361	28	2.691100	-1.120000	-6.761000	7.362577
361	1	-2.634000	-2.620000	-6.379000	7.382005
361	3	-0.470000	-1.240000	-7.330400	7.449380
361	5	0.340000	0.010000	-7.636000	7.643572
361	7	-2.180000	1.940000	-6.752100	7.355736
361	9	-0.826000	2.140000	-6.998500	7.364841
361	13	-1.610000	-0.640000	-7.344670	7.546249
361	17	0.740000	1.040000	-7.259000	7.370365
361	19	-0.660000	-0.920000	-7.214130	7.302443
361	21	-0.410000	0.265000	-7.555000	7.570756
361	23	-1.020000	-1.600000	-7.287500	7.530475
361	27	-0.760000	2.460000	-6.551600	7.039365
361	29	-0.550000	-0.570000	-7.499700	7.541412
362	0	2.442000	0.110000	-7.329000	7.725911
362	2	2.220000	0.120000	-7.495000	7.817789
362	8	2.470000	-0.292000	-6.746200	7.190089
362	10	0.690000	1.080000	-7.388000	7.498336
362	12	1.040000	-0.430000	-7.476800	7.561021
362	14	0.630000	-1.090000	-7.179000	7.288555
362	16	-0.010000	0.140000	-7.611930	7.613224
362	18	0.360000	0.330000	-7.575000	7.590726
362	20	-0.800000	-0.926000	-7.242000	7.344661
362	24	0.510000	-0.210000	-7.216000	7.237047
362	26	1.485000	-0.760000	-7.654800	7.834462
362	28	3.776000	-1.270000	-6.418900	7.554691
362	1	-3.538000	-2.310000	-6.235000	7.531850
362	3	0.070000	-1.120000	-7.633300	7.715346
362	5	-0.900000	0.250000	-7.379000	7.437886
362	7	-2.230000	1.780000	-6.640000	7.227095
362	9	-0.300000	1.560000	-7.756600	7.917603
362	13	-0.320000	-0.690000	-7.625800	7.663637
362	17	-0.530000	1.250000	-7.410000	7.533359
362	19	-0.510000	0.990000	-7.597100	7.678289
362	21	1.480000	-0.942000	-7.518000	7.719980
362	23	0.750000	-1.860000	-7.125760	7.402605
362	27	-0.081000	3.770000	-6.335800	7.373047
362	29	-0.703000	0.140000	-7.568250	7.602119
363	0	3.988000	1.830000	-5.941000	7.385697
363	2	0.090000	1.350000	-7.452000	7.573830
363	8	2.220000	-0.551000	-7.291400	7.641761
363	10	0.809000	1.330000	-7.038800	7.208889
363	12	0.270000	-0.840000	-7.787900	7.837722
363	14	1.100000	-1.600000	-7.059000	7.321167
363	16	0.340000	-0.160000	-7.470300	7.479745
363	18	-0.570000	1.430000	-7.329000	7.488928
363	20	-1.140000	0.419000	-7.635000	7.731002
363	24	-0.380000	-1.870000	-7.167000	7.416683
363	26	0.742000	-1.600000	-7.202000	7.414807
363	28	1.762000	-0.520000	-7.231900	7.461596
363	1	-3.418000	-0.420000	-6.767000	7.592853
363	3	-1.030000	-0.230000	-7.241100	7.317604
363	5	-0.020000	1.020000	-7.393000	7.463059
363	7	-1.790000	2.840000	-6.260900	7.104123
363	9	-1.392000	2.060000	-6.855000	7.291933
363	13	0.410000	0.740000	-7.270600	7.319653
363	17	-0.920000	1.220000	-7.163000	7.324163
363	19	-0.570000	-0.460000	-7.258370	7.295234
363	21	0.780000	-0.058000	-7.272200	7.314141
363	23	1.995000	-3.390000	-6.367100	7.484122
363	27	-1.791000	1.120000	-6.950100	7.264019
363	29	-1.060000	-0.060000	-7.272000	7.349094
364	0	3.675000	1.240000	-6.405000	7.487807
364	2	0.310000	0.370000	-7.336800	7.352662
364	8	2.458000	-0.482000	-6.708000	7.160402
364	10	-0.180000	3.330000	-6.421000	7.235367
364	12	-0.400000	0.020000	-7.379000	7.389861
364	14	0.820000	-1.200000	-7.212000	7.356993
364	16	1.090000	-1.240000	-7.086600	7.276373
364	18	-1.370000	0.510000	-7.199000	7.345924
364	20	-1.910000	0.914000	-7.429000	7.724865
364	24	-0.660000	-2.130000	-7.135000	7.475341
364	26	0.285000	-2.620000	-7.140000	7.610862
364	28	1.384000	0.030000	-7.299800	7.429901
364	1	-3.465000	-1.810000	-6.329000	7.438990
364	3	1.740000	-2.690000	-7.034800	7.729949
364	5	1.320000	0.380000	-7.112000	7.243435
364	7	-1.340000	1.000000	-7.286100	7.475483
364	9	-2.104000	1.995000	-7.255500	7.813394
364	13	0.670000	0.210000	-7.597470	7.629846
364	17	1.550000	-0.250000	-7.132100	7.302866
364	19	-0.290000	-0.500000	-7.363600	7.386251
364	21	1.500000	1.081000	-7.667000	7.886790
364	23	-1.611000	-2.790000	-6.694500	7.429384
364	27	-1.530000	1.980000	-7.096500	7.524733
364	29	-0.003000	-0.130000	-7.411200	7.412341
365	0	1.696000	2.370000	-6.713000	7.318312
365	2	-1.210000	1.690000	-7.429600	7.714866
365	8	2.137000	-0.458000	-7.034100	7.365806
365	10	1.030000	2.330000	-6.938000	7.390916
365	12	-0.290000	-0.060000	-7.593700	7.599472
365	14	2.590000	-0.690000	-7.156000	7.641501
365	16	0.650000	-1.330000	-7.276900	7.425946
365	18	0.190000	2.350000	-6.910000	7.301144
365	20	-3.700000	0.385000	-6.631000	7.603183
365	24	-1.490000	-1.210000	-7.134000	7.387703
365	26	-0.171000	-3.000000	-7.009000	7.625964
365	28	-0.830000	0.610000	-7.377400	7.448962
365	1	-1.479000	-2.080000	-7.213000	7.651223
365	3	0.020000	-2.300000	-7.057100	7.422470
365	5	0.630000	0.950000	-7.339200	7.427197
365	7	-0.580000	1.070000	-7.388000	7.487579
365	9	-2.213000	0.214000	-7.088600	7.429092
365	13	-0.630000	-0.660000	-7.472000	7.527502
365	17	-0.370000	0.760000	-7.224000	7.273285
365	19	0.900000	-0.570000	-7.172259	7.250945
365	21	1.580000	-0.320000	-7.590000	7.759311
365	23	-1.634000	-2.620000	-6.984700	7.636779
365	27	-1.241000	0.910000	-7.186000	7.348930
365	29	0.295000	-0.810000	-7.215000	7.266316
366	0	2.694000	1.850000	-6.552000	7.321806
366	2	-0.210000	1.830000	-7.125300	7.359545
366	8	1.907000	-2.410000	-6.660000	7.334872
366	10	-0.091000	2.510000	-7.116000	7.546247
366	12	-0.910000	-0.450000	-7.315000	7.385108
366	14	2.050000	-1.400000	-6.673000	7.119791
366	16	-0.720000	-1.610000	-7.288400	7.498752
366	18	-0.640000	2.000000	-7.361000	7.654667
366	20	-1.450000	1.415000	-6.769000	7.065698
366	24	-0.750000	-2.060000	-7.042000	7.375355
366	26	-0.451000	-1.050000	-7.325000	7.413604
366	28	0.222000	0.710000	-7.461500	7.498491
366	1	-0.663000	-2.160000	-6.906000	7.266224
366	3	1.230000	-2.730000	-7.270300	7.862764
366	5	0.790000	0.870000	-7.580000	7.670554
366	7	-0.550000	-0.100000	-7.605000	7.625518
366	9	-1.547000	0.970000	-7.191100	7.419301
366	13	1.080000	0.440000	-7.295200	7.387824
366	17	-0.620000	1.880000	-7.136000	7.405491
366	19	0.000000	-0.450000	-7.223400	7.237403
366	21	2.730000	-0.068200	-6.815700	7.342433
366	23	-2.045000	-1.200000	-6.896150	7.292387
366	27	-0.835000	2.500000	-6.788240	7.281993
366	29	0.908000	-0.100000	-7.121700	7.180047
367	0	2.574000	0.630000	-6.998000	7.482939
367	2	-0.750000	3.440000	-6.620000	7.498033
367	8	2.067000	-1.852000	-6.497000	7.064942
367	10	-0.563000	1.680000	-7.187300	7.402476
367	12	-1.270000	0.040000	-7.311000	7.420594
367	14	-0.800000	-2.000000	-7.225000	7.539272
367	16	0.330000	-0.310000	-7.048950	7.063476
367	18	1.040000	2.200000	-7.139420	7.542739
367	20	-0.820000	1.552000	-7.388000	7.593658
367	24	-2.300000	-3.480000	-6.157000	7.437005
367	26	1.819000	-2.860000	-6.652000	7.465753
367	28	-0.365000	1.820000	-7.235800	7.470102
367	1	-2.128000	-1.680000	-6.933000	7.444278
367	3	-0.060000	-0.970000	-7.156400	7.222088
367	5	0.720000	0.240000	-7.428000	7.466672
367	7	0.560000	2.060000	-7.179800	7.490442
367	9	-1.293000	-0.210000	-7.385600	7.500869
367	13	0.680000	-0.840000	-7.162440	7.243518
367	17	-1.370000	1.860000	-6.803000	7.184519
367	19	1.560000	-3.480000	-6.687000	7.698050
367	21	0.540000	-1.383600	-7.457000	7.603473
367	23	0.493000	-3.150000	-6.954500	7.650531
367	27	0.111000	1.580000	-7.393600	7.561352
367	29	0.757000	0.360000	-7.171000	7.219826
368	0	1.390000	1.260000	-7.329000	7.565312
368	2	1.710000	2.320000	-6.815000	7.399373
368	8	1.428000	-0.210000	-7.380000	7.519819
368	10	0.161000	1.680000	-7.573000	7.758779
368	12	0.360000	1.020000	-7.272000	7.352005
368	14	-0.160000	-1.290000	-7.582000	7.692621
368	16	-0.770000	-1.080000	-7.081100	7.204254
368	18	-1.110000	3.550000	-6.465100	7.458694
368	20	-0.930000	2.472000	-6.876000	7.365803
368	24	-1.290000	-2.340000	-6.806000	7.311726
368	26	-1.497000	-2.550000	-7.084000	7.676364
368	28	1.736000	0.830000	-7.030000	7.288587
368	1	-3.023000	-2.170000	-6.527100	7.513352
368	3	-1.050000	-2.900000	-7.005700	7.654563
368	5	1.630000	1.650000	-7.176000	7.541510
368	7	-0.060000	1.880000	-6.976500	7.225618
368	9	-2.585000	0.910000	-7.300700	7.798112
368	13	-0.590000	0.970000	-7.410360	7.496828
368	17	-1.330000	2.420000	-6.917000	7.447831
368	19	0.280000	-2.780000	-7.032200	7.566944
368	21	1.080000	-2.349600	-7.243500	7.691249
368	23	0.186000	-0.700000	-7.648600	7.682817
368	27	-1.766000	2.210000	-6.651600	7.228184
368	29	-0.215000	0.710000	-7.240900	7.278802
369	0	1.159000	0.680000	-7.334000	7.456087
369	2	0.390000	3.400000	-6.912000	7.712836
369	8	2.344000	1.304000	-7.048000	7.541157
369	10	0.397000	0.680000	-7.206000	7.248893
369	12	-1.590000	-0.110000	-7.307400	7.479191
369	14	-1.040000	-1.210000	-7.190000	7.364903
369	16	-0.840000	-3.530000	-6.284110	7.256483
369	18	-1.460000	3.960000	-6.210900	7.509226
369	20	-0.340000	2.527000	-6.990000	7.440526
369	24	-1.080000	-2.040000	-7.172000	7.534294
369	26	0.880000	-4.210000	-6.168000	7.519490
369	28	1.572000	0.930000	-7.106400	7.337370
369	1	-1.184000	-1.360000	-7.555000	7.767205
369	3	-1.290000	-0.590000	-7.117900	7.257872
369	5	1.100000	1.690000	-7.126000	7.405807
369	7	1.300000	-0.280000	-7.489000	7.606150
369	9	-2.236000	1.075000	-7.061500	7.484658
369	13	-0.390000	1.070000	-7.286000	7.374469
369	17	0.300000	1.990000	-7.058000	7.339310
369	19	1.370000	-1.710000	-7.533860	7.846021
369	21	0.110000	-2.170000	-7.090100	7.415559
369	23	0.911000	-0.940000	-7.540200	7.652982
369	27	-1.642000	-0.360000	-7.150000	7.344948
369	29	-1.048000	-1.020000	-6.987700	7.139093
370	0	0.893000	0.680000	-7.204000	7.290917
370	2	1.390000	2.920000	-6.659000	7.402755
370	8	2.193000	1.128000	-7.078100	7.495407
370	10	-0.456000	-0.380000	-7.722000	7.744780
370	12	-2.120000	-1.530000	-6.678000	7.171540
370	16	-0.940000	-1.440000	-7.189900	7.392690
370	18	0.010000	2.830000	-7.043900	7.591148
370	20	-0.210000	3.156000	-6.310000	7.058366
370	24	-0.120000	-2.470000	-7.288000	7.696119
370	26	1.200000	-3.040000	-6.551000	7.321011
370	28	2.562000	0.510000	-6.967700	7.441289
370	1	-1.585000	-0.120000	-7.314000	7.484733
370	3	-0.970000	-1.100000	-7.565100	7.705948
370	5	2.500000	2.600000	-6.640500	7.556867
370	9	-2.181000	0.321000	-7.119200	7.452705
370	13	0.120000	-0.170000	-7.202800	7.205805
370	17	-1.180000	0.330000	-7.482300	7.581960
370	19	1.950000	-3.530000	-6.357900	7.529030
370	21	0.110000	-1.396900	-7.190000	7.325267
370	23	0.995000	-1.790000	-7.215900	7.500889
370	27	1.110000	1.820000	-6.890000	7.212253
370	29	-2.743000	-1.820000	-6.617800	7.391328
371	0	0.025000	1.400000	-7.126000	7.262266
371	2	0.370000	1.220000	-7.518200	7.625525
371	8	3.676000	0.240000	-6.647000	7.599552
371	10	1.329000	-0.920000	-7.286500	7.463627
371	12	-0.580000	1.030000	-7.590000	7.681497
371	16	-1.360000	-2.080000	-7.014500	7.441721
371	18	0.200000	3.840000	-6.499000	7.551331
371	20	1.120000	3.161000	-6.753000	7.539849
371	24	0.480000	-2.470000	-7.413800	7.829159
371	26	0.200000	-1.920000	-6.986000	7.247799
371	28	2.013000	1.060000	-7.195000	7.546111
371	1	-1.458000	1.380000	-7.121000	7.398568
371	3	-0.600000	-0.970000	-7.338400	7.426508
371	5	0.900000	3.350000	-6.736420	7.577061
371	9	-0.661000	-1.190000	-7.293100	7.419052
371	13	1.370000	1.680000	-6.975200	7.304294
371	17	-1.170000	-0.660000	-7.233500	7.357175
371	19	1.230000	-2.740000	-6.878400	7.505524
371	21	0.540000	-1.994000	-7.024000	7.321490
371	23	0.301000	-0.750000	-7.367900	7.412088
371	27	-1.880000	2.800000	-6.807000	7.596687
371	29	-1.400000	-0.050000	-7.320100	7.452943
372	0	-0.073000	-0.440000	-7.805000	7.817733
372	2	0.690000	1.840000	-7.650500	7.898851
372	8	1.209000	1.996000	-7.036100	7.412989
372	10	1.190000	1.050000	-7.193300	7.366286
372	12	-2.090000	0.470000	-7.191100	7.503394
372	16	-1.300000	-1.790000	-7.226200	7.557253
372	18	-0.660000	3.120000	-6.919000	7.618567
372	20	-0.620000	3.683000	-6.233000	7.266304
372	24	1.710000	-2.760000	-6.514000	7.278317
372	26	1.010000	-4.050000	-6.055000	7.354293
372	28	1.824000	0.270000	-7.273000	7.503093
372	1	-1.084000	0.850000	-7.236000	7.365952
372	3	-2.310000	-0.520000	-7.201000	7.580297
372	5	1.960000	2.030000	-7.094200	7.634800
372	9	-2.064000	-0.234000	-7.282300	7.572763
372	13	1.040000	-0.980000	-7.734300	7.865202
372	17	0.400000	1.280000	-7.115000	7.240278
372	19	1.600000	-3.020000	-6.849900	7.655164
372	21	-0.520000	-2.128600	-7.132000	7.461016
372	23	0.240000	-0.410000	-7.363000	7.378311
372	27	-0.310000	2.110000	-6.964000	7.283234
372	29	-1.065000	-0.850000	-7.241600	7.368683
373	0	0.633000	0.360000	-7.403000	7.438730
373	2	2.050000	3.160000	-6.740000	7.721120
373	8	0.148000	0.150000	-7.489900	7.492864
373	10	1.290000	-0.270000	-7.425800	7.541850
373	12	1.400000	1.280000	-7.342200	7.583291
373	16	0.110000	-0.960000	-7.313200	7.376760
373	18	-0.450000	2.110000	-6.979800	7.305629
373	20	-0.230000	1.836000	-7.384000	7.612309
373	24	-0.450000	-3.530000	-6.473000	7.386686
373	26	-0.430000	-3.270000	-6.792000	7.550435
373	28	1.595000	-0.800000	-7.302000	7.516863
373	1	-1.264000	-0.710000	-7.162000	7.307259
373	3	-1.150000	-1.470000	-7.199000	7.437002
373	5	-0.550000	0.980000	-7.397000	7.481879
373	9	-2.114000	-0.250000	-7.215300	7.522769
373	13	0.620000	0.120000	-7.057400	7.085598
373	17	0.550000	1.440000	-6.892000	7.062278
373	19	0.820000	-3.620000	-6.520800	7.503175
373	21	0.730000	-1.907400	-7.181900	7.466643
373	23	-0.430000	-1.800000	-7.041000	7.280150
373	27	-0.960000	2.280000	-6.968100	7.394215
373	29	-1.045000	0.940000	-7.525000	7.655145
374	0	0.393000	0.030000	-7.360000	7.370546
374	2	2.380000	2.850000	-6.264000	7.281799
374	8	0.263000	1.888000	-7.071200	7.323632
374	10	0.710000	0.560000	-6.990600	7.048843
374	12	1.040000	0.560000	-7.195200	7.291509
374	16	1.640000	-0.610000	-7.009400	7.224499
374	18	0.930000	2.240000	-7.077500	7.481544
374	20	-1.540000	2.025000	-6.893000	7.347494
374	24	-0.290000	-3.180000	-6.984000	7.679372
374	26	-1.400000	-2.130000	-7.173000	7.612413
374	28	0.363000	1.220000	-7.398600	7.507293
374	1	-0.757000	-0.670000	-7.357000	7.426129
374	3	-0.380000	-1.750000	-7.254900	7.472648
374	5	-2.360000	2.050000	-6.764200	7.451611
374	9	-0.018000	0.759000	-7.131700	7.171998
374	13	1.220000	-1.570000	-7.291000	7.557247
374	17	-0.600000	1.030000	-7.431700	7.526690
374	19	1.650000	-3.090000	-6.676400	7.539557
374	21	0.800000	-2.157600	-7.041000	7.407491
374	23	-1.090000	-0.020000	-7.298000	7.378977
374	27	-2.670000	2.060000	-6.528200	7.347782
374	29	-0.107000	1.670000	-6.969000	7.167099
375	0	0.181000	0.080000	-7.465000	7.467623
375	2	1.990000	2.890000	-6.563000	7.442121
375	8	-0.244000	1.532000	-7.254000	7.418024
375	10	1.500000	0.890000	-7.221800	7.429434
375	12	-0.430000	-0.250000	-7.335900	7.352743
375	14	-0.630000	-1.780000	-7.328000	7.567356
375	16	2.280000	-0.290000	-7.229050	7.585622
375	18	-1.090000	3.870000	-6.566000	7.699179
375	20	0.070000	0.879000	-7.521000	7.572515
375	24	-0.370000	-3.310000	-6.711000	7.492030
375	26	1.830000	-1.460000	-7.408000	7.769103
375	28	-0.850000	-0.280000	-7.242900	7.297979
375	1	0.084000	0.550000	-7.423000	7.443822
375	3	-2.070000	-2.200000	-6.735200	7.381586
375	5	-2.840000	2.120000	-6.431000	7.342871
375	7	1.990000	1.880000	-7.232400	7.733182
375	9	0.514000	-1.027000	-7.329800	7.419225
375	13	-0.120000	-1.870000	-6.995900	7.242508
375	17	0.540000	1.690000	-7.211000	7.426050
375	19	0.780000	-2.940000	-6.523200	7.197509
375	21	1.210000	-0.164000	-7.086800	7.191226
375	23	-0.220000	-0.290000	-7.192500	7.201705
375	27	-1.022000	2.780000	-7.148300	7.737640
375	29	-1.378000	2.500000	-6.638600	7.226333
376	0	1.235000	-0.480000	-7.121000	7.243222
376	2	1.580000	-0.290000	-7.115200	7.294283
376	8	-1.249000	0.908000	-7.342200	7.502824
376	10	0.820000	0.760000	-7.136300	7.223349
376	12	-0.980000	0.550000	-7.241800	7.328476
376	14	-0.630000	-1.060000	-7.430000	7.531627
376	16	1.310000	-1.890000	-7.233800	7.590525
376	18	-1.170000	3.130000	-6.764000	7.544368
376	20	0.000000	1.264000	-7.382000	7.489434
376	24	1.490000	-4.190000	-6.332000	7.737598
376	26	2.480000	-2.360000	-6.574000	7.411982
376	28	-0.207000	-0.410000	-7.180300	7.194974
376	1	-0.026000	-0.970000	-7.387000	7.450459
376	3	-2.630000	-3.560000	-5.848200	7.334299
376	5	-0.400000	1.880000	-7.251000	7.501427
376	7	0.780000	1.640000	-7.175500	7.401743
376	9	0.361000	-1.008000	-7.158400	7.238030
376	13	0.380000	-2.090000	-7.065000	7.377447
376	17	-1.730000	1.170000	-7.451800	7.738936
376	19	1.550000	-2.586000	-6.901157	7.530994
376	21	0.900000	-0.750000	-7.108000	7.203899
376	23	-0.990000	-0.530000	-7.222100	7.308880
376	27	-0.902000	3.060000	-6.650000	7.375615
376	29	0.152000	1.770000	-7.205200	7.420978
377	0	-0.006000	0.000000	-7.389000	7.389002
377	2	1.760000	1.270000	-6.794900	7.133104
377	8	-1.311000	0.565000	-7.347100	7.484506
377	10	0.350000	1.320000	-7.562900	7.685204
377	12	-1.600000	-1.250000	-7.427100	7.699631
377	14	0.130000	0.290000	-7.420000	7.426803
377	16	1.310000	-1.810000	-6.946200	7.296704
377	18	-0.310000	3.180000	-6.579000	7.313805
377	20	0.130000	0.030000	-7.299000	7.300219
377	24	1.580000	-3.590000	-6.612000	7.687850
377	26	2.370000	-2.070000	-6.723600	7.423516
377	28	-0.228000	-0.560000	-7.335600	7.360476
377	1	1.098000	-1.010000	-7.093000	7.248197
377	3	-3.060000	-2.470000	-6.191500	7.334792
377	5	0.220000	2.880000	-7.068000	7.635406
377	7	1.220000	1.190000	-7.071800	7.274260
377	9	2.728000	-1.338000	-6.773800	7.424055
377	13	0.940000	-0.420000	-7.631000	7.700140
377	17	-1.330000	0.330000	-7.215700	7.344667
377	19	-0.190000	-1.640000	-7.085000	7.274814
377	21	1.680000	-2.148000	-6.593200	7.134885
377	23	-1.110000	0.720000	-7.242600	7.362456
377	27	-1.625000	4.770000	-5.325900	7.332035
377	29	-0.695000	1.780000	-7.231600	7.479804
378	0	-0.703000	0.410000	-7.625000	7.668307
378	2	2.930000	0.540000	-6.483000	7.134829
378	8	-2.695000	0.297000	-6.713000	7.239862
378	10	0.520000	0.630000	-7.143000	7.189558
378	12	0.030000	-0.650000	-7.388500	7.417097
378	14	-1.130000	-2.060000	-7.142000	7.518555
378	16	2.210000	-0.990000	-7.524000	7.904099
378	18	-0.380000	1.470000	-7.432000	7.585507
378	20	-0.850000	0.591000	-7.325000	7.397797
378	24	-0.020000	-3.940000	-6.309000	7.438244
378	26	3.410000	-2.320000	-6.515800	7.711430
378	28	-1.191000	-0.020000	-7.255000	7.352136
378	1	0.921000	-0.080000	-6.987000	7.047894
378	3	-2.100000	-2.030000	-6.829300	7.427667
378	5	-1.400000	1.630000	-7.113000	7.430456
378	7	-0.370000	0.630000	-7.292000	7.328510
378	9	1.461000	-1.339000	-7.493700	7.751321
378	13	0.750000	0.050000	-7.191500	7.230676
378	17	-1.540000	0.260000	-7.065500	7.236055
378	19	0.790000	-3.919000	-6.371400	7.521795
378	21	0.290000	-1.710000	-7.064000	7.273809
378	23	0.260000	0.250000	-7.260700	7.269654
378	27	-1.409000	4.350000	-5.704270	7.310710
378	29	-0.198000	1.210000	-7.421740	7.522335
379	0	-0.336000	0.790000	-7.268000	7.318526
379	2	3.350000	0.770000	-6.400000	7.264668
379	8	-2.599200	1.740000	-6.790000	7.475797
379	10	0.060000	0.850000	-7.661000	7.708244
379	12	-1.020000	-0.880000	-7.129100	7.255265
379	14	-1.690000	-1.830000	-6.897000	7.333049
379	16	2.410000	-2.680000	-6.827600	7.720532
379	18	-0.920000	1.740000	-6.954000	7.227179
379	20	-0.670000	0.654000	-7.767000	7.823229
379	24	-0.250000	-2.330000	-7.035000	7.415027
379	26	2.370000	-4.290000	-5.625000	7.460672
379	28	0.254000	-0.630000	-7.352000	7.383314
379	1	2.896000	-1.250000	-6.784000	7.481442
379	3	-3.060000	-0.600000	-7.004900	7.667609
379	5	0.490000	4.100000	-5.957000	7.248169
379	7	-1.310000	2.000000	-6.997000	7.394194
379	9	2.682000	1.242000	-7.065700	7.658969
379	13	-0.110000	0.480000	-7.252000	7.268700
379	17	-1.070000	0.250000	-7.722300	7.800084
379	19	1.080000	-2.790000	-6.698800	7.336513
379	21	1.640000	-0.758000	-7.254000	7.475606
379	23	-0.660000	-0.630000	-7.240400	7.297663
379	27	-2.517000	1.230000	-6.794000	7.348920
379	29	1.808000	0.430000	-7.405000	7.634644
380	0	0.128000	1.200000	-7.068000	7.170286
380	2	4.140000	1.330000	-6.169000	7.547520
380	8	-0.494000	-0.194000	-7.178000	7.197594
380	10	0.380000	1.010000	-7.469700	7.547246
380	12	0.310000	-1.360000	-7.368700	7.499563
380	14	-0.690000	-3.680000	-6.528000	7.525509
380	16	2.500000	0.070000	-7.557300	7.960382
380	18	-1.020000	1.270000	-7.031000	7.217220
380	20	0.660000	-0.050000	-7.455000	7.484325
380	24	-1.440000	-3.070000	-6.978000	7.758285
380	26	3.214000	-3.950000	-5.727000	7.663604
380	28	-0.005000	1.100000	-7.473400	7.553922
380	1	0.464000	-2.050000	-7.137000	7.440065
380	3	-2.705000	-1.230000	-6.846900	7.463911
380	5	-0.520000	2.380000	-7.095000	7.501588
380	7	0.190000	1.660000	-7.083000	7.277403
380	9	3.403000	-0.913000	-6.375800	7.284559
380	13	1.110000	0.470000	-7.271000	7.370240
380	17	-1.540000	2.360000	-6.568000	7.147015
380	19	-0.010000	-1.630000	-7.561900	7.735589
380	21	2.470000	-1.072000	-7.129000	7.620546
380	23	-1.300000	0.540000	-7.415800	7.548224
380	27	-2.582000	1.380000	-6.870000	7.467799
380	29	0.631000	-1.420000	-7.147500	7.314459
381	0	-0.692000	1.380000	-7.355000	7.515270
381	2	2.570000	0.610000	-6.845700	7.337616
381	8	-2.111000	-1.062000	-7.014000	7.401376
381	10	1.850000	-0.820000	-7.254000	7.530964
381	12	-0.760000	-1.040000	-7.356500	7.468420
381	14	-1.770000	-2.320000	-6.799000	7.398763
381	16	1.210000	0.140000	-7.338600	7.439002
381	18	-1.910000	0.710000	-7.197000	7.479907
381	20	-1.070000	1.602000	-6.876000	7.140776
381	24	-1.540000	-2.040000	-6.875000	7.334768
381	26	1.840000	-1.210000	-6.940000	7.281023
381	28	0.517000	-0.160000	-7.524100	7.543538
381	1	0.985000	-1.230000	-7.330000	7.497468
381	3	-3.390000	-1.560000	-6.464200	7.464019
381	5	1.390000	2.230000	-7.218000	7.681440
381	7	-1.120000	2.610000	-6.805000	7.373908
381	9	0.399000	-0.929000	-7.117000	7.188458
381	13	-0.720000	2.370000	-6.944000	7.372546
381	17	-1.560000	2.400000	-6.863000	7.436018
381	19	1.030000	-0.390000	-7.173200	7.257258
381	21	-0.450000	0.354000	-7.602000	7.623531
381	23	-0.470000	-0.790000	-7.260740	7.318698
381	27	-2.866000	1.720000	-6.891000	7.658867
381	29	0.641000	-2.010000	-7.146500	7.451405
382	0	-0.882000	0.640000	-7.065000	7.148549
382	2	3.840000	1.000000	-6.256000	7.408315
382	8	-1.042000	1.334000	-7.342000	7.534606
382	10	1.650000	0.100000	-7.304600	7.489304
382	12	-1.340000	-1.580000	-7.077700	7.374675
382	14	0.010000	-2.350000	-7.014000	7.397215
382	16	0.200000	-1.350000	-7.683400	7.803662
382	18	-2.300000	1.270000	-7.026000	7.501172
382	20	-1.660000	-1.025000	-6.985000	7.252341
382	24	-1.070000	-1.720000	-7.051000	7.336205
382	26	2.400000	-1.790000	-6.746000	7.380557
382	28	-0.561000	2.500000	-6.877100	7.338884
382	1	0.844000	-0.200000	-7.223000	7.274893
382	3	-1.830000	-0.700000	-6.876100	7.149801
382	5	0.400000	-1.030000	-7.764000	7.842232
382	7	0.460000	1.640000	-7.313000	7.508740
382	9	1.263000	2.649000	-6.589700	7.213634
382	13	-0.670000	1.300000	-7.286000	7.431332
382	17	-0.350000	0.320000	-7.440000	7.455099
382	19	2.980000	-1.430000	-6.608000	7.388570
382	21	-0.790000	-2.963000	-6.897000	7.547985
382	23	-2.250000	-0.200000	-7.157900	7.505867
382	27	-1.105000	1.590000	-7.068700	7.329096
382	29	0.491000	-0.470000	-7.237300	7.269147
383	0	-0.429000	-0.930000	-7.386000	7.456671
383	2	3.730000	1.520000	-6.279000	7.459835
383	8	-1.083000	0.775000	-7.202000	7.324092
383	10	-0.880000	-1.030000	-7.324320	7.448554
383	14	0.300000	-1.450000	-7.117000	7.269401
383	16	-0.420000	0.070000	-7.278300	7.290744
383	18	-1.720000	2.290000	-6.847000	7.421853
383	20	0.100000	0.461000	-7.432000	7.446955
383	24	-1.790000	0.320000	-7.145000	7.372756
383	26	0.710000	-1.980000	-7.165000	7.467377
383	28	-0.634000	0.720000	-7.229300	7.292677
383	1	1.211000	0.250000	-7.409000	7.511478
383	3	-2.210000	-0.130000	-7.086700	7.424441
383	5	-0.600000	-0.160000	-7.393000	7.419033
383	7	-0.120000	1.230000	-7.549000	7.649490
383	9	0.949000	-0.411000	-7.354840	7.427193
383	17	-1.410000	1.250000	-7.327700	7.566095
383	19	3.510000	-1.136000	-6.205000	7.218907
383	21	0.740000	-0.139000	-7.288000	7.326791
383	23	-1.240000	-2.010000	-7.317000	7.688705
383	27	-1.690000	2.810000	-6.745900	7.500624
383	29	0.710000	-0.710000	-7.088400	7.159163
384	0	0.369000	1.800000	-6.876000	7.117270
384	2	3.070000	0.230000	-6.614900	7.296211
384	8	-1.200000	0.309000	-6.869000	6.979874
384	10	0.280000	0.660000	-7.633000	7.666596
384	14	-0.910000	-0.700000	-7.408000	7.496437
384	16	-0.490000	-2.240000	-7.183000	7.540105
384	18	-2.380000	2.420000	-6.569000	7.394090
384	20	-1.350000	-0.214000	-7.406000	7.531078
384	22	-0.370000	1.940000	-7.355300	7.615835
384	24	0.020000	1.750000	-7.081000	7.294070
384	26	-0.240000	-3.100000	-7.407000	8.033134
384	28	-0.700000	0.390000	-7.468200	7.511066
384	1	0.965000	0.500000	-7.347000	7.426953
384	3	-3.220000	-1.110000	-6.854100	7.653704
384	5	1.530000	1.620000	-7.033000	7.377560
384	7	-0.590000	1.190000	-7.490000	7.606859
384	9	1.070000	-0.822000	-7.613800	7.732434
384	13	1.180000	-1.020000	-7.394200	7.556917
384	17	-0.400000	0.220000	-7.325800	7.340010
384	19	2.160000	-1.971000	-6.600300	7.219030
384	21	0.050000	-0.311000	-7.286000	7.292806
384	23	2.050000	-1.160000	-7.100500	7.480989
384	27	-1.990000	3.370000	-6.195300	7.327943
384	29	0.985000	-0.760000	-7.292400	7.397765
385	0	-0.200000	1.540000	-7.077000	7.245380
385	2	2.680000	0.000000	-6.685600	7.202753
385	8	-2.339000	1.074000	-7.023000	7.479768
385	10	-0.530000	1.440000	-7.175020	7.337262
385	14	0.560000	-1.560000	-7.184000	7.372724
385	16	-1.560000	-0.390000	-7.246600	7.422864
385	18	-1.360000	2.790000	-6.615000	7.306978
385	20	-1.290000	1.267000	-7.352000	7.571083
385	22	-0.090000	2.670000	-6.859300	7.361182
385	24	-1.330000	0.710000	-7.503000	7.652974
385	26	-0.080000	-2.620000	-6.755000	7.245745
385	28	-0.902000	0.090000	-7.369000	7.424545
385	1	-0.721000	-0.350000	-7.122000	7.166954
385	3	-3.570000	-0.080000	-6.372000	7.304361
385	5	-0.240000	2.570000	-6.685000	7.166012
385	7	0.380000	-0.150000	-7.437700	7.448911
385	9	1.840000	0.667000	-7.178800	7.440810
385	13	0.570000	-0.890000	-7.549000	7.622624
385	17	-0.970000	1.480000	-7.166100	7.381347
385	19	2.250000	-2.593000	-6.680700	7.511185
385	21	1.030000	0.652000	-7.403000	7.502694
385	23	0.510000	-2.420000	-6.881000	7.311953
385	27	1.250000	3.100000	-6.497000	7.306402
385	29	-0.901000	-0.700000	-7.131600	7.222293
386	0	2.307000	0.770000	-7.025000	7.434095
386	2	1.270000	0.040000	-7.294000	7.403846
386	8	-1.774000	-0.756000	-7.217200	7.470381
386	10	0.590000	0.870000	-7.636400	7.708411
386	14	-1.320000	-2.310000	-7.111000	7.592419
386	16	-0.070000	-1.440000	-7.152400	7.296254
386	18	-0.530000	0.710000	-7.123000	7.177892
386	20	-0.620000	0.672000	-7.465000	7.520785
386	22	-0.980000	2.270000	-6.910800	7.339786
386	24	-1.610000	-0.360000	-7.296000	7.480195
386	26	-0.080000	-2.570000	-6.672000	7.150307
386	28	-0.689000	-1.040000	-7.147100	7.255161
386	1	0.729000	-1.310000	-7.263000	7.416112
386	3	-3.070000	0.030000	-6.613000	7.290924
386	5	0.710000	-0.950000	-7.370000	7.464817
386	7	-0.580000	-0.400000	-7.391000	7.424505
386	9	2.301000	0.975000	-7.026600	7.457770
386	13	-1.010000	-1.580000	-7.375500	7.610158
386	17	1.850000	-0.830000	-7.076700	7.361459
386	19	1.040000	-1.294000	-7.323000	7.508819
386	21	1.240000	-1.862000	-7.122000	7.465087
386	23	0.760000	-1.960000	-7.133000	7.436322
386	27	0.620000	3.080000	-6.746000	7.441728
386	29	-0.900000	-2.090000	-7.179000	7.531012
387	0	-0.301000	1.200000	-7.428000	7.530324
387	2	1.920000	0.440000	-6.899700	7.175365
387	8	-2.631000	-1.173000	-6.678700	7.273453
387	10	0.930000	0.440000	-7.631200	7.700241
387	14	0.730000	-0.800000	-7.131000	7.212771
387	16	-0.090000	-0.550000	-7.204100	7.225625
387	18	-1.370000	1.401000	-7.249000	7.509175
387	20	-0.940000	3.507000	-6.782000	7.692735
387	22	0.560000	2.510000	-6.946200	7.406983
387	24	-2.200000	1.710000	-6.925000	7.464565
387	26	1.430000	-2.340000	-7.041000	7.556201
387	28	2.015000	-0.180000	-7.227200	7.505001
387	1	0.000000	-2.830000	-6.754100	7.323030
387	3	-2.490000	-0.110000	-6.789000	7.232062
387	5	0.680000	-0.220000	-7.463000	7.497144
387	7	-1.050000	2.380000	-6.765000	7.247905
387	9	1.637000	2.163000	-7.090400	7.591582
387	13	0.520000	0.240000	-7.509000	7.530809
387	17	1.080000	-0.230000	-7.362000	7.444350
387	19	0.610000	-1.126000	-7.222000	7.334662
387	21	0.680000	-1.343000	-7.079000	7.237285
387	23	0.330000	-2.510000	-7.318000	7.743521
387	27	1.580000	2.330000	-6.981200	7.527447
387	29	1.183000	0.180000	-7.374100	7.470558
388	0	0.197000	1.080000	-7.074000	7.158679
388	2	3.720000	-1.520000	-6.198100	7.386829
388	8	0.070000	0.379000	-7.536700	7.546548
388	10	0.420000	1.000000	-7.297370	7.377534
388	14	1.910000	-2.420000	-6.481000	7.176898
388	16	2.030000	-1.550000	-7.214300	7.653073
388	18	-0.710000	1.990000	-6.942000	7.256415
388	20	0.440000	1.868000	-7.302000	7.549982
388	22	1.410000	1.310000	-7.047600	7.305674
388	24	-2.680000	-0.230000	-6.739000	7.255992
388	26	1.200000	-3.640000	-6.223000	7.308579
388	28	0.441000	-0.200000	-7.729100	7.744254
388	1	2.617000	-1.810000	-6.990000	7.680162
388	3	-2.890000	0.260000	-6.522000	7.138360
388	5	0.690000	-1.630000	-7.055000	7.273653
388	7	1.120000	0.760000	-7.037000	7.165987
388	9	2.263000	1.233000	-7.073200	7.528055
388	13	0.880000	-1.650000	-7.435200	7.666753
388	17	2.670000	-0.360000	-6.661400	7.185593
388	19	1.010000	-1.185000	-7.012100	7.182887
388	21	0.890000	-3.268000	-6.714000	7.519955
388	23	-2.140000	-0.950000	-7.122000	7.496998
388	27	0.230000	1.860000	-7.295000	7.531900
388	29	-1.771000	0.060000	-6.928000	7.151030
389	0	1.034000	0.550000	-7.149000	7.244298
389	2	2.950000	-0.760000	-6.780000	7.432933
389	8	-0.213000	-2.226000	-6.889620	7.243432
389	10	1.210000	1.470000	-7.295900	7.540236
389	14	0.470000	-2.000000	-7.030000	7.324056
389	16	0.850000	-2.060000	-6.965000	7.312819
389	18	0.100000	1.570000	-6.974000	7.149236
389	20	0.490000	2.818000	-7.001000	7.562752
389	22	1.650000	0.290000	-7.236410	7.427801
389	24	-0.950000	0.740000	-7.102000	7.203368
389	26	-0.270000	-2.270000	-6.971000	7.336255
389	28	-0.879000	0.790000	-7.413400	7.507013
389	1	0.496000	-0.470000	-7.341300	7.373032
389	3	-2.970000	1.210000	-6.820000	7.536405
389	5	1.260000	-2.130000	-6.997000	7.421759
389	7	-1.400000	0.290000	-6.938000	7.083780
389	9	3.000000	-0.787000	-6.714000	7.395753
389	13	1.490000	-0.610000	-7.231000	7.408074
389	17	0.570000	-0.220000	-7.432500	7.457570
389	19	1.360000	-1.558000	-7.306400	7.593448
389	21	0.320000	-2.591000	-6.739000	7.227019
389	23	-0.460000	0.070000	-7.353000	7.367707
389	27	-0.330000	1.650000	-7.385000	7.574274
389	29	0.750800	0.150000	-7.415500	7.454921
390	0	1.640000	-0.040000	-7.095000	7.282185
390	2	2.660000	-1.570000	-6.711000	7.387694
390	8	-2.645000	-0.108000	-7.117800	7.594127
390	10	1.900000	-0.540000	-7.159800	7.427270
390	14	0.470000	-1.900000	-7.371000	7.626437
390	16	-1.950000	-1.880000	-6.795900	7.315816
390	18	-1.050000	1.150000	-7.151000	7.318593
390	20	-0.160000	2.790000	-7.120000	7.648797
390	22	0.030000	-1.560000	-7.042050	7.212834
390	24	-0.340000	1.710000	-7.241000	7.447938
390	26	-2.230000	-1.980000	-6.883000	7.501266
390	28	-1.642000	-0.530000	-6.959800	7.170487
390	1	-0.287000	-0.950000	-7.415900	7.482008
390	3	-2.680000	-0.580000	-7.044000	7.558885
390	5	0.150000	-0.550000	-7.293000	7.315248
390	7	-0.960000	2.710000	-6.512500	7.118873
390	9	1.126000	0.723000	-7.205500	7.328699
390	13	-1.270000	-1.430000	-6.739000	7.005135
390	17	0.410000	-0.020000	-7.304300	7.315825
390	19	-1.660000	-0.500000	-7.121800	7.329777
390	21	-0.800000	-2.265000	-6.965100	7.367689
390	23	-0.010000	-0.400000	-7.622000	7.632495
390	27	1.700000	3.570000	-6.258500	7.402954
390	29	0.427000	0.220000	-7.418000	7.433536
391	0	3.542000	-0.020000	-6.283000	7.212645
391	2	3.400000	0.660000	-6.765300	7.600321
391	8	-1.574000	-0.570000	-7.121100	7.315220
391	10	0.700000	2.020000	-7.382670	7.685975
391	14	1.390000	-0.830000	-7.036000	7.219854
391	16	-1.000000	-2.300000	-7.155000	7.581822
391	18	-0.810000	-0.220000	-7.317000	7.364984
391	20	0.140000	1.123000	-7.113000	7.202465
391	22	-1.970000	0.470000	-6.793970	7.089417
391	24	-0.670000	2.280000	-7.004000	7.396169
391	26	-2.620000	-2.370000	-6.235000	7.166347
391	28	-1.732000	-1.170000	-7.146100	7.445500
391	1	-1.886000	-1.680000	-7.145000	7.578286
391	3	-2.650000	-0.810000	-6.619000	7.175637
391	5	1.660000	-0.160000	-7.098000	7.291283
391	7	0.310000	4.340000	-6.119400	7.508579
391	9	1.124000	0.540000	-7.264300	7.370552
391	13	0.870000	1.510000	-7.268000	7.474010
391	17	-0.800000	0.310000	-7.684600	7.732346
391	19	-0.390000	-1.700000	-7.199900	7.408148
391	21	-1.250000	-3.391000	-6.516900	7.451937
391	23	-0.330000	1.270000	-7.366000	7.481962
391	27	0.870000	1.150000	-7.255000	7.396920
391	29	0.228000	0.130000	-7.266900	7.271638
392	0	2.690000	1.920000	-6.587000	7.369604
392	2	2.380000	1.700000	-6.977300	7.565521
392	8	-1.910000	-0.634000	-7.380600	7.650053
392	10	0.000000	2.150000	-7.099690	7.418093
392	14	0.420000	-2.580000	-7.213000	7.672038
392	16	1.210000	-1.290000	-7.576000	7.779716
392	18	-0.810000	-0.340000	-7.200000	7.253392
392	20	0.550000	3.061000	-6.705000	7.391160
392	22	-1.320000	-0.340000	-7.507200	7.629944
392	24	-0.110000	0.360000	-7.023000	7.033081
392	26	-1.984000	-4.020000	-6.306000	7.737073
392	28	-2.255000	-0.220000	-7.204600	7.552462
392	1	-1.335000	-0.070000	-7.269000	7.390906
392	3	-1.920000	0.350000	-7.055000	7.319968
392	5	1.640000	-1.410000	-7.293000	7.606941
392	7	-1.430000	2.240000	-6.975500	7.464590
392	9	-0.867000	0.155000	-7.286200	7.339239
392	13	2.390000	0.930000	-6.875000	7.337753
392	17	-0.790000	-0.090000	-7.225200	7.268818
392	19	-0.360000	-0.710000	-7.637500	7.678874
392	21	-0.330000	-2.121000	-6.835400	7.164512
392	23	-0.010000	0.380000	-7.404000	7.413752
392	27	3.930000	1.590000	-6.321000	7.611047
392	29	0.314000	1.700000	-7.504400	7.700949
393	0	2.240000	1.490000	-6.783000	7.297040
393	2	1.070000	0.960000	-7.311100	7.451086
393	8	-0.668000	-0.208000	-7.336000	7.369287
393	10	0.430000	1.340000	-7.558300	7.688199
393	14	0.550000	-2.750000	-6.623200	7.192481
393	16	1.480000	-1.790000	-6.808000	7.193286
393	18	-1.550000	0.290000	-7.357000	7.524098
393	20	1.470000	2.102000	-6.989000	7.444825
393	22	-1.700000	0.670000	-7.367500	7.590715
393	24	-1.490000	-0.030000	-7.247000	7.398649
393	26	-2.480000	-2.830000	-6.487000	7.499365
393	28	-1.616000	-1.180000	-7.139000	7.414120
393	1	-2.768000	0.800000	-6.691300	7.285281
393	3	-2.360000	-0.410000	-6.913000	7.316233
393	5	1.930000	-2.310000	-6.614000	7.266773
393	7	-1.150000	1.640000	-7.009600	7.290171
393	9	1.549000	-0.143000	-7.371300	7.533652
393	13	3.510000	0.780000	-6.584000	7.501837
393	17	0.310000	0.850000	-7.715800	7.768666
393	19	0.270000	0.040000	-7.296000	7.301104
393	21	-0.430000	-0.950000	-7.335800	7.409545
393	23	-1.490000	-0.730000	-7.301000	7.487162
393	27	1.520000	2.480000	-6.848000	7.440155
393	29	0.829000	0.910000	-7.156910	7.262004
394	0	0.590000	1.810000	-7.326000	7.569311
394	2	1.360000	1.680000	-7.434950	7.742770
394	8	-2.305000	-0.648000	-6.722000	7.135700
394	10	0.480000	0.600000	-7.517700	7.556865
394	14	1.720000	-1.230000	-7.080000	7.389026
394	16	-0.030000	-2.660000	-7.078400	7.561762
394	18	-0.710000	-0.420000	-7.362000	7.408073
394	20	1.640000	1.739000	-7.058000	7.451784
394	22	-1.420000	-0.890000	-7.347000	7.535709
394	24	-2.710000	0.240000	-6.959000	7.471906
394	26	-1.860000	-3.140000	-6.603000	7.544456
394	28	0.253000	-2.810000	-6.975400	7.524381
394	1	-2.702000	-0.040000	-6.979900	7.484745
394	3	-1.970000	-0.160000	-7.360000	7.620768
394	5	1.750000	-1.700000	-7.010000	7.422439
394	7	-0.760000	0.520000	-7.267400	7.325510
394	9	0.450000	2.209000	-7.361990	7.699421
394	13	3.020000	-0.710000	-6.639000	7.328084
394	17	0.550000	1.590000	-6.692000	6.900251
394	19	0.600000	-1.550000	-7.074100	7.266732
394	21	-0.920000	-2.153000	-7.132000	7.506479
394	23	-0.490000	-0.130000	-7.704000	7.720662
394	27	1.550000	2.450000	-6.867000	7.453904
394	29	2.110000	1.260000	-7.061000	7.476458
395	0	2.140000	-0.400000	-7.118000	7.443489
395	2	0.600000	2.070000	-7.257800	7.571034
395	8	-1.061000	-1.851000	-7.265200	7.571991
395	10	0.890000	-0.890000	-7.657800	7.760548
395	14	1.560000	-1.360000	-7.338900	7.625133
395	16	0.670000	-2.050000	-7.151000	7.469150
395	18	-2.610000	1.460000	-6.548000	7.198611
395	20	-0.610000	2.661000	-7.133000	7.637585
395	22	-1.790000	-0.360000	-7.156600	7.385839
395	24	-4.040000	2.120000	-6.111000	7.626291
395	26	-1.900000	-3.820000	-6.218000	7.540950
395	28	-0.589000	-1.006000	-7.156200	7.250528
395	1	-0.486000	-0.020000	-7.654000	7.669440
395	3	-1.390000	0.380000	-7.570000	7.705933
395	5	3.280000	1.070000	-6.741000	7.572607
395	7	-1.620000	0.900000	-7.087900	7.326167
395	9	1.091000	1.000000	-7.234900	7.384718
395	13	2.710000	0.250000	-6.931000	7.446164
395	17	-0.050000	-0.270000	-7.292200	7.297368
395	19	0.050000	0.670000	-7.088000	7.119771
395	21	-1.290000	0.892000	-7.341000	7.506667
395	23	0.620000	1.020000	-7.481000	7.575629
395	27	1.930000	1.820000	-6.690000	7.196763
395	29	0.012000	2.329000	-6.695700	7.089202
396	0	1.320000	-1.220000	-7.090000	7.314294
396	2	0.640000	0.530000	-7.347700	7.394538
396	8	0.522000	-1.779000	-7.209700	7.444266
396	10	0.330000	0.470000	-7.364500	7.386857
396	14	0.280000	-0.330000	-7.173100	7.186144
396	16	-0.270000	-1.630000	-7.314000	7.498293
396	18	-5.000000	-0.560000	-6.094000	7.902559
396	20	1.360000	1.138000	-7.170000	7.386037
396	22	-3.800000	-1.170000	-6.441200	7.569541
396	24	-2.070000	0.330000	-7.034000	7.339684
396	26	-2.910000	-2.550000	-6.718000	7.752556
396	28	-1.312900	-0.385000	-7.293100	7.420326
396	1	-0.983000	0.840000	-7.436700	7.548271
396	3	-0.560000	0.760000	-7.362000	7.422280
396	5	3.660000	-1.630000	-6.341000	7.500719
396	7	0.450000	1.700000	-7.163360	7.376058
396	9	0.629000	2.536000	-7.314800	7.767447
396	13	0.910000	-0.750000	-7.400500	7.493864
396	17	-1.260000	0.150000	-7.171400	7.282793
396	19	0.920000	0.430000	-7.215000	7.286119
396	21	-0.390000	-1.703000	-7.227700	7.435856
396	23	-2.410000	-0.200000	-6.828000	7.243596
396	27	0.800000	1.500000	-6.847400	7.055274
396	29	-1.504828	2.140000	-6.772000	7.259758
397	0	1.679000	-3.200000	-6.647000	7.565821
397	2	0.280000	-0.790000	-7.465300	7.512204
397	8	-0.096000	-1.862000	-7.040870	7.283551
397	10	1.020000	0.130000	-7.380000	7.451288
397	14	0.090000	-2.210000	-6.903000	7.248697
397	16	-1.910000	-1.700000	-7.095000	7.541692
397	18	-2.220000	0.110000	-7.043000	7.385415
397	20	-0.240000	1.906000	-7.084000	7.339856
397	22	-0.520000	1.130000	-7.534800	7.636787
397	24	-2.510000	-0.090000	-7.076000	7.508527
397	26	-2.650000	-1.790000	-6.487000	7.232411
397	28	-0.041000	-0.859000	-7.275200	7.325851
397	1	0.247000	1.950000	-7.335400	7.594182
397	3	-0.870000	-1.000000	-7.376000	7.494149
397	5	2.100000	-1.610000	-6.941000	7.428296
397	7	1.670000	-0.830000	-7.211400	7.448630
397	9	1.122000	3.576000	-6.578000	7.570782
397	13	0.930000	-0.060000	-7.590400	7.647396
397	17	-1.360000	-0.910000	-7.168400	7.352799
397	19	2.610000	0.850000	-6.934600	7.458101
397	21	0.940000	-1.435000	-7.478200	7.672438
397	23	-1.910000	-1.150000	-7.248000	7.583146
397	27	1.310000	0.870000	-7.266000	7.434229
397	29	-0.240000	2.800000	-7.099200	7.635197
398	0	1.410000	-1.890000	-6.833000	7.228422
398	2	0.300000	-0.800000	-7.438000	7.486912
398	8	1.090000	-2.444000	-6.885300	7.387056
398	10	1.520000	1.130000	-7.044470	7.294646
398	14	-2.200000	-2.190000	-6.700000	7.384179
398	16	-0.020000	-0.750000	-7.160000	7.199201
398	18	-2.330000	-2.450000	-6.725600	7.527622
398	20	-0.210000	1.805000	-7.151000	7.378274
398	22	-0.540000	-1.020000	-7.252600	7.343855
398	24	-2.260000	0.620000	-7.201000	7.572741
398	26	-0.013000	-0.810000	-7.562000	7.605269
398	28	1.161000	-1.865000	-7.216000	7.542997
398	1	-0.836000	2.960000	-6.610100	7.290673
398	3	-1.890000	-1.910000	-6.707000	7.225237
398	5	1.950000	0.200000	-6.813400	7.089776
398	7	1.370000	0.670000	-7.568800	7.720915
398	9	-0.030000	2.654000	-6.838400	7.335416
398	13	1.360000	-0.940000	-7.371800	7.554908
398	17	-0.090000	-0.670000	-7.522400	7.552715
398	19	3.040000	-0.820000	-6.721200	7.422165
398	21	0.010000	0.074000	-7.263600	7.263984
398	23	-2.770000	-0.500000	-7.002000	7.546582
398	27	3.160000	-1.340000	-6.456700	7.312330
398	29	-0.104000	1.160000	-7.215500	7.308889
399	0	2.330000	-1.730000	-6.912000	7.496502
399	2	-0.290000	1.250000	-7.367700	7.478610
399	8	1.891000	-2.208000	-7.136800	7.706170
399	10	3.250000	0.220000	-6.716210	7.464474
399	14	-1.920000	-1.440000	-6.967000	7.368792
399	16	-0.200000	-2.960000	-6.749000	7.372286
399	18	-4.370000	-0.060000	-5.816000	7.275050
399	20	-0.400000	0.216000	-7.404000	7.417943
399	22	-2.160000	-0.530000	-6.971900	7.318052
399	24	-2.130000	0.110000	-6.794000	7.120915
399	26	-2.041000	2.030000	-6.886000	7.463483
399	28	1.362900	0.398000	-7.318790	7.455239
399	1	-1.359000	2.280000	-6.857300	7.353084
399	3	-0.330000	-0.010000	-7.400000	7.407361
399	5	1.580000	-0.490000	-7.419000	7.601188
399	7	1.140000	0.110000	-7.134000	7.225348
399	9	-0.032000	3.178000	-6.750400	7.461140
399	13	2.600000	-1.660000	-6.785220	7.453510
399	17	-2.180000	0.020000	-6.999500	7.331153
399	19	1.390000	1.270000	-7.288000	7.527280
399	21	-0.220000	-2.229000	-7.069500	7.415839
399	23	-3.160000	-0.110000	-6.587200	7.306771
399	27	1.070000	0.860000	-7.275200	7.403583
399	29	-2.422000	3.030000	-6.743000	7.779141
400	0	-0.220000	-2.620000	-6.855000	7.341922
400	2	2.320000	1.840000	-6.885400	7.495114
400	8	1.817000	-2.645000	-6.583200	7.323663
400	10	3.120000	1.440000	-6.653200	7.488195
400	14	0.320000	-0.750000	-7.233000	7.278818
400	16	1.070000	-3.710000	-6.441000	7.509692
400	18	-2.110000	-0.770000	-7.022000	7.372482
400	20	-0.570000	1.622000	-7.214000	7.416035
400	22	-3.540000	0.580000	-6.559000	7.475860
400	24	-2.830000	1.260000	-6.844000	7.512445
400	26	-0.563000	-0.310000	-7.484000	7.511546
400	28	-0.394810	0.360000	-7.443600	7.462751
400	1	0.210000	2.140000	-6.979900	7.303609
400	3	1.410000	-1.190000	-7.041800	7.279502
400	5	2.080000	0.690000	-7.297900	7.619832
400	7	0.940000	2.470000	-6.739490	7.239145
400	9	-1.057000	0.892000	-7.356400	7.485288
400	13	1.870000	-1.570000	-7.160500	7.565353
400	17	0.600000	0.280000	-7.277600	7.307658
400	19	1.540000	2.160000	-6.693100	7.199638
400	21	0.410000	-0.326000	-7.525100	7.543309
400	23	-1.810000	-0.090000	-7.218200	7.442218
400	27	1.863000	0.460000	-7.298900	7.546940
400	29	-3.078690	1.490000	-6.739000	7.557285
401	0	0.440000	-2.020000	-7.034000	7.331518
401	2	-0.230000	1.410000	-7.158500	7.299666
401	8	2.273000	-1.086000	-6.817100	7.267653
401	10	2.840000	2.080000	-6.869770	7.719180
401	14	1.340000	-2.940000	-6.295000	7.075749
401	16	2.430000	-0.750000	-6.971000	7.420394
401	18	-1.640000	0.590000	-6.907000	7.123507
401	20	-0.240000	0.971000	-7.517000	7.583253
401	22	-3.090000	1.940000	-6.328000	7.304470
401	24	-3.350000	-0.920000	-6.239000	7.141010
401	26	-1.676000	-0.670000	-7.380000	7.597518
401	28	1.643000	-0.370000	-7.220700	7.414503
401	1	1.170000	0.510000	-7.083900	7.197961
401	3	0.970000	-0.310000	-7.290000	7.360781
401	5	2.070000	-1.150000	-6.999000	7.388735
401	7	0.330000	1.430000	-7.079900	7.230407
401	9	-0.201000	2.323000	-6.774000	7.164064
401	13	1.810000	-0.290000	-7.117400	7.349665
401	17	-0.460000	1.380000	-7.241300	7.385961
401	19	0.910000	1.370000	-6.976100	7.167355
401	21	1.050000	-0.349000	-7.173300	7.258136
401	23	-3.450000	-0.720000	-6.455000	7.354449
401	27	0.320000	-1.410000	-7.373000	7.513430
401	29	-0.682000	0.500000	-7.445700	7.493569
402	0	-1.550000	-1.110000	-7.064000	7.316741
402	2	-0.810000	1.790000	-6.945800	7.218333
402	8	0.402000	-3.009000	-6.573000	7.240167
402	10	0.610000	1.420000	-7.348200	7.508964
402	14	2.130000	-1.760000	-6.873000	7.407606
402	16	1.980000	-0.330000	-7.018000	7.299426
402	18	-1.560000	1.260000	-7.036000	7.316180
402	22	-2.240000	0.800000	-6.923000	7.320214
402	24	-1.960000	1.970000	-7.014000	7.544448
402	26	-1.661000	-0.040000	-7.197000	7.386293
402	28	1.878000	-0.010000	-6.988300	7.236250
402	1	-0.690000	1.150000	-7.276000	7.398566
402	3	-1.380000	-2.470000	-6.798000	7.363294
402	5	2.020000	-0.390000	-7.284000	7.568960
402	7	-1.170000	1.200000	-7.134600	7.328807
402	9	0.173000	1.218000	-7.141600	7.246786
402	13	1.970000	0.300000	-7.197600	7.468356
402	17	-1.200000	-0.390000	-7.238700	7.347849
402	19	1.670000	1.530000	-7.035500	7.391080
402	23	-4.660000	-1.390000	-6.287000	7.948212
402	27	1.106000	-1.640000	-7.225000	7.490892
402	29	-0.849000	1.050000	-7.245800	7.370544
403	0	-2.010000	-1.020000	-7.079000	7.429182
403	2	-0.660000	1.880000	-6.760800	7.048292
403	8	0.940000	-1.498000	-7.483100	7.689239
403	10	2.010000	0.520000	-7.172600	7.467040
403	14	0.070000	-1.130000	-7.138000	7.227229
403	16	0.240000	-1.130000	-7.278100	7.369209
403	18	-1.960000	1.150000	-7.057000	7.413862
403	20	-1.270000	0.485000	-7.575000	7.696022
403	22	-2.850000	1.000000	-6.744770	7.390157
403	24	-2.070000	0.010000	-7.291000	7.579161
403	26	-1.977000	0.790000	-7.007000	7.323297
403	28	1.266000	0.800000	-7.435700	7.585011
403	1	-0.150000	2.260000	-7.245000	7.590792
403	3	1.330000	-2.060000	-6.728000	7.160900
403	5	1.240000	-0.680000	-7.322000	7.457324
403	7	-1.390000	2.130000	-6.905700	7.359191
403	9	1.513000	2.843000	-6.700000	7.433829
403	13	2.760000	-1.060000	-6.465000	7.108968
403	17	-1.380000	-2.190000	-6.894100	7.364042
403	19	0.930000	0.050000	-7.294000	7.353219
403	21	1.140000	-1.444000	-7.261200	7.490645
403	23	-3.639000	-0.980000	-6.298000	7.339450
403	27	0.633000	0.910000	-7.593000	7.673489
403	29	-1.984000	0.580000	-7.225000	7.514871
404	0	-1.270000	-0.330000	-7.454000	7.568614
404	2	-1.430000	1.510000	-7.250700	7.543053
404	8	2.081000	-2.353000	-6.954700	7.631187
404	10	1.860000	1.280000	-7.357300	7.695964
404	14	1.270000	-3.500000	-6.362000	7.371428
404	16	1.240000	-0.050000	-7.549000	7.650327
404	18	-2.670000	3.040000	-6.405000	7.575917
404	20	0.230000	1.238000	-7.222000	7.330950
404	22	-0.800000	1.660000	-7.146300	7.380054
404	24	-1.760000	0.520000	-7.319000	7.545579
404	26	-2.386000	-1.200000	-6.898000	7.396986
404	28	1.403000	-0.210000	-7.145400	7.284864
404	1	1.160000	1.510000	-6.946000	7.202265
404	3	1.150000	-3.160000	-6.642000	7.444747
404	5	0.090000	0.210000	-7.355000	7.358548
404	7	-0.790000	0.990000	-7.596200	7.701068
404	9	0.415000	1.733000	-7.224000	7.440544
404	13	3.710000	-1.550000	-6.547000	7.683086
404	17	0.030000	-0.190000	-7.703300	7.705701
404	19	0.800000	0.690000	-7.474800	7.549088
404	21	2.180000	-0.134000	-7.191400	7.515756
404	23	-3.589000	-0.660000	-6.250000	7.237335
404	27	1.714000	0.710000	-7.375000	7.604770
404	29	-0.880000	-0.380000	-7.422000	7.483641
405	0	-0.500000	-0.240000	-7.563000	7.583309
405	2	-0.420000	2.660000	-6.803300	7.316891
405	8	2.455000	-2.232000	-6.799900	7.566207
405	10	2.340000	1.030000	-6.952400	7.407588
405	14	2.080000	-2.070000	-6.828900	7.432710
405	16	-0.510000	0.390000	-7.226000	7.254466
405	18	-1.110000	1.040000	-7.135000	7.295336
405	20	-1.870000	0.821000	-7.219000	7.502326
405	22	-3.380000	0.550000	-6.919600	7.720606
405	24	0.170000	0.960000	-7.342000	7.406447
405	26	-2.216000	-0.390000	-7.247000	7.588265
405	28	2.957000	1.230000	-6.551800	7.292656
405	1	1.410000	1.630000	-7.029200	7.352187
405	3	-0.050000	-3.370000	-6.686000	7.487456
405	5	0.510000	1.330000	-7.194000	7.333665
405	7	0.220000	1.510000	-7.111900	7.273763
405	9	0.925900	1.917000	-7.255000	7.560900
405	13	2.110000	-1.490000	-7.370000	7.809552
405	17	-1.920000	-1.630000	-7.137600	7.568926
405	19	1.990000	-1.530000	-6.746000	7.197883
405	21	1.260000	-1.318000	-6.906600	7.143238
405	23	-2.858000	0.680000	-6.919000	7.516856
405	27	2.504000	0.200000	-6.871100	7.315875
405	29	-1.517000	-0.005000	-7.187900	7.346239
406	0	-0.670000	-2.220000	-7.125000	7.492858
406	2	0.570000	4.200000	-6.503400	7.762674
406	8	1.208000	-3.245000	-6.463800	7.332803
406	10	2.250000	0.950000	-6.971000	7.386463
406	14	0.850000	1.560000	-6.881450	7.107071
406	16	0.040000	0.380000	-7.532600	7.542285
406	18	0.240000	1.800000	-7.492900	7.709809
406	20	-1.070000	-0.592000	-7.309000	7.410590
406	22	-4.070000	0.810000	-6.164740	7.431354
406	24	-0.590000	-0.360000	-7.446000	7.478009
406	26	-2.709000	-0.840000	-7.045000	7.594492
406	28	1.629000	1.410000	-7.506600	7.809660
406	1	2.270000	0.290000	-7.225000	7.578761
406	3	0.820000	-2.850000	-6.690000	7.317855
406	5	1.260000	-0.360000	-7.077000	7.197300
406	7	-2.160000	2.500000	-6.996000	7.736900
406	9	-0.697000	0.526000	-7.349000	7.400695
406	13	2.380000	-2.200000	-7.029100	7.740326
406	17	-1.640000	-2.590000	-6.801700	7.460618
406	19	2.710000	-0.540000	-6.969200	7.497029
406	21	0.430000	-0.312000	-7.225400	7.244905
406	23	-2.424000	1.860000	-6.740800	7.400930
406	27	0.966000	-0.110000	-7.640000	7.701614
406	29	-2.614000	-0.010000	-6.989000	7.461851
407	0	-2.880000	-0.980000	-6.601000	7.268287
407	2	0.500000	2.880000	-6.703300	7.312909
407	8	-0.298000	-1.517000	-7.611200	7.766625
407	10	1.820000	-0.040000	-7.084700	7.314846
407	14	0.970000	-2.160000	-7.055250	7.441979
407	16	1.170000	0.770000	-7.204200	7.339094
407	18	-1.300000	0.950000	-6.969700	7.153266
407	20	-1.820000	0.186000	-7.035000	7.268990
407	22	-3.180000	0.090000	-6.523700	7.258041
407	24	-1.730000	0.540000	-7.400000	7.618694
407	26	-1.997000	1.570000	-7.023000	7.468296
407	28	1.328000	0.950000	-7.544300	7.718973
407	1	2.560000	1.910000	-6.924000	7.625187
407	3	-0.870000	-2.470000	-7.166000	7.629506
407	5	0.940000	-0.840000	-7.249000	7.357799
407	7	-2.890000	-0.620000	-7.024000	7.620569
407	9	-1.615100	0.110000	-7.240000	7.418777
407	13	3.450000	-2.760000	-6.108000	7.538419
407	17	-2.210000	-1.840000	-6.981000	7.550103
407	19	0.690000	-3.190000	-6.799300	7.542061
407	21	0.440000	0.701000	-7.424000	7.469992
407	23	-3.656000	-0.340000	-6.278000	7.272910
407	27	-1.189000	0.060000	-7.175000	7.273097
407	29	-2.234000	-1.010000	-6.993000	7.410324
408	0	-2.450000	-1.420000	-6.863000	7.424262
408	2	-1.000000	4.400000	-6.267400	7.722713
408	8	2.213000	-0.483000	-7.055100	7.409797
408	10	2.330000	0.040000	-7.063400	7.437884
408	14	0.990000	-1.360000	-7.192900	7.386982
408	16	0.800000	1.070000	-7.445500	7.564415
408	18	-1.250000	1.950000	-6.875800	7.255455
408	20	-0.770000	-1.265000	-7.287600	7.436548
408	22	-1.630000	3.329000	-6.548320	7.524602
408	24	-0.910000	-0.610000	-7.616000	7.694391
408	26	0.634000	2.440000	-7.269000	7.693758
408	28	1.729000	-0.330000	-7.547700	7.750233
408	1	2.770000	0.100000	-6.785000	7.329333
408	3	-1.630000	-2.050000	-7.051500	7.522171
408	5	2.360000	0.150000	-6.941000	7.332774
408	7	-2.640000	0.710000	-7.203800	7.705091
408	9	0.132700	0.997000	-7.566600	7.633155
408	13	2.630000	-2.670000	-6.655000	7.637724
408	17	-2.850000	-0.510000	-6.905500	7.487892
408	19	1.670000	-1.880000	-6.838300	7.285990
408	21	0.890000	0.432000	-7.158900	7.226934
408	23	-2.999000	-0.570000	-6.769000	7.425514
408	27	0.210000	-0.470000	-7.368000	7.385961
408	29	-1.195000	-0.330000	-7.213500	7.319256
409	0	-1.010000	0.500000	-7.285000	7.371657
409	2	-0.530000	3.340000	-6.402100	7.240399
409	8	1.588300	1.145000	-7.412400	7.666642
409	10	0.260000	0.870000	-7.690000	7.743423
409	14	1.110000	-0.980000	-6.999200	7.154111
409	16	1.330000	0.500000	-7.416400	7.551284
409	18	-1.550000	1.940000	-6.799100	7.238360
409	20	-0.890000	-1.451000	-7.080000	7.281751
409	22	-2.350000	1.363000	-6.965100	7.476155
409	24	-1.730000	-1.530000	-6.843000	7.222219
409	26	-0.559000	0.380000	-7.335000	7.366078
409	28	0.172000	0.580000	-7.660900	7.684749
409	1	1.760000	0.300000	-7.332000	7.546246
409	3	0.530000	-1.850000	-7.291400	7.541082
409	5	0.180000	-1.930000	-7.122000	7.381069
409	7	-2.070000	1.910000	-6.850000	7.406450
409	9	-0.972200	1.250000	-7.182000	7.354509
409	13	2.780000	-3.220000	-6.198000	7.517447
409	17	-1.850000	0.010000	-7.113000	7.349651
409	19	-0.620000	-2.680000	-6.603000	7.153070
409	21	-0.480000	1.948000	-7.259300	7.531437
409	23	-4.340000	-0.770000	-5.768000	7.259361
409	27	0.159000	-1.840000	-7.141000	7.375958
409	29	-1.291000	-0.560000	-7.299400	7.433809
410	0	-1.090000	-0.270000	-7.737000	7.818067
410	2	-1.230000	1.640000	-7.244100	7.528578
410	8	-0.005100	-0.507000	-7.323380	7.340911
410	10	1.850000	-0.020000	-7.484000	7.709290
410	14	1.940000	-0.080000	-7.321500	7.574587
410	16	1.100000	-0.890000	-7.335500	7.470720
410	18	-0.160000	1.610000	-7.469400	7.642620
410	20	-0.070000	-1.098000	-7.412000	7.493213
410	22	-2.640000	1.888000	-6.629700	7.381535
410	24	-1.820000	1.300000	-7.011000	7.359111
410	26	-1.937000	-0.200000	-6.826000	7.098327
410	28	0.001000	0.700000	-7.008200	7.043072
410	1	2.750000	-0.380000	-7.150000	7.670033
410	3	-0.220000	-2.150000	-7.163000	7.481943
410	5	3.300000	-1.240000	-6.465000	7.363683
410	7	-0.940000	-0.560000	-7.394000	7.474519
410	9	-0.354200	-1.902000	-7.132000	7.389755
410	13	3.700000	-2.430000	-5.970900	7.432802
410	17	-1.210000	-1.150000	-7.221100	7.411537
410	19	-0.370000	-3.620000	-6.589000	7.527033
410	21	1.460000	1.428000	-7.348300	7.626814
410	23	-3.210000	-0.730000	-6.511000	7.295898
410	27	0.093000	-0.950000	-7.374000	7.435525
410	29	-0.395000	-1.710000	-6.840700	7.062245
411	0	-2.050000	-0.790000	-7.355000	7.676107
411	2	1.550000	1.950000	-6.892100	7.328441
411	8	1.160900	1.076000	-7.663900	7.825652
411	10	3.140000	-0.140000	-6.483100	7.204845
411	14	2.280000	0.440000	-7.152300	7.519800
411	16	0.530000	0.940000	-7.425000	7.503008
411	18	1.150000	0.960000	-7.367300	7.518059
411	20	-2.460000	-0.318000	-7.113000	7.533093
411	22	-0.890000	0.260000	-7.055500	7.116163
411	24	-2.800000	0.250000	-6.941000	7.488657
411	26	-0.456000	0.830000	-7.297000	7.358196
411	28	0.336000	2.020000	-7.284500	7.566851
411	1	0.230000	-1.400000	-7.468000	7.601574
411	3	2.080000	-3.380000	-6.362000	7.498389
411	5	1.010000	-2.150000	-6.730000	7.136911
411	7	-1.440000	0.240000	-7.407000	7.549493
411	9	1.150800	-2.141000	-6.900000	7.315615
411	13	3.500000	-1.580000	-6.614700	7.648572
411	17	-0.990000	1.540000	-7.286000	7.512489
411	19	0.960000	-3.390000	-6.446000	7.346061
411	21	1.370000	1.083000	-7.576400	7.775064
411	23	-2.838000	0.910000	-6.622200	7.261947
411	27	-0.253000	1.500000	-7.300000	7.456810
411	29	-0.740000	-1.210000	-7.499800	7.632739
412	0	-1.160000	-0.720000	-7.127000	7.256592
412	2	-0.300000	2.510000	-6.605100	7.072301
412	8	-1.073922	2.394000	-6.383600	6.901804
412	10	1.760000	-0.960000	-7.040600	7.320468
412	14	0.790000	-1.660000	-7.324600	7.551786
412	16	-0.020000	1.030000	-7.267300	7.339956
412	18	0.740000	1.010000	-7.331800	7.437943
412	20	0.050000	-0.152000	-7.491920	7.493629
412	22	-2.460000	2.520000	-6.554000	7.440223
412	24	-3.910000	0.590000	-6.389000	7.513689
412	26	0.332000	-1.360000	-6.921000	7.061166
412	28	1.518000	-0.220000	-7.309700	7.468898
412	1	1.880000	-0.900000	-7.159400	7.456635
412	3	0.610000	-2.530000	-6.705100	7.192452
412	5	1.190000	-1.500000	-7.499000	7.739580
412	7	-2.590000	0.120000	-6.916700	7.386693
412	9	-0.325500	-2.241000	-7.448400	7.785030
412	13	2.680000	0.680000	-6.695280	7.243727
412	17	-0.900000	0.140000	-7.212000	7.269288
412	19	-2.440000	0.150000	-7.156000	7.562039
412	21	1.660000	2.225000	-6.736000	7.285597
412	23	-2.430000	-0.550000	-7.008300	7.437988
412	27	0.257000	-0.660000	-7.654000	7.686701
412	29	0.687000	-3.590000	-6.566900	7.515600
413	0	-1.330000	-0.340000	-6.965000	7.098995
413	2	-0.560000	0.310000	-7.089900	7.118735
413	8	0.841900	1.500000	-7.224900	7.426842
413	10	1.630000	0.790000	-7.250500	7.473336
413	14	1.480000	-1.280000	-7.294000	7.551903
413	16	-0.310000	0.270000	-7.491400	7.502671
413	18	1.200000	0.910000	-7.336700	7.489677
413	20	-1.910000	-0.775000	-7.284500	7.570513
413	22	-1.830000	0.684000	-7.111200	7.374681
413	24	-2.600000	-0.410000	-7.109000	7.580632
413	26	0.681000	0.160000	-7.605000	7.637106
413	28	-0.252000	-0.910000	-7.294500	7.355361
413	1	1.130000	-0.750000	-7.476000	7.598024
413	3	1.680000	-4.010000	-5.786500	7.237823
413	5	1.860000	-0.360000	-7.127000	7.374505
413	7	-1.060000	0.450000	-7.509790	7.597568
413	9	-1.638300	-1.665000	-6.944700	7.327012
413	13	3.860000	-1.430000	-6.130000	7.383861
413	17	0.360000	-0.160000	-7.713000	7.723054
413	19	-1.940000	-2.060000	-6.730000	7.300692
413	21	0.060000	1.652000	-6.800100	6.998147
413	23	-1.550000	-0.330000	-7.150000	7.323517
413	27	-0.009000	1.750000	-6.902500	7.120891
413	29	-1.770000	-2.320000	-6.995400	7.579639
414	0	-2.200000	0.630000	-7.055000	7.416868
414	2	-1.020000	1.240000	-7.095300	7.274702
414	8	-0.082600	2.855000	-6.775700	7.353092
414	10	1.770000	-0.050000	-6.951003	7.172994
414	14	2.070000	0.350000	-7.361000	7.654523
414	16	1.340000	1.990000	-7.052000	7.448920
414	18	1.160000	2.770000	-6.790200	7.424642
414	20	-1.230000	-0.130000	-7.438500	7.540629
414	22	-2.620000	-0.020000	-6.889200	7.370609
414	24	-1.330000	0.310000	-7.348000	7.473828
414	26	1.626000	-1.030000	-7.048000	7.306099
414	28	0.594000	-0.040000	-7.252000	7.276396
414	1	0.720000	0.700000	-7.651000	7.716618
414	3	1.390000	-2.840000	-6.339000	7.083828
414	5	2.600000	-1.420000	-7.054000	7.650838
414	7	-2.170000	-0.180000	-7.091300	7.418075
414	9	0.150300	-1.175000	-7.388700	7.483054
414	13	2.000000	-1.880000	-7.162000	7.669983
414	17	-0.520000	-2.340000	-6.868000	7.274299
414	19	-0.470000	-1.420000	-7.417600	7.566908
414	21	0.640000	1.791000	-7.244200	7.489707
414	23	-1.850000	1.470000	-7.051000	7.436397
414	27	0.315000	1.340000	-7.505000	7.630193
414	29	-2.001000	0.140000	-6.842400	7.130360
415	0	-1.250000	0.050000	-7.126000	7.234976
415	2	0.120000	2.160000	-6.961000	7.289412
415	8	1.184800	2.705000	-7.120600	7.708678
415	10	1.990000	-1.550000	-6.856000	7.305295
415	14	1.680000	1.240000	-7.060000	7.362309
415	16	-0.330000	0.230000	-7.539200	7.549923
415	18	-0.630000	-0.210000	-7.237500	7.267902
415	20	-1.540000	-0.113000	-7.038000	7.205402
415	22	-1.920000	0.310000	-7.244000	7.500536
415	24	-3.110000	-1.300000	-6.939000	7.714391
415	26	1.323000	-1.290000	-7.489000	7.713595
415	28	2.083000	-0.270000	-7.029300	7.336406
415	1	1.460000	1.560000	-6.848400	7.173966
415	3	1.830000	-1.250000	-7.079000	7.417792
415	5	3.080000	-1.890000	-6.175800	7.155348
415	7	-2.140000	-1.500000	-6.687700	7.180176
415	9	0.741180	-1.489000	-7.098700	7.290954
415	13	2.700000	1.020000	-7.052400	7.620154
415	17	-1.810000	-1.960000	-6.787000	7.292535
415	19	-1.740000	-0.920000	-6.767800	7.048200
415	21	-0.240000	0.071000	-7.431530	7.435743
415	23	-1.060000	0.470000	-7.323900	7.415120
415	27	-1.521000	0.660000	-7.451800	7.634027
415	29	-1.530000	-1.560000	-7.193900	7.518424
416	0	-2.120000	1.730000	-6.979000	7.496248
416	2	-0.350000	1.410000	-7.364000	7.505937
416	8	-0.078000	1.008000	-7.339040	7.408350
416	10	1.410000	-0.430000	-7.245000	7.393445
416	14	1.250000	1.980000	-7.115000	7.490402
416	16	1.760000	1.780000	-7.122700	7.549759
416	18	-0.670000	0.410000	-7.417900	7.459373
416	20	1.650000	0.816000	-7.251700	7.481678
416	22	-2.980000	-0.260000	-6.924400	7.542898
416	24	-2.640000	2.380000	-6.645000	7.535916
416	26	2.015000	-0.930000	-7.269000	7.600229
416	28	1.492000	0.740000	-7.079000	7.272270
416	1	2.640000	-0.700000	-6.870800	7.393747
416	3	1.110000	-0.540000	-7.568000	7.668007
416	5	1.260000	2.000000	-7.028400	7.415255
416	7	-0.860000	-1.260000	-7.440600	7.595375
416	9	0.277000	-1.662000	-7.293000	7.485107
416	13	1.460000	-0.160000	-7.479700	7.622540
416	17	-1.880000	-3.170000	-6.425000	7.407019
416	19	-0.420000	-2.190000	-6.972700	7.320591
416	21	1.820000	2.687000	-6.769300	7.507049
416	23	0.680000	1.230000	-6.880900	7.022968
416	27	-2.021000	2.580000	-6.594200	7.363716
416	29	-0.860000	1.160000	-7.396200	7.535846
417	0	-2.940000	1.530000	-6.662000	7.440883
417	2	-1.680000	-0.400000	-7.080000	7.287578
417	8	-1.397000	1.209000	-7.100700	7.337113
417	10	-0.520000	-0.570000	-7.892200	7.929825
417	14	1.900000	1.510000	-6.984000	7.393670
417	16	2.410000	3.190000	-6.492600	7.624831
417	18	1.270000	0.410000	-7.417100	7.536204
417	20	-1.710000	0.970000	-6.986000	7.257355
417	22	-1.760000	-0.540000	-7.476500	7.699822
417	24	-2.060000	0.210000	-7.389000	7.673658
417	26	3.924000	-1.120000	-5.742000	7.044341
417	28	2.256000	-0.430000	-6.694000	7.077010
417	1	0.370000	-1.130000	-7.570400	7.663208
417	3	0.180000	-2.130000	-7.360000	7.664131
417	5	0.960000	-0.860000	-7.319000	7.431619
417	7	0.510000	-0.480000	-7.696000	7.727801
417	9	-0.286000	-0.924000	-7.281400	7.345363
417	13	3.370000	-0.120000	-6.463000	7.289833
417	17	-2.020000	-1.360000	-7.537900	7.921486
417	19	0.660000	-0.750000	-7.517800	7.583892
417	21	0.850000	0.856000	-7.482600	7.579218
417	23	-2.740000	-1.270000	-6.795000	7.435894
417	27	-1.107400	0.880000	-7.043000	7.183633
417	29	-0.300000	-0.560000	-7.609000	7.635475
418	0	-1.500000	1.120000	-7.175000	7.415189
418	2	-0.890000	0.720000	-7.282300	7.371729
418	8	1.081800	-0.248000	-7.651700	7.731773
418	10	0.730000	0.590000	-7.343600	7.403341
418	14	-0.160000	1.010000	-7.457000	7.526789
418	18	-1.140000	1.640000	-6.953000	7.234183
418	20	-1.090000	1.400500	-7.253200	7.467155
418	22	-1.250000	1.030000	-6.840000	7.029154
418	24	-2.040000	2.250000	-6.783000	7.431903
418	26	1.610000	-1.190000	-6.940000	7.223005
418	28	1.649000	-0.050000	-7.370000	7.552390
418	1	3.400000	-2.210000	-6.494100	7.656202
418	3	0.580000	-1.320000	-7.151000	7.294902
418	5	-0.260000	-1.010000	-7.174000	7.249412
418	7	-0.920000	-1.200000	-7.095600	7.254925
418	9	1.945800	-1.256000	-7.171300	7.535995
418	13	-0.330000	0.000000	-7.637900	7.645026
418	19	-0.860000	-0.970000	-7.287140	7.401548
418	21	2.350000	1.779700	-6.896400	7.500011
418	23	-0.100000	-1.460000	-7.424000	7.566860
418	27	-1.802900	0.720000	-7.187900	7.445452
418	29	-0.410000	-0.370000	-7.493100	7.513424
419	0	-2.580000	2.070000	-6.568000	7.353905
419	2	-0.620000	-0.440000	-7.377300	7.416371
419	8	-0.958000	1.119000	-7.433400	7.577952
419	10	0.230000	1.850000	-6.924200	7.170770
419	14	0.100000	1.930000	-7.403000	7.651099
419	18	0.300000	2.130000	-6.987000	7.310613
419	20	-2.850000	0.323000	-6.852700	7.428750
419	22	-1.300000	0.558000	-7.260300	7.396845
419	24	-1.320000	0.550000	-7.289000	7.427949
419	28	1.583000	1.630000	-7.093200	7.448240
419	1	3.270000	-0.270000	-6.746800	7.502340
419	3	1.740000	-0.940000	-7.068000	7.339470
419	5	0.080000	-2.080000	-7.049600	7.350487
419	7	-1.030000	0.570000	-7.174800	7.270733
419	9	0.109000	-0.043000	-7.485000	7.485917
419	13	0.490000	-1.819000	-7.065000	7.311846
419	19	-0.110000	0.200000	-7.231200	7.234802
419	21	1.200000	1.454000	-7.380330	7.617308
419	23	-0.940000	-0.200000	-7.243000	7.306480
419	29	-1.740000	-0.450000	-7.172800	7.394536
420	0	-3.831000	-0.320000	-6.246800	7.334949
420	2	0.100000	-0.860000	-7.178300	7.230324
420	8	-2.077800	-0.238000	-7.223700	7.520355
420	10	0.530000	1.150000	-7.226000	7.336108
420	14	-0.350000	2.030000	-7.220000	7.508116
420	18	1.040000	2.000000	-7.028400	7.381057
420	20	-1.860000	-0.367000	-7.529700	7.764707
420	22	-0.440000	0.972000	-7.265700	7.343622
420	24	-0.300000	2.380000	-7.399000	7.778149
420	28	1.658000	1.270000	-7.127900	7.427572
420	1	3.680000	-1.250000	-6.153400	7.277996
420	3	0.920000	-1.890000	-7.043000	7.349990
420	5	-0.830000	-0.320000	-7.276700	7.330871
420	7	0.440000	-0.090000	-7.214400	7.228365
420	9	0.201000	-1.088000	-7.409000	7.491157
420	13	0.550000	-0.150000	-7.990100	8.010412
420	19	0.170000	-0.170000	-7.532700	7.536536
420	21	1.860000	0.410800	-6.849400	7.109334
420	23	-1.540000	-1.050000	-7.354580	7.587091
420	29	-3.395000	0.730000	-6.528200	7.394344
421	0	-3.540000	-1.230000	-6.005000	7.078455
421	2	-1.180000	-0.080000	-7.116000	7.213616
421	8	-1.666000	0.848000	-7.211810	7.450159
421	10	1.050000	-0.010000	-6.954400	7.033227
421	14	-0.190000	1.300000	-7.352000	7.468467
421	16	1.220000	0.380000	-7.394000	7.503602
421	18	0.000000	1.230000	-7.390000	7.491662
421	20	-2.160000	-0.081000	-7.111000	7.432260
421	22	-1.300000	1.069000	-7.406223	7.595058
421	24	0.650000	0.930000	-7.035000	7.125912
421	28	1.289000	-0.890000	-7.478000	7.640295
421	1	2.470000	-1.620000	-6.835800	7.446708
421	3	-0.880000	-1.210000	-7.415000	7.564438
421	5	0.510000	-0.310000	-7.379300	7.403396
421	7	1.400000	-0.480000	-7.558000	7.701543
421	9	2.865000	1.411000	-6.682000	7.405962
421	13	-0.310000	-0.740000	-7.458000	7.501031
421	17	-0.840000	-2.630000	-6.869600	7.403641
421	19	-0.840000	-2.540000	-6.803330	7.310438
421	21	1.170000	-0.801000	-7.390800	7.525585
421	23	-2.700000	-0.140000	-7.088730	7.586810
421	29	-1.743000	0.220000	-7.225600	7.436111
422	0	-3.987000	-0.740000	-6.381700	7.561076
422	2	-1.810000	-0.440000	-7.535700	7.762504
422	8	-0.910500	-0.783000	-7.256900	7.355589
422	10	1.290000	0.010000	-6.955700	7.074317
422	14	-1.590000	0.900000	-7.071000	7.303228
422	16	1.720000	1.320000	-7.483700	7.791442
422	18	-0.770000	2.230000	-6.954000	7.343291
422	20	-1.740000	0.056000	-7.323000	7.527089
422	22	-1.280000	-0.472000	-7.337230	7.462984
422	24	-0.280000	1.460000	-7.326000	7.475311
422	28	1.308000	-0.010000	-7.443000	7.557064
422	1	3.610000	0.310000	-6.347300	7.308654
422	3	-0.250000	-0.880000	-7.331000	7.387859
422	5	-1.250000	-1.540000	-7.161000	7.430614
422	7	2.590000	-1.250000	-6.844900	7.424504
422	9	1.741000	-0.052000	-7.088000	7.298872
422	13	-0.520000	-1.381000	-7.767000	7.905938
422	17	-1.670000	-1.350000	-6.857900	7.186250
422	19	0.560000	-2.210000	-7.100000	7.457057
422	21	1.970000	0.168000	-7.341800	7.603364
422	23	-0.900000	-2.180000	-7.018200	7.403886
422	29	-1.781000	1.470000	-7.198500	7.559845
423	0	-3.547000	0.890000	-6.551000	7.502594
423	2	-1.510000	-0.580000	-7.278400	7.455978
423	8	-1.978000	-0.307000	-7.178000	7.451873
423	10	1.220000	2.550000	-6.618000	7.196445
423	14	-2.000000	1.220000	-6.951000	7.335176
423	16	1.290000	1.630000	-6.852500	7.160849
423	18	1.000000	3.180000	-6.648000	7.436955
423	20	-2.020000	0.809600	-7.270000	7.588725
423	22	0.080000	1.302000	-7.909600	8.016444
423	24	0.180000	1.360000	-7.303000	7.430734
423	28	0.983000	0.340000	-7.430000	7.502452
423	1	3.180000	-0.230000	-6.585700	7.316881
423	3	0.010000	0.470000	-7.274000	7.289175
423	5	0.710000	0.770000	-7.683000	7.754063
423	7	0.790000	-1.810000	-7.319200	7.580956
423	9	1.398000	0.023000	-7.402900	7.533781
423	13	0.920000	-1.144000	-7.402000	7.546174
423	17	-1.530000	-1.670000	-7.007400	7.364337
423	19	1.280000	-0.940000	-7.012400	7.189976
423	21	1.710000	0.113200	-7.309000	7.507223
423	23	-0.490000	0.110000	-7.652000	7.668462
423	29	-2.996000	-0.610000	-6.914930	7.560712
424	0	-2.450000	0.870000	-6.924000	7.396024
424	2	-0.770000	-2.070000	-7.553000	7.869283
424	8	-2.149000	0.079000	-7.135100	7.452120
424	10	0.030000	1.310000	-7.301600	7.418245
424	14	-2.400000	-0.530000	-6.994000	7.413295
424	16	1.470000	1.570000	-7.229100	7.542260
424	18	0.060000	1.190000	-7.242000	7.339364
424	20	-1.950000	-2.356000	-6.612000	7.285038
424	22	0.480000	2.791000	-7.248700	7.782270
424	24	-1.060000	-0.220000	-7.591000	7.667808
424	28	2.690000	-1.180000	-6.677000	7.294575
424	1	3.340000	0.830000	-6.689400	7.522803
424	3	2.930000	0.670000	-6.379000	7.051627
424	5	0.670000	-0.090000	-7.326900	7.358020
424	7	1.210000	-1.230000	-7.077000	7.284293
424	9	1.428000	0.911000	-7.112600	7.311510
424	13	-1.430000	-2.669000	-6.701400	7.353722
424	17	0.170000	-3.120000	-6.801400	7.484807
424	19	1.260000	-1.390000	-7.095800	7.339624
424	21	2.390000	-1.207000	-6.818900	7.325732
424	23	-2.020000	-0.040000	-7.055920	7.339483
424	29	-1.050000	-0.410000	-7.584000	7.667311
425	2	-0.340000	-1.720000	-7.337300	7.543870
425	8	-2.915000	-1.628000	-6.657000	7.447366
425	10	0.530000	1.190000	-7.490000	7.602440
425	14	-1.540000	1.550000	-7.086000	7.415221
425	16	1.770000	3.170000	-6.594300	7.527722
425	18	-0.890000	1.030000	-7.498600	7.621155
425	20	-1.910000	0.427000	-7.121000	7.385057
425	22	0.950000	2.691000	-6.731000	7.310974
425	24	-1.980000	1.680000	-6.659000	7.147383
425	28	2.105000	-2.010000	-6.717000	7.320465
425	3	2.680000	0.050000	-7.049000	7.541439
425	5	-0.410000	0.260000	-7.326900	7.342967
425	7	0.840000	-0.200000	-7.180000	7.231736
425	9	-0.361000	0.609000	-7.384270	7.418130
425	13	-0.510000	-2.380000	-6.944300	7.358519
425	17	-0.110000	-2.630000	-7.033000	7.509467
425	19	-0.320000	-2.140000	-6.960200	7.288785
425	21	-0.160000	1.587000	-6.895210	7.077294
425	23	-0.630000	-0.330000	-7.195200	7.230263
425	29	-1.271000	-0.830000	-7.226100	7.383824
426	2	-0.610000	-1.250000	-6.920000	7.058399
426	8	-1.873000	-1.570000	-7.210000	7.612958
426	10	1.960000	0.010000	-6.862000	7.136438
426	14	-1.570000	1.050000	-7.046000	7.294759
426	16	0.200000	3.630000	-6.510800	7.457038
426	18	0.020000	1.410000	-7.426900	7.559586
426	20	0.230000	1.138000	-7.293000	7.384835
426	22	0.820000	2.584000	-6.842100	7.359605
426	24	-2.700000	0.340000	-6.844000	7.365184
426	28	2.698000	-0.490000	-6.861000	7.388682
426	3	0.260000	0.580000	-7.140000	7.168235
426	5	-0.430000	-2.020000	-6.943000	7.243656
426	7	2.190000	-1.950000	-7.314300	7.880202
426	9	2.436000	1.457000	-6.662800	7.242227
426	13	-1.660000	-2.375000	-6.785500	7.378295
426	17	-0.670000	-0.600000	-7.493200	7.546983
426	19	-1.610000	-2.280000	-7.281900	7.798498
426	21	0.790000	1.689000	-6.989200	7.233653
426	23	-1.630000	0.080000	-7.214200	7.396484
426	29	-2.240000	2.240000	-6.853500	7.550209
427	2	1.070000	-2.250000	-6.889300	7.325971
427	8	0.114000	-1.006000	-7.405000	7.473892
427	10	1.400000	-0.020000	-6.779000	6.922084
427	14	-1.260000	2.070000	-7.164000	7.562764
427	16	-0.140000	2.900000	-6.936930	7.520013
427	18	-0.320000	3.080000	-6.907000	7.569376
427	20	0.130000	-0.243000	-7.103000	7.108344
427	22	2.820000	2.504000	-6.499100	7.514035
427	24	-1.570000	0.020000	-7.033000	7.206136
427	28	2.463000	-2.290000	-6.935000	7.707444
427	3	1.630000	-0.470000	-7.427000	7.618276
427	5	0.510000	-1.580000	-7.065300	7.257752
427	7	-0.670000	-0.610000	-7.231800	7.288342
427	9	1.910000	0.640000	-7.220500	7.496220
427	13	-1.580000	-1.925000	-7.035900	7.463639
427	17	-0.740000	-1.340000	-7.385000	7.541978
427	19	-2.040000	-1.040000	-7.408090	7.753902
427	21	-1.050000	0.929000	-7.471300	7.601701
427	23	-1.950000	-0.170000	-7.331700	7.588493
427	29	-3.396000	0.580000	-6.710800	7.543477
428	2	-1.480000	-1.030000	-7.214900	7.436806
428	8	0.346000	-0.584000	-7.561000	7.591409
428	10	1.820000	1.040000	-6.808600	7.123976
428	14	-1.300000	1.020000	-7.410000	7.592002
428	16	0.560000	1.900000	-7.120380	7.390765
428	18	1.190000	0.900000	-7.293000	7.444055
428	20	0.870000	2.042000	-7.394000	7.719968
428	22	1.390000	1.248000	-7.359500	7.592881
428	24	-1.150000	1.940000	-6.940000	7.297239
428	28	1.522000	-0.440000	-7.124400	7.298435
428	3	-0.250000	1.010000	-7.336000	7.409419
428	5	1.390000	-1.050000	-7.125600	7.335447
428	7	1.910000	-0.100000	-7.052300	7.307054
428	9	1.118000	0.513000	-7.063610	7.169915
428	13	-1.840000	-0.970000	-7.407200	7.693706
428	17	0.550000	-2.310000	-6.652000	7.063123
428	19	0.300000	-1.000000	-7.585700	7.657209
428	21	0.780000	-0.325000	-7.247200	7.296296
428	23	-2.440000	1.020000	-6.901400	7.390759
428	29	-2.765000	1.780000	-6.498100	7.282783
429	2	-2.270000	-0.830000	-7.060800	7.463022
429	8	-0.162000	-1.379000	-7.346500	7.476560
429	10	2.660000	-0.120000	-6.694000	7.204140
429	14	-1.690000	0.130000	-7.254000	7.449397
429	16	-1.390000	0.500000	-7.483900	7.628293
429	18	0.620000	0.530000	-7.186000	7.232143
429	20	-1.320000	1.078000	-6.860300	7.068819
429	22	-0.580000	0.296000	-7.382400	7.411062
429	24	-0.960000	1.890000	-7.140000	7.448040
429	28	3.539000	1.620000	-6.273000	7.382374
429	3	-0.230000	2.710000	-6.909000	7.425044
429	5	0.230000	-2.070000	-7.031200	7.333183
429	7	0.930000	-1.430000	-7.490700	7.682473
429	9	1.958000	0.042000	-7.123500	7.387813
429	13	-2.660000	-1.262000	-6.777000	7.388909
429	17	-2.570000	-2.150000	-6.714000	7.503679
429	19	0.590000	-0.770000	-7.459450	7.522260
429	21	2.160000	0.099000	-6.841400	7.174967
429	23	-2.230000	-1.370000	-6.792700	7.279462
429	29	-0.440000	2.640000	-6.923000	7.422340
430	2	-1.390000	-0.530000	-7.707700	7.849945
430	8	-1.822000	-2.002000	-6.715000	7.240091
430	10	2.120000	0.920000	-7.320300	7.676431
430	14	-1.810000	-1.660000	-7.321000	7.721965
430	16	0.040000	0.920000	-7.241700	7.300015
430	18	1.810000	2.040000	-6.519600	7.067028
430	20	-2.370000	-1.493000	-6.957600	7.500276
430	22	0.360000	0.906000	-7.593300	7.655628
430	24	1.230000	3.110000	-6.612000	7.409693
430	28	2.028000	-0.610000	-7.134000	7.441696
430	3	0.270000	3.830000	-6.584000	7.621736
430	5	0.410000	-1.660000	-6.867000	7.076679
430	7	1.760000	-2.560000	-6.425330	7.136951
430	9	0.533000	-0.132000	-7.226800	7.247631
430	13	-0.140000	-0.315000	-7.445000	7.452976
430	17	0.060000	-1.880000	-7.152600	7.395788
430	19	1.280000	0.180000	-7.243310	7.357740
430	21	1.640000	-1.970000	-7.182900	7.626569
430	23	-2.250000	-1.160000	-7.160900	7.595169
430	29	-2.780000	2.900000	-6.366000	7.527573
431	2	-1.360000	-2.110000	-6.832500	7.279063
431	8	-1.350000	0.191000	-7.262400	7.389278
431	10	2.200000	2.130000	-7.117400	7.748179
431	14	-3.280000	1.320000	-6.699000	7.574787
431	16	-0.900000	1.140000	-7.136200	7.282510
431	18	0.430000	0.730000	-7.028000	7.078883
431	20	-2.660000	-0.312000	-6.854600	7.359245
431	22	1.910000	0.286000	-6.902000	7.167112
431	24	1.320000	2.720000	-6.495000	7.164204
431	28	1.797000	0.350000	-7.028000	7.262540
431	3	0.070000	1.220000	-7.001000	7.106849
431	5	-1.420000	-3.510000	-6.414000	7.448214
431	7	0.360000	-0.240000	-7.157000	7.170066
431	9	1.960000	0.295000	-7.308600	7.572599
431	13	-0.150000	0.452000	-7.417100	7.432374
431	17	-1.680000	-2.450000	-7.301300	7.882505
431	19	1.170000	-1.670000	-7.054600	7.343377
431	21	0.550000	-0.424000	-7.237100	7.270343
431	23	-2.780000	-1.670000	-6.627000	7.377969
431	29	-3.041000	3.570000	-5.587000	7.294323
432	2	-1.300000	-1.790000	-7.141700	7.476495
432	8	-1.001000	-1.734000	-7.209000	7.481874
432	10	3.050000	2.410000	-6.612000	7.670016
432	14	-2.110000	1.030000	-7.056000	7.436406
432	16	1.470000	2.260000	-7.193000	7.681650
432	18	1.050000	1.080000	-7.377300	7.529506
432	20	-2.750000	-1.331000	-6.747200	7.406671
432	22	0.980000	0.798000	-7.789000	7.890863
432	24	1.410000	1.600000	-6.853000	7.177166
432	28	2.719000	0.010000	-6.981800	7.492569
432	3	1.040000	2.820000	-6.876000	7.504224
432	5	-0.780000	-1.700000	-7.025000	7.269733
432	7	2.200000	-2.280000	-6.514400	7.244019
432	9	1.654000	-1.147000	-6.759310	7.052630
432	13	-3.150000	0.428000	-6.882000	7.580739
432	17	-0.120000	-0.010000	-7.855100	7.856023
432	19	0.880000	-1.560000	-7.188000	7.407789
432	21	0.190000	-1.185000	-7.309000	7.406876
432	23	-3.240000	-0.930000	-6.659000	7.463564
432	29	-4.049000	1.620000	-6.006460	7.422692
433	2	-0.040000	-2.290000	-7.117700	7.477122
433	8	-1.838000	-0.418000	-7.033000	7.281213
433	10	2.460000	2.310000	-6.261000	7.112512
433	14	-1.450000	2.520000	-6.699000	7.302705
433	16	2.070000	-0.030000	-7.236800	7.527089
433	18	-0.100000	0.680000	-7.161600	7.194506
433	20	-1.970000	-0.265000	-7.049200	7.324094
433	22	1.280000	2.013000	-6.844200	7.248010
433	24	1.430000	1.880000	-6.776000	7.175895
433	28	2.487000	-2.750000	-6.345000	7.348925
433	3	1.290000	0.300000	-7.303000	7.422123
433	5	-1.030000	-1.770000	-7.317000	7.598177
433	7	2.450000	-1.240000	-6.629100	7.175310
433	9	0.145000	0.621000	-7.560600	7.587446
433	13	-3.100000	0.930000	-6.477000	7.240610
433	17	-1.070000	-1.920000	-7.547700	7.861239
433	19	-1.840000	-1.900000	-7.189600	7.660675
433	21	1.390000	0.995000	-7.314700	7.511788
433	23	-2.470000	-0.690000	-7.316500	7.752946
433	29	-3.408000	1.860000	-6.149900	7.272918
434	2	-2.210000	-1.130000	-6.915300	7.347270
434	8	-0.038000	-0.254000	-7.557500	7.561863
434	10	3.150000	1.060000	-6.359000	7.175164
434	14	-0.230000	2.050000	-6.988000	7.286120
434	16	-0.060000	0.950000	-7.274400	7.336416
434	18	1.620000	0.650000	-6.984000	7.198830
434	20	-2.710000	-0.117000	-7.002600	7.509607
434	22	2.090000	-0.551000	-7.198300	7.515798
434	24	0.920000	0.830000	-7.469000	7.571081
434	28	1.442000	-1.990000	-7.141400	7.552421
434	3	0.940000	1.470000	-7.312500	7.517789
434	5	-0.080000	-3.480000	-6.722800	7.570524
434	7	1.380000	-2.500000	-7.265800	7.806808
434	9	1.971000	0.087000	-7.162900	7.429640
434	13	-3.490000	-2.003000	-5.931000	7.167208
434	17	-0.090000	-1.580000	-7.383300	7.551001
434	19	-1.090000	-1.410000	-7.159100	7.377595
434	21	0.950000	0.058000	-7.157200	7.220206
434	23	-1.980000	-1.150000	-7.356490	7.704599
434	29	-3.861000	1.820000	-6.000700	7.363975
435	2	0.230000	-1.930000	-6.763200	7.036951
435	8	-0.059000	1.006000	-7.277000	7.346444
435	10	1.010000	0.140000	-7.422200	7.491912
435	14	0.090000	-0.930000	-7.546000	7.603625
435	16	1.650000	1.430000	-7.128900	7.455777
435	18	1.040000	0.990000	-7.267800	7.408280
435	20	-2.090000	-1.097000	-6.680000	7.084766
435	22	1.510000	-0.170000	-7.258300	7.415654
435	24	-0.370000	1.250000	-7.268000	7.383984
435	28	0.875000	-1.300000	-7.351000	7.516171
435	3	2.350000	-0.500000	-7.399000	7.779312
435	5	-0.530000	-2.400000	-6.859900	7.286915
435	7	1.080000	-1.450000	-7.178000	7.402201
435	9	0.253000	-0.685000	-7.264000	7.300612
435	13	-1.770000	-0.288000	-7.343400	7.559191
435	17	0.320000	-1.830000	-7.012000	7.253926
435	19	0.080000	2.060000	-7.443700	7.723902
435	21	3.030000	0.373000	-6.910600	7.554894
435	23	-2.320000	-0.850000	-6.936800	7.363701
435	29	-2.171000	2.370000	-6.342600	7.110465
436	2	-0.160000	-0.160000	-7.119100	7.122695
436	8	0.207000	0.432000	-7.403800	7.419281
436	10	1.800000	-0.450000	-6.994000	7.235920
436	14	-0.290000	0.950000	-7.182000	7.250360
436	16	1.390000	1.550000	-7.367000	7.655540
436	18	-0.520000	-1.110000	-7.392800	7.493730
436	20	-1.320000	-0.862000	-7.401400	7.567441
436	22	1.560000	0.619000	-7.473500	7.659632
436	24	-0.330000	1.690000	-7.323000	7.522721
436	28	2.204000	-2.780000	-6.374000	7.294785
436	3	2.890000	1.250000	-6.714000	7.415686
436	5	-0.820000	-2.210000	-7.183000	7.559893
436	7	-0.040000	-1.560000	-7.155000	7.323198
436	9	0.397000	0.663000	-7.138700	7.180405
436	13	-2.140000	0.809000	-7.229900	7.583240
436	17	-0.640000	-1.750000	-7.075300	7.316555
436	19	1.970000	0.100000	-7.076900	7.346660
436	21	2.290000	-0.495000	-7.160800	7.534334
436	23	-1.230000	-0.400000	-7.442400	7.553954
436	29	-1.420000	1.110000	-6.818620	7.052806
437	2	-0.300000	-1.130000	-7.282100	7.375356
437	8	-0.563000	-1.011000	-7.535400	7.623736
437	10	1.380000	1.210000	-7.511000	7.731987
437	14	-0.810000	2.640000	-6.917000	7.447858
437	16	0.460000	1.500000	-7.279400	7.446561
437	18	0.260000	-0.330000	-7.618900	7.630474
437	20	-0.690000	-0.550000	-7.293200	7.346385
437	22	0.370000	0.492000	-7.340700	7.366467
437	24	0.070000	1.230000	-7.342000	7.444647
437	28	2.138000	-1.810000	-6.723000	7.283260
437	3	0.650000	1.830000	-7.463000	7.711535
437	5	1.960000	-2.690000	-6.962200	7.716860
437	7	0.650000	1.300000	-7.245000	7.389352
437	9	0.281000	0.422000	-7.248100	7.265810
437	13	-2.460000	1.377000	-6.877000	7.432419
437	17	0.330000	-2.090000	-7.294000	7.594698
437	19	0.320000	-0.870000	-7.313700	7.372212
437	21	1.590000	0.657000	-7.155600	7.359508
437	23	-1.810000	0.930000	-7.206200	7.488012
437	29	0.154000	2.240000	-7.200900	7.542829
438	2	-0.840000	-0.700000	-7.345300	7.426239
438	8	-0.531000	-1.308000	-7.285600	7.421105
438	10	2.190000	-0.810000	-7.421000	7.779681
438	14	-1.010000	0.580000	-7.325000	7.417016
438	16	0.270000	1.800000	-7.419400	7.639398
438	18	0.070000	0.390000	-7.545700	7.556096
438	20	0.040000	0.879000	-7.455910	7.507652
438	22	-0.180000	-0.991000	-7.339800	7.408586
438	24	-0.780000	1.440000	-7.351700	7.531898
438	28	1.636000	-3.670000	-5.996900	7.218601
438	3	1.010000	1.390000	-7.286000	7.485853
438	5	2.370000	-3.080000	-6.284500	7.389062
438	7	1.840000	0.960000	-7.346900	7.634405
438	9	0.989000	0.768000	-7.098800	7.208391
438	13	-1.580000	0.139000	-6.981000	7.158916
438	17	-0.470000	-1.710000	-7.226700	7.441115
438	19	-0.280000	0.220000	-7.520400	7.528826
438	21	0.900000	2.116000	-7.075000	7.439293
438	23	-1.390000	1.750000	-6.998900	7.347054
438	29	0.002000	2.530000	-6.859000	7.310731
439	2	-1.720000	-1.000000	-7.350400	7.614905
439	8	0.134000	1.167000	-6.936000	7.034767
439	10	2.030000	-0.480000	-7.090800	7.391261
439	14	-1.170000	0.120000	-7.372000	7.465232
439	16	0.760000	1.230000	-7.245900	7.388746
439	18	0.210000	-0.910000	-7.260900	7.320715
439	20	0.330000	0.442000	-7.951200	7.970310
439	22	0.150000	-1.437000	-7.485900	7.624052
439	24	0.500000	4.440000	-5.765000	7.293752
439	28	1.358000	-2.470000	-6.595700	7.172749
439	3	0.540000	1.940000	-7.356000	7.626660
439	5	2.750000	0.560000	-7.115000	7.648485
439	7	1.380000	-0.960000	-7.188200	7.382155
439	9	1.955000	0.958000	-7.225820	7.546672
439	13	-0.330000	1.559000	-7.006000	7.184944
439	17	-0.930000	0.640000	-7.238200	7.325711
439	19	0.980000	0.180000	-7.171600	7.240487
439	21	0.080000	1.195000	-7.498600	7.593644
439	23	-2.920000	0.230000	-6.920900	7.515195
439	29	-2.008000	3.840000	-6.295000	7.642296
440	2	-0.130000	-2.040000	-7.035000	7.325962
440	8	0.976100	3.536000	-6.447000	7.417538
440	10	1.150000	-1.290000	-6.994700	7.205028
440	14	-1.140000	1.130000	-7.328000	7.501739
440	16	1.970000	-0.070000	-7.323000	7.583675
440	18	-0.760000	0.360000	-7.333000	7.381063
440	20	-0.160000	-0.398000	-7.680600	7.692569
440	22	-0.980000	-2.386000	-7.125100	7.577628
440	24	-0.200000	1.460000	-6.850000	7.006718
440	3	2.090000	1.370000	-7.089000	7.516576
440	5	0.480000	-2.880000	-6.910700	7.502171
440	7	0.640000	0.640000	-7.503000	7.557394
440	9	1.846700	0.008000	-6.869800	7.113685
440	13	-1.090000	0.022000	-7.450000	7.529348
440	17	0.470000	-1.410000	-7.546300	7.691271
440	19	-0.330000	0.990000	-7.541650	7.613507
440	21	-1.200000	0.369000	-7.143100	7.252588
440	23	-2.050000	0.960000	-6.928600	7.289005
441	2	-1.110000	-0.310000	-7.448000	7.536637
441	8	-1.458630	1.824000	-7.104000	7.478061
441	10	-0.220000	-2.460000	-6.682900	7.124686
441	14	-0.090000	-0.290000	-7.346000	7.352273
441	16	0.920000	-0.490000	-7.705500	7.775682
441	18	-0.500000	0.040000	-7.370800	7.387848
441	20	-0.930000	0.109000	-7.392100	7.451169
441	24	-0.540000	2.410000	-6.832000	7.264704
441	3	1.310000	1.850000	-6.835000	7.201099
441	5	-0.410000	-3.160000	-6.688900	7.409122
441	7	2.010000	-0.940000	-7.172000	7.507415
441	9	2.384000	-1.592000	-6.915500	7.486125
441	17	-0.990000	-1.790000	-6.983300	7.276722
441	19	-0.490000	-0.900000	-7.434260	7.504553
441	21	-1.220000	-0.183000	-7.267600	7.371560
441	23	-1.330000	2.490000	-7.143600	7.681147
442	2	-1.430000	-0.010000	-7.361000	7.498621
442	8	-0.941800	1.886000	-7.268100	7.567646
442	10	0.020000	-1.600000	-7.139000	7.316127
442	14	-0.090000	1.210000	-7.318000	7.417906
442	16	1.110000	2.750000	-6.989000	7.592149
442	18	0.220000	-0.280000	-7.509000	7.517438
442	20	0.620000	-1.375000	-7.390700	7.543041
442	24	-1.330000	2.850000	-6.721000	7.420461
442	3	2.280000	-0.250000	-6.890000	7.261749
442	5	0.020000	-2.070000	-7.010700	7.309939
442	7	2.070000	-0.080000	-7.181000	7.473825
442	9	2.736000	-2.197800	-6.269500	7.184890
442	17	-0.290000	-0.670000	-7.509500	7.544905
442	19	-0.440000	-0.470000	-7.313800	7.342082
442	21	0.450000	1.277000	-7.089100	7.217241
442	23	-1.990000	2.780000	-6.715100	7.535321
443	2	-1.670000	1.470000	-6.971900	7.318278
443	8	-1.147100	1.628000	-7.192000	7.462646
443	10	0.570000	-1.490000	-6.936000	7.117099
443	14	-0.030000	1.420000	-7.468000	7.601863
443	16	-1.510000	0.790000	-6.831000	7.040367
443	18	-0.350000	-1.400000	-7.029500	7.176097
443	20	0.030000	-0.162000	-7.178700	7.180590
443	24	-1.090000	1.430000	-7.489000	7.701826
443	3	1.220000	0.850000	-7.342000	7.491052
443	5	-0.530000	-3.890000	-6.033300	7.198174
443	7	1.520000	0.140000	-7.233000	7.392313
443	9	2.483000	-1.340000	-6.542700	7.125153
443	17	-0.050000	-1.280000	-7.245036	7.357408
443	19	-0.400000	0.180000	-7.598900	7.611549
443	21	0.290000	-0.040000	-7.229000	7.234925
443	23	-2.310000	2.430000	-6.436400	7.257289
444	2	0.230000	0.740000	-7.325900	7.366771
444	8	-1.018000	2.452200	-7.122000	7.600822
444	10	1.690000	-1.900000	-6.817000	7.275822
444	14	-1.080000	0.590000	-7.159000	7.264006
444	16	-1.170000	0.660000	-7.436000	7.556361
444	20	-0.380000	0.040000	-7.528100	7.537791
444	22	-0.230000	-2.370000	-6.781000	7.186916
444	24	1.970000	0.120000	-7.021000	7.293130
444	3	2.170000	0.760000	-7.248000	7.603947
444	5	-0.670000	-3.140000	-6.580400	7.321896
444	7	0.440000	-2.220000	-7.151000	7.500587
444	9	-0.655000	-0.506500	-7.556600	7.601827
444	13	0.290000	-0.590000	-7.168150	7.198234
444	17	0.090000	0.190000	-7.769200	7.772044
444	21	0.070000	-1.369000	-7.365900	7.492366
444	23	-2.560000	1.420000	-7.074800	7.656552
445	2	-2.030000	1.810000	-6.672100	7.205131
445	8	-1.862000	1.326200	-7.154000	7.510364
445	10	3.010000	-1.290000	-6.799000	7.546562
445	14	-0.410000	0.420000	-7.156000	7.180030
445	16	-1.520000	0.150000	-7.561000	7.713729
445	20	0.080000	1.252000	-7.530400	7.634188
445	22	1.290000	-1.412000	-7.101000	7.354050
445	24	-0.580000	-0.350000	-7.151000	7.183015
445	3	-1.050000	-0.650000	-7.617000	7.716456
445	5	-0.310000	-2.920000	-6.305600	6.955796
445	7	1.540000	-0.580000	-7.145000	7.332055
445	9	-1.085000	-1.888100	-7.202100	7.524121
445	13	-0.300000	0.702000	-7.298600	7.338417
445	17	-1.010000	-0.470000	-7.138700	7.225098
445	21	1.390000	-0.354000	-7.282000	7.421923
445	23	-2.570000	1.470000	-6.793800	7.410905
446	2	-0.110000	1.680000	-7.585200	7.769798
446	8	-0.241000	2.005000	-7.151000	7.430673
446	10	3.290000	-1.610000	-6.737000	7.668335
446	14	-1.010000	0.270000	-7.151000	7.227019
446	16	-0.020000	0.080000	-7.635000	7.635445
446	20	-0.760000	0.971000	-7.314500	7.417705
446	22	-0.120000	-2.744000	-6.839000	7.369929
446	24	0.690000	0.250000	-7.067000	7.105005
446	3	0.860000	-0.620000	-7.554000	7.628035
446	5	-0.310000	-0.680000	-7.453000	7.490374
446	7	1.260000	-1.160000	-7.095000	7.298782
446	9	-0.206000	-1.499500	-7.253000	7.409247
446	13	-0.160000	1.601000	-7.076500	7.257111
446	17	1.020000	-0.700000	-7.645700	7.745136
446	21	1.490000	-0.805000	-7.300000	7.493872
446	23	-1.770000	2.850000	-6.636700	7.436477
447	2	0.380000	1.050000	-7.287000	7.372060
447	8	0.882000	0.992000	-7.219000	7.340024
447	10	2.160000	-2.270000	-7.114000	7.773512
447	14	-1.060000	0.830000	-7.099000	7.225531
447	16	-1.740000	-1.180000	-7.116600	7.420647
447	18	-0.540000	1.980000	-7.520650	7.795651
447	20	-1.300000	1.109000	-7.135030	7.336793
447	22	1.520000	-3.482000	-6.500000	7.528926
447	24	-1.440000	-1.040000	-7.090000	7.309124
447	3	-0.060000	-0.440000	-7.425000	7.438268
447	5	-0.450000	-2.180000	-7.116000	7.456028
447	7	1.560000	-1.970000	-7.036000	7.471265
447	9	-0.318000	-1.974800	-7.564000	7.824005
447	13	0.450000	1.605000	-6.615700	6.822464
447	15	0.220000	-1.120000	-7.053000	7.144761
447	17	-0.430000	-0.640000	-7.145800	7.187277
447	21	0.870000	-0.254000	-7.185100	7.242035
447	23	-2.040000	2.010000	-7.207500	7.755627
448	2	0.600000	0.840000	-7.256000	7.329061
448	8	-0.211000	-0.339000	-7.602000	7.612480
448	10	2.030000	-4.410000	-5.644000	7.444712
448	14	-1.620000	1.940000	-6.729000	7.188007
448	16	-1.070000	-0.570000	-7.522900	7.619962
448	20	-1.720000	-0.884000	-7.156000	7.412705
448	22	1.040000	-1.488000	-7.413550	7.632592
448	24	-2.550000	0.420000	-7.230000	7.678008
448	3	-0.650000	-0.230000	-7.385000	7.417117
448	5	-1.490000	-0.110000	-7.241000	7.393530
448	7	1.120000	0.190000	-7.242200	7.330754
448	9	-1.272300	-2.822400	-7.020000	7.672359
448	13	-0.710000	3.145000	-6.659000	7.398473
448	17	-1.180000	0.510000	-7.521200	7.630265
448	21	-0.030000	-2.413000	-7.039900	7.442020
448	23	-1.080000	2.180000	-6.853000	7.272029
449	2	0.310000	-0.580000	-7.312000	7.341515
449	8	-0.167000	1.680300	-7.434000	7.623362
449	10	1.760000	-3.100000	-6.231000	7.178646
449	14	-1.930000	0.830000	-6.896000	7.208926
449	16	0.610000	-0.730000	-7.297000	7.358751
449	20	0.820000	-0.870000	-7.149300	7.248572
449	22	1.950000	-2.235000	-7.213500	7.799507
449	24	0.860000	1.040000	-7.325000	7.448277
449	3	-0.470000	-0.490000	-7.547000	7.577480
449	5	1.600000	1.660000	-6.774000	7.155605
449	7	-0.500000	-1.050000	-7.708000	7.795240
449	9	-0.889900	-1.836400	-7.477300	7.750761
449	13	-0.210000	2.628000	-7.261000	7.724805
449	17	-0.170000	-1.390000	-7.301400	7.434477
449	21	0.470000	0.306000	-7.125500	7.147537
449	23	-0.890000	2.180000	-7.206400	7.581339
450	2	1.880000	2.450000	-6.605200	7.291472
450	8	0.672000	0.522000	-7.647000	7.694198
450	10	-0.480000	-2.500000	-7.092000	7.535042
450	14	-0.700000	0.530000	-7.664000	7.714130
450	16	1.380000	-0.170000	-7.126000	7.260384
450	18	-1.660000	-2.490000	-6.891400	7.513128
450	20	-1.620000	0.445000	-7.107200	7.303062
450	22	0.410000	-1.602000	-7.573900	7.752320
450	24	0.450000	0.250000	-7.382000	7.399927
450	3	-0.870000	0.040000	-7.567000	7.616954
450	5	-1.690000	-0.880000	-7.024900	7.278717
450	7	3.790000	-0.730000	-7.084600	8.067748
450	9	0.175000	-0.118100	-7.638000	7.640917
450	13	-1.780000	3.315000	-6.490000	7.501848
450	17	-0.860000	0.100000	-7.646600	7.695459
450	19	1.240000	0.850000	-6.988800	7.148666
450	21	0.190000	0.021000	-7.385200	7.387674
450	23	-0.920000	3.480000	-6.419100	7.359460
451	2	0.010000	1.020000	-7.146800	7.219228
451	8	1.026000	0.107000	-6.978000	7.053836
451	10	0.940000	-1.200000	-7.367000	7.523051
451	14	-1.590000	-0.060000	-7.402000	7.571083
451	16	2.000000	-1.910000	-7.006000	7.532074
451	18	-2.140000	-1.050000	-7.251600	7.633335
451	20	0.250000	1.345000	-7.333800	7.460305
451	22	0.560000	-1.730000	-7.198100	7.424227
451	24	3.210000	2.040000	-6.347000	7.399332
451	3	0.120000	-0.990000	-7.229000	7.297461
451	5	-1.800000	0.070000	-7.147000	7.370516
451	7	0.560000	-0.800000	-7.067500	7.134645
451	9	-3.326700	0.193500	-6.616200	7.408001
451	13	-0.690000	2.521000	-6.890100	7.369194
451	17	-0.190000	-1.740000	-7.191200	7.401152
451	19	1.990000	3.150000	-6.212200	7.243896
451	21	-0.270000	0.242000	-7.327600	7.336565
451	23	-1.510000	2.340000	-6.586100	7.150693
452	2	1.020000	-0.130000	-7.768000	7.835759
452	8	0.887000	-0.150700	-7.315000	7.370122
452	10	0.970000	-4.180000	-6.094000	7.453196
452	14	-0.320000	-1.470000	-7.245000	7.399549
452	16	1.860000	-2.100000	-6.831000	7.384589
452	18	-2.690000	-1.620000	-6.735110	7.431165
452	20	2.260000	-0.858000	-6.770200	7.188837
452	22	1.110000	-1.600000	-7.319000	7.573629
452	3	0.920000	-1.360000	-7.281000	7.463844
452	7	0.840000	0.270000	-7.308000	7.361071
452	9	-1.345500	-0.008200	-7.386000	7.507558
452	13	1.000000	1.540000	-7.303300	7.530590
452	17	-1.560000	-0.650000	-7.370414	7.561686
452	19	2.700000	1.740000	-6.882000	7.594704
452	21	-0.630000	-0.179000	-7.483800	7.512403
452	23	-2.330000	2.250000	-6.549780	7.306916
453	2	0.990000	0.480000	-7.396000	7.477387
453	8	-0.205600	-0.268100	-7.239000	7.246880
453	10	2.350000	-2.760000	-6.314000	7.280570
453	14	-0.390000	-1.100000	-7.556000	7.645602
453	16	2.380000	-0.890000	-6.925200	7.376645
453	20	0.060000	1.665000	-6.847100	7.046886
453	3	0.490000	-0.910000	-7.081000	7.156030
453	7	0.990000	1.550000	-7.437000	7.661042
453	9	0.411414	-0.591600	-7.315000	7.350407
453	17	-0.430000	0.210000	-7.327900	7.343509
453	21	-2.890000	-1.509000	-6.842000	7.579060
453	23	-0.910000	3.500000	-6.488100	7.427889
454	2	-0.290000	-0.760000	-7.349600	7.394479
454	8	0.899300	-1.519300	-7.036000	7.254124
454	10	1.870000	-3.330000	-6.467000	7.510519
454	14	-0.270000	-2.140000	-6.975000	7.300899
454	16	2.140000	-1.770000	-6.711000	7.262921
454	20	0.830000	1.367000	-7.332400	7.504777
454	22	0.920000	-2.927000	-6.857300	7.512409
454	3	-0.430000	-2.090000	-6.956000	7.275915
454	7	-0.470000	-0.610000	-7.663100	7.701695
454	9	-0.029500	-0.870900	-7.328000	7.379629
454	13	-0.580000	0.641000	-7.574700	7.623868
454	17	-0.680000	0.750000	-7.568725	7.636131
454	21	-2.710000	-0.713000	-7.216800	7.741749
454	23	-1.100000	2.300000	-7.246900	7.682289
455	2	1.360000	0.820000	-7.349000	7.518630
455	8	1.024600	0.869340	-7.007000	7.134676
455	10	2.250000	-2.410000	-6.818000	7.573356
455	14	-0.820000	0.090000	-7.617000	7.661540
455	16	1.730000	-0.590000	-7.187600	7.416373
455	20	0.360000	2.488000	-7.059300	7.493561
455	22	0.340000	-2.692000	-6.742100	7.267625
455	3	1.440000	0.710000	-7.008000	7.189559
455	7	-0.550000	-0.830000	-7.483900	7.549845
455	9	-0.324340	0.781600	-7.478000	7.525728
455	13	-0.520000	0.343000	-7.761000	7.785960
455	17	-2.040000	1.180000	-7.011300	7.396778
455	21	-2.820000	-1.106000	-6.836000	7.477067
455	23	-1.160000	2.750000	-6.624200	7.265544
456	2	-0.350000	1.580000	-7.205100	7.384603
456	8	-0.957270	0.906900	-7.320000	7.437825
456	10	0.090000	-1.440000	-7.075800	7.221402
456	14	-0.080000	0.830000	-7.356000	7.403110
456	16	0.680000	0.040000	-7.482800	7.513740
456	18	-2.610000	0.940000	-6.699260	7.250916
456	20	0.900000	2.441000	-7.289900	7.740228
456	22	1.590000	-1.012000	-7.525900	7.758313
456	3	-0.620000	1.700000	-6.988000	7.218486
456	7	-0.120000	-1.480000	-7.503350	7.648860
456	9	-0.616400	0.768800	-7.426000	7.491093
456	13	0.430000	1.530000	-7.111000	7.286434
456	15	0.480000	-0.300000	-7.296000	7.317924
456	17	-1.690000	0.640000	-7.198000	7.421382
456	21	-1.350000	-0.656000	-6.835000	6.997861
456	23	-0.940000	3.440000	-6.025500	7.001703
457	2	-0.890000	-1.530000	-6.929900	7.152378
457	8	-0.426700	1.113000	-7.150000	7.248679
457	10	0.140000	-1.750000	-7.158600	7.370730
457	14	0.460000	2.010000	-7.320000	7.604873
457	16	0.130000	-0.480000	-7.187700	7.204882
457	18	-2.160000	0.520000	-7.169000	7.505369
457	20	0.060000	0.742000	-7.147700	7.186361
457	22	-0.050000	-2.378000	-6.811700	7.215029
457	3	0.990000	0.270000	-6.922000	6.997648
457	7	-1.310000	-1.810000	-7.085550	7.429483
457	9	-0.584840	-1.701900	-7.169100	7.391515
457	13	0.590000	-0.520000	-7.320000	7.362126
457	15	2.120000	-0.060000	-7.261000	7.564398
457	17	-1.880000	-0.110000	-7.243000	7.483819
457	21	-0.600000	-2.473000	-6.832000	7.290539
457	23	0.600000	2.130000	-6.853700	7.202090
458	2	0.710000	-1.080000	-7.154200	7.270012
458	8	0.077560	1.720900	-7.265000	7.466441
458	10	0.430000	-1.680000	-7.153000	7.360211
458	14	1.770000	1.410000	-6.986700	7.344044
458	16	-0.540000	0.030000	-7.387700	7.407470
458	18	-2.520000	0.070000	-7.088000	7.522968
458	20	0.460000	1.684000	-7.100200	7.311655
458	22	1.180000	0.261000	-7.417200	7.515010
458	3	0.200000	1.150000	-7.075000	7.170643
458	7	2.310000	-2.320000	-6.437700	7.222360
458	9	0.422899	-0.087400	-7.409000	7.421574
458	13	1.230000	-0.355000	-7.048000	7.163325
458	15	2.350000	0.170000	-7.009000	7.394422
458	17	-1.130000	-1.330000	-7.055000	7.267656
458	21	-0.400000	-1.916000	-6.902300	7.174455
458	23	1.360000	0.590000	-7.109600	7.262514
459	2	-1.480000	0.610000	-7.233400	7.408412
459	8	1.801800	1.277200	-6.928000	7.271513
459	10	-1.000000	-0.440000	-7.316200	7.397323
459	14	-0.530000	1.840000	-7.442000	7.684391
459	16	1.820000	0.000000	-7.132000	7.360559
459	18	-1.210000	-0.260000	-7.206900	7.312394
459	20	-0.220000	1.337000	-7.297300	7.422032
459	22	1.340000	-1.663000	-7.164700	7.476235
459	3	-0.290000	1.890000	-6.917500	7.176908
459	7	-0.670000	-0.980000	-7.438000	7.532141
459	9	-0.451000	-0.810300	-7.431000	7.488641
459	13	0.840000	-0.039000	-7.033000	7.083093
459	15	2.490000	0.080000	-6.963000	7.395260
459	17	-0.830000	-0.970000	-7.106400	7.220161
459	21	-1.480000	-1.746000	-7.182000	7.537907
459	23	-1.430000	1.350000	-7.033000	7.302773
460	2	0.120000	-0.420000	-7.476900	7.489648
460	8	-0.584800	0.194600	-7.195000	7.221349
460	10	-1.210000	0.130000	-7.009000	7.113865
460	14	-0.210000	0.600000	-7.680000	7.706264
460	16	1.850000	-0.360000	-7.307000	7.546148
460	18	-1.390000	1.930000	-6.815500	7.218590
460	20	-0.720000	2.392000	-6.942000	7.377766
460	22	0.020000	0.171000	-7.063900	7.065998
460	3	0.810000	3.980000	-6.055000	7.291058
460	7	-0.830000	-0.890000	-7.293070	7.393908
460	9	-0.450040	-1.600900	-7.126000	7.317465
460	13	-1.970000	0.454000	-7.411700	7.682468
460	15	1.800000	-0.540000	-7.303600	7.541497
460	17	-0.620000	-2.120000	-7.079800	7.416358
460	21	-0.850000	-2.180000	-6.741000	7.135543
460	23	-0.650000	-0.640000	-7.595820	7.650397
461	2	-0.390000	-2.000000	-6.996200	7.286900
461	8	2.294800	0.565000	-7.268000	7.642588
461	10	-0.390000	-0.970000	-7.378200	7.451901
461	14	-0.030000	-0.010000	-7.546000	7.546066
461	16	0.680000	-1.050000	-7.057700	7.167707
461	18	-1.530000	1.990000	-7.100100	7.530765
461	20	0.110000	2.476000	-6.928300	7.358262
461	22	0.180000	0.868000	-7.756720	7.807210
461	3	0.630000	-0.040000	-7.612800	7.638928
461	7	-2.080000	-1.890000	-6.667000	7.235150
461	9	0.921000	-0.474000	-7.239000	7.312731
461	13	-0.240000	-0.071000	-7.467000	7.471193
461	15	1.000000	-1.612000	-6.984000	7.237044
461	17	0.160000	0.000000	-7.330000	7.331746
461	21	0.170000	-1.866000	-7.217900	7.457140
461	23	0.740000	-0.870000	-7.457200	7.544159
462	2	0.110000	-0.800000	-7.585200	7.628064
462	8	1.222100	-0.748000	-7.098000	7.241176
462	10	-0.750000	0.380000	-7.330000	7.378062
462	14	-0.720000	0.480000	-7.253000	7.304438
462	16	0.740000	-0.250000	-7.280050	7.321832
462	18	-1.800000	0.210000	-7.188400	7.413312
462	20	-0.780000	2.501000	-7.013900	7.487202
462	22	1.510000	0.505000	-7.207790	7.381556
462	3	2.770000	1.160000	-6.505000	7.164742
462	7	-2.350000	0.160000	-7.249200	7.622270
462	9	-1.620000	-0.582000	-7.131000	7.335822
462	13	-1.420000	0.204000	-7.371000	7.509305
462	15	1.500000	-1.680000	-7.067000	7.417202
462	17	-0.170000	1.140000	-7.414000	7.503059
462	21	-0.770000	-0.724000	-7.239159	7.315907
462	23	-0.750000	-0.290000	-7.382100	7.425766
463	2	-2.600000	-1.030000	-6.700300	7.260504
463	8	1.297000	-0.508000	-7.682000	7.807266
463	10	-0.190000	0.330000	-7.224100	7.234129
463	14	0.780000	-0.860000	-7.593000	7.681253
463	16	-0.270000	-2.190000	-7.189200	7.520213
463	18	-2.280000	0.490000	-7.171000	7.540672
463	20	-0.760000	1.442000	-7.147000	7.330523
463	22	2.080000	-0.457000	-7.141200	7.451979
463	3	-0.250000	1.090000	-7.034000	7.122342
463	7	-1.440000	0.220000	-7.521200	7.660969
463	9	-1.229000	1.982000	-6.928000	7.309990
463	13	-1.250000	-0.539000	-7.354300	7.479221
463	15	0.320000	-2.360000	-6.928200	7.326115
463	17	-1.060000	0.200000	-7.158000	7.238823
463	21	0.540000	-2.066000	-7.315800	7.621082
463	23	-0.600000	-0.360000	-7.407000	7.439976
464	2	-0.770000	1.660000	-6.989400	7.224971
464	8	1.474000	-1.556000	-7.051000	7.369560
464	10	0.080000	0.510000	-7.259200	7.277533
464	14	0.670000	-1.200000	-7.363000	7.490171
464	16	0.380000	0.820000	-7.387000	7.442081
464	18	-1.010000	1.310000	-7.479100	7.659839
464	20	0.350000	0.712000	-7.266500	7.309683
464	22	1.200000	0.499000	-7.264700	7.380032
464	24	1.300000	2.250000	-6.835000	7.312300
464	3	1.380000	1.810000	-6.754000	7.127203
464	5	-0.860000	-2.580000	-6.800000	7.323660
464	7	-0.560000	-0.020000	-7.535590	7.556396
464	9	0.693000	1.024000	-7.313000	7.416791
464	13	-1.520000	1.222000	-7.346000	7.600487
464	15	2.570000	-0.720000	-6.641000	7.157247
464	17	-1.500000	0.390000	-7.055000	7.223235
464	21	1.700000	-0.778000	-7.239200	7.476717
464	23	0.800000	-0.540000	-7.291200	7.354808
465	2	-0.430000	0.160000	-7.624700	7.638491
465	8	2.187000	0.188000	-7.653000	7.961578
465	10	1.000000	-0.040000	-7.234200	7.303099
465	14	0.600000	-0.260000	-7.613000	7.641032
465	16	0.430000	-0.200000	-7.502700	7.517673
465	18	-1.800000	1.410000	-7.169300	7.525089
465	20	-0.830000	1.226000	-7.193300	7.344082
465	22	2.060000	0.442000	-6.782300	7.102011
465	24	1.250000	1.720000	-6.935000	7.253628
465	3	1.630000	0.270000	-7.506000	7.685690
465	5	-2.120000	-3.100000	-6.352000	7.379180
465	7	-2.410000	0.130000	-7.430500	7.812639
465	9	0.459000	1.004000	-7.590000	7.669863
465	13	-0.590000	0.539000	-7.489200	7.531715
465	15	2.490000	-1.220000	-7.155300	7.673775
465	17	-0.180000	-0.040000	-7.589300	7.591540
465	21	-0.030000	-0.700000	-7.494000	7.526682
465	23	2.170000	1.260000	-6.815000	7.262281
466	2	-1.220000	-0.440000	-7.427000	7.539385
466	8	0.820000	0.019000	-7.210000	7.256505
466	10	0.220000	-0.690000	-7.186000	7.222402
466	14	0.290000	-0.730000	-7.534000	7.574837
466	16	-0.350000	-0.520000	-7.395300	7.421817
466	18	-2.570000	1.410000	-6.913700	7.509477
466	20	-0.070000	0.998000	-7.383900	7.451368
466	22	1.210000	-0.445000	-7.106700	7.222694
466	24	2.210000	3.860000	-6.239000	7.662168
466	3	1.630000	-0.430000	-7.259000	7.452173
466	5	-1.020000	-1.540000	-6.948000	7.189347
466	7	1.030000	-0.980000	-7.354990	7.491140
466	9	-0.767000	0.271000	-7.875000	7.916903
466	13	-1.540000	0.672000	-6.975200	7.174719
466	15	0.940000	-0.670000	-7.530800	7.618756
466	17	-0.410000	1.090000	-7.319000	7.411070
466	21	-0.360000	-0.909000	-7.536800	7.599950
466	23	0.350000	1.300000	-7.739400	7.855623
467	2	-2.720000	1.020000	-6.716400	7.317707
467	8	1.177000	1.526000	-7.588000	7.828905
467	10	0.480000	-0.160000	-7.534200	7.551170
467	14	0.360000	-2.720000	-6.953000	7.474772
467	16	-0.970000	0.490000	-7.399700	7.479075
467	18	-0.510000	-0.260000	-7.882700	7.903459
467	20	0.740000	0.421000	-7.556900	7.604708
467	22	1.120000	-1.034000	-7.295590	7.453133
467	24	1.040000	1.500000	-7.416000	7.637320
467	3	-0.250000	-0.660000	-7.570900	7.603725
467	5	-1.290000	-1.860000	-6.896000	7.257997
467	7	0.900000	-1.910000	-7.311020	7.609804
467	9	-0.215000	-0.279000	-7.298000	7.306495
467	13	-0.210000	0.463000	-7.279000	7.296733
467	15	1.500000	-0.330000	-7.128000	7.291590
467	17	-0.460000	-0.100000	-7.251200	7.266464
467	21	0.350000	-2.265000	-7.089400	7.450659
467	23	0.900000	1.890000	-7.035000	7.339845
468	2	-1.500000	0.590000	-7.418200	7.591297
468	8	1.465900	1.342040	-7.806000	8.055034
468	10	-1.720000	-1.220000	-7.044000	7.352873
468	14	0.250000	-0.270000	-7.277000	7.286297
468	16	-1.020000	-0.880000	-7.569300	7.688244
468	18	-0.200000	-0.120000	-7.329500	7.333210
468	20	1.580000	0.722000	-7.317200	7.520578
468	22	0.410000	-2.149000	-6.877200	7.216799
468	24	1.130000	1.150000	-7.159000	7.338302
468	3	0.550000	-0.280000	-7.356900	7.382742
468	5	-2.390000	-3.150000	-6.090000	7.261040
468	7	0.590000	1.080000	-7.314200	7.417009
468	9	0.003000	-1.081000	-7.494000	7.571566
468	13	-0.900000	0.260000	-7.225600	7.286075
468	15	1.850000	-1.690000	-6.828500	7.273721
468	17	1.030000	0.160000	-7.488000	7.560201
468	21	-1.990000	-0.750000	-7.561100	7.854479
468	23	0.220000	1.090000	-7.709300	7.789083
469	2	-1.010000	-1.040000	-7.170600	7.315682
469	8	1.160607	0.036000	-7.587000	7.675342
469	10	-0.700000	-0.640000	-7.530900	7.590392
469	14	1.120000	-1.110000	-7.079000	7.252499
469	16	-1.180000	-1.520000	-7.209790	7.462163
469	18	-0.590000	0.970000	-7.325380	7.412840
469	20	0.470000	1.292000	-7.370740	7.497865
469	22	0.130000	0.403000	-7.387400	7.399526
469	24	2.090000	3.740000	-6.311000	7.627871
469	3	1.620000	-1.470000	-7.250700	7.573503
469	5	-1.720000	-2.860000	-7.012000	7.765703
469	7	-0.780000	0.270000	-7.428700	7.474415
469	9	-0.715000	-1.265000	-7.329000	7.471659
469	13	-1.630000	1.824000	-6.748500	7.178170
469	15	1.130000	0.490000	-6.839000	6.949023
469	17	0.350000	-0.620000	-7.557000	7.590464
469	21	-0.930000	-2.202000	-7.011000	7.407282
469	23	1.370000	1.490000	-6.978900	7.266502
470	2	-1.180000	2.000000	-7.080200	7.451284
470	8	-1.360000	0.654000	-7.084000	7.242953
470	10	-2.360000	-1.870000	-6.979700	7.601494
470	14	0.380000	-1.450000	-7.440000	7.589499
470	16	-1.960000	-1.360000	-6.852800	7.256174
470	18	-0.720000	-0.680000	-6.953300	7.023474
470	20	0.390000	1.520000	-7.332000	7.498048
470	22	1.060000	-1.895000	-7.253000	7.571039
470	24	2.640000	2.640000	-6.562000	7.549771
470	3	1.580000	-0.680000	-7.140900	7.345152
470	5	-2.020000	-2.740000	-6.549000	7.380881
470	7	-0.130000	0.190000	-7.654000	7.657461
470	9	-1.596900	-0.092000	-6.964000	7.145338
470	13	-1.310000	-0.278000	-7.455400	7.574719
470	15	0.990000	0.540000	-7.224400	7.311885
470	17	0.840000	-0.590000	-7.112000	7.185697
470	21	0.490000	-2.183000	-7.210000	7.549152
470	23	2.020000	1.180000	-7.125100	7.499323
471	2	-0.910000	1.360000	-7.409900	7.588433
471	8	-0.616000	0.517000	-7.169000	7.213966
471	10	-2.790000	-1.390000	-6.576900	7.278174
471	14	0.210000	-1.310000	-7.578000	7.693262
471	16	-1.280000	-1.050000	-7.436100	7.618168
471	18	-1.160000	-0.700000	-7.260000	7.385337
471	20	-0.970000	0.533000	-7.259400	7.343288
471	22	1.520000	0.381000	-7.253300	7.420642
471	24	0.890000	2.070000	-7.081000	7.430852
471	3	2.420000	-1.500000	-6.717200	7.295696
471	5	-1.220000	-2.480000	-6.898000	7.431097
471	7	-2.130000	1.010000	-7.133471	7.512883
471	9	0.818400	0.149000	-7.412000	7.458534
471	13	-1.490000	-0.547000	-6.951800	7.130696
471	15	-0.350000	-0.460000	-6.948800	6.972799
471	17	-0.140000	-1.320000	-7.319000	7.438398
471	21	0.200000	-0.576000	-7.591800	7.616246
471	23	-0.430000	2.730000	-6.955400	7.484343
472	2	0.460000	1.690000	-7.343200	7.549191
472	8	-0.777000	1.161000	-7.132000	7.267536
472	10	-0.500000	-3.930000	-6.450000	7.569505
472	14	0.250000	-0.490000	-7.650000	7.669752
472	16	0.100000	-0.540000	-7.122400	7.143541
472	18	-0.890000	-0.170000	-7.520900	7.575285
472	20	-0.460000	1.773000	-7.301800	7.528042
472	22	0.680000	0.153000	-7.753600	7.784865
472	24	1.890000	3.220000	-6.628000	7.607292
472	3	1.370000	-0.230000	-7.347000	7.477179
472	5	-1.080000	-1.760000	-6.976000	7.275203
472	7	-2.090000	-0.410000	-7.197000	7.505532
472	9	0.353000	2.258000	-7.287000	7.636985
472	13	-3.180000	-0.304000	-6.830300	7.540412
472	15	-0.750000	0.940000	-7.623300	7.717565
472	17	0.040000	-0.940000	-7.398000	7.457587
472	21	-1.420000	-1.680000	-7.329400	7.652379
472	23	1.430000	3.400000	-6.689000	7.638561
473	2	-0.570000	-0.140000	-7.476600	7.499603
473	8	-0.376700	1.333000	-7.157000	7.289818
473	10	-1.370000	-3.420000	-6.205000	7.216324
473	14	0.120000	-0.950000	-7.368000	7.429961
473	18	-1.280000	-1.100000	-7.145710	7.342314
473	20	0.790000	1.851000	-7.348200	7.618815
473	22	1.060000	-0.376000	-7.325800	7.411634
473	24	2.660000	1.580000	-6.491000	7.190625
473	3	0.780000	0.260000	-7.487200	7.532208
473	5	-0.950000	-0.770000	-7.358000	7.458925
473	7	-0.220000	0.080000	-7.532600	7.536237
473	9	-1.125100	1.326000	-7.077000	7.287527
473	13	-1.440000	-1.400000	-7.118300	7.396201
473	15	1.270000	-0.120000	-7.168000	7.280627
473	21	0.630000	-2.592000	-7.210000	7.687618
473	23	0.290000	3.250000	-6.858820	7.595394
474	2	-0.720000	0.820000	-7.023500	7.107767
474	8	-0.087000	0.669000	-7.296000	7.327124
474	10	-0.110000	-3.500000	-6.185000	7.107484
474	14	1.790000	0.180000	-7.136000	7.359280
474	18	2.530000	-1.790000	-6.481200	7.184076
474	20	-0.730000	2.105000	-7.125300	7.465509
474	22	0.300000	1.547000	-7.234780	7.404408
474	24	2.520000	0.270000	-7.069000	7.509598
474	3	1.000000	0.250000	-7.116400	7.190664
474	5	-0.810000	-1.630000	-7.435000	7.654556
474	7	0.780000	1.280000	-7.376680	7.527430
474	9	0.881000	0.674000	-7.556000	7.636987
474	13	-2.150000	-0.680000	-6.874000	7.234416
474	15	1.170000	-0.430000	-7.147200	7.255086
474	21	1.230000	-0.581000	-7.567700	7.688989
474	23	-0.430000	4.160000	-6.448700	7.686106
475	2	-2.030000	-0.150000	-7.227300	7.508480
475	8	-2.200000	0.906000	-7.024000	7.416024
475	10	-0.380000	-3.110000	-6.738400	7.431187
475	14	2.180000	-1.510000	-6.965600	7.453327
475	18	1.070000	-3.330000	-6.760200	7.611446
475	20	-2.770000	1.608000	-6.354000	7.115608
475	22	1.930000	0.185000	-7.386500	7.636721
475	24	1.810000	1.000000	-6.998000	7.297130
475	3	0.370000	0.270000	-7.319500	7.333818
475	5	-1.620000	-2.270000	-6.797000	7.346871
475	7	-0.200000	0.390000	-7.535600	7.548335
475	9	-0.447000	-0.171000	-7.435000	7.450388
475	13	-3.030000	-0.259000	-6.770500	7.422106
475	15	-2.410000	1.600000	-6.960500	7.537683
475	21	0.980000	-0.507000	-7.532000	7.612389
475	23	2.130000	4.800000	-5.258000	7.431249
476	2	-0.490000	-0.450000	-7.479300	7.508830
476	8	1.573000	0.305000	-7.264000	7.438619
476	10	-1.500000	-3.560000	-6.500700	7.561924
476	14	2.650000	-1.610000	-7.016040	7.670686
476	18	2.100000	-2.000000	-6.919100	7.502263
476	20	-1.580000	3.180000	-6.284700	7.218466
476	22	0.960000	1.349000	-7.037900	7.230037
476	24	1.170000	-0.230000	-7.298000	7.394769
476	3	-0.170000	-0.540000	-7.416000	7.437577
476	5	-1.340000	-2.560000	-6.681000	7.279077
476	7	-0.780000	1.560000	-7.270000	7.476289
476	9	0.990000	1.732000	-7.122000	7.396135
476	13	-2.880000	-0.724000	-6.855800	7.471316
476	15	-1.330000	1.760000	-6.824000	7.171714
476	21	3.220000	-1.414000	-6.578200	7.459257
476	23	1.110000	4.730000	-5.450100	7.301273
477	2	1.350000	-0.550000	-7.556330	7.695656
477	8	1.454000	-1.729100	-6.872000	7.233829
477	10	-0.010000	-4.360000	-6.135000	7.526482
477	14	0.050000	-2.200000	-7.029000	7.365415
477	18	2.530000	-0.920000	-7.073200	7.568187
477	20	-3.160000	3.798000	-5.639000	7.497248
477	22	0.460000	2.428000	-7.281310	7.689230
477	24	2.030000	1.700000	-6.613000	7.123389
477	3	0.910000	-1.240000	-7.018000	7.184568
477	5	-0.600000	-2.260000	-6.980000	7.361250
477	7	-3.270000	0.770000	-6.335800	7.171343
477	9	-0.298000	-0.861500	-7.119000	7.177127
477	13	-2.270000	-1.501000	-6.976000	7.488022
477	15	-2.530000	0.120000	-6.963700	7.410021
477	21	1.270000	-1.537000	-7.205000	7.475780
477	23	0.590000	4.180000	-6.263490	7.553265
478	2	0.300000	0.410000	-7.358000	7.375518
478	8	1.917000	-2.073000	-6.776000	7.340735
478	10	0.450000	-3.780000	-6.519200	7.549230
478	14	1.420000	0.150000	-7.401100	7.537585
478	16	0.190000	-1.410000	-7.172600	7.312345
478	18	1.750000	-0.510000	-7.099600	7.329865
478	20	-1.320000	3.006000	-6.674000	7.437789
478	22	1.770000	2.466000	-6.941200	7.575903
478	24	2.350000	-0.580000	-7.099000	7.500313
478	3	0.530000	-0.680000	-7.287700	7.338520
478	5	-0.190000	-2.970000	-6.757000	7.383363
478	7	-2.880000	1.190000	-6.674900	7.366464
478	9	-0.224000	0.926000	-7.462000	7.522572
478	13	-1.860000	-2.388000	-6.845200	7.484578
478	15	-2.960000	0.470000	-7.005600	7.619772
478	17	-0.970000	0.530000	-7.520000	7.600803
478	21	0.780000	-0.269000	-7.210400	7.257453
478	23	1.400000	4.660000	-5.374300	7.249738
479	2	-2.830000	-0.310000	-6.919000	7.481815
479	8	2.449000	-0.020000	-7.058000	7.470834
479	10	0.550000	-4.570000	-5.879000	7.466595
479	14	0.430000	-2.540000	-7.198500	7.645581
479	16	0.180000	-0.620000	-7.588900	7.616312
479	18	2.290000	-0.990000	-7.031900	7.461355
479	20	-1.740000	1.207000	-6.548100	6.882010
479	22	0.570000	1.606000	-7.506600	7.697609
479	24	2.530000	0.760000	-6.836000	7.328669
479	3	1.150000	0.620000	-7.512800	7.625553
479	5	1.480000	-1.430000	-6.911000	7.210910
479	7	-1.670000	-0.180000	-7.168100	7.362266
479	9	0.061000	1.824000	-7.233000	7.459691
479	13	-2.620000	-2.620000	-6.288100	7.298562
479	15	-2.230000	0.680000	-7.358500	7.718991
479	17	0.040000	0.530000	-7.334400	7.353633
479	21	2.810000	-0.798000	-6.515400	7.140262
479	23	1.970000	3.020000	-6.461900	7.399828
480	2	-2.110000	-0.120000	-7.287000	7.587283
480	8	0.379000	-2.015000	-7.254000	7.538195
480	10	-0.020000	-3.530000	-6.821500	7.680766
480	14	0.550000	-1.540000	-7.582900	7.757221
480	16	-0.350000	-0.920000	-7.249400	7.315921
480	18	3.320000	-0.760000	-6.817000	7.620465
480	20	-1.970000	1.139000	-6.956600	7.319324
480	22	2.870000	0.846000	-6.836800	7.462871
480	24	1.240000	2.240000	-6.888000	7.348452
480	3	1.420000	-0.210000	-7.105500	7.249043
480	5	-0.490000	-1.010000	-7.353000	7.438199
480	7	-2.700000	0.850000	-7.179100	7.716993
480	9	-1.121000	-0.282000	-7.294000	7.385025
480	13	-1.600000	-2.407000	-7.129600	7.693169
480	15	-0.820000	-0.030000	-7.570300	7.614640
480	17	-0.830000	0.970000	-7.426400	7.535331
480	21	1.310000	-2.310000	-6.800000	7.300151
480	23	-0.300000	2.630000	-7.028200	7.510159
481	2	-0.970000	-0.860000	-7.241000	7.356125
481	8	0.817000	-0.671000	-7.062000	7.140698
481	10	-0.320000	-2.210000	-7.183800	7.522864
481	14	0.460000	-1.040000	-7.402000	7.488845
481	16	0.180000	-1.780000	-6.907100	7.135042
481	18	2.640000	1.170000	-7.059600	7.627349
481	20	-1.700000	1.243000	-7.389590	7.683820
481	22	2.650000	0.729000	-6.490300	7.048258
481	24	0.900000	2.300000	-6.517000	6.969311
481	3	0.920000	0.050000	-7.518100	7.574347
481	5	-0.020000	-1.620000	-7.111000	7.293224
481	7	-2.820000	0.150000	-6.988300	7.537323
481	9	0.562000	0.164000	-7.257000	7.280576
481	13	-1.050000	-2.574000	-6.757100	7.306598
481	15	-0.150000	0.990000	-7.164000	7.233636
481	17	-0.020000	-0.070000	-7.591400	7.591749
481	21	1.020000	-2.448000	-7.111100	7.589522
481	23	-0.730000	2.000000	-7.197000	7.505312
482	2	-1.290000	-0.600000	-7.183000	7.322540
482	8	0.821000	-0.421000	-7.697000	7.752102
482	10	-0.680000	-1.880000	-7.029400	7.308164
482	14	0.790000	-0.700000	-7.538800	7.612332
482	16	-1.060000	-1.740000	-6.930800	7.224070
482	18	1.390000	-1.200000	-6.950100	7.188601
482	20	-1.280000	0.842000	-7.057100	7.221497
482	22	1.350000	1.507000	-7.086600	7.369766
482	24	0.460000	2.980000	-6.675000	7.324454
482	3	-0.050000	0.540000	-7.288400	7.308548
482	5	-0.030000	-1.030000	-7.134000	7.208034
482	7	-0.860000	0.690000	-7.392400	7.474174
482	9	1.087000	-0.199000	-7.515000	7.595814
482	13	-1.670000	-2.117000	-6.929000	7.435162
482	15	-0.210000	-1.360000	-7.317600	7.445869
482	17	0.040000	1.440000	-6.873000	7.022345
482	21	0.790000	-0.870000	-7.114600	7.211001
482	23	0.480000	1.800000	-7.113500	7.353386
483	2	-0.880000	-1.190000	-7.307300	7.455678
483	8	1.153000	-0.638000	-7.309000	7.426839
483	10	-0.300000	-2.390000	-6.947500	7.353221
483	14	1.680000	-2.720000	-7.047000	7.738282
483	16	-2.420000	-2.780000	-6.492000	7.465311
483	18	1.900000	0.710000	-7.107700	7.391448
483	20	-1.740000	1.542000	-7.219200	7.584340
483	22	-0.520000	2.077000	-6.972800	7.294126
483	24	1.000000	3.250000	-6.792000	7.595641
483	3	0.860000	1.000000	-7.097000	7.218518
483	5	-0.090000	-1.720000	-6.964000	7.173827
483	7	-0.590000	-0.010000	-7.127500	7.151885
483	9	0.536000	2.020100	-7.028000	7.332181
483	13	-1.340000	-2.157000	-7.257500	7.688924
483	15	0.120000	-1.610000	-7.233100	7.411089
483	17	0.660000	0.570000	-7.497900	7.548444
483	21	1.660000	-0.960000	-6.863600	7.126444
483	23	-0.040000	1.720000	-7.209800	7.412234
484	2	-0.880000	-0.410000	-7.539200	7.601450
484	8	0.863000	-0.405320	-7.466000	7.526633
484	10	-0.030000	-2.660000	-7.072600	7.556333
484	14	1.590000	-1.540000	-7.094200	7.431512
484	16	0.500000	-2.010000	-7.127200	7.422067
484	18	2.210000	1.550000	-6.755000	7.274381
484	20	-0.530000	2.178000	-7.113600	7.458411
484	22	0.770000	1.039000	-7.158000	7.273884
484	24	0.470000	2.590000	-6.893000	7.378513
484	3	0.430000	0.580000	-7.274000	7.309745
484	5	0.150000	-2.200000	-7.091000	7.425953
484	7	0.100000	0.770000	-7.350300	7.391198
484	9	0.207000	0.383690	-7.347000	7.359924
484	13	-1.230000	-1.556000	-7.113800	7.385133
484	15	0.620000	-1.270000	-7.470600	7.603102
484	17	1.840000	1.030000	-6.988100	7.299318
484	21	1.980000	-2.665200	-6.585000	7.374681
484	23	2.000000	2.550000	-6.736200	7.475218
485	2	-3.220000	0.080000	-6.807800	7.531331
485	8	1.173000	-0.358600	-7.249000	7.352042
485	10	0.550000	-2.950000	-6.856000	7.483965
485	14	1.430000	-1.920000	-6.885000	7.289343
485	16	-1.030000	-1.350000	-7.342000	7.535805
485	18	-0.060000	0.010000	-7.345900	7.346152
485	20	0.130000	1.688000	-7.033700	7.234582
485	22	-0.530000	-0.190000	-7.121000	7.143223
485	24	-0.730000	2.730000	-6.989000	7.538695
485	3	-0.070000	2.270000	-6.933500	7.295973
485	5	-0.520000	-2.540000	-7.329000	7.774075
485	7	-1.780000	0.730000	-7.432600	7.677554
485	9	-1.017000	-0.447700	-7.641000	7.721373
485	13	-1.160000	-1.746000	-7.055000	7.359833
485	15	0.150000	-1.490000	-7.434000	7.583334
485	17	-0.030000	0.910000	-7.329600	7.385935
485	21	0.090000	-3.542000	-6.285000	7.214921
485	23	0.980000	0.710000	-7.501520	7.598507
486	2	-0.960000	-1.960000	-7.164000	7.489065
486	8	0.160000	-0.313900	-7.594000	7.602169
486	10	-0.430000	-2.280000	-7.084500	7.454760
486	14	-0.490000	-1.470000	-7.362000	7.523300
486	16	-1.330000	-0.740000	-7.266200	7.423891
486	18	-0.030000	-0.380000	-7.325560	7.335471
486	20	0.600000	1.207000	-7.306260	7.429555
486	22	-0.060000	1.729000	-7.436000	7.634601
486	24	0.190000	2.430000	-6.929000	7.345205
486	3	-0.420000	0.260000	-7.457300	7.473642
486	5	0.430000	-1.370000	-6.983000	7.129102
486	7	-1.930000	1.210000	-7.038200	7.397652
486	9	-1.705000	-0.354800	-7.175200	7.383522
486	13	-0.200000	-0.927000	-7.337700	7.398728
486	15	-1.670000	-2.910000	-6.382000	7.210196
486	17	1.560000	1.290000	-7.249000	7.526334
486	21	0.430000	-3.123000	-6.736100	7.437276
486	23	0.930000	2.080000	-6.848000	7.217091
487	2	-0.750000	-0.290000	-7.455000	7.498241
487	8	1.721000	0.192500	-7.360000	7.560985
487	10	-0.490000	-2.340000	-6.909200	7.311138
487	14	-0.250000	-3.100000	-7.406000	8.032517
487	16	-1.140000	0.320000	-7.166400	7.263559
487	18	1.690000	2.110000	-7.151600	7.645494
487	20	0.850000	1.577000	-7.179800	7.399930
487	22	-0.510000	1.371000	-7.557300	7.697566
487	24	-0.840000	1.370000	-7.067000	7.247413
487	3	0.360000	0.660000	-7.439300	7.477191
487	5	-0.750000	-1.550000	-7.052000	7.259181
487	7	-2.090000	0.470000	-6.811830	7.140730
487	9	1.004000	-0.097400	-7.477300	7.545033
487	13	0.250000	-1.494000	-7.319200	7.474304
487	15	-2.200000	-1.970000	-7.058000	7.650900
487	17	1.270000	0.530000	-7.323800	7.451969
487	21	0.730000	-2.447600	-7.240000	7.677320
487	23	-0.350000	2.260000	-6.843700	7.215700
488	2	-0.330000	-1.510000	-7.267100	7.429653
488	8	1.119000	-0.700000	-7.491000	7.606395
488	10	1.550000	-2.970000	-6.846100	7.621843
488	14	1.920000	-3.960000	-6.079000	7.504815
488	16	0.100000	-0.050000	-7.262200	7.263061
488	18	0.470000	0.890000	-7.240200	7.309822
488	20	-1.450000	0.645000	-7.421200	7.588988
488	22	1.030000	1.281000	-7.219000	7.403771
488	24	0.730000	1.960000	-7.148000	7.447711
488	3	1.220000	1.100000	-7.186500	7.371851
488	5	0.390000	-0.720000	-7.216000	7.262311
488	7	-0.630000	-1.040000	-7.269200	7.370195
488	9	0.812000	0.042000	-7.362000	7.406764
488	13	-1.050000	-1.766000	-7.474600	7.751832
488	15	-1.750000	-2.290000	-6.868000	7.448223
488	17	3.530000	0.470000	-6.229000	7.175113
488	21	1.280000	-1.717500	-6.994000	7.314659
488	23	1.910000	0.280000	-7.349600	7.598889
489	2	0.190000	0.150000	-7.252400	7.256439
489	8	-0.160000	-1.060000	-7.170000	7.249697
489	10	0.190000	-2.000000	-7.165000	7.441325
489	14	1.520000	-0.490000	-6.952500	7.133565
489	16	0.330000	0.880000	-7.086700	7.148749
489	18	-0.260000	1.920000	-7.218400	7.473908
489	20	-2.050000	0.861000	-7.471000	7.794848
489	22	0.240000	0.615000	-7.481100	7.510172
489	24	-1.230000	1.090000	-7.297000	7.479787
489	3	2.510000	1.180000	-7.239400	7.752510
489	5	2.550000	-0.710000	-6.983000	7.467857
489	7	-2.300000	0.260000	-6.947200	7.322649
489	9	1.806000	0.228000	-7.071000	7.301552
489	13	-2.670000	-0.664000	-6.728900	7.269656
489	15	-0.470000	-1.840000	-7.224000	7.469450
489	17	2.260000	-0.110000	-7.127830	7.478346
489	21	1.180000	-3.598300	-6.426000	7.458796
489	23	0.930000	2.310000	-6.794000	7.235982
490	2	-1.380000	-1.590000	-6.916200	7.229545
490	8	0.512000	-0.314000	-7.317000	7.341609
490	10	-0.450000	-1.840000	-6.828600	7.086457
490	14	0.890000	-1.330000	-6.932000	7.114325
490	16	-0.500000	0.440000	-7.339400	7.369558
490	18	0.860000	2.260000	-7.245900	7.638735
490	20	-1.120000	1.860000	-7.193620	7.514131
490	22	2.200000	0.369000	-7.053000	7.397362
490	24	-2.690000	0.250000	-6.709000	7.232516
490	3	1.580000	-0.300000	-7.471700	7.642820
490	5	1.140000	-0.640000	-7.249000	7.365949
490	7	-2.700000	-0.540000	-7.043100	7.562199
490	9	1.973000	2.320000	-6.810000	7.459975
490	13	-1.350000	0.020000	-7.582800	7.702062
490	15	0.740000	-1.400000	-7.195000	7.367199
490	17	0.400000	-0.680000	-7.665800	7.706289
490	21	1.480000	-0.553200	-7.083000	7.257088
490	23	0.190000	1.850000	-7.106100	7.345424
491	2	-1.610000	-1.420000	-7.352900	7.659872
491	8	-0.001000	-0.561000	-7.154000	7.175963
491	10	-0.660000	-2.950000	-6.988000	7.613819
491	14	1.280000	-0.020000	-7.680200	7.786159
491	16	-0.810000	0.610000	-7.213900	7.284817
491	18	0.520000	0.440000	-7.572000	7.602577
491	20	-2.370000	0.663000	-7.106500	7.520559
491	22	2.010000	0.716000	-7.113000	7.426138
491	24	-2.510000	-0.160000	-6.907000	7.350670
491	3	1.080000	2.620000	-6.859100	7.421459
491	5	2.740000	1.520000	-6.456000	7.176206
491	7	-2.680000	-0.440000	-7.075600	7.578926
491	9	2.231000	1.768000	-7.231000	7.771135
491	13	-2.120000	0.197000	-7.143462	7.454010
491	15	-1.700000	-1.550000	-7.184800	7.544127
491	17	0.170000	-1.830000	-7.190600	7.421760
491	21	0.020000	-1.321000	-7.488000	7.603656
491	23	1.060000	2.350000	-6.927500	7.391641
492	2	0.140000	-2.200000	-7.112400	7.446196
492	8	-0.446000	-1.404000	-7.583000	7.724767
492	10	0.760000	-3.330000	-6.948000	7.742170
492	14	1.210000	-1.730000	-7.139000	7.444617
492	16	-1.120000	2.110000	-6.777000	7.185696
492	18	-0.460000	-0.410000	-6.976300	7.003461
492	20	-2.470000	1.804000	-6.403100	7.096126
492	22	2.150000	0.734000	-7.310000	7.654891
492	24	-0.640000	-0.970000	-7.472000	7.561831
492	3	2.040000	2.080000	-6.824400	7.420272
492	5	3.200000	1.830000	-6.564000	7.528280
492	7	-2.370000	-0.950000	-7.181200	7.621616
492	9	2.427000	1.666000	-6.965000	7.561555
492	13	-1.350000	0.803000	-7.224830	7.393611
492	15	-1.720000	-1.740000	-7.104500	7.513982
492	17	0.770000	-1.980000	-7.382000	7.681616
492	21	0.300000	-1.501000	-7.256300	7.415989
492	23	1.220000	-0.300000	-7.207800	7.316473
493	2	-0.640000	-2.420000	-6.957600	7.394200
493	8	-2.179000	-1.410000	-7.037000	7.500367
493	10	-0.210000	0.130000	-7.272000	7.276193
493	14	1.750000	-0.020000	-6.981000	7.197031
493	16	-2.700000	0.630000	-6.985000	7.515126
493	18	-1.140000	-1.020000	-7.059400	7.223235
493	20	-1.780000	1.436000	-6.872200	7.242764
493	22	3.280000	-0.766000	-6.798000	7.586696
493	24	-1.390000	-1.620000	-7.103000	7.416813
493	3	0.890000	1.920000	-7.018000	7.330131
493	5	1.310000	1.670000	-7.013000	7.327153
493	7	-1.310000	-0.280000	-7.201700	7.325229
493	9	1.984000	0.769100	-7.050000	7.364121
493	13	-2.270000	0.349000	-7.141600	7.501810
493	15	0.300000	-1.500000	-7.327100	7.485078
493	17	1.710000	-1.060000	-7.065500	7.346359
493	21	1.270000	-1.106000	-7.222900	7.416631
493	23	-0.250000	1.830000	-7.068400	7.305729
494	2	-0.050000	-1.630000	-7.134500	7.318503
494	8	-2.882000	-1.111000	-6.954000	7.609097
494	10	-0.730000	-0.080000	-7.198000	7.235365
494	14	1.850000	0.370000	-7.228000	7.470166
494	16	-0.760000	-1.040000	-7.424500	7.535410
494	18	0.200000	-0.610000	-7.791220	7.817622
494	20	-2.750000	1.237000	-6.591900	7.248849
494	22	1.910000	0.527000	-6.817000	7.099107
494	24	-1.230000	-1.410000	-7.359000	7.593147
494	3	-1.130000	1.920000	-7.316100	7.647785
494	5	1.060000	2.170000	-6.861000	7.273639
494	7	-0.600000	1.170000	-7.018400	7.140507
494	9	0.972000	-0.372500	-7.196000	7.270898
494	13	-2.860000	0.694000	-6.642500	7.265263
494	15	1.320000	-0.600000	-7.025000	7.173076
494	17	1.450000	-1.610000	-7.287400	7.602684
494	21	-0.990000	-1.387000	-7.229000	7.427133
494	23	0.690000	-1.120000	-7.421700	7.537382
495	2	0.030000	-2.560000	-7.000300	7.453771
495	8	-0.633000	-0.602000	-7.253000	7.305416
495	10	0.070000	-0.610000	-6.979000	7.005958
495	14	3.600000	-1.340000	-6.802000	7.811709
495	16	-0.530000	0.850000	-7.157400	7.227155
495	18	-0.790000	1.050000	-7.360000	7.476376
495	20	-2.120000	1.110000	-7.079900	7.473385
495	22	1.570000	-1.844000	-6.955000	7.364595
495	24	-1.590000	-0.380000	-6.979000	7.167911
495	3	-1.870000	3.350000	-6.426000	7.484175
495	5	0.150000	1.370000	-7.575000	7.699352
495	7	-0.640000	-1.590000	-7.289400	7.488194
495	9	0.714000	0.564000	-7.598000	7.652287
495	13	-0.510000	1.492000	-7.322700	7.490534
495	15	-0.440000	-0.370000	-7.879200	7.900145
495	17	1.350000	-0.910000	-7.090000	7.274524
495	21	-0.170000	-0.984000	-7.576000	7.641527
495	23	1.330000	-0.100000	-7.151800	7.275104
496	2	1.760000	-2.590000	-6.553900	7.263560
496	8	-0.435000	0.904000	-7.531000	7.597526
496	10	0.450000	0.450000	-7.356000	7.383477
496	14	0.830000	0.250000	-7.407000	7.457550
496	16	-1.380000	2.470000	-6.443900	7.037695
496	18	-0.970000	1.500000	-7.204000	7.422164
496	20	-1.180000	2.424000	-6.634606	7.161437
496	22	2.800000	-1.588000	-6.554000	7.301826
496	24	0.300000	0.250000	-7.636000	7.645979
496	3	0.410000	2.580000	-6.878000	7.357403
496	5	1.690000	0.090000	-7.470400	7.659705
496	7	-1.930000	0.600000	-7.197500	7.475888
496	9	0.092000	1.993000	-7.081300	7.356991
496	13	0.220000	0.487000	-7.577200	7.596021
496	15	-0.070000	-1.880000	-7.319000	7.556921
496	17	0.570000	-0.960000	-7.024600	7.112771
496	21	1.540000	-2.181000	-7.015000	7.505903
496	23	1.860000	0.140000	-7.157200	7.396263
497	2	0.390000	-3.750000	-6.351100	7.385870
497	8	-0.598000	-0.697000	-7.076000	7.135348
497	10	-0.160000	-0.470000	-7.935500	7.951016
497	14	-0.060000	-0.510000	-7.116000	7.134505
497	16	-1.180000	1.940000	-6.883400	7.248255
497	18	-2.720000	2.260000	-6.390500	7.303731
497	20	0.150000	1.829000	-7.019100	7.255033
497	22	1.880000	-2.851000	-6.608000	7.438297
497	24	-1.250000	0.480000	-7.700000	7.815555
497	3	0.290000	4.050000	-6.512000	7.674161
497	5	1.790000	-1.220000	-7.441480	7.750363
497	7	-2.130000	-0.910000	-7.003820	7.376889
497	9	-0.599000	1.510000	-6.849000	7.039013
497	13	0.840000	-0.364000	-7.446000	7.502067
497	15	0.080000	-1.890000	-7.342000	7.581785
497	17	1.010000	-1.810000	-7.053300	7.351547
497	21	3.210000	-1.882000	-6.459000	7.454174
497	23	1.660000	-1.200000	-7.386200	7.664956
498	2	-0.120000	-3.690000	-6.858600	7.789152
498	8	2.000000	1.056000	-7.407000	7.744597
498	10	0.510000	0.860000	-7.640400	7.705544
498	14	-2.380000	-0.460000	-7.020000	7.426735
498	16	-0.450000	2.480000	-6.959000	7.401390
498	18	0.340000	3.020000	-6.742800	7.396036
498	20	-2.690000	2.576000	-6.483300	7.476968
498	22	0.490000	-1.595000	-7.350000	7.537017
498	24	0.480000	0.680000	-7.282000	7.329415
498	3	-0.250000	3.030000	-6.984000	7.617063
498	5	2.090000	-0.790000	-7.108700	7.451565
498	7	-0.180000	-1.100000	-7.611000	7.692186
498	9	-0.213000	2.360000	-7.007000	7.396825
498	13	-1.380000	2.694000	-6.988400	7.615758
498	15	3.060000	-2.000000	-6.383000	7.355698
498	17	-0.150000	-1.440000	-7.506380	7.644726
498	21	0.700000	-1.295000	-7.456920	7.600834
498	23	0.150000	-0.890000	-7.246800	7.302788
499	2	-0.420000	-2.080000	-7.137000	7.445775
499	8	0.993000	0.784000	-7.356000	7.464010
499	10	0.370000	0.640000	-7.755000	7.790156
499	14	-2.230000	-0.060000	-7.132400	7.473127
499	16	0.600000	1.950000	-6.831900	7.130032
499	18	-0.150000	3.300000	-6.747139	7.512415
499	20	-2.240000	3.094000	-6.243200	7.319015
499	22	1.350000	-2.202000	-7.064000	7.521396
499	24	-2.140000	-0.870000	-7.140000	7.504405
499	3	0.850000	2.080000	-7.273000	7.612190
499	5	0.120000	-0.380000	-7.319400	7.330240
499	7	0.900000	-0.110000	-7.426800	7.481942
499	9	-1.771000	0.254000	-6.998000	7.223085
499	13	-0.300000	2.469000	-7.058900	7.484252
499	15	1.680000	-1.440000	-6.912000	7.257530
499	17	-0.500000	-1.980000	-7.585300	7.855392
499	21	2.230000	-1.801000	-6.753100	7.336270
499	23	0.370000	-1.250000	-7.770700	7.879288
