# frame  R_idx  L_idx   Re    Re2
0 0 1 15.599895 243.356728
0 2 3 16.016582 256.530900
0 8 9 16.400632 268.980736
0 12 13 16.064745 258.076036
0 18 19 15.464314 239.145021
0 20 21 15.241009 232.288365
0 26 27 15.966553 254.930825
0 28 29 16.082295 258.640216
1 0 1 16.012608 256.403613
1 2 3 15.523694 240.985064
1 8 9 15.880267 252.182869
1 12 13 15.967561 254.963016
1 18 19 16.161833 261.204842
1 20 21 16.179428 261.773880
1 26 27 15.843863 251.027990
1 28 29 15.267807 233.105941
2 0 1 16.746742 280.453357
2 2 3 16.253673 264.181876
2 8 9 15.779167 248.982116
2 12 13 15.842973 250.999796
2 18 19 15.412597 237.548157
2 20 21 16.125783 260.040878
2 26 27 16.002314 256.074056
2 28 29 15.270619 233.191800
3 0 1 16.444784 270.430934
3 2 3 15.926043 253.638836
3 8 9 15.730271 247.441421
3 12 13 16.421034 269.650356
3 18 19 15.888894 252.456949
3 20 21 15.977352 255.275781
3 26 27 15.499853 240.245429
3 28 29 15.829148 250.561925
4 0 1 16.124439 259.997521
4 2 3 15.108025 228.252429
4 8 9 15.763528 248.488800
4 12 13 16.147189 260.731709
4 18 19 16.391345 268.676182
4 20 21 16.150255 260.830749
4 26 27 15.736170 247.627049
4 28 29 16.021093 256.675410
5 0 1 16.501909 272.312998
5 2 3 15.491844 239.997216
5 12 13 16.292983 265.461300
5 18 19 16.528947 273.206081
5 20 21 15.667560 245.472421
5 26 27 16.475978 271.457844
5 28 29 15.364196 236.058530
6 0 1 15.683030 245.957430
6 2 3 15.846645 251.116164
6 12 13 15.878819 252.136901
6 18 19 15.239479 232.241729
6 20 21 15.857585 251.462990
6 26 27 16.080494 258.582296
6 28 29 15.983890 255.484725
7 0 1 16.196678 262.332393
7 2 3 15.874655 252.004661
7 8 9 16.113696 259.651204
7 12 13 16.065464 258.099149
7 18 19 16.064748 258.076129
7 20 21 15.507517 240.483085
7 26 27 16.025631 256.820836
7 28 29 15.241793 232.312244
8 0 1 15.756162 248.256650
8 2 3 15.138690 229.179925
8 8 9 15.852755 251.309844
8 12 13 15.708768 246.765384
8 18 19 16.145772 260.685956
8 20 21 15.292216 233.851884
8 26 27 15.389870 236.848100
8 28 29 15.710876 246.831621
9 0 1 15.922997 253.541833
9 8 9 15.734246 247.566500
9 12 13 15.671450 245.594341
9 18 19 16.193424 262.226969
9 20 21 15.569660 242.414301
9 26 27 15.557019 242.020836
9 28 29 15.475784 239.499896
10 0 1 15.805257 249.806161
10 2 3 16.309957 266.014709
10 8 9 15.680017 245.862941
10 12 13 15.620580 244.002504
10 18 19 15.828287 250.534669
10 20 21 15.970888 255.069268
10 26 27 16.012211 256.390916
10 28 29 15.799812 249.634061
11 0 1 15.917815 253.376825
11 2 3 16.361520 267.699325
11 8 9 16.538381 273.518041
11 12 13 15.929452 253.747444
11 18 19 15.692657 246.259469
11 20 21 16.107157 259.440518
11 26 27 16.311124 266.052761
11 28 29 15.764060 248.505593
12 0 1 16.191226 262.155792
12 2 3 15.469926 239.318601
12 8 9 16.105546 259.388616
12 12 13 16.047240 257.513925
12 18 19 15.711324 246.845700
12 20 21 16.221681 263.142938
12 26 27 16.014644 256.468824
12 28 29 15.142537 229.296441
13 0 1 15.672721 245.634198
13 2 3 15.986579 255.570704
13 8 9 15.727352 247.349609
13 12 13 16.463995 271.063124
13 18 19 16.230750 263.437238
13 20 21 15.029560 225.887672
13 26 27 15.813043 250.052333
13 28 29 16.001359 256.043485
14 0 1 15.585195 242.898309
14 2 3 15.788148 249.265604
14 8 9 16.048441 257.552449
14 12 13 15.956075 254.596329
14 18 19 15.809286 249.933521
14 20 21 15.959277 254.698514
14 26 27 15.761444 248.423105
14 28 29 15.795131 249.486165
15 0 1 16.104037 259.340022
15 2 3 15.956861 254.621400
15 8 9 15.650994 244.953625
15 12 13 16.045664 257.463321
15 18 19 16.076246 258.445700
15 20 21 15.729726 247.424274
15 26 27 15.894758 252.643325
15 28 29 16.051174 257.640177
16 0 1 16.140965 260.530749
16 2 3 15.626373 244.183521
16 8 9 15.709106 246.776016
16 12 13 16.015022 256.480944
16 18 19 16.424150 269.752689
16 20 21 16.216574 262.977284
16 26 27 16.157532 261.065833
16 28 29 16.136384 260.382890
17 0 1 15.782693 249.093400
17 2 3 15.060875 226.829961
17 8 9 16.208349 262.710576
17 12 13 15.558303 242.060801
17 18 19 16.318900 266.306505
17 26 27 15.861642 251.591700
17 28 29 16.125035 260.016760
18 0 1 15.654710 245.069933
18 2 3 15.835208 250.753800
18 8 9 15.392093 236.916525
18 12 13 16.157388 261.061176
18 18 19 16.402387 269.038298
18 20 21 15.838018 250.842828
18 28 29 15.928442 253.715261
19 0 1 15.865299 251.707725
19 2 3 16.138354 260.446464
19 8 9 15.792435 249.401004
19 12 13 15.885091 252.336121
19 18 19 16.296784 265.585176
19 20 21 15.838415 250.855405
19 28 29 16.113160 259.633932
20 0 1 16.125132 260.019896
20 2 3 16.062783 258.012996
20 8 9 15.061969 226.862909
20 12 13 16.170673 261.490664
20 18 19 15.725775 247.300000
20 20 21 15.997736 255.927545
20 28 29 15.879783 252.167522
21 0 1 16.082867 258.658610
21 2 3 16.315172 266.184825
21 8 9 16.281992 265.103264
21 12 13 16.505499 272.431501
21 18 19 16.404714 269.114641
21 20 21 15.726812 247.332610
21 28 29 15.870251 251.864865
22 0 1 15.653569 245.034230
22 2 3 16.067083 258.151169
22 8 9 16.280638 265.059189
22 12 13 15.932980 253.859861
22 18 19 16.397664 268.883369
22 20 21 16.196945 262.341038
22 28 29 16.461722 270.988278
23 0 1 15.999279 255.976918
23 2 3 16.099460 259.192624
23 8 9 16.256635 264.278196
23 12 13 15.807501 249.877076
23 18 19 16.736768 280.119400
23 20 21 16.131196 260.215498
23 28 29 16.129253 260.152790
24 0 1 15.669454 245.531801
24 2 3 15.303857 234.208049
24 8 9 16.110223 259.539300
24 12 13 15.992729 255.767384
24 16 17 14.968233 224.048001
24 18 19 15.862258 251.611241
24 20 21 16.028271 256.905484
24 28 29 15.927997 253.701100
25 0 1 15.992245 255.751908
25 2 3 15.586043 242.924741
25 8 9 16.093971 259.015896
25 12 13 15.798322 249.586964
25 16 17 16.549103 273.872804
25 18 19 15.815240 250.121816
25 20 21 15.535342 241.346846
25 26 27 15.611826 243.729104
25 28 29 16.054893 257.759601
26 0 1 16.468866 271.223540
26 2 3 15.719073 247.089241
26 8 9 16.030572 256.979241
26 12 13 15.862035 251.604161
26 16 17 15.849974 251.221676
26 18 19 15.910246 253.135924
26 20 21 16.136221 260.377642
26 26 27 15.741979 247.809896
26 28 29 15.504133 240.378125
27 0 1 16.269240 264.688185
27 2 3 15.275235 233.332809
27 8 9 16.113236 259.636369
27 12 13 15.657172 245.147049
27 16 17 15.836212 250.785604
27 18 19 15.889311 252.470200
27 20 21 16.560276 274.242737
27 26 27 15.726083 247.309689
27 28 29 15.666684 245.445000
28 0 1 15.936900 253.984797
28 2 3 15.941302 254.125100
28 8 9 15.490795 239.964725
28 12 13 16.428771 269.904504
28 16 17 16.010970 256.351161
28 18 19 16.039984 257.281076
28 20 21 15.890159 252.497165
28 26 27 14.114297 199.213384
28 28 29 16.159650 261.134282
29 0 1 15.993263 255.784457
29 2 3 15.836040 250.780176
29 8 9 16.328430 266.617616
29 12 13 16.336432 266.879001
29 16 17 15.665105 245.395529
29 18 19 15.694155 246.306500
29 20 21 15.951394 254.446957
29 26 27 15.229763 231.945689
29 28 29 16.316587 266.231025
30 0 1 16.031858 257.020469
30 2 3 15.723022 247.213425
30 8 9 15.938894 254.048336
30 12 13 16.122913 259.948324
30 16 17 15.854430 251.362961
30 18 19 15.884209 252.308100
30 20 21 15.736339 247.632376
30 26 27 16.037768 257.210016
30 28 29 15.850292 251.231753
31 0 1 16.365737 267.837345
31 2 3 15.107870 228.247736
31 8 9 15.832885 250.680236
31 12 13 16.090246 258.896001
31 16 17 15.557665 242.040941
31 18 19 16.271684 264.767684
31 20 21 16.180476 261.807792
31 26 27 15.811132 249.991901
31 28 29 16.031487 257.008568
32 0 1 15.847167 251.132717
32 2 3 15.493435 240.046529
32 4 7 16.004456 256.142600
32 8 9 15.927792 253.694549
32 12 13 16.290497 265.380296
32 16 17 15.458437 238.963276
32 18 19 16.219091 263.058909
32 20 21 15.889567 252.478349
32 26 27 15.889512 252.476600
32 28 29 16.006740 256.215720
33 0 1 15.757044 248.284441
33 2 3 15.958209 254.664449
33 4 7 15.675979 245.736324
33 8 9 16.083928 258.692741
33 12 13 16.786242 281.777936
33 16 17 15.600287 243.368964
33 18 19 15.721878 247.177445
33 20 21 15.526408 241.069338
33 26 27 15.544798 241.640756
33 28 29 15.895113 252.654628
34 0 1 16.155781 261.009257
34 2 3 16.231146 263.450101
34 4 7 16.044501 257.426025
34 8 9 15.655678 245.100250
34 12 13 15.782254 249.079541
34 16 17 15.913213 253.230356
34 18 19 15.410827 237.493597
34 20 21 16.074738 258.397190
34 26 27 14.907631 222.237464
34 28 29 16.188370 262.063314
35 0 1 16.074949 258.403970
35 2 3 15.769510 248.677461
35 4 7 15.836388 250.791189
35 8 9 15.927193 253.675476
35 12 13 15.937918 254.017236
35 16 17 15.798047 249.578296
35 18 19 15.868269 251.801970
35 20 21 15.906538 253.017942
35 26 27 15.658459 245.187344
35 28 29 15.949049 254.372169
36 2 3 15.651137 244.958104
36 4 7 15.671393 245.592549
36 8 9 16.314749 266.171025
36 12 13 15.353853 235.740800
36 16 17 15.869153 251.830004
36 18 19 15.629166 244.270816
36 20 21 16.142269 260.572846
36 26 27 16.200782 262.465329
36 28 29 16.107280 259.444456
37 2 3 16.097256 259.121636
37 4 7 15.370699 236.258376
37 8 9 15.812966 250.049900
37 12 13 15.879865 252.170101
37 16 17 15.769779 248.685941
37 18 19 15.998632 255.956210
37 20 21 15.754374 248.200301
37 26 27 16.145874 260.689236
37 28 29 16.038988 257.249141
38 2 3 15.977377 255.276581
38 4 7 15.955013 254.562429
38 8 9 15.213415 231.448009
38 12 13 16.445727 270.461921
38 16 17 16.219141 263.060549
38 18 19 15.783626 249.122840
38 20 21 16.217171 262.996633
38 26 27 16.214732 262.917541
38 28 29 15.787676 249.250718
39 4 7 16.504094 272.385125
39 8 9 16.068668 258.202100
39 12 13 16.134571 260.324381
39 16 17 15.364225 236.059400
39 18 19 16.223305 263.195622
39 26 27 16.023314 256.746584
39 28 29 15.563271 242.215405
40 2 3 15.843796 251.025876
40 4 7 15.720210 247.125000
40 8 9 16.100122 259.213938
40 12 13 16.380732 268.328369
40 16 17 16.159623 261.133400
40 18 19 15.606531 243.563797
40 26 27 15.968199 254.983384
40 28 29 16.279293 265.015385
41 2 3 15.753801 248.182241
41 4 7 15.306794 234.297941
41 8 9 16.111362 259.576000
41 12 13 15.678301 245.809121
41 16 17 16.312531 266.098656
41 18 19 15.616661 243.880110
41 26 27 15.836107 250.782276
41 28 29 15.782673 249.092766
42 2 3 16.179687 261.782264
42 4 7 15.522271 240.940900
42 8 9 16.328797 266.629604
42 10 11 15.423140 237.873258
42 12 13 16.072900 258.338104
42 16 17 15.969225 255.016136
42 18 19 15.826053 250.463945
42 26 27 15.407045 237.377025
42 28 29 15.937715 254.010765
43 2 3 15.887312 252.406681
43 4 7 15.423234 237.876161
43 8 9 16.258243 264.330458
43 10 11 15.980298 255.369917
43 12 13 16.228148 263.352789
43 16 17 15.655216 245.085800
43 18 19 15.484846 239.780457
43 26 27 15.610424 243.685329
43 28 29 16.428217 269.886321
44 2 3 16.193797 262.239061
44 4 7 15.892973 252.586584
44 8 9 15.385429 236.711440
44 10 11 15.729196 247.407614
44 12 13 15.952043 254.467684
44 16 17 15.593748 243.164984
44 18 19 16.335728 266.856006
44 26 27 15.757164 248.288229
44 28 29 16.335755 266.856894
45 2 3 15.749648 248.051416
45 4 7 15.667476 245.469789
45 8 9 15.973783 255.161749
45 10 11 16.021309 256.682358
45 12 13 15.642194 244.678225
45 16 17 16.058646 257.880116
45 18 19 16.367386 267.891329
45 20 21 15.958044 254.659181
45 26 27 16.056304 257.804884
45 28 29 16.445372 270.450254
46 2 3 16.019932 256.638225
46 4 7 15.646114 244.800876
46 8 9 16.383988 268.435058
46 10 11 15.424033 237.900785
46 12 13 16.310193 266.022409
46 16 17 15.854849 251.376244
46 18 19 16.029641 256.949397
46 20 21 16.281191 265.077173
46 26 27 16.075600 258.424925
46 28 29 16.060432 257.937460
47 2 3 16.532150 273.311969
47 4 7 15.676838 245.763236
47 8 9 16.966258 287.853921
47 10 11 15.755140 248.224445
47 12 13 15.456132 238.892001
47 16 17 16.388592 268.585956
47 18 19 15.511975 240.621381
47 20 21 16.078234 258.509617
47 26 27 15.684886 246.015656
47 28 29 15.460714 239.033689
48 2 3 15.551392 241.845789
48 4 7 15.465274 239.174700
48 8 9 15.824013 250.399382
48 10 11 15.886089 252.367837
48 12 13 16.110047 259.533624
48 16 17 16.432928 270.041136
48 18 19 15.940257 254.091801
48 20 21 16.016582 256.530889
48 26 27 15.892485 252.571069
48 28 29 16.092885 258.980945
49 2 3 15.617164 243.895825
49 4 7 15.948742 254.362356
49 8 9 15.850378 251.234468
49 10 11 15.816076 250.148245
49 12 13 16.235145 263.579921
49 16 17 15.671138 245.584556
49 18 19 15.991104 255.715400
49 20 21 15.845479 251.079189
49 26 27 15.574525 242.565844
49 28 29 16.332550 266.752201
50 2 3 16.098495 259.161556
50 4 7 16.468982 271.227361
50 8 9 16.316661 266.233414
50 10 11 15.681116 245.897394
50 12 13 16.458707 270.889025
50 16 17 15.959602 254.708900
50 18 19 15.803342 249.745613
50 20 21 15.832465 250.666954
50 26 27 16.257966 264.321464
50 28 29 16.239099 263.708349
51 2 3 15.683175 245.961964
51 4 7 15.616165 243.864609
51 8 9 16.665411 277.735925
51 10 11 16.201906 262.501757
51 12 13 16.033317 257.067269
51 16 17 16.162707 261.233096
51 18 19 15.850618 251.242100
51 20 21 16.175123 261.634600
51 26 27 15.780262 249.016681
51 28 29 16.057640 257.847813
52 2 3 15.941113 254.119089
52 4 7 16.639642 276.877700
52 8 9 15.799201 249.614737
52 10 11 16.005695 256.182269
52 12 13 15.756517 248.267816
52 16 17 16.022577 256.722984
52 18 19 15.792979 249.418170
52 20 21 16.014570 256.466452
52 26 27 15.705344 246.657816
52 28 29 15.887968 252.427524
53 2 3 15.609693 243.662525
53 4 7 16.175838 261.657725
53 8 9 16.453989 270.733753
53 10 11 15.847698 251.149518
53 12 13 15.928868 253.728844
53 16 17 16.227850 263.343124
53 18 19 15.964923 254.878760
53 20 21 15.790832 249.350388
53 26 27 16.465634 271.117096
53 28 29 16.225776 263.275818
54 2 3 15.408199 237.412600
54 4 7 15.619775 243.977369
54 8 9 15.887962 252.427341
54 10 11 15.605351 243.526965
54 12 13 16.220640 263.109161
54 16 17 16.287567 265.284844
54 18 19 15.917626 253.370829
54 20 21 15.910357 253.139465
54 26 27 15.891216 252.530736
54 28 29 16.015895 256.508897
55 2 3 15.857581 251.462884
55 4 7 16.252814 264.153969
55 8 9 15.638562 244.564633
55 10 11 15.794647 249.470860
55 12 13 15.442805 238.480241
55 16 17 16.052203 257.673236
55 18 19 15.547163 241.714265
55 20 21 16.120909 259.883722
55 26 27 15.908076 253.066889
55 28 29 15.915869 253.314900
56 2 3 15.715717 246.983761
56 4 7 16.666886 277.785104
56 8 9 16.179922 261.789881
56 10 11 15.895304 252.660678
56 12 13 16.021281 256.681449
56 16 17 16.155907 261.013329
56 18 19 15.539299 241.469818
56 20 21 16.763393 281.011334
56 26 27 15.763470 248.486989
56 28 29 15.852148 251.290590
57 2 3 16.098653 259.166625
57 4 7 15.688272 246.121876
57 8 9 15.525974 241.055862
57 10 11 15.822950 250.365734
57 12 13 15.290235 233.791289
57 16 17 15.813929 250.080344
57 18 19 16.119590 259.841172
57 20 21 16.724674 279.714718
57 26 27 15.731322 247.474500
57 28 29 15.889241 252.467978
58 2 3 16.198886 262.403921
58 4 7 15.368511 236.191124
58 8 9 16.044508 257.426242
58 10 11 16.064585 258.070882
58 12 13 15.364480 236.067256
58 16 17 16.304961 265.851764
58 18 19 15.899353 252.789441
58 20 21 16.013545 256.433625
58 26 27 16.509360 272.558964
58 28 29 16.079477 258.549578
59 2 3 15.722796 247.206329
59 4 7 16.050824 257.628936
59 8 9 15.806650 249.850185
59 10 11 15.757377 248.294921
59 12 13 16.019886 256.636736
59 16 17 15.711191 246.841529
59 18 19 15.800204 249.646457
59 20 21 16.499612 272.237192
59 26 27 16.310010 266.016425
59 28 29 15.936896 253.984650
60 2 3 15.900511 252.826261
60 4 7 16.231975 263.477000
60 8 9 15.974977 255.199896
60 10 11 15.880952 252.204644
60 12 13 16.137537 260.420116
60 16 17 15.818773 250.233581
60 18 19 16.354273 267.462245
60 20 21 16.029621 256.948749
60 26 27 15.748803 248.024789
60 28 29 16.637510 276.806750
61 2 3 15.920934 253.476136
61 4 7 16.064017 258.052641
61 8 9 16.050106 257.605905
61 10 11 16.193934 262.243500
61 12 13 16.127939 260.110429
61 16 17 15.919736 253.438004
61 18 19 16.340304 267.005549
61 20 21 16.001706 256.054608
61 26 27 15.653770 245.040504
61 28 29 16.099765 259.202426
62 2 3 15.900821 252.836100
62 4 7 15.986603 255.571464
62 8 9 16.090813 258.914269
62 10 11 15.394267 236.983446
62 12 13 15.541740 241.545681
62 16 17 15.592042 243.111789
62 18 19 16.315259 266.187690
62 20 21 16.328666 266.625324
62 26 27 15.485502 239.800785
62 28 29 16.164964 261.306056
63 2 3 16.479393 271.570400
63 4 7 16.325981 266.537641
63 8 9 15.704223 246.622613
63 10 11 16.035100 257.124429
63 12 13 15.240715 232.279400
63 16 17 16.048186 257.544264
63 18 19 16.320961 266.373784
63 26 27 16.124299 259.993030
63 28 29 15.982226 255.431545
64 2 3 16.121246 259.894584
64 4 7 16.017026 256.545125
64 8 9 16.140035 260.500744
64 10 11 16.245151 263.904921
64 12 13 16.256035 264.258689
64 16 17 15.590293 243.057225
64 18 19 16.016492 256.528025
64 20 21 15.620572 244.002281
64 26 27 16.377145 268.210862
64 28 29 16.135474 260.353514
65 2 3 16.075703 258.428236
65 4 7 16.044251 257.417976
65 8 9 15.623767 244.102104
65 10 11 16.283838 265.163393
65 12 13 16.155350 260.995336
65 16 17 16.081562 258.616629
65 18 19 15.825783 250.455417
65 20 21 16.495404 272.098350
65 26 27 16.068052 258.182306
65 28 29 16.186179 261.992402
66 2 3 16.689164 278.528184
66 4 7 15.346255 235.507541
66 8 9 16.074111 258.377029
66 10 11 16.178980 261.759386
66 12 13 16.223564 263.204036
66 16 17 16.460350 270.943109
66 18 19 16.027278 256.873650
66 20 21 16.628204 276.497165
66 26 27 16.258645 264.343553
66 28 29 15.552950 241.894250
67 2 3 15.956703 254.616356
67 4 7 15.683929 245.985644
67 8 9 16.319150 266.314641
67 10 11 15.767722 248.621066
67 12 13 15.938699 254.042136
67 16 17 15.943932 254.208969
67 18 19 16.069839 258.239729
67 20 21 16.416329 269.495874
67 26 27 16.021449 256.686829
67 28 29 16.674919 278.052930
68 2 3 16.631023 276.590924
68 8 9 16.074865 258.401300
68 10 11 15.631303 244.337625
68 12 13 16.143132 260.600696
68 16 17 15.766508 248.582781
68 18 19 15.580997 242.767458
68 20 21 16.169936 261.466829
68 26 27 16.008801 256.281725
68 28 29 15.909140 253.100722
69 2 3 16.197209 262.349589
69 8 9 15.883660 252.290664
69 10 11 15.759763 248.370133
69 12 13 15.929091 253.735949
69 16 17 15.924690 253.595736
69 18 19 15.149656 229.512065
69 20 21 15.965379 254.893322
69 26 27 16.023904 256.765493
69 28 29 16.037591 257.204340
70 2 3 16.117699 259.780221
70 8 9 16.260397 264.400521
70 10 11 16.441545 270.324397
70 12 13 16.159241 261.121064
70 18 19 16.372029 268.043338
70 20 21 15.772182 248.761733
70 26 27 16.099585 259.196625
70 28 29 16.269718 264.703725
71 2 3 16.128550 260.130124
71 8 9 15.791109 249.359125
71 10 11 15.538193 241.435433
71 18 19 16.329939 266.666909
71 20 21 15.653076 245.018784
71 26 27 15.649558 244.908650
71 28 29 16.331460 266.716589
72 2 3 16.525723 273.099525
72 8 9 16.080742 258.590270
72 10 11 15.405027 237.314861
72 18 19 16.144031 260.629736
72 20 21 16.176437 261.677108
72 26 27 16.161652 261.199001
72 28 29 15.822813 250.361400
73 2 3 15.578489 242.689325
73 8 9 15.483074 239.725581
73 10 11 16.205643 262.622852
73 18 19 15.608955 243.639465
73 20 21 15.996636 255.892364
73 26 27 15.326501 234.901625
73 28 29 16.331723 266.725189
74 2 3 15.808263 249.901169
74 8 9 16.314338 266.157609
74 10 11 16.315834 266.206454
74 12 13 15.744543 247.890641
74 18 19 16.249357 264.041600
74 20 21 16.233437 263.524481
74 26 27 15.931727 253.819922
74 28 29 15.918288 253.391894
75 2 3 15.960053 254.723304
75 8 9 15.828179 250.531238
75 10 11 15.707575 246.727909
75 12 13 15.710274 246.812709
75 18 19 15.636981 244.515174
75 20 21 16.408948 269.253569
75 26 27 15.599285 243.337697
75 28 29 16.006765 256.216520
76 2 3 15.994104 255.811349
76 8 9 15.606353 243.558264
76 10 11 16.217439 263.005326
76 12 13 16.226522 263.300025
76 18 19 15.917008 253.351157
76 20 21 15.849943 251.220704
76 26 27 15.481604 239.680050
76 28 29 15.826742 250.485761
77 2 3 16.000360 256.011509
77 8 9 16.082236 258.638324
77 10 11 15.643206 244.709905
77 12 13 16.291213 265.403624
77 18 19 16.129094 260.147669
77 20 21 16.043198 257.384196
77 26 27 15.988842 255.643076
77 28 29 15.421160 237.812190
78 2 3 15.963354 254.828684
78 8 9 16.098303 259.155354
78 10 11 15.610857 243.698841
78 12 13 16.201560 262.490536
78 20 21 15.896428 252.696429
78 26 27 16.521996 272.976366
78 28 29 16.247857 263.992869
79 2 3 16.027040 256.865996
79 8 9 16.309958 266.014725
79 10 11 16.516712 272.801765
79 12 13 16.105780 259.396136
79 16 17 15.664121 245.364684
79 20 21 16.139642 260.488049
79 26 27 16.164927 261.304857
79 28 29 15.607683 243.599781
80 2 3 16.156957 261.047269
80 8 9 15.913585 253.242180
80 10 11 16.302885 265.784058
80 12 13 15.931202 253.803189
80 16 17 15.829999 250.588869
80 20 21 15.873366 251.963749
80 26 27 16.082375 258.642776
80 28 29 15.398425 237.111492
81 2 3 16.016608 256.531736
81 8 9 15.697134 246.400013
81 10 11 16.245419 263.913641
81 12 13 16.236298 263.617381
81 16 17 15.524308 241.004136
81 20 21 16.358107 267.587649
81 26 27 16.562514 274.316857
81 28 29 15.555078 241.960465
82 2 3 16.183554 261.907404
82 8 9 16.112853 259.624022
82 10 11 16.298040 265.626094
82 12 13 16.210526 262.781144
82 16 17 16.580835 274.924096
82 20 21 16.388394 268.579444
82 26 27 16.395464 268.811254
82 28 29 15.626310 244.181561
83 2 3 16.001292 256.041344
83 8 9 15.981092 255.395297
83 10 11 16.095225 259.056281
83 12 13 16.185606 261.973841
83 16 17 16.099809 259.203861
83 20 21 15.744765 247.897638
83 26 27 16.367564 267.897140
83 28 29 15.941886 254.143741
84 2 3 16.023967 256.767525
84 8 9 15.506220 240.442845
84 10 11 15.958930 254.687444
84 12 13 16.103899 259.335569
84 16 17 15.782369 249.083156
84 20 21 16.242768 263.827525
84 26 27 16.208411 262.712585
84 28 29 16.214135 262.898181
85 2 3 16.384515 268.452329
85 8 9 16.001224 256.039185
85 10 11 16.196294 262.319953
85 12 13 16.593071 275.330000
85 16 17 16.276232 264.915725
85 20 21 16.014674 256.469789
85 26 27 15.609468 243.655481
85 28 29 15.513720 240.675504
86 2 3 15.890272 252.500741
86 8 9 15.780385 249.020566
86 10 11 16.236845 263.635133
86 12 13 15.606779 243.571561
86 16 17 16.015908 256.509316
86 20 21 16.289644 265.352493
86 26 27 15.722942 247.210913
86 28 29 15.040831 226.226606
87 2 3 16.209149 262.736525
87 8 9 16.006784 256.217128
87 10 11 15.861486 251.586733
87 12 13 16.094153 259.021769
87 16 17 15.880826 252.200625
87 20 21 15.859877 251.535701
87 26 27 15.763399 248.484757
87 28 29 16.001291 256.041305
88 2 3 15.261405 232.910484
88 8 9 15.949324 254.380940
88 10 11 16.386979 268.533080
88 12 13 16.112918 259.626125
88 16 17 16.060797 257.949216
88 20 21 16.034493 257.104981
88 26 27 16.472628 271.347485
88 28 29 15.537853 241.424869
89 2 3 15.924851 253.600884
89 8 9 15.652236 244.992478
89 10 11 16.110826 259.558700
89 12 13 16.003784 256.121100
89 16 17 16.058126 257.863401
89 20 21 15.432783 238.170784
89 26 27 16.141203 260.538425
89 28 29 15.380436 236.557816
90 2 3 15.694594 246.320296
90 8 9 15.745854 247.931924
90 10 11 15.949462 254.385353
90 12 13 15.830438 250.602761
90 16 17 16.114643 259.681725
90 20 21 15.953077 254.500669
90 26 27 15.694101 246.304810
90 28 29 16.355957 267.517324
91 2 3 16.800894 282.270056
91 8 9 15.599910 243.357185
91 10 11 15.813488 250.066388
91 12 13 15.411415 237.511700
91 16 17 16.274526 264.860184
91 20 21 15.634694 244.443656
91 26 27 16.082551 258.648445
91 28 29 15.226855 231.857125
92 2 3 16.358282 267.593400
92 8 9 15.620390 243.996597
92 10 11 15.673218 245.649764
92 12 13 15.472705 239.404596
92 16 17 16.601904 275.623200
92 20 21 15.932089 253.831470
92 26 27 16.010565 256.338185
92 28 29 15.674138 245.678609
93 2 3 15.965373 254.893121
93 8 9 15.822951 250.365764
93 10 11 15.632728 244.382181
93 12 13 16.122689 259.941096
93 16 17 15.800474 249.654981
93 20 21 16.454939 270.765029
93 26 27 16.066601 258.135665
93 28 29 15.783767 249.127289
94 2 3 15.710416 246.817181
94 8 9 15.592790 243.135108
94 10 11 16.342058 267.062858
94 12 13 16.039112 257.253100
94 16 17 15.974140 255.173156
94 20 21 16.070093 258.247896
94 26 27 16.290825 265.390965
94 28 29 16.142148 260.568929
95 2 3 15.914453 253.269800
95 8 9 16.252987 264.159601
95 10 11 16.160780 261.170802
95 12 13 15.654711 245.069981
95 16 17 16.836987 283.484136
95 20 21 15.649285 244.900132
95 26 27 15.817048 250.178993
95 28 29 15.821881 250.331909
96 2 3 15.754825 248.214525
96 8 9 15.784628 249.154476
96 10 11 16.116265 259.733998
96 12 13 16.176581 261.681769
96 16 17 15.794849 249.477269
96 20 21 16.007788 256.249269
96 26 27 16.403306 269.068437
96 28 29 15.394283 236.983953
97 2 3 16.581337 274.940749
97 8 9 15.987285 255.593296
97 10 11 15.522687 240.953805
97 12 13 15.693794 246.295176
97 16 17 15.904984 252.968504
97 20 21 15.977230 255.271889
97 26 27 16.129347 260.155838
97 28 29 15.730623 247.452501
98 2 3 16.123701 259.973729
98 8 9 15.744423 247.886850
98 10 11 16.095332 259.059721
98 12 13 16.149063 260.792241
98 16 17 16.359757 267.641664
98 20 21 15.561935 242.173829
98 26 27 15.930642 253.785345
98 28 29 15.987054 255.585900
99 2 3 15.904806 252.962849
99 8 9 15.735677 247.611541
99 10 11 16.048010 257.538614
99 12 13 15.898370 252.758184
99 16 17 15.761239 248.416661
99 20 21 16.026153 256.837588
99 26 27 15.641448 244.654885
99 28 29 15.496139 240.130324
100 2 3 16.180640 261.813100
100 8 9 15.725693 247.297416
100 10 11 15.911458 253.174489
100 12 13 16.160303 261.155404
100 16 17 15.389767 236.844929
100 20 21 15.460226 239.018582
100 26 27 16.233123 263.514296
100 28 29 15.752044 248.126900
101 2 3 16.546655 273.791784
101 8 9 15.922598 253.529129
101 10 11 16.211646 262.817450
101 12 13 15.763909 248.500825
101 16 17 16.268433 264.661925
101 20 21 16.458339 270.876925
101 26 27 15.414517 237.607325
101 28 29 15.897161 252.719741
102 2 3 16.071569 258.295341
102 8 9 15.802595 249.722000
102 10 11 16.545330 273.747944
102 12 13 15.902712 252.896244
102 16 17 16.115666 259.714696
102 20 21 16.137621 260.422801
102 26 27 15.839187 250.879841
102 28 29 16.112345 259.607656
103 2 3 15.681880 245.921369
103 8 9 16.352279 267.397021
103 10 11 16.374380 268.120312
103 12 13 16.031771 257.017669
103 16 17 15.870700 251.879109
103 20 21 15.743245 247.849750
103 26 27 15.968525 254.993796
103 28 29 15.893130 252.591577
104 2 3 15.432988 238.177125
104 8 9 16.012753 256.408256
104 10 11 15.783764 249.127192
104 12 13 15.986460 255.566900
104 16 17 15.577227 242.649989
104 26 27 16.337622 266.917901
104 28 29 16.492941 272.017100
105 2 3 16.233619 263.530384
105 8 9 16.202721 262.528161
105 10 11 15.874780 252.008641
105 12 13 15.953150 254.503000
105 16 17 15.666480 245.438596
105 20 21 15.888136 252.432873
105 26 27 16.080584 258.585196
105 28 29 16.043060 257.379789
106 2 3 15.760084 248.380241
106 8 9 15.489123 239.912936
106 10 11 15.779950 249.006814
106 12 13 15.991771 255.736725
106 16 17 15.545264 241.655225
106 20 21 15.961399 254.766265
106 26 27 16.119735 259.845869
106 28 29 16.061589 257.974644
107 2 3 16.120243 259.862244
107 8 9 16.123521 259.967925
107 10 11 16.321292 266.384585
107 12 13 15.992680 255.765816
107 16 17 15.718694 247.077349
107 20 21 16.123937 259.981357
107 26 27 16.322676 266.429761
107 28 29 15.985017 255.520781
108 2 3 16.044756 257.434200
108 8 9 15.912544 253.209041
108 10 11 16.370072 267.979265
108 12 13 15.986084 255.554869
108 16 17 15.892508 252.571809
108 20 21 15.923983 253.573249
108 26 27 16.335869 266.860625
108 28 29 16.011754 256.376276
109 2 3 16.722621 279.646041
109 8 9 15.532741 241.266056
109 10 11 15.744756 247.897353
109 12 13 15.836634 250.798964
109 16 17 15.845429 251.077609
109 20 21 15.487831 239.872905
109 26 27 16.168595 261.423464
109 28 29 15.992802 255.769729
110 2 3 15.923809 253.567684
110 8 9 15.807444 249.875296
110 10 11 16.462338 271.008585
110 12 13 15.507811 240.492216
110 16 17 16.015342 256.491169
110 20 21 15.884473 252.316481
110 26 27 15.871562 251.906484
110 28 29 16.055271 257.771725
111 2 3 15.774640 248.839256
111 8 9 15.768823 248.655769
111 10 11 16.216777 262.983845
111 12 13 15.799356 249.619656
111 16 17 15.796422 249.526961
111 20 21 16.157547 261.066321
111 26 27 16.041753 257.337849
111 28 29 16.053968 257.729876
112 2 3 15.350223 235.629341
112 8 9 16.280105 265.041804
112 10 11 15.943140 254.183709
112 12 13 16.492669 272.008125
112 16 17 16.088126 258.827800
112 20 21 16.215264 262.934802
112 26 27 15.876102 252.050625
112 28 29 16.208186 262.705300
113 2 3 15.840880 250.933464
113 8 9 15.761124 248.413044
113 10 11 15.348553 235.578069
113 12 13 16.324313 266.483204
113 16 17 15.825629 250.450536
113 20 21 15.913771 253.248113
113 26 27 17.232867 296.971700
113 28 29 16.279038 265.007089
114 2 3 16.160432 261.159549
114 8 9 15.885500 252.349100
114 10 11 15.777886 248.941698
114 12 13 16.160865 261.173544
114 16 17 15.641107 244.644216
114 20 21 15.418311 237.724304
114 26 27 16.569763 274.557041
114 28 29 16.466686 271.151764
115 2 3 15.645524 244.782409
115 8 9 16.017739 256.567969
115 10 11 15.515324 240.725273
115 12 13 16.018722 256.599464
115 16 17 16.099630 259.198101
115 20 21 16.180091 261.795342
115 26 27 15.865403 251.711025
115 28 29 16.069911 258.242049
116 2 3 15.894930 252.648800
116 8 9 16.473771 271.385136
116 10 11 16.039370 257.261405
116 12 13 15.400765 237.183569
116 16 17 15.687839 246.108289
116 20 21 16.067051 258.150129
116 26 27 16.222830 263.180200
116 28 29 15.977025 255.265336
117 2 3 16.303289 265.797229
117 8 9 16.240139 263.742125
117 10 11 15.583998 242.861005
117 12 13 15.831207 250.627101
117 16 17 16.343245 267.101641
117 20 21 15.622191 244.052850
117 26 27 15.512969 240.652216
117 28 29 15.981336 255.403090
118 2 3 15.796474 249.528596
118 8 9 16.185873 261.982481
118 10 11 15.523215 240.970193
118 12 13 16.087504 258.807789
118 16 17 15.689952 246.174596
118 20 21 16.137919 260.432420
118 26 27 16.562572 274.318800
118 28 29 15.920619 253.466106
119 2 3 15.759517 248.362369
119 8 9 16.109045 259.501336
119 10 11 15.999163 255.973225
119 12 13 16.534547 273.391249
119 16 17 14.923684 222.716356
119 20 21 15.831705 250.642893
119 26 27 16.409436 269.269600
119 28 29 15.656283 245.119184
120 0 23 15.530381 241.192733
120 2 3 16.074335 258.384241
120 8 9 15.918874 253.410537
120 10 11 15.967200 254.951473
120 12 13 15.788052 249.262589
120 16 17 15.568386 242.374641
120 20 21 16.165745 261.331296
120 26 27 16.399278 268.936324
120 28 29 16.641783 276.948941
121 0 23 15.964753 254.873326
121 2 3 15.628903 244.262600
121 8 9 16.440707 270.296833
121 10 11 15.665214 245.398936
121 12 13 15.354435 235.758661
121 16 17 16.100060 259.211936
121 20 21 15.287572 233.709845
121 26 27 15.724834 247.270404
121 28 29 16.307987 265.950449
122 0 23 15.671834 245.606385
122 2 3 16.379062 268.273676
122 8 9 15.956950 254.624244
122 10 11 16.043780 257.402862
122 12 13 15.731681 247.485800
122 16 17 15.849115 251.194436
122 20 21 15.691543 246.224533
122 26 27 16.390836 268.659496
122 28 29 15.932114 253.832256
123 0 23 15.778368 248.956910
123 2 3 16.146156 260.698341
123 8 9 15.864679 251.688044
123 10 11 15.942591 254.166200
123 12 13 15.370355 236.247816
123 16 17 15.146478 229.415801
123 20 21 15.494145 240.068534
123 26 27 16.017809 256.570200
123 28 29 16.329789 266.662004
124 0 23 16.607236 275.800277
124 2 3 16.071594 258.296149
124 8 9 15.851526 251.270881
124 10 11 15.483307 239.732804
124 12 13 16.302213 265.762161
124 16 17 15.709450 246.786809
124 20 21 15.406880 237.371966
124 26 27 16.625561 276.409289
124 28 29 15.923787 253.566984
125 0 23 15.377533 236.468524
125 2 3 15.546836 241.704101
125 8 9 15.771628 248.744254
125 10 11 16.333410 266.780270
125 12 13 16.234176 263.548456
125 16 17 16.219447 263.070476
125 20 21 15.660222 245.242568
125 26 27 16.252416 264.141016
125 28 29 15.822251 250.343625
126 0 23 16.107583 259.454240
126 2 3 16.260370 264.399624
126 8 9 15.608154 243.614456
126 10 11 15.450653 238.722674
126 12 13 16.082560 258.648749
126 16 17 15.650995 244.953656
126 20 21 16.259958 264.386239
126 26 27 16.198722 262.398600
126 28 29 16.253467 264.175184
127 0 23 16.086287 258.768617
127 2 3 16.142909 260.593525
127 8 9 15.701617 246.540789
127 10 11 15.901058 252.843644
127 12 13 16.279463 265.020900
127 16 17 15.721571 247.167800
127 18 19 15.850816 251.248353
127 20 21 15.460726 239.034040
127 26 27 16.351586 267.374376
127 28 29 15.866677 251.751429
128 0 23 15.932063 253.830618
128 2 3 15.962585 254.804104
128 8 9 16.343056 267.095465
128 10 11 15.848721 251.181969
128 12 13 16.241814 263.796529
128 16 17 15.991886 255.740409
128 18 19 16.272430 264.791993
128 20 21 16.171792 261.526858
128 26 27 15.855501 251.396900
128 28 29 16.124662 260.004725
129 0 23 16.353396 267.433577
129 2 3 16.471429 271.307976
129 8 9 15.904135 252.941525
129 10 11 15.755655 248.240665
129 12 13 16.371509 268.026296
129 16 17 15.647873 244.855924
129 18 19 16.535286 273.415679
129 20 21 16.081486 258.614185
129 26 27 16.547697 273.826264
129 28 29 15.659074 245.206601
130 0 23 15.816807 250.171385
130 2 3 15.908312 253.074384
130 8 9 15.847252 251.135389
130 10 11 16.235076 263.577690
130 12 13 16.394580 268.782269
130 16 17 15.704406 246.628376
130 18 19 16.125331 260.026290
130 20 21 16.462771 271.022830
130 26 27 16.449024 270.570404
130 28 29 16.038640 257.237969
131 0 23 15.452354 238.775239
131 2 3 15.766438 248.580561
131 8 9 15.516082 240.748813
131 10 11 15.677188 245.774230
131 12 13 16.016585 256.531000
131 16 17 15.355539 235.792589
131 18 19 15.835184 250.753061
131 20 21 16.449906 270.599416
131 26 27 16.124706 260.006141
131 28 29 16.313477 266.129516
132 0 23 16.351607 267.375058
132 2 3 15.119281 228.592664
132 8 9 15.206957 231.251534
132 10 11 15.543327 241.595012
132 12 13 15.602346 243.433196
132 16 17 15.905805 252.994625
132 18 19 15.778311 248.955113
132 20 21 15.525164 241.030729
132 26 27 16.063084 258.022664
132 28 29 15.620746 244.007700
133 0 23 15.962610 254.804913
133 2 3 15.417753 237.707109
133 8 9 15.853725 251.340581
133 10 11 16.320239 266.350212
133 12 13 16.055408 257.776125
133 16 17 15.693488 246.285576
133 18 19 15.478293 239.577557
133 20 21 16.544919 273.734334
133 26 27 16.241533 263.787384
133 28 29 15.827559 250.511625
134 0 23 15.917288 253.360060
134 2 3 16.245911 263.929616
134 8 9 15.549795 241.796120
134 10 11 16.067400 258.161357
134 12 13 15.713773 246.922649
134 16 17 16.367685 267.901121
134 20 21 15.713793 246.923300
134 26 27 16.205990 262.634109
134 28 29 15.661180 245.272569
135 0 23 15.795852 249.508925
135 2 3 16.119281 259.831229
135 8 9 15.902574 252.891869
135 10 11 15.715554 246.978630
135 12 13 16.045661 257.463224
135 16 17 15.755827 248.246069
135 20 21 15.798520 249.593240
135 26 27 16.116186 259.731458
135 28 29 15.906857 253.028104
136 0 23 15.862912 251.631989
136 2 3 16.045120 257.445861
136 8 9 15.709324 246.782869
136 10 11 16.189342 262.094788
136 12 13 15.737656 247.673824
136 16 17 16.094191 259.022996
136 18 19 15.930713 253.787625
136 20 21 15.304677 234.233138
136 26 27 16.213287 262.870680
136 28 29 15.960435 254.735481
137 0 23 16.047606 257.525668
137 2 3 16.118999 259.822125
137 8 9 15.959229 254.696985
137 10 11 15.680774 245.886685
137 12 13 16.408675 269.244625
137 16 17 15.964381 254.861461
137 18 19 16.004719 256.151016
137 20 21 15.452945 238.793514
137 26 27 16.122610 259.938546
137 28 29 16.181314 261.834921
138 0 23 15.680153 245.867193
138 2 3 16.284025 265.169456
138 8 9 15.624658 244.129925
138 10 11 15.106447 228.204733
138 12 13 16.338988 266.962521
138 16 17 16.178151 261.732581
138 18 19 16.078013 258.502504
138 20 21 16.303280 265.796933
138 26 27 17.022554 289.767345
138 28 29 16.321469 266.390344
139 0 23 15.852772 251.310380
139 2 3 15.840944 250.935521
139 8 9 15.854047 251.350813
139 10 11 16.072650 258.330065
139 12 13 15.856548 251.430100
139 16 17 16.126691 260.070149
139 18 19 15.672397 245.624030
139 20 21 15.719165 247.092148
139 26 27 16.264423 264.531449
139 28 29 15.901738 252.865269
140 0 23 15.549113 241.774903
140 2 3 16.395926 268.826384
140 8 9 16.003140 256.100478
140 10 11 14.978467 224.354465
140 12 13 16.549684 273.892044
140 16 17 16.229029 263.381369
140 18 19 15.850536 251.239478
140 20 21 15.940618 254.103317
140 26 27 15.495139 240.099329
140 28 29 15.807407 249.874124
141 0 23 16.280538 265.055909
141 2 3 15.667886 245.482641
141 8 9 15.941077 254.117938
141 10 11 15.696932 246.393661
141 12 13 15.900551 252.827509
141 16 17 16.264656 264.539029
141 18 19 15.868272 251.802057
141 20 21 15.789313 249.302390
141 26 27 16.109975 259.531296
141 28 29 16.005047 256.161524
142 0 23 15.925134 253.609880
142 2 3 15.474992 239.475381
142 8 9 15.622071 244.049100
142 10 11 15.844044 251.033741
142 12 13 16.597712 275.484029
142 16 17 15.848544 251.176356
142 18 19 15.605461 243.530405
142 20 21 16.100703 259.232625
142 26 27 15.660302 245.245069
142 28 29 15.948929 254.368324
143 0 23 16.142306 260.574050
143 2 3 15.797618 249.564749
143 8 9 15.982966 255.455190
143 10 11 15.382625 236.625138
143 12 13 16.171991 261.533284
143 16 17 15.479864 239.626200
143 18 19 16.010071 256.322365
143 20 21 16.250012 264.062897
143 26 27 16.285081 265.203876
143 28 29 16.339396 266.975869
144 0 23 15.921166 253.483536
144 2 3 15.105029 228.161909
144 8 9 16.048481 257.553749
144 10 11 15.802216 249.710027
144 12 13 15.490833 239.965901
144 16 17 15.635004 244.453364
144 18 19 15.636824 244.510280
144 20 21 15.984779 255.513162
144 26 27 16.398189 268.900600
144 28 29 15.813969 250.081604
145 0 23 15.907763 253.056924
145 2 3 15.584824 242.886741
145 8 9 16.079296 258.543765
145 10 11 15.910150 253.132877
145 12 13 16.260853 264.415329
145 16 17 16.244123 263.871521
145 18 19 16.155101 260.987285
145 20 21 15.979341 255.339333
145 26 27 15.958335 254.668469
145 28 29 16.283489 265.152025
146 0 23 16.079524 258.551090
146 2 3 15.626473 244.186664
146 8 9 15.559673 242.103417
146 10 11 16.136882 260.398952
146 12 13 15.774075 248.821429
146 16 17 16.354653 267.474681
146 18 19 15.963643 254.837892
146 20 21 16.045016 257.442525
146 26 27 15.928206 253.707756
146 28 29 15.751509 248.110049
147 0 23 16.051516 257.651153
147 2 3 15.745091 247.907876
147 8 9 16.371459 268.024680
147 10 11 15.680494 245.877906
147 12 13 15.586681 242.944621
147 16 17 16.137840 260.429889
147 18 19 15.901587 252.860458
147 20 21 15.519162 240.844377
147 26 27 16.066951 258.146916
147 28 29 16.078991 258.533936
148 0 23 16.165199 261.313661
148 2 3 15.307381 234.315924
148 8 9 15.890817 252.518060
148 10 11 15.422161 237.843044
148 12 13 15.957466 254.640724
148 16 17 16.145426 260.674796
148 18 19 16.184703 261.944600
148 20 21 16.415819 269.479124
148 26 27 15.849789 251.215822
148 28 29 15.837090 250.813416
149 0 23 16.310696 266.038808
149 2 3 16.009511 256.304436
149 8 9 16.036361 257.164890
149 10 11 15.575741 242.603700
149 12 13 16.491640 271.974181
149 16 17 16.252523 264.144501
149 18 19 16.056917 257.824584
149 20 21 16.081072 258.600868
149 26 27 15.661730 245.289801
149 28 29 16.355718 267.509525
150 0 23 16.232180 263.483654
150 2 3 15.508672 240.518900
150 8 9 15.519113 240.842865
150 10 11 16.128445 260.126728
150 12 13 16.278729 264.997021
150 18 19 15.965412 254.894389
150 20 21 15.980005 255.360570
150 26 27 15.847805 251.152921
150 28 29 15.948632 254.358870
151 0 23 15.638949 244.576721
151 2 3 15.309728 234.387764
151 8 9 15.469299 239.299220
151 10 11 15.973181 255.142500
151 12 13 16.035954 257.151821
151 18 19 15.967074 254.947438
151 20 21 15.930035 253.766024
151 26 27 15.520570 240.888081
151 28 29 15.824956 250.429225
152 0 23 15.737573 247.671191
152 2 3 16.288082 265.301625
152 8 9 15.813147 250.055633
152 12 13 16.017745 256.568149
152 18 19 15.851963 251.284737
152 20 21 15.656877 245.137809
152 26 27 16.328647 266.624720
152 28 29 16.618948 276.189441
153 0 23 15.812541 250.036457
153 2 3 16.027692 256.886901
153 8 9 15.440258 238.401572
153 12 13 15.962146 254.790104
153 18 19 15.532390 241.255125
153 20 21 16.525530 273.093148
153 26 27 15.206352 231.233134
153 28 29 15.988689 255.638181
154 2 3 15.729042 247.402764
154 8 9 15.782785 249.096310
154 12 13 16.346082 267.194404
154 18 19 16.128934 260.142500
154 20 21 15.903232 252.912775
154 26 27 16.008888 256.284493
154 28 29 14.941191 223.239176
155 2 3 16.409369 269.267400
155 8 9 16.248351 264.008916
155 12 13 16.422068 269.684309
155 16 17 15.438021 238.332500
155 18 19 15.720798 247.143500
155 20 21 15.894060 252.621158
155 26 27 16.603618 275.680136
155 28 29 15.991892 255.740625
156 2 3 15.690158 246.181044
156 8 9 16.127190 260.086245
156 12 13 15.904492 252.952856
156 16 17 16.360536 267.667144
156 18 19 15.956595 254.612916
156 20 21 16.116863 259.753286
156 26 27 15.661919 245.295720
156 28 29 16.219361 263.067664
157 2 3 15.410499 237.483481
157 8 9 16.028959 256.927537
157 12 13 15.978046 255.297956
157 16 17 15.500326 240.260121
157 18 19 16.305360 265.864772
157 20 21 16.200786 262.465478
157 26 27 16.384419 268.449197
157 28 29 16.009569 256.306296
158 2 3 15.507578 240.484969
158 8 9 15.555046 241.959464
158 12 13 16.055970 257.794161
158 16 17 16.061075 257.958125
158 18 19 15.917307 253.360665
158 20 21 15.836744 250.802449
158 26 27 16.150963 260.853621
158 28 29 15.872998 251.952069
159 2 3 15.466696 239.218700
159 8 9 16.168798 261.430025
159 12 13 16.166611 261.359300
159 16 17 15.767454 248.612616
159 18 19 15.490280 239.948777
159 20 21 15.898314 252.756387
159 26 27 16.041546 257.331214
159 28 29 16.140987 260.531476
160 8 9 15.818293 250.218386
160 12 13 15.923011 253.542276
160 16 17 15.942894 254.175861
160 18 19 16.128440 260.126561
160 20 21 16.072160 258.314337
160 26 27 15.677445 245.782286
160 28 29 15.694103 246.304881
161 2 3 16.240550 263.755476
161 8 9 16.072182 258.315048
161 12 13 16.047275 257.515041
161 16 17 15.627213 244.209789
161 18 19 15.913532 253.240492
161 20 21 16.305033 265.854104
161 26 27 15.698693 246.448965
161 28 29 16.125753 260.039924
162 2 3 16.108292 259.477076
162 8 9 16.073187 258.347330
162 16 17 16.149030 260.791169
162 18 19 15.286815 233.686700
162 20 21 16.376999 268.206102
162 26 27 15.868734 251.816722
162 28 29 16.163282 261.251701
163 2 3 16.189164 262.089044
163 8 9 16.170084 261.471617
163 16 17 16.014166 256.453509
163 18 19 16.185715 261.977381
163 20 21 16.492060 271.988040
163 26 27 15.680159 245.867397
163 28 29 15.971901 255.101625
164 2 3 15.599603 243.347604
164 8 9 16.272896 264.807154
164 16 17 15.568652 242.382925
164 18 19 15.880701 252.196650
164 20 21 16.003804 256.121750
164 26 27 15.510145 240.564584
164 28 29 15.780826 249.034461
165 0 1 15.660422 245.248820
165 2 3 15.721375 247.161624
165 8 9 15.533929 241.302965
165 16 17 16.253355 264.171561
165 18 19 15.771857 248.751468
165 20 21 15.845527 251.080720
165 26 27 15.577049 242.644454
165 28 29 16.019776 256.633225
166 0 1 15.728677 247.391295
166 2 3 15.848158 251.164121
166 8 9 15.999781 255.992996
166 16 17 16.042116 257.349476
166 18 19 16.294730 265.518222
166 20 21 16.216747 262.982898
166 26 27 16.039279 257.258484
166 28 29 15.506173 240.441400
167 0 1 15.605992 243.546972
167 2 3 15.911270 253.168500
167 8 9 15.767730 248.621300
167 16 17 16.052820 257.693025
167 18 19 15.996897 255.900701
167 20 21 15.977400 255.277325
167 26 27 15.551914 241.862037
167 28 29 15.537326 241.408504
168 0 1 15.737694 247.675026
168 2 3 16.052154 257.671656
168 7 14 15.141181 229.255369
168 8 9 15.802127 249.707225
168 10 23 15.968348 254.988136
168 16 17 15.202159 231.105624
168 18 19 15.959727 254.712900
168 20 21 16.530601 273.260765
168 26 27 16.212463 262.843946
168 28 29 16.015793 256.505625
169 0 1 16.521468 272.958904
169 2 3 16.263088 264.488025
169 7 14 16.092803 258.978321
169 8 9 16.049585 257.589176
169 10 23 16.242312 263.812696
169 16 17 15.326263 234.894341
169 18 19 15.923550 253.559445
169 20 21 15.810189 249.962064
169 26 27 16.041624 257.333700
169 28 29 16.332135 266.738625
170 0 1 15.586771 242.947434
170 2 3 15.968827 255.003436
170 7 14 15.842970 250.999696
170 8 9 15.561223 242.151648
170 10 23 15.538578 241.447401
170 16 17 15.908759 253.088621
170 18 19 15.469623 239.309236
170 20 21 15.992808 255.769910
170 26 27 15.384086 236.670101
170 28 29 16.203533 262.554484
171 0 1 15.616712 243.881703
171 2 3 15.385138 236.702476
171 7 14 15.740041 247.748901
171 8 9 15.483508 239.739033
171 10 23 15.937876 254.015901
171 16 17 15.750640 248.082656
171 18 19 16.052834 257.693481
171 20 21 15.711940 246.865072
171 26 27 16.189847 262.111145
171 28 29 15.784812 249.160296
172 0 1 15.178903 230.399097
172 2 3 15.995981 255.871400
172 7 14 16.300818 265.716656
172 8 9 15.737681 247.674605
172 10 23 15.606109 243.550629
172 16 17 15.617542 243.907625
172 18 19 16.188586 262.070304
172 20 21 16.225689 263.272990
172 26 27 15.862311 251.612900
172 28 29 15.307744 234.327029
173 0 1 15.936328 253.966560
173 2 3 15.636451 244.498609
173 7 14 15.969873 255.036856
173 8 9 16.396238 268.836605
173 10 23 15.952064 254.468356
173 16 17 15.809265 249.932869
173 18 19 16.022498 256.720449
173 20 21 16.099086 259.180586
173 26 27 16.074149 258.378265
173 28 29 16.021626 256.692504
174 0 1 16.182260 261.865550
174 2 3 15.978809 255.322325
174 7 14 16.216991 262.990800
174 8 9 16.075248 258.413592
174 10 23 16.029349 256.940024
174 16 17 15.982164 255.429581
174 18 19 15.849117 251.194496
174 20 21 15.813260 250.059193
174 26 27 16.325518 266.522549
174 28 29 15.922175 253.515656
175 0 1 16.574926 274.728177
175 2 3 15.789775 249.316984
175 7 14 16.150415 260.835889
175 8 9 15.705699 246.668973
175 10 23 16.298861 265.652876
175 12 13 16.184471 261.937101
175 16 17 16.458636 270.886689
175 18 19 15.721518 247.166124
175 20 21 16.339346 266.974214
175 26 27 16.334492 266.815617
175 28 29 15.787795 249.254456
176 0 1 15.857570 251.462534
176 2 3 15.318967 234.670741
176 7 14 16.236001 263.607725
176 8 9 16.122759 259.943345
176 10 23 15.890093 252.495061
176 12 13 16.340922 267.025725
176 16 17 16.247370 263.977025
176 18 19 15.778550 248.962625
176 20 21 15.914200 253.261758
176 26 27 15.834979 250.746548
176 28 29 15.898735 252.769781
177 0 1 16.623456 276.339293
177 2 3 16.195145 262.282709
177 7 14 15.989208 255.654776
177 8 9 16.528111 273.178437
177 10 23 16.295001 265.527061
177 12 13 16.454607 270.754100
177 16 17 15.752397 248.138016
177 18 19 16.204871 262.597844
177 20 21 16.198058 262.377078
177 26 27 16.069566 258.230941
177 28 29 16.229208 263.387201
178 0 1 15.989583 255.666749
178 2 3 16.274250 264.851229
178 7 14 16.358567 267.602704
178 8 9 16.380883 268.333322
178 10 23 15.969445 255.023181
178 12 13 16.103177 259.312324
178 16 17 15.889403 252.473129
178 18 19 15.595667 243.224825
178 20 21 16.228417 263.361525
178 26 27 16.003631 256.116201
178 28 29 15.865903 251.726889
179 0 1 16.207481 262.682433
179 2 3 15.912702 253.214081
179 7 14 15.372670 236.318969
179 8 9 16.487020 271.821833
179 10 23 15.794233 249.457784
179 12 13 16.006189 256.198089
179 16 17 16.607099 275.795736
179 18 19 16.052990 257.698496
179 20 21 15.622796 244.071753
179 26 27 16.118890 259.818616
179 28 29 16.053639 257.719325
180 0 1 16.146074 260.695701
180 2 3 16.062974 258.019144
180 7 14 16.220520 263.105281
180 8 9 16.301578 265.741441
180 10 23 15.915480 253.302501
180 12 13 16.254552 264.210449
180 16 17 16.093517 259.001300
180 18 19 16.700170 278.895681
180 20 21 15.860400 251.552294
180 26 27 15.754801 248.213752
180 28 29 16.647381 277.135301
181 0 1 16.096736 259.104920
181 2 3 15.830295 250.598229
181 7 14 16.538433 273.519764
181 8 9 16.320742 266.366604
181 10 23 15.993114 255.779700
181 12 13 15.742812 247.836125
181 16 17 15.490015 239.940561
181 18 19 16.669610 277.875884
181 20 21 15.756733 248.274642
181 26 27 15.664583 245.379145
181 28 29 15.736894 247.649825
182 0 1 16.197314 262.352980
182 2 3 15.657347 245.152525
182 4 15 16.389959 268.630769
182 7 14 16.099442 259.192025
182 8 9 16.265283 264.559428
182 10 23 16.137917 260.432361
182 12 13 15.874030 251.984824
182 16 17 16.147373 260.737669
182 18 19 15.517423 240.790424
182 20 21 15.690609 246.195210
182 26 27 15.735622 247.609798
182 28 29 16.070390 258.257444
183 0 1 15.868936 251.823133
183 2 3 16.179784 261.785400
183 4 15 15.437151 238.305621
183 7 14 16.436722 270.165844
183 8 9 16.144026 260.629560
183 10 23 16.171557 261.519244
183 12 13 15.907310 253.042501
183 16 17 15.640959 244.639589
183 18 19 15.487293 239.856244
183 20 21 14.966239 223.988297
183 26 27 15.813138 250.055321
183 28 29 15.981852 255.419604
184 0 1 16.053749 257.722868
184 2 3 16.160635 261.166125
184 4 15 16.649462 277.204600
184 7 14 15.835235 250.754661
184 8 9 16.311543 266.066442
184 10 23 16.311818 266.075409
184 12 13 16.269402 264.693456
184 16 17 16.411698 269.343844
184 18 19 15.740390 247.759869
184 20 21 15.829702 250.579460
184 26 27 16.185078 261.956757
184 28 29 16.107546 259.453029
185 0 1 15.800058 249.641839
185 2 3 15.870965 251.887524
185 4 15 16.228706 263.370900
185 7 14 16.212950 262.859761
185 8 9 15.540461 241.505928
185 10 23 16.510947 272.611384
185 12 13 16.162701 261.232889
185 16 17 16.254583 264.211461
185 18 19 15.311501 234.442056
185 20 21 15.727400 247.351105
185 26 27 15.947511 254.323105
185 28 29 15.791802 249.381024
186 2 3 15.570420 242.437981
186 4 15 16.359556 267.635081
186 7 14 15.772880 248.783729
186 8 9 16.196560 262.328564
186 10 23 16.096211 259.088000
186 12 13 15.992993 255.775829
186 16 17 15.713265 246.906700
186 18 19 15.412359 237.540801
186 20 21 15.397075 237.069910
186 26 27 16.317510 266.261128
186 28 29 15.966806 254.938901
187 0 1 15.864127 251.670533
187 2 3 15.391693 236.904204
187 4 15 16.243109 263.838584
187 7 14 15.738996 247.715989
187 8 9 15.921488 253.493796
187 10 23 15.908461 253.079144
187 12 13 15.933389 253.872900
187 16 17 16.556821 274.128329
187 18 19 15.937960 254.018564
187 20 21 15.821996 250.335556
187 26 27 16.138952 260.465769
187 28 29 15.736314 247.631589
188 0 1 16.224168 263.223637
188 2 3 15.215471 231.510564
188 4 15 16.368938 267.942125
188 7 14 16.070971 258.276104
188 8 9 16.076377 258.449896
188 10 23 16.222736 263.177156
188 12 13 17.042933 290.461556
188 16 17 16.002366 256.075704
188 18 19 16.262324 264.463169
188 20 21 16.232332 263.488612
188 26 27 15.092678 227.788925
188 28 29 15.996746 255.895884
189 0 1 15.645309 244.775685
189 2 3 15.450484 238.717469
189 4 15 16.159858 261.141021
189 7 14 15.851622 251.273925
189 8 9 15.926997 253.669221
189 10 23 15.445644 238.567916
189 12 13 15.473244 239.421269
189 16 17 16.024262 256.776984
189 18 19 15.648805 244.885109
189 20 21 15.356817 235.831841
189 26 27 15.671764 245.604190
189 28 29 16.372193 268.048689
190 0 1 15.655064 245.081030
190 2 3 15.731345 247.475216
190 4 15 15.665778 245.416609
190 7 14 15.785016 249.166725
190 8 9 16.322214 266.414659
190 10 23 15.781654 249.060600
190 12 13 15.783228 249.110276
190 16 17 15.959709 254.712321
190 18 19 16.223598 263.205136
190 20 21 15.714536 246.946657
190 26 27 16.269785 264.705897
190 28 29 15.838147 250.846900
191 0 1 15.758359 248.325885
191 2 3 15.440066 238.395641
191 4 15 15.628687 244.255864
191 7 14 15.219295 231.626941
191 8 9 16.017301 256.553919
191 10 23 15.721663 247.170700
191 12 13 16.304971 265.852081
191 16 17 15.491067 239.973144
191 18 19 16.147602 260.745041
191 20 21 15.655470 245.093738
191 26 27 15.766762 248.590773
191 28 29 16.817660 282.833701
192 0 1 16.775753 281.425890
192 2 3 15.683267 245.964856
192 4 15 16.300470 265.705329
192 7 14 15.669310 245.527281
192 8 9 15.970849 255.068014
192 10 23 16.481294 271.633041
192 12 13 16.183477 261.904925
192 16 17 16.055961 257.793896
192 18 19 16.260831 264.414616
192 20 21 15.463329 239.114538
192 26 27 15.510825 240.585680
192 28 29 15.621190 244.021569
193 0 1 15.889158 252.465349
193 2 3 16.365302 267.823109
193 7 14 15.899525 252.794909
193 8 9 16.385144 268.472945
193 10 23 15.551985 241.864244
193 12 13 15.875131 252.019769
193 16 17 15.889872 252.488021
193 18 19 15.562557 242.193176
193 20 21 15.559204 242.088833
193 26 27 15.727750 247.362125
193 28 29 15.728336 247.380549
194 0 1 16.243879 263.863610
194 2 3 16.346859 267.219796
194 7 14 15.739803 247.741389
194 8 9 16.135377 260.350398
194 10 23 16.415344 269.463504
194 12 13 15.728752 247.393629
194 16 17 16.371125 268.013729
194 18 19 16.056456 257.809784
194 20 21 15.440558 238.410838
194 26 27 15.387217 236.766461
194 28 29 16.133307 260.283581
195 0 1 16.444874 270.433868
195 2 3 16.247358 263.976641
195 4 15 16.162146 261.214949
195 7 14 16.408712 269.245841
195 8 9 15.847969 251.158124
195 10 23 16.030357 256.972361
195 12 13 15.923474 253.557024
195 16 17 15.652412 244.997996
195 18 19 16.228888 263.376821
195 20 21 15.807278 249.870025
195 26 27 16.451159 270.640629
195 28 29 16.240879 263.766164
196 0 1 15.706834 246.704645
196 2 3 15.779536 248.993741
196 4 15 15.701733 246.544425
196 7 14 16.042358 257.357264
196 8 9 15.719621 247.106478
196 10 23 15.773613 248.806865
196 12 13 15.814636 250.102724
196 16 17 15.125270 228.773800
196 18 19 15.614987 243.827825
196 20 21 16.022723 256.727645
196 26 27 16.361593 267.701720
196 28 29 16.192767 262.205700
197 0 1 15.858729 251.499272
197 2 3 16.231681 263.467469
197 4 15 16.125888 260.044256
197 7 14 15.536257 241.375276
197 8 9 15.540002 241.491669
197 10 23 16.114274 259.669824
197 12 13 16.422890 269.711300
197 16 17 16.319384 266.322289
197 18 19 15.914091 253.258301
197 20 21 15.352523 235.699977
197 26 27 15.749144 248.035530
197 28 29 15.845808 251.089616
198 0 1 15.735373 247.601977
198 2 3 15.928545 253.718541
198 4 15 15.523125 240.967409
198 7 14 15.484899 239.782100
198 8 9 15.977162 255.269717
198 10 23 15.936557 253.973861
198 12 13 15.926120 253.641300
198 16 17 16.578543 274.848104
198 18 19 15.440212 238.400161
198 20 21 16.041386 257.326065
198 26 27 15.892920 252.584920
198 28 29 15.922516 253.526525
199 0 1 16.302029 265.756140
199 2 3 15.234459 232.088756
199 4 15 16.175166 261.636000
199 7 14 16.127202 260.086644
199 8 9 16.150915 260.852045
199 10 23 16.080242 258.574169
199 12 13 16.152601 260.906516
199 16 17 16.139002 260.467376
199 18 19 15.430431 238.098209
199 20 21 15.852475 251.300970
199 26 27 16.128179 260.118165
199 28 29 16.178358 261.739269
200 0 1 15.854931 251.378830
200 2 3 15.819516 250.257096
200 4 15 16.004412 256.141200
200 7 14 16.107482 259.450981
200 8 9 15.908576 253.082786
200 10 23 15.583546 242.846918
200 12 13 15.314683 234.539525
200 16 17 15.867207 251.768244
200 18 19 15.666078 245.426000
200 20 21 16.541457 273.619792
200 26 27 16.381095 268.340270
200 28 29 15.808798 249.918081
201 0 1 16.205401 262.615032
201 2 3 16.555437 274.082484
201 4 15 15.927669 253.690625
201 5 24 16.172439 261.547797
201 7 14 16.911713 286.006041
201 8 9 15.878987 252.142219
201 10 23 16.034177 257.094820
201 12 13 15.675849 245.732249
201 16 17 15.941010 254.115800
201 18 19 16.599788 275.552961
201 20 21 15.938535 254.036884
201 26 27 16.138900 260.464097
201 28 29 16.476055 271.460376
202 0 1 16.143803 260.622370
202 2 3 15.665576 245.410256
202 4 15 16.396585 268.848004
202 5 24 16.281073 265.073345
202 7 14 16.007512 256.240449
202 8 9 16.073198 258.347701
202 10 23 16.179696 261.782550
202 12 13 16.147498 260.741700
202 16 17 16.065398 258.097025
202 18 19 15.901238 252.849384
202 20 21 16.323391 266.453082
202 26 27 16.196352 262.321808
202 28 29 15.462084 239.076029
203 0 1 16.488524 271.871429
203 2 3 15.665490 245.407564
203 4 15 16.580606 274.916489
203 5 24 15.526159 241.061613
203 7 14 15.871751 251.912484
203 8 9 16.251894 264.124061
203 10 23 16.323525 266.457470
203 12 13 16.167525 261.388856
203 16 17 15.765942 248.564925
203 18 19 15.723950 247.242600
203 20 21 15.561370 242.156232
203 26 27 16.275658 264.897041
203 28 29 15.958181 254.663525
204 0 1 16.182040 261.858425
204 2 3 15.754504 248.204409
204 4 15 16.405049 269.125644
204 5 24 15.503575 240.360837
204 7 14 16.282504 265.119944
204 8 9 16.360580 267.668594
204 10 23 16.016599 256.531453
204 12 13 16.031335 257.003700
204 16 17 15.960874 254.749509
204 18 19 16.315171 266.184800
204 20 21 16.273212 264.817438
204 26 27 15.981231 255.399734
204 28 29 15.932086 253.831364
205 0 1 16.200941 262.470501
205 2 3 16.149398 260.803044
205 4 15 16.272812 264.804404
205 5 24 16.158292 261.090398
205 7 14 15.882282 252.246884
205 8 9 15.943233 254.186686
205 10 23 16.284619 265.188808
205 12 13 15.717573 247.042100
205 16 17 16.224442 263.232524
205 18 19 15.766108 248.570164
205 20 21 15.993113 255.779660
205 26 27 15.794675 249.471765
205 28 29 16.040816 257.307764
206 0 1 15.805427 249.811537
206 2 3 15.530083 241.183476
206 4 15 15.788462 249.275529
206 5 24 16.104351 259.350117
206 7 14 16.152995 260.919249
206 8 9 16.234496 263.558866
206 10 23 16.206194 262.640710
206 12 13 15.922340 253.520900
206 16 17 16.349480 267.305496
206 18 19 15.906909 253.029749
206 20 21 16.352541 267.405609
206 26 27 15.948930 254.368372
206 28 29 15.346483 235.514529
207 0 1 16.229497 263.396588
207 2 3 16.153737 260.943221
207 4 15 16.093925 259.014425
207 5 24 15.947391 254.319264
207 7 14 16.097591 259.132429
207 8 9 15.936899 253.984745
207 10 23 16.126947 260.078412
207 12 13 16.433476 270.059141
207 16 17 15.847696 251.149469
207 18 19 15.916594 253.337976
207 20 21 16.163044 261.243980
207 26 27 15.983338 255.467105
207 28 29 15.811609 250.006981
208 0 1 16.187994 262.051141
208 2 3 16.294635 265.515125
208 4 15 16.372952 268.073549
208 5 24 16.421006 269.649448
208 7 14 15.785388 249.178484
208 8 9 16.179883 261.788626
208 10 23 16.354275 267.462321
208 12 13 15.993872 255.803936
208 16 17 16.044441 257.424100
208 18 19 16.027418 256.878125
208 20 21 15.993877 255.804113
208 26 27 16.203446 262.551670
208 28 29 16.016588 256.531076
209 0 1 15.532872 241.270101
209 2 3 16.372399 268.055441
209 4 15 15.831050 250.622136
209 5 24 15.716113 246.996200
209 7 14 16.055925 257.792729
209 8 9 16.046000 257.474101
209 10 23 16.255577 264.243794
209 12 13 15.956705 254.616424
209 16 17 15.743332 247.852516
209 18 19 15.898943 252.776400
209 20 21 15.998799 255.961573
209 26 27 15.528121 241.122542
209 28 29 15.900312 252.819936
210 0 1 15.858603 251.495300
210 2 3 16.085519 258.743925
210 4 15 16.187458 262.033800
210 5 24 15.791232 249.363016
210 7 14 15.403186 237.258125
210 8 9 15.379589 236.531750
210 10 23 15.056245 226.690501
210 12 13 15.945320 254.253241
210 16 17 16.057503 257.843400
210 18 19 16.136260 260.378896
210 20 21 16.006952 256.222517
210 26 27 16.010185 256.326029
210 28 29 16.237173 263.645796
211 0 1 15.978080 255.299029
211 2 3 15.588396 242.998104
211 4 15 15.720451 247.132576
211 5 24 15.963098 254.820485
211 7 14 16.001231 256.039400
211 8 9 16.303653 265.809110
211 10 23 15.717979 247.054874
211 12 13 16.309907 266.013081
211 16 17 15.507500 240.482561
211 18 19 16.008142 256.260601
211 20 21 15.785202 249.172596
211 26 27 16.335222 266.839485
211 28 29 16.148845 260.785184
212 0 1 15.493741 240.056009
212 2 3 15.888180 252.434249
212 4 15 15.632253 244.367329
212 5 24 16.256091 264.260500
212 7 14 15.698001 246.427241
212 8 9 16.300118 265.693841
212 10 23 15.823403 250.380074
212 12 13 15.967782 254.970064
212 16 17 16.115946 259.723716
212 18 19 16.128155 260.117381
212 20 21 16.229442 263.394785
212 26 27 15.948945 254.368845
212 28 29 15.680112 245.865924
213 0 1 15.701374 246.533145
213 2 3 15.845449 251.078249
213 4 15 15.893887 252.615636
213 5 24 15.451824 238.758856
213 7 14 15.847632 251.147436
213 8 9 16.574698 274.720625
213 10 23 15.934356 253.903717
213 12 13 15.438432 238.345169
213 16 17 16.063186 258.025956
213 18 19 15.575128 242.584621
213 20 21 15.613799 243.790725
213 26 27 15.720143 247.122905
213 28 29 16.144583 260.647576
214 0 1 15.569154 242.398545
214 2 3 16.172971 261.565001
214 4 15 15.990038 255.681300
214 5 24 15.490257 239.948076
214 7 14 15.961226 254.760736
214 8 9 15.980276 255.369213
214 10 23 16.086019 258.759993
214 12 13 16.217698 263.013741
214 16 17 16.034977 257.120500
214 18 19 15.748686 248.021100
214 20 21 15.988559 255.634020
214 26 27 16.452770 270.693656
214 28 29 16.183451 261.904100
215 0 1 16.493706 272.042350
215 2 3 16.103551 259.324344
215 4 15 15.249848 232.557856
215 5 24 16.301399 265.735622
215 7 14 16.706406 279.103989
215 8 9 15.990792 255.705416
215 10 23 16.192283 262.190025
215 12 13 16.245654 263.921281
215 16 17 15.918651 253.403456
215 18 19 16.140217 260.506616
215 20 21 16.118624 259.810036
215 26 27 16.054474 257.746149
215 28 29 15.801106 249.674949
216 0 1 16.285785 265.226808
216 2 3 15.894482 252.634569
216 4 15 15.755159 248.225041
216 5 24 15.779177 248.982420
216 7 14 15.454812 238.851224
216 8 9 15.663710 245.351825
216 10 23 16.162989 261.242228
216 12 13 16.086384 258.771749
216 16 17 16.220521 263.105316
216 18 19 15.823031 250.368304
216 26 27 15.910277 253.136918
216 28 29 15.239512 232.242725
217 0 1 15.914164 253.260630
217 2 3 15.789215 249.299309
217 4 15 15.978949 255.326816
217 5 24 15.916587 253.337748
217 7 14 16.186852 262.014189
217 8 9 15.756180 248.257209
217 10 23 15.743135 247.846314
217 12 13 16.061764 257.980269
217 16 17 16.241230 263.777544
217 18 19 15.748143 248.004000
217 26 27 16.169041 261.437894
217 28 29 15.801712 249.694112
218 0 1 16.330717 266.692313
218 2 3 15.890456 252.506596
218 4 15 16.026927 256.862400
218 5 24 15.569149 242.398413
218 7 14 15.980054 255.362121
218 8 9 16.025562 256.818649
218 10 23 16.395046 268.797525
218 12 13 16.152681 260.909096
218 16 17 15.958616 254.677421
218 18 19 15.762079 248.443129
218 26 27 15.787097 249.232445
218 28 29 14.975498 224.265548
219 0 1 16.278726 264.996936
219 2 3 15.530242 241.188425
219 4 15 15.600600 243.378725
219 5 24 15.581352 242.778518
219 7 14 15.732553 247.513236
219 8 9 15.482510 239.708117
219 10 23 15.902567 252.891636
219 12 13 15.694530 246.318276
219 16 17 15.867643 251.782109
219 18 19 15.522675 240.953429
219 20 21 15.961454 254.768024
219 26 27 16.239734 263.728948
219 28 29 15.633884 244.418340
220 0 1 15.988185 255.622046
220 2 3 15.815657 250.135000
220 4 15 16.344434 267.140525
220 5 24 15.547984 241.739808
220 7 14 15.828754 250.549449
220 8 9 15.829804 250.582706
220 10 23 16.221433 263.134900
220 12 13 15.866805 251.755496
220 16 17 16.023902 256.765449
220 18 19 15.919905 253.443384
220 20 21 16.268551 264.665765
220 26 27 16.168058 261.406109
220 28 29 16.285725 265.224830
221 0 1 15.964539 254.866517
221 2 3 15.997715 255.926900
221 4 15 16.054508 257.747225
221 5 24 15.866634 251.750085
221 7 14 16.407069 269.191924
221 8 9 15.423004 237.869064
221 10 23 15.359108 235.902200
221 12 13 16.145435 260.675084
221 16 17 15.949690 254.392600
221 18 19 15.730888 247.460825
221 20 21 16.375406 268.153922
221 26 27 16.068988 258.212366
221 28 29 15.799557 249.625998
222 0 1 15.676690 245.758621
222 2 3 16.175031 261.631624
222 4 15 15.666001 245.423576
222 5 24 16.103644 259.327354
222 7 14 15.884273 252.310136
222 8 9 16.052534 257.683833
222 10 23 16.527493 273.158014
222 12 13 15.894154 252.624144
222 16 17 16.371411 268.023109
222 18 19 16.186323 261.997049
222 20 21 15.913253 253.231625
222 26 27 16.275238 264.883373
222 28 29 15.643783 244.727945
223 0 1 15.429897 238.081733
223 2 3 16.041500 257.329721
223 4 15 16.371290 268.019144
223 5 24 15.949574 254.388897
223 7 14 16.050777 257.627436
223 8 9 16.274431 264.857110
223 10 23 15.417153 237.688622
223 12 13 15.903631 252.925489
223 16 17 16.141011 260.532229
223 18 19 15.713873 246.925800
223 20 21 15.818523 250.225685
223 26 27 15.696702 246.386457
223 28 29 16.146284 260.702481
224 0 1 15.985121 255.524100
224 2 3 16.323043 266.441741
224 4 15 15.861151 251.576121
224 5 24 15.833116 250.687567
224 7 14 15.813482 250.066209
224 8 9 16.040210 257.288332
224 10 23 15.611790 243.727976
224 12 13 16.067949 258.179000
224 16 17 16.053210 257.705544
224 18 19 15.746417 247.949649
224 20 21 15.818726 250.232108
224 26 27 16.093633 259.005017
224 28 29 16.084032 258.696082
225 0 1 16.055745 257.786957
225 2 3 15.616516 243.875569
225 4 15 15.730509 247.448900
225 5 24 15.992444 255.758276
225 7 14 16.185570 261.972669
225 8 9 15.804989 249.797684
225 10 23 15.996091 255.874916
225 12 13 16.002547 256.081496
225 16 17 16.438970 270.239721
225 18 19 15.900863 252.837449
225 20 21 16.165653 261.328325
225 26 27 16.080451 258.580889
225 28 29 15.554392 241.939097
226 0 1 15.519326 240.849485
226 2 3 15.896022 252.683501
226 4 15 15.689605 246.163700
226 5 24 15.435341 238.249744
226 7 14 15.408636 237.426056
226 8 9 15.950456 254.417048
226 10 23 16.531718 273.297716
226 12 13 16.171771 261.526181
226 16 17 15.574392 242.561681
226 18 19 15.765607 248.554369
226 20 21 16.247782 263.990429
226 26 27 15.654241 245.055257
226 28 29 16.096141 259.085769
227 0 1 15.467899 239.255888
227 2 3 15.663355 245.340681
227 4 15 15.537775 241.422449
227 5 24 16.223093 263.188740
227 7 14 15.981740 255.416004
227 8 9 15.974128 255.172769
227 10 23 16.516003 272.778363
227 12 13 16.577065 274.799096
227 16 17 15.895187 252.656981
227 18 19 15.150832 229.547725
227 20 21 15.960176 254.727212
227 26 27 16.055815 257.789189
227 28 29 15.983322 255.466596
228 0 1 15.867194 251.767845
228 2 3 15.376549 236.438244
228 4 15 16.061466 257.970681
228 5 24 16.737459 280.142529
228 7 14 16.285488 265.217125
228 8 9 15.950209 254.409182
228 10 23 16.141320 260.542226
228 12 13 16.730349 279.904581
228 16 17 16.203981 262.569001
228 18 19 16.062638 258.008344
228 20 21 16.370084 267.979634
228 26 27 15.635520 244.469501
228 28 29 16.128785 260.137709
229 0 1 16.106511 259.419709
229 2 3 15.779534 248.993681
229 4 15 15.888901 252.457184
229 5 24 15.400256 237.167897
229 7 14 15.474329 239.454869
229 8 9 15.634300 244.431338
229 10 23 15.950506 254.418641
229 12 13 15.904671 252.958564
229 16 17 16.290154 265.369121
229 18 19 15.950877 254.430476
229 20 21 16.341858 267.056321
229 26 27 15.789821 249.318450
229 28 29 15.764337 248.514320
230 0 1 15.757890 248.311097
230 2 3 15.623886 244.105800
230 4 15 15.893258 252.595656
230 5 24 16.370536 267.994437
230 7 14 15.837685 250.832264
230 8 9 15.798157 249.581771
230 10 23 16.206889 262.663238
230 12 13 16.185281 261.963316
230 16 17 16.391153 268.669881
230 18 19 15.967334 254.955764
230 20 21 16.293544 265.479592
230 26 27 16.234476 263.558216
230 28 29 15.881601 252.225245
231 0 1 15.733175 247.532810
231 2 3 15.841775 250.961849
231 4 15 16.255758 264.249684
231 5 24 16.640477 276.905460
231 7 14 15.760223 248.384644
231 8 9 16.047350 257.517450
231 10 23 15.665046 245.393669
231 12 13 16.220580 263.107224
231 16 17 16.289110 265.335096
231 18 19 15.664494 245.376369
231 20 21 16.062011 257.988206
231 26 27 15.741807 247.804493
231 28 29 16.239481 263.720753
232 0 1 16.069715 258.235750
232 4 15 16.324885 266.501861
232 5 24 15.960819 254.747729
232 7 14 16.089390 258.868461
232 8 9 16.485751 271.779990
232 10 23 16.199745 262.431749
232 12 13 16.079515 258.550801
232 16 17 16.140768 260.524396
232 18 19 15.890144 252.496664
232 20 21 16.417267 269.526644
232 26 27 15.975873 255.228510
232 28 29 15.716856 247.019566
233 0 1 15.686182 246.056309
233 4 15 16.107098 259.438616
233 5 24 16.033243 257.064890
233 7 14 16.178424 261.741396
233 8 9 16.279260 265.014302
233 10 23 15.240875 232.284268
233 12 13 16.084823 258.721544
233 16 17 16.283428 265.150029
233 18 19 15.682311 245.934889
233 20 21 15.569703 242.415650
233 26 27 15.883482 252.285004
233 28 29 16.209703 262.754465
234 0 1 16.370378 267.989261
234 4 15 16.201662 262.493836
234 5 24 15.422668 237.858680
234 7 14 15.847629 251.147336
234 8 9 15.676265 245.745278
234 10 23 15.830591 250.607601
234 12 13 16.080564 258.584536
234 16 17 16.078594 258.521189
234 18 19 15.310483 234.410900
234 20 21 15.544101 241.619081
234 26 27 16.310315 266.026388
234 28 29 16.112753 259.620825
235 0 1 16.071049 258.278625
235 4 15 16.036856 257.180756
235 5 24 16.344061 267.128345
235 7 14 15.458037 238.950900
235 8 9 16.188237 262.059015
235 10 23 15.987680 255.605908
235 12 13 15.989117 255.651849
235 16 17 16.810621 282.596969
235 18 19 15.536298 241.376564
235 20 21 15.990121 255.683961
235 26 27 15.938305 254.029573
235 28 29 15.507431 240.480401
236 0 1 15.584984 242.891718
236 4 15 16.098286 259.154825
236 5 24 16.258454 264.337325
236 7 14 16.058205 257.865944
236 8 9 15.779380 248.988845
236 10 23 15.818730 250.232209
236 12 13 15.875421 252.028989
236 16 17 16.443685 270.394789
236 18 19 15.687993 246.113121
236 20 21 15.711360 246.846825
236 26 27 16.325011 266.505977
236 28 29 16.359616 267.637044
237 0 1 15.920082 253.449019
237 4 15 16.079133 258.538504
237 5 24 16.179252 261.768184
237 7 14 16.139875 260.495549
237 8 9 16.339832 266.990098
237 10 23 15.544233 241.623189
237 12 13 15.818532 250.225941
237 16 17 16.219632 263.076469
237 18 19 15.724560 247.261784
237 20 21 16.028632 256.917029
237 26 27 15.641080 244.643370
237 28 29 16.111783 259.589556
238 0 1 16.001559 256.049905
238 4 15 15.810800 249.981401
238 5 24 15.741825 247.805060
238 7 14 15.941122 254.119361
238 8 9 16.659027 277.523181
238 10 23 15.831470 250.635449
238 12 13 16.201800 262.498324
238 16 17 15.874388 251.996184
238 18 19 16.341895 267.057524
238 20 21 16.634784 276.716030
238 26 27 16.135852 260.365733
238 28 29 16.264274 264.526600
239 0 1 15.856434 251.426490
239 4 15 16.192755 262.205321
239 5 24 16.268901 264.677149
239 7 14 16.308200 265.957400
239 8 9 16.072996 258.341210
239 10 23 16.096754 259.105505
239 12 13 16.578004 274.830221
239 16 17 16.067836 258.175364
239 18 19 15.633371 244.402284
239 20 21 16.083084 258.665594
239 26 27 16.087273 258.800338
239 28 29 16.390862 268.660349
240 0 1 15.956658 254.614929
240 4 15 16.063626 258.040076
240 5 24 15.656571 245.128225
240 7 14 16.309991 266.015801
240 8 9 15.921197 253.484499
240 10 23 15.457636 238.938525
240 12 13 16.319455 266.324600
240 16 17 15.481868 239.688241
240 18 19 16.313529 266.131224
240 20 21 16.466859 271.157432
240 26 27 15.794281 249.459305
240 28 29 15.942929 254.176977
241 0 1 15.616561 243.876978
241 4 15 16.367183 267.884689
241 5 24 15.981486 255.407905
241 7 14 15.877788 252.104161
241 8 9 16.232768 263.502747
241 10 23 15.982657 255.445310
241 12 13 15.904180 252.942956
241 16 17 15.396808 237.061689
241 18 19 16.452536 270.685925
241 20 21 16.379321 268.282141
241 26 27 16.015447 256.494533
241 28 29 15.705906 246.675477
242 0 1 15.400147 237.164529
242 4 15 15.994637 255.828409
242 5 24 15.338824 235.279529
242 7 14 15.850022 251.223201
242 8 9 16.234928 263.572880
242 10 23 16.258825 264.349398
242 12 13 15.908400 253.077200
242 16 17 15.272634 233.253344
242 18 19 16.144018 260.629316
242 20 21 16.065491 258.099989
242 26 27 16.234220 263.549906
242 28 29 15.639827 244.604190
243 0 1 15.198502 230.994477
243 4 15 16.449201 270.576200
243 5 24 16.148722 260.781238
243 7 14 15.737238 247.660661
243 8 9 15.859935 251.537546
243 10 23 15.543866 241.611765
243 12 13 16.378988 268.271241
243 16 17 16.248543 264.015149
243 18 19 15.586547 242.940461
243 20 21 16.122320 259.929189
243 26 27 15.730782 247.457513
243 28 29 16.316337 266.222864
244 0 1 16.694745 278.714520
244 4 15 16.288549 265.316821
244 5 24 16.297106 265.595675
244 7 14 16.484687 271.744900
244 8 9 16.422302 269.691999
244 10 23 16.207276 262.675805
244 12 13 16.064542 258.069501
244 18 19 16.136142 260.375076
244 20 21 15.948207 254.345313
244 26 27 16.253485 264.175776
244 28 29 16.383679 268.424953
245 0 1 15.714065 246.931853
245 4 15 16.305706 265.876061
245 5 24 15.933195 253.866705
245 7 14 15.975212 255.207401
245 8 9 16.365985 267.845465
245 10 23 15.904098 252.940320
245 12 13 16.525023 273.076376
245 18 19 16.104803 259.364664
245 20 21 15.712586 246.885353
245 26 27 15.860773 251.564116
245 28 29 15.863948 251.664833
246 0 1 15.981318 255.402512
246 4 15 15.832833 250.678600
246 5 24 15.748081 248.002053
246 7 14 16.076462 258.452644
246 8 9 16.099511 259.194257
246 10 23 15.589905 243.045125
246 12 13 15.518008 240.808584
246 16 17 16.067527 258.165409
246 18 19 16.226919 263.312909
246 20 21 16.171500 261.517406
246 26 27 16.083922 258.692557
246 28 29 16.422031 269.683101
247 0 1 15.537773 241.422381
247 4 15 16.295936 265.557525
247 5 24 15.824323 250.409205
247 7 14 15.907406 253.045569
247 8 9 15.995413 255.853229
247 10 23 16.133133 260.277969
247 12 13 15.911150 253.164701
247 16 17 15.879526 252.159341
247 18 19 16.410395 269.301061
247 20 21 16.164313 261.285017
247 26 27 15.638790 244.571746
247 28 29 15.751276 248.102696
248 0 1 15.564029 242.239010
248 4 15 15.890183 252.497929
248 5 24 15.724520 247.260521
248 7 14 16.162250 261.218324
248 8 9 15.799354 249.619598
248 10 23 16.040112 257.285196
248 12 13 16.110684 259.554125
248 16 17 16.151192 260.861000
248 18 19 16.379636 268.292461
248 20 21 15.351668 235.673710
248 26 27 16.245290 263.909441
248 28 29 15.440760 238.417068
249 0 1 15.742360 247.821885
249 4 15 15.781684 249.061556
249 5 24 16.221959 263.151944
249 7 14 15.614744 243.820225
249 8 9 16.400391 268.972814
249 10 23 16.703796 279.016800
249 12 13 16.161109 261.181444
249 16 17 16.308296 265.960516
249 18 19 15.241869 232.314561
249 20 21 15.394317 236.984988
249 26 27 15.618824 243.947658
249 28 29 16.220286 263.097670
250 0 1 15.954971 254.561110
250 4 15 16.043607 257.397325
250 5 24 16.200231 262.447481
250 7 14 15.944422 254.224596
250 8 9 16.464221 271.070584
250 10 23 15.942867 254.175002
250 12 13 15.939920 254.081036
250 16 17 15.344992 235.468776
250 18 19 15.587396 242.966900
250 20 21 15.779615 248.996243
250 26 27 15.458648 238.969806
250 28 29 16.058725 257.882633
251 0 1 15.467252 239.235897
251 4 15 15.928053 253.702861
251 5 24 16.174534 261.615545
251 7 14 16.461589 270.983925
251 8 9 15.504032 240.375014
251 10 23 15.495590 240.113318
251 12 13 16.238440 263.686949
251 16 17 15.401230 237.197876
251 18 19 15.782150 249.076244
251 20 21 15.954261 254.538455
251 26 27 15.995600 255.859209
251 28 29 16.103294 259.316064
252 0 1 15.957046 254.627314
252 4 15 15.592532 243.127049
252 5 24 16.132056 260.243229
252 7 14 16.703466 279.005789
252 8 9 16.368733 267.935413
252 10 23 16.082198 258.637105
252 12 13 16.134484 260.321569
252 16 17 15.934227 253.899576
252 18 19 15.755793 248.245004
252 20 21 15.471863 239.378558
252 26 27 16.376535 268.190896
252 28 29 16.032665 257.046333
253 0 1 15.026941 225.808949
253 4 15 15.728132 247.374121
253 5 24 16.035801 257.146925
253 7 14 16.014779 256.473161
253 8 9 16.630298 276.566807
253 10 23 16.354885 267.482256
253 12 13 16.021885 256.700789
253 16 17 16.546221 273.777441
253 18 19 15.645505 244.781825
253 20 21 15.605240 243.523509
253 26 27 15.610853 243.698737
253 28 29 15.171758 230.182233
254 0 1 16.037579 257.203950
254 4 15 15.968197 254.983321
254 5 24 16.033617 257.076872
254 7 14 15.919070 253.416776
254 8 9 16.490896 271.949660
254 10 23 16.171042 261.502597
254 12 13 15.977858 255.291956
254 16 17 16.641797 276.949400
254 18 19 16.129610 260.164324
254 20 21 16.175656 261.651839
254 26 27 15.280459 233.492421
254 28 29 15.515581 240.733268
255 0 1 15.684700 246.009800
255 4 15 16.273642 264.831425
255 5 24 15.766565 248.584565
255 7 14 15.722622 247.200829
255 8 9 16.172126 261.537664
255 10 23 15.628068 244.236516
255 12 13 16.563491 274.349225
255 16 17 16.016268 256.520841
255 18 19 16.344004 267.126476
255 20 21 15.922135 253.514396
255 26 27 15.812359 250.030706
255 28 29 16.389983 268.631541
256 0 1 15.875418 252.028902
256 4 15 16.326930 266.568656
256 5 24 16.430682 269.967300
256 7 14 16.152188 260.893176
256 8 9 16.302549 265.773104
256 10 23 15.714558 246.947321
256 12 13 16.005872 256.187925
256 16 17 15.824655 250.419701
256 18 19 15.522230 240.939621
256 20 21 15.675955 245.735553
256 26 27 16.188661 262.072733
256 28 29 15.747516 247.984249
257 0 1 15.826242 250.469945
257 4 15 16.150536 260.839800
257 5 24 15.862508 251.619162
257 7 14 15.718458 247.069924
257 8 9 16.148110 260.761461
257 10 23 16.660793 277.582033
257 12 13 16.754194 280.703000
257 16 17 16.292240 265.437100
257 18 19 15.529707 241.171796
257 20 21 16.638556 276.841545
257 26 27 16.169826 261.463265
257 28 29 16.253077 264.162497
258 0 1 15.212030 231.405850
258 4 15 16.254831 264.219525
258 5 24 15.620621 244.003805
258 7 14 16.052891 257.695316
258 8 9 16.309086 265.986300
258 10 23 15.494003 240.064136
258 12 13 16.149030 260.791181
258 16 17 16.264858 264.545621
258 18 19 15.896042 252.684164
258 20 21 16.206518 262.651221
258 26 27 15.677349 245.779272
258 28 29 16.270371 264.724986
259 0 1 15.733330 247.537665
259 4 15 15.889888 252.488556
259 5 24 16.240293 263.747116
259 7 14 15.980267 255.368949
259 8 9 15.734649 247.579187
259 10 23 15.646055 244.799028
259 12 13 16.475787 271.451561
259 16 17 16.115695 259.715621
259 18 19 16.017397 256.557004
259 20 21 15.674426 245.687622
259 26 27 16.337679 266.919770
259 28 29 15.966050 254.914757
260 0 1 15.730681 247.454328
260 4 15 15.640880 244.637121
260 5 24 15.803372 249.746570
260 7 14 15.899325 252.788549
260 8 9 16.236950 263.638537
260 10 23 16.101433 259.256149
260 12 13 16.398650 268.915736
260 16 17 15.740655 247.768221
260 18 19 16.193234 262.220825
260 20 21 16.435046 270.110744
260 26 27 15.735939 247.619770
260 28 29 16.145727 260.684485
261 0 1 15.694258 246.309741
261 4 15 15.939649 254.072424
261 5 24 16.525220 273.082898
261 7 14 15.636083 244.487076
261 8 9 15.880287 252.183530
261 10 23 15.981783 255.417400
261 12 13 16.050305 257.612304
261 16 17 16.053375 257.710836
261 18 19 15.861126 251.575316
261 20 21 16.539884 273.567749
261 26 27 16.155495 261.000009
261 28 29 15.789061 249.294452
262 0 1 16.257910 264.319624
262 4 15 15.894224 252.626344
262 5 24 16.647021 277.123300
262 7 14 15.952093 254.469281
262 8 9 16.343474 267.109147
262 10 23 15.688630 246.133100
262 12 13 15.738680 247.706041
262 16 17 15.594530 243.189361
262 18 19 15.804915 249.795336
262 20 21 16.177610 261.715076
262 26 27 16.198238 262.382920
262 28 29 15.855803 251.406497
263 0 1 16.097943 259.143773
263 4 15 16.099104 259.181144
263 5 24 15.667446 245.468878
263 7 14 15.688822 246.139144
263 8 9 15.876753 252.071284
263 10 23 15.563209 242.213481
263 12 13 16.251471 264.110304
263 16 17 16.063249 258.027956
263 18 19 16.296024 265.560400
263 20 21 15.829960 250.587624
263 26 27 15.782639 249.091701
263 28 29 15.876373 252.059225
264 0 1 16.315006 266.179429
264 4 15 16.037243 257.193164
264 5 24 16.083078 258.665414
264 7 14 15.829627 250.577081
264 8 9 16.312909 266.111000
264 10 23 16.223034 263.186841
264 12 13 15.337931 235.252125
264 16 17 16.060816 257.949796
264 18 19 15.747309 247.977729
264 20 21 16.296941 265.590274
264 26 27 16.055749 257.787089
264 28 29 16.111692 259.586633
265 0 1 15.823319 250.377425
265 2 3 16.153045 260.920861
265 4 15 15.910614 253.147636
265 5 24 15.358817 235.893258
265 7 14 15.945487 254.258564
265 8 9 16.014126 256.452242
265 10 23 16.398510 268.911129
265 12 13 15.724995 247.275464
265 16 17 15.954067 254.532244
265 18 19 15.717576 247.042201
265 20 21 16.184225 261.929124
265 26 27 16.134987 260.337821
265 28 29 16.400583 268.979133
266 0 1 15.601981 243.421815
266 2 3 16.167996 261.404084
266 4 15 16.163254 261.250784
266 7 14 15.744320 247.883600
266 8 9 15.942862 254.174840
266 10 23 15.802229 249.710456
266 12 13 15.941604 254.134724
266 16 17 15.903509 252.921604
266 18 19 15.938554 254.037501
266 20 21 16.551187 273.941794
266 26 27 16.614316 276.035497
266 28 29 15.157893 229.761729
267 0 1 16.325821 266.532419
267 2 3 16.190678 262.138056
267 4 15 15.853757 251.341600
267 7 14 15.849984 251.221981
267 8 9 15.863776 251.659381
267 10 23 15.887932 252.426381
267 12 13 15.930569 253.783041
267 16 17 15.652103 244.988341
267 18 19 16.096112 259.084825
267 20 21 16.248566 264.015890
267 26 27 16.134447 260.320377
267 28 29 16.253064 264.162089
268 0 1 15.978080 255.299045
268 2 3 16.082880 258.659016
268 4 15 15.267220 233.088016
268 5 24 15.921453 253.492661
268 7 14 15.245542 232.426541
268 8 9 15.695058 246.334838
268 10 23 16.362504 267.731525
268 12 13 15.683954 245.986404
268 16 17 16.530703 273.264144
268 18 19 15.935300 253.933800
268 20 21 16.175260 261.639041
268 26 27 15.713863 246.925484
268 28 29 15.370078 236.239286
269 0 1 16.221889 263.149670
269 2 3 16.228247 263.356001
269 4 15 15.323974 234.824184
269 5 24 15.865109 251.701689
269 7 14 16.070196 258.251204
269 8 9 16.050117 257.606245
269 10 23 16.191588 262.167532
269 12 13 16.611295 275.935121
269 16 17 15.726244 247.314744
269 18 19 15.991233 255.719525
269 20 21 16.268329 264.658533
269 26 27 15.918047 253.384208
269 28 29 15.914694 253.277480
270 0 1 16.163615 261.262449
270 2 3 15.998978 255.967304
270 4 15 16.399419 268.940944
270 5 24 15.164337 229.957121
270 7 14 15.501050 240.282564
270 8 9 16.401055 268.994601
270 10 23 15.712368 246.878516
270 12 13 15.261215 232.904684
270 16 17 16.053926 257.728536
270 18 19 16.248044 263.998929
270 20 21 16.334359 266.811300
270 26 27 15.735018 247.590804
270 28 29 16.167951 261.402625
271 0 1 16.171776 261.526348
271 2 3 16.127001 260.080149
271 4 15 16.208444 262.713649
271 5 24 16.119059 259.824053
271 7 14 16.621795 276.284069
271 8 9 15.841380 250.949305
271 10 23 15.767881 248.626081
271 12 13 16.071860 258.304684
271 16 17 15.737044 247.654564
271 18 19 16.411959 269.352390
271 20 21 15.446385 238.590814
271 26 27 15.569701 242.415589
271 28 29 16.378133 268.243229
272 0 1 16.194501 262.261856
272 2 3 15.763953 248.502200
272 4 15 15.676307 245.746600
272 5 24 15.954899 254.558818
272 7 14 16.178643 261.748489
272 8 9 15.973163 255.141940
272 10 23 16.087476 258.806889
272 12 13 15.880841 252.201096
272 16 17 15.895843 252.677836
272 18 19 15.782134 249.075741
272 20 21 16.196719 262.333700
272 26 27 16.252326 264.138090
272 28 29 16.016353 256.523570
273 0 1 16.135360 260.349854
273 2 3 15.906983 253.032116
273 4 15 15.708365 246.752736
273 5 24 16.238482 263.688305
273 7 14 15.851675 251.275604
273 8 9 16.220364 263.100197
273 10 23 15.911954 253.190269
273 12 13 15.516217 240.752984
273 16 17 15.274731 233.317400
273 18 19 15.335129 235.166196
273 20 21 15.949518 254.387124
273 26 27 16.300496 265.706170
273 28 29 15.581583 242.785737
274 0 1 16.082458 258.645464
274 2 3 16.104850 259.366196
274 4 15 16.065280 258.093209
274 5 24 15.805807 249.823550
274 7 14 16.370220 267.984100
274 8 9 15.826859 250.489452
274 10 23 15.859399 251.520533
274 12 13 16.007504 256.240169
274 16 17 16.069058 258.214625
274 18 19 16.300893 265.719125
274 20 21 15.439752 238.385952
274 26 27 16.249857 264.057848
274 28 29 16.324176 266.478728
275 0 1 15.509964 240.558980
275 2 3 16.025857 256.828081
275 4 15 15.931515 253.813169
275 5 24 15.203421 231.144004
275 7 14 15.946856 254.302221
275 8 9 15.453767 238.818905
275 10 23 16.071918 258.306536
275 12 13 15.365173 236.088549
275 16 17 15.464397 239.147564
275 18 19 16.158038 261.082200
275 20 21 15.852430 251.299545
275 26 27 15.489737 239.931948
275 28 29 15.612241 243.742061
276 0 1 16.147178 260.731350
276 2 3 15.907524 253.049325
276 4 15 15.670046 245.550356
276 5 24 16.542591 273.657332
276 7 14 15.780164 249.013584
276 10 23 16.256429 264.271490
276 12 13 15.908729 253.087656
276 16 17 16.064206 258.058700
276 18 19 15.865014 251.698676
276 20 21 15.913645 253.244108
276 26 27 16.344438 267.140640
276 28 29 16.007714 256.246900
277 0 1 15.893965 252.618125
277 2 3 15.490049 239.941625
277 4 15 16.509126 272.551241
277 5 24 15.604148 243.489425
277 7 14 16.709317 279.201261
277 10 23 16.101543 259.259678
277 12 13 16.261283 264.429336
277 16 17 15.259142 232.841425
277 18 19 16.511741 272.637581
277 20 21 16.149475 260.805550
277 26 27 15.667213 245.461576
277 28 29 16.274899 264.872338
278 0 1 15.423595 237.887289
278 2 3 15.861170 251.576709
278 4 15 16.028267 256.905349
278 5 24 15.787534 249.246241
278 7 14 16.296751 265.584100
278 10 23 16.180685 261.814554
278 12 13 16.197910 262.372296
278 16 17 15.765976 248.565984
278 18 19 16.151678 260.876712
278 20 21 16.014225 256.455417
278 26 27 16.115550 259.710939
278 28 29 16.258992 264.354809
279 0 1 15.823219 250.374262
279 2 3 15.834028 250.716449
279 4 15 16.516731 272.802401
279 5 24 15.938633 254.040016
279 7 14 15.843110 251.004121
279 10 23 15.351240 235.660560
279 12 13 16.301428 265.736561
279 16 17 15.639136 244.582564
279 18 19 15.665045 245.393625
279 20 21 16.027040 256.866005
279 28 29 16.111946 259.594805
280 0 1 16.223672 263.207537
280 2 3 15.733359 247.538596
280 4 15 16.224244 263.226081
280 5 24 16.493985 272.051557
280 7 14 15.870949 251.887021
280 10 23 16.136333 260.381241
280 12 13 16.277822 264.967496
280 16 17 16.221080 263.123444
280 18 19 15.547676 241.730216
280 20 21 16.307002 265.918325
280 26 27 15.684571 246.005777
280 28 29 15.852408 251.298836
281 0 1 16.591865 275.289998
281 2 3 16.325394 266.518496
281 4 15 15.566798 242.325201
281 5 24 16.232860 263.505749
281 7 14 15.555392 241.970225
281 10 23 16.083714 258.685850
281 12 13 15.928313 253.711161
281 16 17 16.396466 268.844100
281 18 19 16.433725 270.067329
281 20 21 15.874022 251.984586
281 26 27 16.052881 257.695000
281 28 29 15.665859 245.419145
282 0 1 16.362149 267.719909
282 2 3 16.102270 259.283084
282 5 24 15.783037 249.104257
282 7 14 15.128053 228.857976
282 10 23 16.450795 270.628641
282 12 13 15.406521 237.360900
282 16 17 15.864988 251.697849
282 18 19 16.233648 263.531325
282 20 21 16.326690 266.560805
282 26 27 16.088053 258.825440
282 28 29 16.468794 271.221173
283 0 1 15.775666 248.871645
283 2 3 15.613150 243.770456
283 5 24 16.558613 274.187661
283 7 14 16.010093 256.323089
283 10 23 15.879442 252.156680
283 12 13 16.105036 259.372169
283 16 17 16.111952 259.595009
283 18 19 15.441838 238.450346
283 20 21 16.084054 258.696781
283 26 27 16.123042 259.952472
283 28 29 15.751695 248.115882
284 0 1 15.535193 241.342233
284 2 3 16.209268 262.740361
284 5 24 15.817299 250.186945
284 7 14 15.902916 252.902744
284 10 23 16.302147 265.759989
284 12 13 16.357473 267.566925
284 16 17 16.277234 264.948349
284 18 19 16.016231 256.519649
284 20 21 16.005527 256.176881
284 26 27 15.983459 255.470948
284 28 29 16.066883 258.144745
285 0 1 16.220955 263.119381
285 2 3 15.629290 244.274700
285 5 24 15.838428 250.855816
285 7 14 15.960399 254.734325
285 10 23 15.876041 252.048666
285 12 13 14.595827 213.038156
285 16 17 15.832834 250.678644
285 18 19 16.207598 262.686237
285 20 21 15.882580 252.256340
285 26 27 15.547828 241.734965
285 28 29 16.188854 262.078993
286 0 1 15.978620 255.316313
286 2 3 16.025351 256.811869
286 5 24 15.517490 240.792481
286 7 14 15.854298 251.358769
286 10 23 16.140868 260.527613
286 12 13 15.620749 244.007809
286 16 17 15.824437 250.412816
286 18 19 15.486840 239.842226
286 20 21 15.906257 253.009018
286 26 27 15.880109 252.177869
286 28 29 16.089600 258.875223
287 0 1 16.219058 263.057844
287 2 3 16.533225 273.347525
287 5 24 16.023771 256.761224
287 10 23 15.830150 250.593657
287 12 13 15.830052 250.590536
287 16 17 15.823994 250.398801
287 18 19 15.685390 246.031445
287 20 21 15.853995 251.349160
287 26 27 16.072193 258.315398
287 28 29 15.786568 249.215721
288 0 1 16.061521 257.972462
288 2 3 16.037445 257.199656
288 5 24 15.577636 242.662741
288 10 23 16.094258 259.025137
288 12 13 15.745405 247.917764
288 16 17 15.557718 242.042600
288 18 19 16.094616 259.036653
288 20 21 15.647180 244.834253
288 26 27 16.433398 270.056585
288 28 29 15.789776 249.317028
289 0 1 15.400692 237.181304
289 2 3 16.118016 259.790425
289 5 24 15.696121 246.368200
289 10 23 15.572360 242.498390
289 12 13 15.654817 245.073309
289 16 17 15.209320 231.323416
289 18 19 16.246044 263.933940
289 20 21 15.896287 252.691925
289 26 27 15.646488 244.812580
289 28 29 15.952097 254.469405
290 0 1 16.129213 260.151525
290 2 3 15.998494 255.951821
290 5 24 15.770124 248.696825
290 10 23 15.692629 246.258594
290 12 13 15.250697 232.583769
290 16 17 15.943096 254.182309
290 18 19 15.338889 235.281510
290 20 21 15.597769 243.290390
290 26 27 15.978496 255.312326
290 28 29 16.459734 270.922846
291 0 1 15.825537 250.447629
291 2 3 16.002124 256.067976
291 5 24 16.071033 258.278100
291 10 23 15.719163 247.092074
291 12 13 15.905380 252.981125
291 16 17 15.483434 239.736725
291 18 19 15.620610 244.003445
291 20 21 15.771276 248.733144
291 26 27 15.872260 251.928650
291 28 29 16.234532 263.560024
292 0 1 15.216907 231.554269
292 2 3 16.026616 256.852436
292 5 24 16.247711 263.988109
292 10 23 15.776203 248.888571
292 12 13 15.710382 246.816100
292 16 17 16.046113 257.477736
292 18 19 15.714712 246.952181
292 20 21 15.757535 248.299897
292 26 27 16.026851 256.859966
292 28 29 15.703082 246.586773
293 0 1 15.701608 246.540500
293 2 3 16.048501 257.554376
293 5 24 16.169632 261.457000
293 7 14 16.023246 256.744424
293 10 23 15.896027 252.683689
293 12 13 16.438246 270.215944
293 16 17 15.563205 242.213349
293 18 19 15.672064 245.613605
293 20 21 15.564344 242.248800
293 26 27 15.645445 244.779953
293 28 29 15.960096 254.724651
294 0 1 15.807306 249.870929
294 2 3 15.933475 253.875616
294 5 24 15.759463 248.360661
294 7 14 15.873756 251.976116
294 10 23 16.008284 256.265147
294 12 13 16.024292 256.777936
294 16 17 15.771648 248.744869
294 18 19 15.667310 245.464589
294 20 21 16.681818 278.283038
294 26 27 16.387443 268.548302
294 28 29 15.606975 243.577681
295 0 1 15.487505 239.862825
295 2 3 16.367012 267.879096
295 5 24 16.164453 261.289549
295 7 14 15.571230 242.463200
295 10 23 16.004344 256.139041
295 12 13 15.928145 253.705809
295 16 17 16.171521 261.518081
295 18 19 15.756750 248.275161
295 20 21 16.657677 277.478217
295 26 27 15.843703 251.022936
295 28 29 16.082306 258.640562
296 0 1 15.692639 246.258921
296 2 3 15.453840 238.821164
296 5 24 15.876392 252.059825
296 7 14 15.755129 248.224101
296 10 23 15.817389 250.189785
296 12 13 15.689245 246.152409
296 16 17 15.819611 250.260104
296 18 19 15.286861 233.688104
296 20 21 15.970216 255.047810
296 26 27 15.840185 250.911449
296 28 29 15.411077 237.501285
297 0 1 15.755645 248.240360
297 2 3 15.822523 250.352229
297 5 24 16.026285 256.841816
297 7 14 15.969320 255.019169
297 10 23 15.151999 229.583085
297 12 13 15.592178 243.116000
297 16 17 15.595283 243.212856
297 18 19 15.599678 243.349950
297 20 21 15.888603 252.447717
297 26 27 16.214372 262.905844
297 28 29 15.882334 252.248525
298 0 1 16.542419 273.651622
298 2 3 15.984687 255.510225
298 5 24 16.324623 266.493300
298 7 14 16.116166 259.730796
298 10 23 15.126923 228.823793
298 12 13 15.925066 253.607725
298 16 17 16.210664 262.785636
298 18 19 15.983460 255.471001
298 20 21 15.870501 251.872793
298 26 27 15.689467 246.159377
298 28 29 15.697763 246.419774
299 0 1 16.187057 262.020830
299 2 3 15.686946 246.080264
299 5 24 15.904198 252.943525
299 7 14 16.280164 265.043736
299 10 23 15.777606 248.932845
299 12 13 15.647615 244.847844
299 16 17 15.967689 254.967096
299 18 19 16.020317 256.650569
299 20 21 16.048181 257.544100
299 26 27 16.146700 260.715912
299 28 29 15.423213 237.875489
300 0 1 16.010124 256.324085
300 2 3 16.006824 256.218404
300 5 24 15.798557 249.594404
300 7 14 15.511052 240.592744
300 10 23 16.002805 256.089776
300 12 13 15.960585 254.740289
300 16 17 15.682086 245.927829
300 18 19 15.886288 252.374141
300 20 21 15.894847 252.646146
300 26 27 15.921693 253.500317
300 28 29 16.331740 266.725718
301 0 1 16.355067 267.488208
301 2 3 15.970041 255.042196
301 5 24 15.925383 253.617825
301 7 14 16.096483 259.096761
301 10 23 15.804791 249.791405
301 12 13 16.428164 269.884564
301 16 17 15.606158 243.552161
301 18 19 16.244504 263.883909
301 20 21 16.400075 268.962473
301 26 27 15.897758 252.738725
301 28 29 16.003959 256.126720
302 0 1 16.090373 258.900093
302 2 3 16.041292 257.323041
302 5 24 15.354186 235.751016
302 7 14 16.037282 257.194416
302 10 23 16.591857 275.289725
302 12 13 15.973534 255.153800
302 16 17 15.679496 245.846600
302 18 19 16.064989 258.083876
302 20 21 16.252370 264.139525
302 26 27 16.171243 261.509090
302 28 29 16.188149 262.056164
303 0 1 16.076521 258.454529
303 2 3 15.983119 255.460100
303 5 24 15.910944 253.158141
303 7 14 16.415521 269.469324
303 10 23 15.958976 254.688921
303 12 13 15.502950 240.341464
303 16 17 15.762265 248.449009
303 18 19 16.114882 259.689429
303 20 21 15.620087 243.987105
303 26 27 16.259761 264.379838
303 28 29 15.593563 243.159208
304 0 1 15.994897 255.836741
304 2 3 15.420648 237.796384
304 5 24 16.106394 259.415925
304 7 14 15.619787 243.977749
304 10 23 15.944940 254.241098
304 12 13 16.569611 274.552001
304 16 17 15.392288 236.922525
304 18 19 16.126216 260.054849
304 20 21 16.034659 257.110278
304 26 27 16.050360 257.614061
304 28 29 16.260135 264.391985
305 0 1 16.320193 266.348696
305 2 3 15.847968 251.158104
305 5 24 15.546859 241.704836
305 7 14 16.108918 259.497224
305 10 23 16.185430 261.968146
305 12 13 15.849520 251.207300
305 16 17 15.496874 240.153100
305 18 19 16.318334 266.288009
305 20 21 15.920863 253.473876
305 26 27 16.022115 256.708161
305 28 29 16.101034 259.243305
306 0 1 16.447387 270.516544
306 2 3 16.300871 265.718389
306 5 24 16.119147 259.826900
306 7 14 15.950458 254.417096
306 10 23 15.940983 254.114937
306 12 13 15.494272 240.072456
306 16 17 15.668174 245.491664
306 18 19 15.998945 255.966244
306 20 21 15.860320 251.549762
306 26 27 16.727113 279.796321
306 28 29 16.142326 260.574700
307 0 1 15.868164 251.798629
307 2 3 15.833201 250.690241
307 5 24 15.850540 251.239625
307 7 14 15.999627 255.988056
307 10 23 15.899902 252.806885
307 12 13 15.992815 255.770116
307 16 17 15.773570 248.805524
307 18 19 16.078710 258.524900
307 20 21 15.574005 242.549629
307 26 27 16.255272 264.233865
307 28 29 16.203411 262.550529
308 0 1 15.277459 233.400741
308 2 3 15.666081 245.426109
308 5 24 15.884686 252.323249
308 7 14 15.231914 232.011204
308 10 23 16.358816 267.610848
308 12 13 16.514998 272.745149
308 16 17 15.931467 253.811625
308 18 19 15.875247 252.023464
308 20 21 15.906323 253.011117
308 26 27 16.481761 271.648433
308 28 29 15.710440 246.817914
309 0 1 15.955418 254.575361
309 2 3 16.292663 265.450881
309 5 24 15.448136 238.644900
309 7 14 16.538333 273.516469
309 10 23 15.900975 252.840997
309 12 13 16.045195 257.448296
309 16 17 16.269251 264.688525
309 18 19 15.543817 241.610249
309 20 21 15.951703 254.456840
309 26 27 16.091315 258.930425
309 28 29 15.571822 242.481626
310 0 1 15.514101 240.687317
310 2 3 15.824940 250.428741
310 5 24 15.487615 239.866209
310 7 14 15.676127 245.740961
310 10 23 15.995419 255.853425
310 12 13 15.515741 240.738225
310 16 17 16.370677 267.999081
310 18 19 16.244087 263.870361
310 20 21 16.312460 266.096350
310 26 27 15.612395 243.746885
310 28 29 15.769371 248.673070
311 0 1 16.080718 258.589490
311 2 3 15.890151 252.496900
311 5 24 15.839052 250.875561
311 7 14 15.632873 244.386729
311 10 23 15.866157 251.734925
311 12 13 16.507014 272.481504
311 16 17 16.149453 260.804825
311 18 19 16.079933 258.564236
311 20 21 15.534236 241.312502
311 26 27 15.943837 254.205954
311 28 29 16.076383 258.450092
312 0 1 16.111748 259.588421
312 2 3 16.102224 259.281629
312 5 24 16.306661 265.907181
312 7 14 15.986055 255.553941
312 10 23 16.512136 272.650649
312 12 13 15.940996 254.115344
312 16 17 16.353625 267.441041
312 18 19 16.001973 256.063149
312 20 21 16.310925 266.046260
312 26 27 16.068793 258.206120
312 28 29 15.821477 250.319141
313 0 1 15.671841 245.606600
313 2 3 15.734522 247.575184
313 5 24 15.548250 241.748076
313 7 14 15.859659 251.528784
313 10 23 16.080571 258.584770
313 12 13 15.792443 249.401256
313 16 17 16.206000 262.634425
313 18 19 15.776587 248.900709
313 20 21 15.519563 240.856837
313 26 27 15.817412 250.190513
313 28 29 16.153072 260.921726
314 0 1 15.647471 244.843337
314 2 3 15.889975 252.491316
314 5 24 15.734910 247.587384
314 7 14 15.859433 251.521604
314 10 23 16.224548 263.235965
314 12 13 16.127619 260.100101
314 16 17 15.631153 244.332944
314 18 19 15.767270 248.606810
314 20 21 15.984570 255.506488
314 26 27 15.849899 251.219296
314 28 29 16.062845 258.015005
315 0 1 15.541545 241.539624
315 2 3 16.458126 270.869924
315 5 24 15.658220 245.179856
315 7 14 16.113445 259.643109
315 10 23 15.890190 252.498141
315 12 13 15.986810 255.578100
315 16 17 15.963189 254.823401
315 18 19 16.119002 259.822213
315 20 21 16.108886 259.496200
315 26 27 16.156210 261.023120
315 28 29 16.383549 268.420693
316 0 1 15.371274 236.276054
316 2 3 16.204688 262.591929
316 5 24 15.369390 236.218144
316 7 14 16.206411 262.647761
316 10 23 15.610997 243.703241
316 12 13 16.349889 267.318864
316 16 17 15.393607 236.963124
316 18 19 15.683363 245.967873
316 20 21 16.451634 270.656250
316 26 27 16.494355 272.063741
316 28 29 16.476940 271.489560
317 0 1 16.346845 267.219357
317 2 3 16.443572 270.391064
317 5 24 16.256187 264.263625
317 7 14 15.530891 241.208564
317 10 23 15.941181 254.121236
317 12 13 16.095876 259.077216
317 16 17 16.093434 258.998625
317 18 19 15.974959 255.199302
317 20 21 15.661772 245.291114
317 26 27 16.183814 261.915832
317 28 29 16.122253 259.927034
318 0 1 15.582741 242.821817
318 2 3 16.517930 272.842001
318 5 24 15.943002 254.179300
318 7 14 16.875407 284.779349
318 8 9 16.173594 261.585134
318 10 23 15.679089 245.833844
318 12 13 15.621889 244.043425
318 16 17 16.010110 256.323621
318 18 19 15.711491 246.850961
318 20 21 15.993138 255.780473
318 26 27 15.862938 251.632801
318 28 29 15.811624 250.007440
319 0 1 15.998032 255.937029
319 2 3 15.722815 247.206921
319 7 14 15.874838 252.010484
319 8 9 16.207316 262.677089
319 10 23 16.578954 274.861725
319 12 13 15.253422 232.666884
319 16 17 16.164298 261.284541
319 18 19 16.273442 264.824929
319 20 21 15.829521 250.573722
319 26 27 15.722052 247.182921
319 28 29 15.946197 254.281209
320 0 1 15.752283 248.134404
320 2 3 16.206346 262.645644
320 5 24 15.846720 251.118525
320 7 14 16.223065 263.187849
320 8 9 16.132856 260.269046
320 10 23 16.365997 267.845861
320 12 13 15.774507 248.835081
320 16 17 15.902620 252.893316
320 18 19 15.562492 242.191153
320 20 21 15.896291 252.692076
320 26 27 16.527650 273.163225
320 28 29 15.766745 248.590253
321 0 1 15.795636 249.502130
321 2 3 16.213146 262.866104
321 5 24 16.276658 264.929589
321 7 14 15.983756 255.480461
321 8 9 15.709240 246.780212
321 10 23 16.107226 259.442741
321 12 13 15.629522 244.281969
321 16 17 15.668344 245.496996
321 18 19 15.682077 245.927530
321 20 21 16.305744 265.877290
321 26 27 16.350937 267.353157
321 28 29 15.155238 229.681233
322 0 1 15.947008 254.307053
322 2 3 16.320664 266.364076
322 5 24 15.899811 252.803986
322 7 14 15.686112 246.054104
322 8 9 15.742443 247.824506
322 10 23 16.120853 259.881909
322 12 13 15.975782 255.225624
322 16 17 16.131627 260.229396
322 18 19 16.151565 260.873064
322 20 21 16.112804 259.622445
322 26 27 16.119039 259.823425
322 28 29 15.601336 243.401674
323 0 1 15.921937 253.508090
323 2 3 16.606714 275.782941
323 5 24 16.134943 260.336378
323 7 14 15.746181 247.942229
323 8 9 16.053535 257.715984
323 10 23 15.928611 253.720661
323 12 13 16.221720 263.144201
323 16 17 16.212574 262.847541
323 18 19 16.289152 265.336478
323 20 21 15.826061 250.464205
323 26 27 16.049730 257.593824
323 28 29 16.210099 262.767308
324 0 1 15.843426 251.014145
324 2 3 16.389448 268.614001
324 5 24 15.315499 234.564498
324 7 14 15.889162 252.465456
324 8 9 15.616147 243.864059
324 10 23 15.869599 251.844161
324 12 13 16.790321 281.914889
324 16 17 15.981039 255.393621
324 18 19 15.928601 253.720325
324 20 21 15.805912 249.826856
324 26 27 16.076652 258.458724
324 28 29 15.860203 251.546053
325 0 1 15.387335 236.770074
325 2 3 16.153963 260.950525
325 5 24 15.502370 240.323485
325 7 14 15.036505 226.096484
325 8 9 15.407080 237.378109
325 10 23 16.205722 262.625425
325 12 13 16.500275 272.259064
325 16 17 16.106990 259.435125
325 18 19 15.825789 250.455585
325 20 21 16.046692 257.496309
325 26 27 16.466600 271.148925
325 28 29 16.176008 261.663229
326 0 1 16.182948 261.887813
326 2 3 16.258813 264.348996
326 5 24 15.691327 246.217754
326 7 14 16.114804 259.686921
326 8 9 15.774897 248.847378
326 10 23 15.694896 246.329764
326 12 13 16.059479 257.906864
326 16 17 16.203341 262.548256
326 18 19 16.202154 262.509805
326 20 21 16.400920 268.990176
326 26 27 16.348724 267.280765
326 28 29 15.986348 255.563326
327 0 1 16.101763 259.266770
327 2 3 16.122454 259.933536
327 5 24 15.853078 251.320096
327 7 14 15.921091 253.481125
327 8 9 15.975440 255.214670
327 10 23 15.790634 249.344129
327 12 13 15.731983 247.495300
327 16 17 15.471164 239.356925
327 18 19 16.238330 263.683350
327 20 21 16.762004 280.964777
327 26 27 16.015887 256.508630
327 28 29 15.946136 254.279266
328 0 1 15.699725 246.481353
328 2 3 15.835581 250.765636
328 5 24 15.576615 242.630924
328 7 14 16.101559 259.260216
328 8 9 16.230973 263.444499
328 10 23 15.668332 245.496625
328 12 13 15.966791 254.938424
328 16 17 16.446192 270.477225
328 18 19 15.421738 237.830004
328 20 21 16.351858 267.383246
328 26 27 16.390115 268.635860
328 28 29 16.038930 257.247270
329 0 1 15.713243 246.906002
329 2 3 15.950910 254.431525
329 5 24 15.495214 240.101656
329 7 14 15.752782 248.150136
329 8 9 15.684822 246.013653
329 10 23 15.908350 253.075589
329 12 13 15.826614 250.481716
329 16 17 15.534149 241.309796
329 18 19 15.578641 242.694050
329 20 21 15.848516 251.175470
329 26 27 15.928532 253.718121
329 28 29 16.837083 283.487370
330 0 1 15.751184 248.099789
330 2 3 16.110484 259.547701
330 5 24 15.961086 254.756269
330 7 14 16.393397 268.743464
330 8 9 15.588044 242.987106
330 10 23 15.800868 249.667425
330 12 13 16.475037 271.426849
330 16 17 16.359454 267.631736
330 18 19 16.064124 258.056093
330 20 21 16.243909 263.864565
330 26 27 16.049058 257.572262
330 28 29 16.012317 256.394282
331 0 1 16.022168 256.709870
331 2 3 16.155170 260.989524
331 5 24 16.008486 256.271636
331 7 14 15.750702 248.084621
331 8 9 16.087929 258.821459
331 10 23 15.961917 254.782800
331 12 13 16.380050 268.306025
331 16 17 16.973951 288.114996
331 18 19 16.184250 261.929956
331 20 21 16.267214 264.622253
331 26 27 16.257892 264.319044
331 28 29 16.147474 260.740929
332 0 1 15.882693 252.259933
332 2 3 16.201040 262.473701
332 5 24 15.206559 231.239444
332 7 14 16.234026 263.543600
332 8 9 16.084901 258.724053
332 10 23 16.191575 262.167101
332 12 13 15.916089 253.321900
332 16 17 15.939501 254.067700
332 18 19 16.245624 263.920289
332 20 21 16.376461 268.188461
332 26 27 15.919592 253.433409
332 28 29 16.740069 280.229912
333 0 1 15.914996 253.287089
333 2 3 15.890403 252.504916
333 5 24 15.573510 242.534225
333 7 14 15.708556 246.758744
333 8 9 16.447266 270.512545
333 10 23 16.296378 265.571921
333 12 13 15.556773 242.013189
333 16 17 16.140271 260.508344
333 18 19 16.219207 263.062689
333 20 21 16.328192 266.609858
333 26 27 16.913208 286.056620
333 28 29 16.433452 270.058358
334 0 1 15.467679 239.249100
334 2 3 16.057056 257.829056
334 5 24 15.851847 251.281041
334 7 14 15.622328 244.057144
334 8 9 16.278033 264.974366
334 10 23 16.048352 257.549589
334 12 13 16.145950 260.691704
334 16 17 15.753897 248.185281
334 18 19 16.169701 261.459225
334 20 21 16.056643 257.815797
334 26 27 16.088780 258.848837
334 28 29 16.241517 263.786877
335 0 1 15.856339 251.423497
335 2 3 15.906998 253.032596
335 5 24 16.119305 259.832001
335 7 14 15.812995 250.050824
335 8 9 15.605140 243.520389
335 10 23 16.161593 261.197100
335 12 13 16.285154 265.206225
335 16 17 15.534423 241.318301
335 18 19 15.879167 252.147933
335 20 21 16.197309 262.352825
335 26 27 15.946368 254.286665
335 28 29 15.717346 247.034974
336 0 1 15.894530 252.636089
336 2 3 16.143067 260.598600
336 5 24 15.703534 246.600984
336 7 14 15.970199 255.047256
336 8 9 16.061712 257.978585
336 10 23 16.335957 266.863481
336 12 13 16.365326 267.823881
336 16 17 15.687575 246.100004
336 18 19 15.757902 248.311464
336 20 21 16.039347 257.260640
336 26 27 15.967302 254.954744
336 28 29 16.424712 269.771161
337 0 1 15.637210 244.522322
337 2 3 16.160504 261.161900
337 5 24 16.023927 256.766225
337 7 14 15.781788 249.064836
337 8 9 15.939158 254.056754
337 10 23 16.048258 257.546600
337 12 13 16.322453 266.422469
337 16 17 15.859050 251.509481
337 18 19 16.612155 275.963700
337 20 21 16.345653 267.180372
337 26 27 15.887591 252.415553
337 28 29 15.722696 247.203162
338 0 1 16.089931 258.885877
338 2 3 15.980314 255.370421
338 5 24 16.390272 268.641009
338 7 14 15.635465 244.467776
338 8 9 16.277503 264.957101
338 10 23 16.039016 257.250029
338 12 13 16.557321 274.144889
338 16 17 15.619805 243.978309
338 18 19 16.352730 267.411764
338 20 21 16.378491 268.254973
338 26 27 15.908752 253.088401
338 28 29 15.844176 251.037905
339 0 1 16.626036 276.425081
339 2 3 16.284246 265.176664
339 5 24 15.878679 252.132441
339 7 14 15.235604 232.123625
339 8 9 16.209801 262.757638
339 10 23 16.046044 257.475525
339 12 13 16.309009 265.983789
339 16 17 15.695255 246.341041
339 18 19 15.961235 254.761025
339 20 21 15.529343 241.160480
339 26 27 15.642503 244.687904
339 28 29 15.843915 251.029652
340 0 1 15.910528 253.144904
340 2 3 16.151102 260.858101
340 5 24 16.127837 260.107124
340 7 14 15.133265 229.015700
340 8 9 15.880430 252.188061
340 10 23 15.848067 251.161224
340 12 13 16.760791 280.924125
340 16 17 15.965058 254.883069
340 18 19 15.840689 250.927421
340 20 21 15.980573 255.378725
340 26 27 16.306162 265.890913
340 28 29 16.038644 257.238093
341 0 1 16.516113 272.781977
341 2 3 15.848885 251.187149
341 5 24 16.064036 258.053249
341 7 14 15.876280 252.056276
341 8 9 16.264379 264.530021
341 10 23 15.933775 253.885181
341 12 13 16.697217 278.797049
341 16 17 16.168980 261.435909
341 18 19 15.917883 253.378989
341 20 21 15.734420 247.571969
341 26 27 15.328554 234.964569
341 28 29 16.012030 256.385097
342 0 1 16.042902 257.374697
342 2 3 15.863104 251.638061
342 5 24 15.640589 244.628009
342 7 14 16.072942 258.339476
342 8 9 16.217125 262.995140
342 10 23 16.026315 256.842776
342 12 13 16.280879 265.067024
342 16 17 16.244210 263.874356
342 18 19 15.726196 247.313241
342 20 21 16.310581 266.035065
342 26 27 16.146872 260.721482
342 28 29 16.037480 257.200760
343 0 1 16.135420 260.351768
343 2 3 16.405729 269.147936
343 5 24 16.130206 260.183556
343 7 14 15.658604 245.191869
343 8 9 15.904151 252.942006
343 10 23 15.818916 250.238100
343 12 13 15.946786 254.299976
343 16 17 16.210517 262.780869
343 18 19 16.199006 262.407796
343 20 21 16.075790 258.431025
343 26 27 15.698758 246.451014
343 28 29 16.123045 259.952585
344 0 1 15.885917 252.362365
344 2 3 16.205010 262.602356
344 5 24 16.500756 272.274941
344 7 14 16.034939 257.119284
344 8 9 16.378971 268.270706
344 10 23 16.292214 265.436244
344 12 13 16.434144 270.081089
344 16 17 15.538449 241.443400
344 18 19 15.966434 254.927000
344 20 21 15.808221 249.899866
344 26 27 16.373358 268.086852
344 28 29 16.012365 256.395828
345 0 1 16.032146 257.029694
345 2 3 16.048983 257.569841
345 5 24 16.459146 270.903500
345 7 14 16.391969 268.696661
345 8 9 16.103135 259.310961
345 10 23 16.010303 256.329789
345 12 13 15.824158 250.403976
345 16 17 16.028862 256.924429
345 18 19 15.291538 233.831129
345 20 21 16.149319 260.800500
345 26 27 16.232249 263.485898
345 28 29 15.943211 254.185985
346 0 1 16.442560 270.357781
346 2 3 16.456803 270.826361
346 5 24 15.943821 254.205416
346 7 14 16.617378 276.137249
346 8 9 15.870022 251.857598
346 10 23 16.234221 263.549925
346 12 13 16.314961 266.177944
346 16 17 16.066858 258.143924
346 18 19 15.817945 250.207376
346 20 21 16.322276 266.416681
346 26 27 15.851285 251.263229
346 28 29 15.695786 246.357700
347 0 1 15.884234 252.308889
347 2 3 15.953721 254.521209
347 5 24 16.291431 265.410729
347 7 14 16.206411 262.647761
347 8 9 16.347850 267.252214
347 10 23 15.954977 254.561289
347 12 13 16.283699 265.158841
347 16 17 15.945428 254.256661
347 18 19 16.029155 256.933825
347 20 21 15.324315 234.834625
347 26 27 15.983400 255.469064
347 28 29 15.879158 252.147653
348 0 1 16.302653 265.776506
348 2 3 15.668217 245.493029
348 5 24 16.308758 265.975576
348 7 14 15.396043 237.038144
348 8 9 15.513847 240.679458
348 10 23 16.045095 257.445081
348 12 13 16.040259 257.289909
348 16 17 15.710667 246.825069
348 18 19 15.712615 246.886276
348 20 21 15.801712 249.694105
348 26 27 15.896116 252.686501
348 28 29 16.455367 270.779096
349 0 1 16.299023 265.658141
349 2 3 15.691226 246.214569
349 5 24 16.269335 264.691249
349 7 14 16.759776 280.890084
349 8 9 16.440019 270.274221
349 10 23 16.430615 269.965096
349 12 13 16.455145 270.771809
349 16 17 15.745428 247.918501
349 18 19 16.122027 259.919765
349 20 21 16.257736 264.313994
349 26 27 15.786200 249.204104
349 28 29 15.565854 242.295800
350 0 1 16.122177 259.924584
350 2 3 16.059387 257.903921
350 5 24 16.629198 276.530216
350 7 14 15.965435 254.895125
350 8 9 16.310353 266.027626
350 10 23 16.429044 269.913496
350 12 13 16.540663 273.593516
350 16 17 15.835664 250.768264
350 18 19 15.771606 248.743549
350 20 21 15.485943 239.814420
350 26 27 16.322296 266.417349
350 28 29 15.883792 252.294840
351 0 1 15.836126 250.782874
351 2 3 14.966814 224.005524
351 5 24 15.929602 253.752216
351 7 14 15.851041 251.255500
351 8 9 15.756204 248.257955
351 10 23 16.045249 257.450016
351 12 13 15.472719 239.405025
351 16 17 15.893838 252.614101
351 18 19 15.564514 242.254106
351 20 21 15.588903 243.013893
351 26 27 15.547818 241.734636
351 28 29 16.064862 258.079781
352 0 1 16.005604 256.179365
352 2 3 15.886542 252.382221
352 5 24 15.937909 254.016941
352 7 14 16.494099 272.055300
352 8 9 16.007439 256.238114
352 10 23 16.249749 264.054344
352 12 13 15.894468 252.634100
352 16 17 15.755831 248.246200
352 18 19 15.593320 243.151620
352 20 21 15.677839 245.794625
352 26 27 15.803809 249.760393
352 28 29 16.419629 269.604226
353 0 1 16.068324 258.191029
353 2 3 16.104359 259.350369
353 5 24 16.013412 256.429376
353 7 14 16.505840 272.442769
353 8 9 15.975499 255.216571
353 10 23 15.766644 248.587064
353 12 13 16.851409 283.970000
353 16 17 15.596706 243.257225
353 18 19 16.238570 263.691141
353 20 21 15.933975 253.891550
353 26 27 15.679302 245.840501
353 28 29 15.799560 249.626110
354 0 1 15.673818 245.668562
354 2 3 15.771297 248.733821
354 5 24 16.275853 264.903404
354 7 14 15.795709 249.504424
354 8 9 15.456412 238.900662
354 10 23 15.827279 250.502776
354 12 13 16.389438 268.613676
354 16 17 16.529363 273.219849
354 18 19 16.176932 261.693125
354 20 21 16.387152 268.538757
354 26 27 15.594052 243.174456
354 28 29 16.656339 277.433625
355 0 1 16.125202 260.022125
355 2 3 16.117368 259.769544
355 5 24 15.906292 253.010129
355 7 14 15.845198 251.070304
355 8 9 15.791065 249.357734
355 10 23 15.851595 251.273076
355 12 13 15.984175 255.493844
355 16 17 15.871626 251.908504
355 18 19 15.909664 253.117400
355 20 21 16.250012 264.062904
355 26 27 16.341494 267.044436
355 28 29 15.865604 251.717381
356 0 1 15.948473 254.353796
356 2 3 16.023698 256.758901
356 5 24 16.140942 260.530000
356 7 14 15.825821 250.456596
356 8 9 15.135397 229.080242
356 10 23 15.904143 252.941764
356 12 13 16.255852 264.252716
356 16 17 16.115990 259.725124
356 18 19 16.298016 265.625325
356 20 21 16.434571 270.095117
356 26 27 16.057222 257.834392
356 28 29 16.005634 256.180326
357 0 1 16.312837 266.108666
357 2 3 16.350771 267.347700
357 5 24 16.353758 267.445400
357 7 14 16.289500 265.347800
357 8 9 15.730741 247.456209
357 10 23 16.067633 258.168824
357 12 13 16.085618 258.747116
357 16 17 15.316367 234.591101
357 18 19 15.635986 244.484069
357 20 21 15.806184 249.835460
357 26 27 16.061147 257.960453
357 28 29 16.236541 263.625269
358 0 1 16.264935 264.548105
358 2 3 16.267881 264.643956
358 5 24 16.227999 263.347936
358 7 14 16.099476 259.193125
358 8 9 15.555645 241.978085
358 10 23 15.528528 241.135181
358 12 13 16.003613 256.115636
358 16 17 16.345876 267.187661
358 18 19 15.675639 245.725649
358 20 21 15.822025 250.336472
358 26 27 16.441364 270.318453
358 28 29 15.541869 241.549701
359 0 1 16.392510 268.714369
359 2 3 15.529537 241.166521
359 5 24 15.919247 253.422424
359 7 14 16.043011 257.378216
359 8 9 16.355428 267.500009
359 10 23 15.365661 236.103541
359 12 13 16.132396 260.254216
359 16 17 16.179667 261.781624
359 18 19 16.196803 262.336441
359 20 21 15.670786 245.573528
359 26 27 15.833008 250.684145
359 28 29 15.722476 247.196262
360 0 1 15.816418 250.159092
360 2 3 16.221224 263.128100
360 5 24 16.205812 262.628349
360 7 14 16.027002 256.864781
360 8 9 15.868918 251.822550
360 10 23 16.081461 258.613400
360 12 13 15.558475 242.066141
360 16 17 16.191372 262.160521
360 18 19 15.106063 228.193141
360 20 21 16.003272 256.104728
360 26 27 15.979923 255.357929
360 28 29 16.096385 259.093625
361 0 1 15.988385 255.628445
361 2 3 16.046770 257.498829
361 5 24 16.723806 279.685700
361 7 14 16.219333 263.066761
361 8 9 16.029070 256.931093
361 10 23 16.093677 259.006444
361 12 13 15.925561 253.623501
361 16 17 15.942150 254.152136
361 18 19 15.961034 254.754600
361 20 21 16.380792 268.330354
361 26 27 15.731956 247.494429
361 28 29 15.969565 255.026994
362 0 1 16.126173 260.053460
362 2 3 16.774078 281.369681
362 5 24 16.120839 259.881444
362 7 14 15.473249 239.421425
362 8 9 16.293194 265.468169
362 10 23 15.978966 255.327369
362 12 13 16.374439 268.122261
362 16 17 16.457123 270.836900
362 18 19 16.283471 265.151425
362 20 21 16.059831 257.918173
362 26 27 15.937922 254.017373
362 28 29 15.776697 248.904158
363 0 1 16.218206 263.030197
363 2 3 16.311837 266.076041
363 5 24 16.290983 265.396136
363 7 14 15.368029 236.176325
363 8 9 16.067044 258.149918
363 10 23 15.695424 246.346344
363 12 13 16.445127 270.442200
363 16 17 16.182560 261.875241
363 18 19 15.876770 252.071825
363 20 21 16.390598 268.651693
363 26 27 15.855298 251.390484
363 28 29 16.045026 257.442849
364 0 1 16.090190 258.894222
364 2 3 16.261242 264.428000
364 5 24 16.090081 258.890721
364 7 14 15.973282 255.145749
364 8 9 16.211901 262.825736
364 10 23 15.816508 250.161941
364 12 13 16.079426 258.547949
364 16 17 15.444521 238.533216
364 18 19 16.025409 256.813725
364 20 21 16.644916 277.053226
364 26 27 16.442822 270.366392
364 28 29 16.140342 260.510645
365 0 1 16.381392 268.350017
365 2 3 16.341181 267.034200
365 5 24 15.993948 255.806361
365 7 14 16.138970 260.466349
365 8 9 16.249775 264.055202
365 10 23 16.328454 266.618420
365 12 13 16.112094 259.599581
365 16 17 15.931124 253.800725
365 18 19 15.676106 245.740309
365 20 21 16.581165 274.935042
365 26 27 16.046782 257.499220
365 28 29 16.148030 260.758873
366 0 1 15.529891 241.177525
366 2 3 16.387325 268.544424
366 5 24 16.427733 269.870425
366 7 14 15.572383 242.499101
366 8 9 16.029521 256.945553
366 10 23 16.027964 256.895640
366 12 13 16.250767 264.087425
366 16 17 15.994089 255.810869
366 18 19 16.108388 259.480164
366 20 21 15.501044 240.282353
366 26 27 15.883714 252.292368
366 28 29 15.985400 255.533013
367 0 1 16.267618 264.635381
367 2 3 15.643083 244.706056
367 5 24 15.742394 247.822976
367 7 14 16.247044 263.966449
367 8 9 15.812844 250.046036
367 10 23 16.356126 267.522854
367 12 13 16.041742 257.337496
367 16 17 15.230036 231.954001
367 18 19 16.215436 262.940361
367 20 21 16.276074 264.910581
367 26 27 16.094067 259.018980
367 28 29 15.900959 252.840500
368 0 1 16.174317 261.608545
368 2 3 16.278579 264.992125
368 5 24 15.926768 253.661924
368 7 14 16.360675 267.671684
368 8 9 16.537077 273.474920
368 10 23 16.622029 276.291861
368 12 13 15.934306 253.902121
368 16 17 15.664400 245.373441
368 18 19 16.257764 264.314904
368 20 21 16.391167 268.670362
368 26 27 15.678033 245.800717
368 28 29 15.586049 242.924916
369 0 1 16.616420 276.105425
369 2 3 15.984856 255.515636
369 5 24 15.935728 253.947416
369 7 14 16.145106 260.664449
369 8 9 16.027928 256.894485
369 10 23 16.315867 266.207513
369 12 13 15.824450 250.413229
369 16 17 15.726468 247.321781
369 18 19 16.087621 258.811556
369 20 21 16.011707 256.374761
369 26 27 15.419277 237.754088
369 28 29 15.854156 251.354250
370 0 1 15.955580 254.580533
370 2 3 16.280982 265.070369
370 5 24 16.089944 258.886289
370 8 9 16.187863 262.046893
370 10 23 16.306414 265.899141
370 12 13 15.361534 235.976725
370 16 17 15.957546 254.643281
370 18 19 16.106887 259.431800
370 20 21 15.584667 242.881861
370 26 27 15.719468 247.101689
370 28 29 15.933886 253.888725
371 0 1 15.621734 244.038569
371 2 3 16.306680 265.907816
371 5 24 16.475303 271.435625
371 8 9 15.863789 251.659802
371 10 23 16.030733 256.984409
371 12 13 15.804155 249.771321
371 16 17 15.320632 234.721764
371 18 19 16.226144 263.287764
371 20 21 16.049054 257.572120
371 26 27 15.734989 247.589876
371 28 29 16.168037 261.405425
372 0 1 16.506540 272.465848
372 2 3 16.409525 269.272525
372 5 24 15.897110 252.718121
372 8 9 16.293169 265.467349
372 10 23 15.688090 246.116176
372 12 13 16.694698 278.712941
372 16 17 16.222329 263.163944
372 18 19 16.464891 271.092641
372 20 21 15.623824 244.103861
372 26 27 15.518814 240.833576
372 28 29 16.247662 263.986530
373 0 1 15.984172 255.493757
373 2 3 16.232834 263.504889
373 5 24 15.853761 251.341736
373 8 9 16.113700 259.651325
373 10 23 15.827749 250.517636
373 12 13 15.563911 242.235336
373 16 17 15.455647 238.877025
373 18 19 15.785742 249.189656
373 20 21 16.500858 272.278311
373 26 27 15.908694 253.086536
373 28 29 16.322917 266.437609
374 0 1 15.996341 255.882932
374 2 3 15.851615 251.273696
374 5 24 16.310761 266.040921
374 8 9 15.430367 238.096214
374 10 23 15.737561 247.670836
374 12 13 16.025557 256.818489
374 16 17 15.961560 254.771384
374 18 19 16.055622 257.782989
374 20 21 16.000140 256.004482
374 26 27 15.460692 239.032989
374 28 29 15.750373 248.074253
375 0 1 16.352432 267.402041
375 2 3 16.022859 256.732021
375 5 24 15.770495 248.708509
375 7 14 16.659331 277.533325
375 8 9 16.095376 259.061128
375 10 23 15.631078 244.330600
375 12 13 15.563606 242.225844
375 16 17 15.888101 252.431756
375 18 19 16.107737 259.459200
375 20 21 15.786657 249.218553
375 26 27 16.449299 270.579428
375 28 29 15.572549 242.504270
376 0 1 15.946636 254.295189
376 2 3 15.371372 236.279064
376 5 24 16.242576 263.821289
376 7 14 16.239732 263.728909
376 8 9 15.775689 248.872370
376 10 23 15.742034 247.811636
376 12 13 15.720232 247.125704
376 16 17 16.426452 269.828325
376 18 19 16.311767 266.073737
376 20 21 15.891473 252.538900
376 26 27 15.894972 252.650120
376 28 29 15.942311 254.157281
377 0 1 16.005172 256.165521
377 2 3 15.724987 247.275209
377 5 24 16.551812 273.962464
377 7 14 15.616926 243.888364
377 8 9 15.952763 254.490661
377 10 23 16.319480 266.325429
377 12 13 16.718302 279.501621
377 16 17 15.703442 246.598096
377 18 19 15.693594 246.288900
377 20 21 15.492073 240.004325
377 26 27 15.827255 250.501986
377 28 29 16.211170 262.802042
378 0 1 15.759874 248.373630
378 2 3 15.680126 245.866341
378 5 24 15.716832 247.018801
378 7 14 15.674879 245.701816
378 8 9 16.125522 260.032473
378 10 23 15.699854 246.485429
378 12 13 15.972869 255.132556
378 16 17 16.571649 274.619541
378 18 19 16.319161 266.315030
378 20 21 15.795164 249.487208
378 26 27 15.909347 253.107309
378 28 29 16.120721 259.877649
379 0 1 15.783088 249.105873
379 2 3 16.289303 265.341400
379 5 24 15.702907 246.581300
379 7 14 15.809927 249.953800
379 8 9 16.276246 264.916183
379 10 23 16.292084 265.432009
379 12 13 15.900584 252.828561
379 16 17 16.427316 269.856696
379 18 19 15.782415 249.084625
379 20 21 16.261487 264.435953
379 26 27 15.676876 245.764456
379 28 29 16.103331 259.317269
380 0 1 15.686020 246.051234
380 2 3 16.228926 263.378029
380 5 24 16.238726 263.696224
380 7 14 15.997407 255.917025
380 8 9 15.216384 231.538334
380 10 23 16.216337 262.969581
380 12 13 15.848494 251.174756
380 16 17 16.235647 263.596241
380 18 19 15.951345 254.445400
380 20 21 15.978461 255.311220
380 26 27 16.183604 261.909040
380 28 29 16.151177 260.860514
381 0 1 16.437736 270.199181
381 2 3 15.887457 252.411296
381 5 24 16.320874 266.370941
381 7 14 15.612412 243.747396
381 8 9 15.385473 236.712794
381 10 23 15.889985 252.491609
381 12 13 15.983339 255.467141
381 16 17 15.794160 249.455500
381 18 19 16.200254 262.448225
381 20 21 15.904051 252.938840
381 26 27 16.109984 259.531572
381 28 29 15.902119 252.877400
382 0 1 15.730779 247.457405
382 2 3 15.851782 251.279001
382 5 24 16.115395 259.705956
382 7 14 16.027869 256.892600
382 8 9 15.516084 240.748849
382 10 23 16.222401 263.166284
382 12 13 16.089049 258.857504
382 16 17 16.403332 269.069289
382 18 19 16.330198 266.675376
382 20 21 15.414379 237.603085
382 26 27 15.774196 248.825269
382 28 29 15.900728 252.833157
383 0 1 16.006363 256.203668
383 2 3 15.845485 251.079384
383 5 24 15.764473 248.518596
383 7 14 16.378389 268.251621
383 8 9 15.938034 254.020916
383 10 23 16.194725 262.269104
383 16 17 15.736951 247.651641
383 18 19 15.940493 254.099316
383 20 21 15.810196 249.962293
383 26 27 15.998423 255.949541
383 28 29 15.868310 251.803262
384 0 1 15.373111 236.332542
384 2 3 16.159117 261.117061
384 5 24 15.395701 237.027596
384 7 14 15.995424 255.853601
384 8 9 16.073216 258.348267
384 10 23 16.143472 260.611700
384 13 22 16.181454 261.839441
384 16 17 16.165792 261.332841
384 18 19 15.899442 252.792264
384 20 21 16.203060 262.539140
384 26 27 16.530326 273.251684
384 28 29 16.230270 263.421658
385 0 1 15.762211 248.447297
385 2 3 15.694722 246.324296
385 5 24 15.748166 248.004721
385 7 14 15.878023 252.111601
385 8 9 16.285575 265.219961
385 10 23 15.929086 253.735769
385 13 22 16.202099 262.508025
385 16 17 16.000601 256.019225
385 18 19 16.131656 260.230334
385 20 21 16.094955 259.047561
385 26 27 15.639331 244.588664
385 28 29 15.711418 246.848641
386 0 1 15.459472 238.995274
386 2 3 15.744219 247.880436
386 5 24 16.178277 261.736656
386 7 14 15.842525 250.985601
386 8 9 16.289730 265.355313
386 10 23 16.237329 263.650869
386 13 22 16.087636 258.812021
386 16 17 15.688017 246.113889
386 18 19 15.936322 253.966365
386 20 21 16.125433 260.029577
386 26 27 15.764867 248.531024
386 28 29 15.732046 247.497278
387 0 1 15.643992 244.734485
387 2 3 15.659674 245.225389
387 5 24 15.841045 250.938696
387 7 14 15.539142 241.464925
387 8 9 15.956546 254.611373
387 10 23 16.669912 277.885976
387 13 22 15.863031 251.635756
387 16 17 15.806459 249.844161
387 18 19 16.064739 258.075842
387 20 21 16.239330 263.715825
387 26 27 15.931718 253.819629
387 28 29 15.772539 248.772989
388 0 1 15.968529 254.993913
388 2 3 15.799544 249.625589
388 5 24 15.686149 246.055269
388 7 14 14.941973 223.262564
388 8 9 16.215685 262.948452
388 10 23 16.113758 259.653204
388 13 22 16.384876 268.464149
388 16 17 15.341919 235.374489
388 18 19 15.872362 251.931886
388 20 21 16.022641 256.725014
388 26 27 15.957745 254.649621
388 28 29 16.206312 262.644549
389 0 1 15.620816 244.009896
389 2 3 16.080195 258.572684
389 5 24 16.004902 256.156884
389 7 14 15.460644 239.031524
389 8 9 15.247334 232.481181
389 10 23 16.298074 265.627209
389 13 22 15.606607 243.566176
389 16 17 15.635205 244.459624
389 18 19 15.681903 245.922089
389 20 21 15.849850 251.217741
389 26 27 16.095997 259.081104
389 28 29 16.295528 265.544219
390 0 1 15.675146 245.710205
390 2 3 16.143265 260.605004
390 5 24 15.873444 251.966216
390 7 14 16.069987 258.244484
390 8 9 16.213769 262.886296
390 10 23 16.405829 269.151221
390 13 22 15.317179 234.615981
390 16 17 15.594059 243.174681
390 18 19 15.439369 238.374100
390 20 21 16.203527 262.554292
390 26 27 16.144372 260.640761
390 28 29 15.864068 251.668644
391 0 1 15.618017 243.922466
391 2 3 16.209762 262.756400
391 5 24 15.817037 250.178669
391 7 14 15.380198 236.550500
391 8 9 15.806808 249.855192
391 10 23 16.192910 262.210325
391 13 22 15.702957 246.582856
391 16 17 16.295748 265.551404
391 18 19 15.696523 246.380841
391 20 21 15.486898 239.844005
391 26 27 15.461587 239.060681
391 28 29 15.923929 253.571500
392 0 1 15.885869 252.360830
392 2 3 15.950197 254.408784
392 5 24 15.729528 247.418064
392 7 14 16.505030 272.416016
392 8 9 16.017524 256.561067
392 10 23 16.037782 257.210456
392 13 22 16.309007 265.983700
392 16 17 16.225573 263.269209
392 18 19 16.196568 262.328800
392 20 21 15.534207 241.311581
392 26 27 16.110311 259.542117
392 28 29 16.279917 265.035686
393 0 1 15.605577 243.534048
393 2 3 16.131157 260.214224
393 5 24 15.943951 254.209589
393 7 14 15.824140 250.403400
393 8 9 16.108392 259.480305
393 10 23 16.585929 275.093029
393 13 22 16.182339 261.868100
393 16 17 15.832493 250.667825
393 18 19 15.737365 247.664661
393 20 21 16.102075 259.276806
393 26 27 16.384408 268.448829
393 28 29 15.970620 255.060689
394 0 1 15.826146 250.466888
394 2 3 16.733807 280.020296
394 5 24 16.100125 259.214025
394 7 14 15.761394 248.421529
394 8 9 15.938662 254.040933
394 10 23 16.321907 266.404641
394 13 22 16.166553 261.357421
394 16 17 15.613353 243.776804
394 18 19 15.749788 248.055825
394 20 21 16.351973 267.387005
394 26 27 16.368696 267.934196
394 28 29 16.064194 258.058340
395 0 1 16.116326 259.735956
395 2 3 16.468740 271.219400
395 5 24 15.887876 252.424616
395 7 14 16.298724 265.648404
395 8 9 16.331365 266.713491
395 10 23 16.460625 270.952184
395 13 22 15.958325 254.668125
395 16 17 15.994694 255.830249
395 18 19 14.999397 224.981900
395 20 21 15.828608 250.544840
395 26 27 15.996494 255.887829
395 28 29 15.562501 242.191435
396 0 1 15.921684 253.500018
396 2 3 16.079735 258.557876
396 5 24 15.772647 248.776389
396 7 14 15.499004 240.219125
396 8 9 16.367216 267.885746
396 10 23 15.688255 246.121356
396 13 22 15.883283 252.278676
396 16 17 15.735744 247.613624
396 18 19 15.934893 253.920829
396 20 21 16.172484 261.549237
396 26 27 15.865287 251.707325
396 28 29 15.729003 247.401522
397 0 1 16.296826 265.586525
397 2 3 16.395304 268.805981
397 5 24 16.082434 258.644696
397 7 14 15.709559 246.790249
397 8 9 15.994225 255.815241
397 10 23 16.214086 262.896600
397 13 22 16.418305 269.560724
397 16 17 15.603935 243.482789
397 18 19 16.142548 260.581864
397 20 21 16.272745 264.802225
397 26 27 15.890900 252.520696
397 28 29 16.115874 259.721409
398 0 1 15.511333 240.601457
398 2 3 15.576511 242.627701
398 5 24 15.759108 248.349496
398 7 14 16.360497 267.665869
398 8 9 16.128560 260.130449
398 10 23 16.179617 261.780016
398 13 22 16.019436 256.622344
398 16 17 15.904031 252.938216
398 18 19 15.814606 250.101769
398 20 21 15.612670 243.755466
398 26 27 15.764683 248.525217
398 28 29 16.223614 263.205654
399 0 1 16.209531 262.748885
399 2 3 15.899988 252.809604
399 5 24 16.063519 258.036644
399 7 14 15.606637 243.567124
399 8 9 16.261673 264.441997
399 10 23 15.964011 254.849636
399 13 22 15.619365 243.964564
399 16 17 15.721556 247.167321
399 18 19 15.659477 245.219229
399 20 21 15.899026 252.779042
399 26 27 15.813868 250.078422
399 28 29 16.311740 266.072856
400 0 1 15.628192 244.240376
400 2 3 15.492405 240.014625
400 5 24 16.106786 259.428564
400 7 14 15.372181 236.303956
400 8 9 15.916297 253.328509
400 10 23 16.177755 261.719761
400 13 22 16.283608 265.155889
400 16 17 15.322183 234.769284
400 18 19 15.880109 252.177869
400 20 21 16.253098 264.163205
400 26 27 16.388767 268.591670
400 28 29 15.753761 248.180974
401 0 1 15.657973 245.172125
401 2 3 16.115102 259.696501
401 5 24 15.538075 241.431764
401 7 14 15.544223 241.622864
401 8 9 15.345001 235.469060
401 10 23 16.284251 265.176824
401 13 22 15.839968 250.904600
401 16 17 15.819753 250.264600
401 18 19 15.604971 243.515124
401 20 21 16.179718 261.783261
401 26 27 16.182049 261.858720
401 28 29 16.243614 263.855000
402 0 1 15.611226 243.710389
402 2 3 15.650273 244.931044
402 5 24 16.375031 268.141625
402 7 14 15.846846 251.122536
402 8 9 15.768350 248.640848
402 10 23 16.293194 265.468181
402 13 22 16.192767 262.205700
402 16 17 15.980720 255.383421
402 18 19 15.751787 248.118800
402 26 27 16.180746 261.816530
402 28 29 15.939141 254.056226
403 0 1 16.070968 258.276024
403 2 3 15.262535 232.944984
403 5 24 16.316061 266.213836
403 7 14 15.619407 243.965864
403 8 9 16.099167 259.183178
403 10 23 16.027615 256.884437
403 13 22 15.924710 253.596404
403 16 17 15.703988 246.615229
403 18 19 15.927734 253.692701
403 20 21 16.391618 268.685133
403 26 27 15.912524 253.208420
403 28 29 16.068447 258.194985
404 0 1 16.109323 259.510284
404 2 3 16.015890 256.508744
404 5 24 15.998740 255.959669
404 7 14 16.127450 260.094644
404 8 9 16.215062 262.928225
404 10 23 15.863981 251.665905
404 13 22 16.279399 265.018829
404 16 17 16.616240 276.099416
404 18 19 16.017443 256.558476
404 20 21 15.880481 252.189684
404 26 27 16.388999 268.599301
404 28 29 16.119674 259.843892
405 0 1 16.333078 266.769425
405 2 3 16.074963 258.404424
405 5 24 15.897280 252.723500
405 7 14 15.951132 254.438624
405 8 9 16.074736 258.397131
405 10 23 16.299404 265.670580
405 13 22 16.786870 281.799000
405 16 17 15.724105 247.247489
405 18 19 15.625212 244.147244
405 20 21 15.807814 249.886970
405 26 27 16.313536 266.131458
405 28 29 15.909834 253.122825
406 0 1 16.118692 259.812225
406 2 3 16.140715 260.522681
406 5 24 16.026733 256.856169
406 7 14 15.502199 240.318164
406 8 9 15.676315 245.746853
406 10 23 15.810326 249.966400
406 13 22 16.205803 262.628056
406 16 17 15.906638 253.021144
406 18 19 16.102426 259.288116
406 20 21 15.721263 247.158126
406 26 27 16.347383 267.236936
406 28 29 16.367524 267.895856
407 0 1 16.034754 257.113329
407 2 3 16.087932 258.821544
407 5 24 16.098326 259.156100
407 7 14 15.754955 248.218621
407 8 9 16.422967 269.713857
407 10 23 15.837232 250.817905
407 13 22 15.612835 243.760616
407 16 17 15.831170 250.625944
407 18 19 15.772781 248.780621
407 20 21 15.898535 252.763413
407 26 27 15.662445 245.312194
407 28 29 16.554752 274.059810
408 0 1 16.049721 257.593544
408 2 3 15.809472 249.939396
408 5 24 16.321409 266.388400
408 7 14 16.037126 257.189400
408 8 9 16.150780 260.847684
408 10 23 16.172982 261.565357
408 13 22 16.465357 271.107977
408 16 17 16.317085 266.247269
408 18 19 15.673898 245.671089
408 20 21 15.869363 251.836684
408 26 27 16.058594 257.878440
408 28 29 16.092275 258.961300
409 0 1 16.348689 267.279624
409 2 3 15.670735 245.571924
409 5 24 15.446356 238.589900
409 7 14 15.887747 252.420489
409 8 9 16.224154 263.223185
409 10 23 15.665546 245.409336
409 13 22 15.996491 255.887713
409 16 17 15.971619 255.092600
409 18 19 15.549972 241.801624
409 20 21 16.073755 258.365594
409 26 27 15.692639 246.258932
409 28 29 16.237150 263.645042
410 0 1 16.595811 275.420936
410 2 3 16.233367 263.522196
410 5 24 15.673430 245.656409
410 7 14 16.478104 271.527901
410 8 9 15.506956 240.465673
410 10 23 16.169948 261.467216
410 13 22 16.193758 262.237813
410 16 17 16.103873 259.334741
410 18 19 16.267072 264.617621
410 20 21 16.555850 274.096178
410 26 27 15.571012 242.456429
410 28 29 15.560902 242.141677
411 0 1 16.362243 267.722981
411 2 3 15.304113 234.215884
411 5 24 15.878528 252.127649
411 7 14 16.256553 264.275501
411 8 9 16.132273 260.250247
411 10 23 15.604621 243.504209
411 13 22 15.743915 247.870856
411 16 17 15.877751 252.102969
411 18 19 15.840180 250.911300
411 20 21 16.393660 268.752101
411 26 27 15.940856 254.110890
411 28 29 16.334284 266.808820
412 0 1 16.065823 258.110681
412 2 3 15.354122 235.749076
412 5 24 16.391025 268.665696
412 7 14 16.025683 256.822500
412 8 9 16.031230 257.000341
412 10 23 15.629320 244.275649
412 13 22 15.511297 240.600341
412 16 17 15.915970 253.318100
412 18 19 15.899875 252.806025
412 20 21 15.841221 250.944296
412 26 27 15.774681 248.840568
412 28 29 15.431388 238.127725
413 0 1 15.724611 247.263400
413 2 3 15.160008 229.825829
413 5 24 16.177052 261.697021
413 7 14 16.563623 274.353604
413 8 9 15.911720 253.182820
413 10 23 16.256698 264.280236
413 13 22 15.966682 254.934920
413 16 17 16.396723 268.852541
413 18 19 15.818601 250.228125
413 20 21 15.703549 246.601440
413 26 27 15.800413 249.653040
413 28 29 15.736829 247.647789
414 0 1 16.044470 257.425025
414 2 3 15.537226 241.405384
414 5 24 16.177575 261.713929
414 7 14 16.540995 273.604525
414 8 9 16.041933 257.343610
414 10 23 15.574817 242.574921
414 13 22 16.358022 267.584900
414 16 17 16.210198 262.770516
414 18 19 16.088560 258.841749
414 20 21 16.336786 266.890566
414 26 27 15.959754 254.713745
414 28 29 15.607098 243.581505
415 0 1 15.597768 243.290381
415 2 3 16.001334 256.042676
415 5 24 15.674950 245.704056
415 7 14 15.830583 250.607349
415 8 9 16.239571 263.723657
415 10 23 16.077441 258.484100
415 13 22 16.095632 259.069361
415 16 17 15.903520 252.921956
415 18 19 15.195246 230.895509
415 20 21 15.957042 254.627197
415 26 27 16.426769 269.838740
415 28 29 15.852081 251.288457
416 0 1 16.284775 265.193881
416 2 3 16.184106 261.925281
416 5 24 15.516472 240.760901
416 7 14 16.524398 273.055724
416 8 9 15.964792 254.874596
416 10 23 15.666931 245.452729
416 13 22 16.535187 273.412400
416 16 17 16.183637 261.910100
416 18 19 15.767266 248.606676
416 20 21 15.366206 236.120277
416 26 27 16.105136 259.375394
416 28 29 16.086134 258.763704
417 0 1 16.144789 260.654209
417 2 3 15.767232 248.605601
417 5 24 16.426890 269.842725
417 7 14 16.321925 266.405236
417 8 9 16.025632 256.820896
417 10 23 16.231549 263.463189
417 13 22 15.861482 251.586600
417 16 17 16.498438 272.198456
417 18 19 16.159759 261.137825
417 20 21 16.216595 262.977954
417 26 27 15.232695 232.035005
417 28 29 15.714492 246.945272
418 0 1 16.372034 268.043496
418 2 3 15.963644 254.837924
418 5 24 15.653637 245.036356
418 7 14 16.209154 262.736689
418 8 9 16.301590 265.741838
418 10 23 16.102004 259.274525
418 13 22 15.659001 245.204321
418 18 19 15.581368 242.779025
418 20 21 15.842796 250.994189
418 26 27 15.728474 247.384898
418 28 29 16.318946 266.307990
419 0 1 15.790526 249.340721
419 2 3 16.088073 258.826100
419 5 24 15.949065 254.372661
419 7 14 15.759696 248.368021
419 8 9 16.037157 257.190417
419 10 23 15.815061 250.116164
419 13 22 16.015683 256.502105
419 18 19 15.541406 241.535301
419 20 21 15.896212 252.689561
419 28 29 16.083162 258.668098
420 0 1 15.816452 250.160141
420 2 3 15.728970 247.400500
420 5 24 16.171315 261.511416
420 7 14 15.969249 255.016900
420 8 9 16.321510 266.391699
420 10 23 16.083084 258.665604
420 13 22 16.691099 278.592788
420 18 19 15.883813 252.295525
420 20 21 15.845032 251.065029
420 28 29 15.789923 249.321678
421 0 1 15.530087 241.183596
421 2 3 15.914399 253.268084
421 5 24 15.879932 252.172229
421 7 14 16.333103 266.770241
421 8 9 15.992288 255.753260
421 10 23 15.650512 244.938536
421 13 22 16.152301 260.896824
421 16 17 16.171793 261.526881
421 18 19 15.981153 255.397264
421 20 21 15.929427 253.746636
421 28 29 16.270232 264.720438
422 0 1 16.112268 259.605173
422 2 3 16.289119 265.335400
422 5 24 16.250865 264.090609
422 7 14 16.066861 258.144029
422 8 9 16.088764 258.848325
422 10 23 15.627194 244.209200
422 13 22 16.420737 269.640594
422 16 17 16.302778 265.780561
422 18 19 16.075428 258.419396
422 20 21 16.485318 271.765726
422 28 29 16.417227 269.525350
423 0 1 16.181115 261.828490
423 2 3 16.088986 258.855464
423 5 24 16.009276 256.296929
423 7 14 15.861576 251.589601
423 8 9 16.227628 263.335918
423 10 23 15.601219 243.398024
423 13 22 16.777119 281.471717
423 16 17 15.844113 251.035921
423 18 19 15.761415 248.422196
423 20 21 16.457004 270.832979
423 28 29 16.130684 260.198978
424 0 1 16.210081 262.766725
424 2 3 15.848414 251.172221
424 5 24 16.256816 264.284069
424 7 14 15.950961 254.433161
424 8 9 16.152914 260.916641
424 10 23 15.655933 245.108241
424 13 22 16.420924 269.646761
424 16 17 16.027585 256.883481
424 18 19 15.972287 255.113964
424 20 21 15.521446 240.915298
424 28 29 16.038597 257.236589
425 2 3 16.150901 260.851604
425 5 24 15.644237 244.742156
425 7 14 15.829167 250.562536
425 8 9 15.450566 238.719981
425 10 23 16.183259 261.897864
425 13 22 15.705062 246.648974
425 16 17 15.975827 255.227049
425 18 19 15.984857 255.515641
425 20 21 15.564535 242.254742
425 28 29 15.419953 237.774953
426 2 3 15.508456 240.512209
426 5 24 15.489763 239.932769
426 7 14 16.218346 263.034761
426 8 9 16.177865 261.723310
426 10 23 15.778776 248.969776
426 13 22 16.106208 259.409952
426 16 17 16.077712 258.492836
426 18 19 16.497361 272.162936
426 20 21 15.706623 246.697992
426 28 29 16.148759 260.782402
427 2 3 15.961319 254.763700
427 5 24 15.583421 242.843001
427 7 14 15.929560 253.750889
427 8 9 16.082159 258.635850
427 10 23 15.698910 246.455761
427 13 22 16.375265 268.149302
427 16 17 16.308105 265.954289
427 18 19 16.532576 273.326084
427 20 21 16.080245 258.574265
427 28 29 16.467092 271.165112
428 2 3 16.012748 256.408100
428 5 24 15.628157 244.239276
428 7 14 15.911617 253.179549
428 8 9 16.068382 258.192898
428 10 23 15.533590 241.292425
428 13 22 16.773751 281.358725
428 16 17 15.705996 246.678296
428 18 19 16.398705 268.917536
428 20 21 16.191680 262.170514
428 28 29 15.449921 238.700045
429 2 3 15.884573 252.319661
429 5 24 16.047982 257.537725
429 7 14 16.267120 264.619204
429 8 9 16.002792 256.089346
429 10 23 15.480358 239.641476
429 13 22 15.744809 247.899001
429 16 17 15.908949 253.094649
429 18 19 16.063515 258.036509
429 20 21 15.338412 235.266873
429 28 29 15.054093 226.625725
430 2 3 16.448915 270.566796
430 5 24 15.600771 243.384056
430 7 14 15.536281 241.376024
430 8 9 15.595303 243.213483
430 10 23 16.450895 270.631949
430 13 22 16.369564 267.962630
430 16 17 15.688295 246.122600
430 18 19 15.009283 225.278584
430 20 21 15.996338 255.882842
430 28 29 16.086922 258.789046
431 2 3 15.534017 241.305696
431 5 24 15.806291 249.838841
431 7 14 15.419622 237.764749
431 8 9 16.265515 264.566979
431 10 23 16.236401 263.620724
431 13 22 15.553976 241.926169
431 16 17 16.338655 266.951641
431 18 19 15.650078 244.924949
431 20 21 15.426444 237.975176
431 28 29 15.214986 231.495789
432 2 3 16.432474 270.026201
432 5 24 15.515672 240.736076
432 7 14 15.787064 249.231381
432 8 9 15.416765 237.676637
432 10 23 16.252165 264.132861
432 13 22 16.638067 276.825278
432 16 17 16.657023 277.456400
432 18 19 16.320162 266.347700
432 20 21 15.429341 238.064570
432 28 29 15.699291 246.467745
433 2 3 15.778832 248.971541
433 5 24 15.988951 255.646541
433 7 14 15.522633 240.952125
433 8 9 16.214811 262.920097
433 10 23 16.083984 258.694536
433 13 22 15.553811 241.921033
433 16 17 16.617422 276.138725
433 18 19 16.069815 258.238964
433 20 21 15.874908 252.012708
433 28 29 15.831658 250.641401
434 2 3 15.917060 253.352789
434 5 24 15.855846 251.407844
434 7 14 16.435704 270.132361
434 8 9 16.156003 261.016425
434 10 23 15.880421 252.187769
434 13 22 15.498486 240.203078
434 16 17 16.226253 263.291300
434 18 19 15.854795 251.374516
434 20 21 15.781300 249.049442
434 28 29 15.651881 244.981377
435 2 3 15.879052 252.144281
435 5 24 15.874209 251.990509
435 7 14 16.067322 258.158824
435 8 9 15.957186 254.631773
435 10 23 16.226039 263.284329
435 13 22 16.044253 257.418065
435 16 17 15.832949 250.682289
435 18 19 16.152496 260.903141
435 20 21 15.937246 253.995818
435 28 29 15.723671 247.233818
436 2 3 15.499945 240.248300
436 5 24 16.389158 268.604496
436 7 14 15.742191 247.816589
436 8 9 15.691181 246.213149
436 10 23 15.979248 255.336356
436 13 22 16.259474 264.370500
436 16 17 16.293542 265.479504
436 18 19 15.701066 246.523464
436 20 21 16.126806 260.073886
436 28 29 15.253713 232.675760
437 2 3 16.427768 269.871569
437 5 24 16.339716 266.986325
437 7 14 15.292551 233.862116
437 8 9 16.173251 261.574037
437 10 23 16.395037 268.797241
437 13 22 15.706287 246.687453
437 16 17 16.432899 270.040161
437 18 19 16.114726 259.684381
437 20 21 15.844079 251.034852
437 28 29 15.705252 246.654929
438 2 3 16.055570 257.781341
438 5 24 16.141691 260.554196
438 7 14 16.323917 266.470264
438 8 9 15.740086 247.750317
438 10 23 16.123723 259.974441
438 13 22 15.619119 243.956865
438 16 17 16.347252 267.232649
438 18 19 16.161353 261.189336
438 20 21 16.028766 256.921332
438 28 29 15.806301 249.839145
439 2 3 16.431674 269.999916
439 5 24 14.693167 215.889149
439 7 14 16.278426 264.987161
439 8 9 15.539607 241.479374
439 10 23 16.306197 265.892064
439 13 22 15.958277 254.666610
439 16 17 16.018160 256.581449
439 18 19 15.729172 247.406841
439 20 21 16.785679 281.759022
439 28 29 15.982898 255.453021
440 2 3 15.840908 250.934381
440 5 24 15.643389 244.715604
440 7 14 16.195473 262.293356
440 8 9 15.243443 232.362569
440 10 23 15.517650 240.797469
440 13 22 16.197747 262.367000
440 16 17 16.380391 268.317201
440 18 19 16.255848 264.252596
440 20 21 16.051159 257.639697
441 2 3 15.727311 247.348324
441 5 24 15.839588 250.892541
441 7 14 15.926098 253.640609
441 8 9 16.320830 266.369506
441 10 23 16.006261 256.200400
441 16 17 16.310846 266.043689
441 18 19 15.895072 252.653321
441 20 21 16.010314 256.330142
442 2 3 15.755713 248.242501
442 5 24 15.967425 254.958669
442 7 14 16.064685 258.074109
442 8 9 16.058477 257.874684
442 10 23 16.009154 256.293021
442 16 17 16.368873 267.940004
442 18 19 15.946977 254.306089
442 20 21 16.123442 259.965374
443 2 3 15.818640 250.229369
443 5 24 15.905392 252.981504
443 7 14 16.419199 269.590096
443 8 9 15.873626 251.972006
443 10 23 15.438169 238.337049
443 16 17 15.428805 238.048025
443 18 19 15.967276 254.953896
443 20 21 15.815504 250.130169
444 2 3 15.961041 254.754824
444 5 24 15.605734 243.538949
444 7 14 16.035841 257.148201
444 8 9 16.353586 267.439768
444 10 23 16.313724 266.137576
444 13 22 15.090324 227.717866
444 16 17 16.735697 280.083544
444 20 21 16.317895 266.273682
445 2 3 15.964386 254.861636
445 5 24 15.138089 229.161729
445 7 14 15.751081 248.096561
445 8 9 16.150771 260.847395
445 10 23 16.397551 268.879689
445 13 22 15.692187 246.244730
445 16 17 16.079931 258.564196
445 20 21 16.227916 263.345265
446 2 3 16.756035 280.764696
446 5 24 15.742714 247.833029
446 7 14 15.929888 253.761324
446 8 9 16.185607 261.973879
446 10 23 16.223365 263.197581
446 13 22 15.828670 250.546790
446 16 17 16.664054 277.690689
446 20 21 16.170996 261.501096
447 2 3 16.095799 259.074756
447 5 24 15.541143 241.527116
447 7 14 15.886300 252.374525
447 8 9 16.292440 265.443596
447 10 23 16.760028 280.898525
447 13 22 15.450115 238.706060
447 15 18 16.049777 257.595329
447 16 17 15.759949 248.375981
447 20 21 15.589472 243.031625
448 2 3 16.043578 257.396401
448 5 24 15.667700 245.476809
448 7 14 15.778007 248.945496
448 8 9 16.089437 258.869968
448 10 23 15.941346 254.126525
448 13 22 16.320814 266.368980
448 16 17 16.122028 259.919789
448 20 21 15.855565 251.398946
449 2 3 16.039823 257.275925
449 5 24 15.330379 235.020516
449 7 14 15.914262 253.263721
449 8 9 16.566431 274.446637
449 10 23 15.977630 255.284649
449 13 22 16.838038 283.519521
449 16 17 15.896623 252.702609
449 20 21 15.662394 245.310593
450 2 3 15.967181 254.950869
450 5 24 15.684716 246.010309
450 7 14 16.600624 275.580704
450 8 9 16.733751 280.018428
450 10 23 15.851377 251.266164
450 13 22 16.424659 269.769438
450 16 17 16.171181 261.507096
450 18 19 15.646639 244.817309
450 20 21 15.928177 253.706833
451 2 3 15.762431 248.454225
451 5 24 15.652416 244.998125
451 7 14 15.994464 255.822864
451 8 9 15.649562 244.908794
451 10 23 16.028843 256.923800
451 13 22 15.682599 245.943921
451 16 17 15.799534 249.625289
451 18 19 16.073086 258.344100
451 20 21 15.989232 255.655553
452 2 3 16.452784 270.694109
452 7 14 15.707275 246.718496
452 8 9 16.028994 256.928652
452 10 23 15.966769 254.937716
452 13 22 16.290298 265.373806
452 16 17 15.849757 251.214800
452 18 19 16.410366 269.300100
452 20 21 15.884185 252.307337
453 2 3 15.590585 243.066329
453 7 14 16.425899 269.810161
453 8 9 15.907413 253.045775
453 10 23 15.832072 250.654500
453 16 17 15.677908 245.796801
453 20 21 15.692053 246.240542
454 2 3 15.463624 239.123664
454 7 14 16.108170 259.473125
454 8 9 15.522459 240.946727
454 10 23 16.378743 268.263224
454 13 22 16.149441 260.804430
454 16 17 16.021132 256.676661
454 20 21 16.499557 272.235374
455 2 3 15.451324 238.743401
455 7 14 16.446887 270.500101
455 8 9 15.864388 251.678801
455 10 23 16.041989 257.345409
455 13 22 16.108119 259.471510
455 16 17 16.206927 262.664489
455 20 21 15.843629 251.020578
456 2 3 15.627920 244.231884
456 7 14 16.266026 264.583600
456 8 9 16.087979 258.823078
456 10 23 15.291683 233.835569
456 13 22 16.112197 259.602900
456 15 18 15.878921 252.140129
456 16 17 15.955874 254.589900
456 20 21 16.011965 256.383034
457 2 3 15.471058 239.353649
457 7 14 16.450306 270.612556
457 8 9 15.667956 245.484837
457 10 23 15.565415 242.282144
457 13 22 15.622784 244.071378
457 15 18 16.248249 264.005601
457 16 17 16.025835 256.827400
457 20 21 15.828398 250.538181
458 2 3 15.756318 248.261544
458 7 14 15.370085 236.239521
458 8 9 16.081860 258.626221
458 10 23 15.694499 246.317301
458 13 22 15.498898 240.215825
458 15 18 16.124951 260.014041
458 16 17 15.742211 247.817196
458 20 21 15.652720 245.007652
459 2 3 15.477210 239.544036
459 7 14 16.180733 261.816129
459 8 9 15.718411 247.068456
459 10 23 15.785985 249.197321
459 13 22 15.595438 243.217701
459 15 18 15.817484 250.192801
459 16 17 15.616015 243.859909
459 20 21 16.276070 264.910445
460 2 3 15.464872 239.162269
460 7 14 16.506510 272.464884
460 8 9 15.862299 251.612515
460 10 23 15.881326 252.216521
460 13 22 15.746891 247.964581
460 15 18 16.143972 260.627825
460 16 17 16.052159 257.671816
460 20 21 15.807332 249.871733
461 2 3 16.226069 263.285329
461 7 14 15.613137 243.770049
461 8 9 15.976270 255.241200
461 10 23 16.316913 266.241661
461 13 22 16.285532 265.218561
461 15 18 16.176989 261.694965
461 16 17 15.758880 248.342296
461 20 21 16.306772 265.910804
462 2 3 15.549349 241.782264
462 7 14 15.816205 250.152356
462 8 9 15.828400 250.538234
462 10 23 16.091446 258.934629
462 13 22 15.994715 255.830897
462 15 18 15.950162 254.407656
462 16 17 16.059108 257.894949
462 20 21 15.658702 245.194949
463 2 3 15.494940 240.093176
463 7 14 16.704494 279.040116
463 8 9 16.260837 264.414813
463 10 23 16.111255 259.572544
463 13 22 16.111516 259.580958
463 15 18 15.857769 251.468829
463 16 17 15.924131 253.577949
463 20 21 16.197787 262.368293
464 2 3 15.139935 229.217624
464 5 24 16.092324 258.962904
464 7 14 16.344619 267.146561
464 8 9 15.821421 250.317378
464 10 23 15.791785 249.380461
464 13 22 16.218595 263.042828
464 15 18 16.196361 262.322100
464 16 17 15.683223 245.963481
464 20 21 15.758846 248.341217
465 2 3 16.368363 267.923309
465 5 24 15.596591 243.253656
465 7 14 16.846091 283.790769
465 8 9 16.473140 271.364350
465 10 23 15.603381 243.465496
465 13 22 15.572369 242.498681
465 15 18 16.375583 268.159704
465 16 17 16.495962 272.116776
465 20 21 16.091776 258.945269
466 2 3 16.164943 261.305396
466 5 24 15.768467 248.644541
466 7 14 16.240022 263.738321
466 8 9 16.192020 262.181498
466 10 23 16.292428 265.443221
466 13 22 15.550079 241.804954
466 15 18 16.411061 269.322924
466 16 17 16.179708 261.782964
466 20 21 16.428855 269.907270
467 2 3 15.879577 252.160961
467 5 24 15.956616 254.613581
467 7 14 15.562339 242.186384
467 8 9 16.476384 271.471226
467 10 23 15.905974 253.000004
467 13 22 15.697757 246.419578
467 15 18 16.284237 265.176381
467 16 17 16.071927 258.306824
467 20 21 16.169782 261.461836
468 2 3 16.325917 266.535564
468 5 24 15.769766 248.685529
468 7 14 16.002990 256.095684
468 8 9 16.958850 287.602603
468 10 23 16.396421 268.842636
468 13 22 15.570153 242.429669
468 15 18 15.766087 248.569504
468 16 17 16.393162 268.735764
468 20 21 16.621302 276.267669
469 2 3 16.108135 259.472024
469 5 24 16.610747 275.916921
469 7 14 16.116937 259.755656
469 8 9 16.403312 269.068646
469 10 23 16.282721 265.127000
469 13 22 15.706716 246.700925
469 15 18 15.552464 241.879136
469 16 17 16.341482 267.044029
469 20 21 16.059927 257.921241
470 2 3 16.115900 259.722225
470 5 24 15.999157 255.973016
470 7 14 16.657537 277.473524
470 8 9 15.198437 230.992491
470 10 23 16.217568 263.009504
470 13 22 16.297611 265.612133
470 15 18 15.571680 242.477209
470 16 17 15.511319 240.601025
470 20 21 16.310841 266.043525
471 2 3 15.858115 251.479809
471 5 24 16.327453 266.585729
471 7 14 16.256148 264.262361
471 8 9 16.002285 256.073110
471 10 23 15.715606 246.980281
471 13 22 15.661539 245.283813
471 15 18 15.707346 246.720729
471 16 17 16.100135 259.214349
471 20 21 16.209535 262.749014
472 2 3 15.996568 255.890201
472 5 24 16.070099 258.248069
472 7 14 16.296147 265.564404
472 8 9 15.871505 251.904666
472 10 23 16.575236 274.738444
472 13 22 16.301555 265.740698
472 15 18 16.554984 274.067509
472 16 17 15.767248 248.606125
472 20 21 16.099305 259.187620
473 2 3 16.532696 273.330036
473 5 24 15.677018 245.768900
473 7 14 16.038785 257.242621
473 8 9 15.401743 237.213674
473 10 23 16.095362 259.060676
473 13 22 16.090117 258.891881
473 15 18 15.797981 249.576189
473 20 21 16.623618 276.344689
474 2 3 15.680454 245.876641
474 5 24 16.343078 267.096196
474 7 14 15.981515 255.408825
474 8 9 16.221349 263.132169
474 10 23 16.256452 264.272225
474 13 22 15.764095 248.506698
474 15 18 15.025780 225.774061
474 20 21 16.410198 269.294612
475 2 3 15.872996 251.952000
475 5 24 15.514348 240.695000
475 7 14 16.050658 257.623609
475 8 9 15.912003 253.191842
475 10 23 15.738616 247.704041
475 13 22 16.448843 270.564440
475 15 18 16.108190 259.473800
475 20 21 15.684382 245.999833
476 2 3 16.101748 259.266281
476 5 24 15.723634 247.232676
476 7 14 16.447758 270.528729
476 8 9 15.597937 243.295649
476 10 23 16.179706 261.782901
476 13 22 15.839096 250.876950
476 15 18 16.029204 256.935384
476 20 21 15.538985 241.460069
477 2 3 16.014909 256.477316
477 5 24 15.638137 244.551341
477 7 14 15.177390 230.353164
477 8 9 15.278567 233.434606
477 10 23 16.483893 271.718725
477 13 22 16.333687 266.789325
477 15 18 16.160819 261.172061
477 20 21 15.934343 253.903282
478 2 3 15.770346 248.703801
478 5 24 15.455961 238.886724
478 7 14 16.086432 258.773309
478 8 9 16.069249 258.220755
478 10 23 16.012022 256.384861
478 13 22 16.130028 260.177805
478 15 18 16.276387 264.920769
478 16 17 16.287200 265.272900
478 20 21 15.714676 246.951050
479 2 3 16.268639 264.668624
479 5 24 15.221808 231.703444
479 7 14 15.913235 253.231041
479 8 9 15.820845 250.299134
479 10 23 15.851054 251.255904
479 13 22 15.847935 251.157050
479 15 18 16.398040 268.895729
479 16 17 16.073725 258.364644
479 20 21 15.496021 240.126669
480 2 3 16.253606 264.179709
480 5 24 16.161238 261.185604
480 7 14 16.479245 271.565516
480 8 9 16.195612 262.297841
480 10 23 16.392391 268.710469
480 13 22 16.147569 260.743989
480 15 18 16.121446 259.901021
480 16 17 15.885632 252.353316
480 20 21 15.932462 253.843358
481 2 3 15.907443 253.046729
481 5 24 15.339013 235.285325
481 7 14 16.074378 258.385624
481 8 9 15.464557 239.152514
481 10 23 16.450696 270.625384
481 13 22 15.527412 241.100537
481 15 18 15.572106 242.490496
481 16 17 15.723934 247.242101
481 20 21 16.258729 264.346260
482 2 3 15.980144 255.365016
482 5 24 15.803162 249.739944
482 7 14 16.474891 271.422025
482 8 9 16.296263 265.568187
482 10 23 16.017934 256.574225
482 13 22 16.220625 263.108685
482 15 18 15.428267 238.031416
482 16 17 15.575399 242.593056
482 20 21 15.705842 246.673465
483 2 3 16.176988 261.694944
483 5 24 15.864087 251.669249
483 7 14 15.981246 255.400229
483 8 9 15.883591 252.288457
483 10 23 15.785924 249.195404
483 13 22 16.212398 262.841849
483 15 18 15.856913 251.441681
483 16 17 16.081067 258.600724
483 20 21 15.869313 251.835086
484 2 3 16.138383 260.447400
484 5 24 15.873388 251.964456
484 7 14 15.990732 255.703509
484 8 9 16.061008 257.955989
484 10 23 15.953946 254.528396
484 13 22 15.956409 254.607002
484 15 18 15.907719 253.055525
484 16 17 15.749806 248.056389
484 20 21 16.059733 257.915027
485 2 3 15.747428 247.981496
485 5 24 16.345142 267.163661
485 7 14 16.235609 263.594996
485 8 9 16.498747 272.208651
485 10 23 16.088163 258.828989
485 13 22 15.422811 237.863112
485 15 18 16.122161 259.924081
485 16 17 16.258855 264.350376
485 20 21 15.311804 234.451350
486 2 3 15.985267 255.528769
486 5 24 15.696152 246.369201
486 7 14 16.106702 259.425861
486 8 9 16.243396 263.847926
486 10 23 15.866660 251.750901
486 13 22 16.343527 267.110882
486 15 18 15.214888 231.492824
486 16 17 16.233891 263.539209
486 20 21 15.914825 253.281642
487 2 3 15.991326 255.722500
487 5 24 15.571696 242.477725
487 7 14 16.258465 264.337700
487 8 9 16.313472 266.129366
487 10 23 15.643255 244.711429
487 13 22 16.562542 274.317801
487 15 18 16.398542 268.912176
487 16 17 15.772619 248.775509
487 20 21 16.162324 261.220720
488 2 3 15.927014 253.669769
488 5 24 15.747771 247.992300
488 7 14 15.097692 227.940301
488 8 9 15.976944 255.262754
488 10 23 15.746254 247.944529
488 13 22 16.636779 276.782406
488 15 18 16.005960 256.190744
488 16 17 15.068281 227.053089
488 20 21 15.842808 250.994551
489 2 3 16.072203 258.315709
489 5 24 16.054994 257.762825
489 7 14 15.574920 242.578121
489 8 9 15.819507 250.256811
489 10 23 15.839833 250.900325
489 13 22 15.592938 243.139725
489 15 18 16.049839 257.597324
489 16 17 15.440035 238.394681
489 20 21 16.252763 264.152291
490 2 3 15.974264 255.177125
490 5 24 15.569273 242.402256
490 7 14 15.705818 246.672725
490 8 9 15.727771 247.362769
490 10 23 15.815047 250.115701
490 13 22 16.349081 267.292464
490 15 18 16.101893 259.270949
490 16 17 16.303583 265.806824
490 20 21 15.783632 249.123036
491 2 3 16.407355 269.201301
491 5 24 15.557286 242.029156
491 7 14 16.498033 272.185100
491 8 9 16.222402 263.166316
491 10 23 16.254595 264.211844
491 13 22 16.175654 261.651782
491 15 18 16.175796 261.656376
491 16 17 15.740129 247.751669
491 20 21 16.182625 261.877365
492 2 3 16.033757 257.081356
492 5 24 16.212907 262.858349
492 7 14 15.830868 250.616381
492 8 9 16.317449 266.259153
492 10 23 15.850269 251.231025
492 13 22 16.156018 261.016925
492 15 18 15.587191 242.960525
492 16 17 16.240641 263.758421
492 20 21 15.694726 246.324429
493 2 3 16.062909 258.017044
493 5 24 15.870531 251.873741
493 7 14 15.973365 255.148384
493 8 9 15.935258 253.932460
493 10 23 15.729599 247.420269
493 13 22 16.420331 269.627269
493 15 18 15.701634 246.541301
493 16 17 15.862649 251.623624
493 20 21 15.804420 249.779700
494 2 3 16.211493 262.812500
494 5 24 16.024370 256.780436
494 7 14 15.833879 250.711724
494 8 9 16.180779 261.817605
494 10 23 15.881361 252.217629
494 13 22 15.703302 246.593684
494 15 18 16.347022 267.225121
494 16 17 16.338541 266.947929
494 20 21 15.215194 231.502121
495 2 3 16.216457 262.973484
495 5 24 15.761640 248.429300
495 7 14 15.959028 254.690564
495 8 9 16.343349 267.105053
495 10 23 15.534774 241.329209
495 13 22 15.849977 251.221785
495 15 18 16.694061 278.691664
495 16 17 15.475429 239.488900
495 20 21 16.304386 265.832996
496 2 3 15.904906 252.966029
496 5 24 16.328048 266.605164
496 7 14 15.995642 255.860561
496 8 9 16.155745 261.008100
496 10 23 15.993776 255.800861
496 13 22 15.660248 245.243360
496 15 18 16.178590 261.746781
496 16 17 15.252177 232.628900
496 20 21 16.071053 258.278744
497 2 3 16.464358 271.075076
497 5 24 16.969490 287.963600
497 7 14 15.365120 236.086916
497 8 9 15.407599 237.394094
497 10 23 16.657005 277.455800
497 13 22 15.774824 248.845065
497 15 18 15.907457 253.047189
497 16 17 15.676720 245.759541
497 20 21 15.752748 248.149073
498 2 3 16.649330 277.200176
498 5 24 15.733978 247.558049
498 7 14 15.833254 250.691924
498 8 9 15.996024 255.872771
498 10 23 16.045987 257.473704
498 13 22 16.343690 267.116198
498 15 18 15.775771 248.874956
498 16 17 16.277068 264.942949
498 20 21 16.040202 257.288070
499 2 3 16.401417 269.006489
499 5 24 15.796145 249.518184
499 7 14 16.392827 268.724789
499 8 9 16.046891 257.502697
499 10 23 16.717726 279.482356
499 13 22 16.269327 264.691016
499 15 18 15.713367 246.909896
499 16 17 16.321668 266.396861
499 20 21 15.927518 253.685822
