# frame	protein_index	rx	ry	rz	r
0	10	-0.080000	1.330000	-6.814000	6.943047
0	16	-0.440000	-1.782200	-5.841000	6.122672
0	24	-0.910000	-2.150000	-6.626900	7.026123
0	26	-2.970000	-2.120000	-5.751000	6.810969
0	7	3.010000	4.083000	-4.845100	7.014698
0	9	2.500000	0.420000	-6.639700	7.107181
0	19	-0.670000	-0.990000	-6.839700	6.943378
0	25	2.640000	0.940000	-6.505100	7.083045
1	10	-0.520000	-0.430000	-6.619000	6.653305
1	16	-1.200000	0.191000	-6.757000	6.865386
1	24	-2.080000	0.870000	-7.008900	7.362607
1	26	-1.180000	-0.870000	-6.973700	7.126134
1	7	3.060000	3.623000	-5.051000	6.928371
1	9	0.970000	-1.830000	-6.825100	7.132446
1	19	2.530000	0.300000	-5.469000	6.033313
1	25	2.170000	-0.300000	-6.633000	6.985384
2	10	0.870000	1.010000	-6.608000	6.741117
2	16	-1.000000	-2.335000	-6.516000	6.993603
2	24	-3.310000	1.130000	-5.876000	6.838156
2	26	-2.090000	-2.820000	-5.971900	6.927055
2	7	4.530000	1.143000	-5.376000	7.122410
2	9	2.470000	-2.680000	-6.150000	7.148832
2	19	0.640000	-1.570000	-6.039000	6.272481
2	25	0.840000	0.650000	-6.944220	7.024976
3	10	-3.820000	-1.790000	-5.479000	6.914907
3	16	-4.440000	-1.586000	-5.010000	6.879615
3	24	-2.520000	1.960000	-5.713000	6.544492
3	26	-0.720000	-1.540000	-6.852640	7.060359
3	7	1.440000	2.065000	-6.956000	7.397551
3	9	-0.990000	-1.440000	-7.031000	7.244906
3	19	2.730000	-0.080000	-5.964700	6.560255
3	25	1.630000	-1.840000	-6.589500	7.033065
4	10	-2.970000	1.860000	-5.665000	6.661286
4	16	-0.850000	-1.927600	-6.408000	6.745414
4	24	-1.520000	1.720000	-6.336000	6.738968
4	26	-1.420000	-3.160000	-5.944600	6.880427
4	7	2.600000	3.420000	-5.621000	7.074747
4	9	1.150000	0.740000	-6.862000	6.996938
4	19	2.120000	0.800000	-7.023100	7.379589
4	25	0.990000	0.770000	-6.942900	7.055272
5	10	-1.000000	1.210000	-6.914000	7.089957
5	16	-3.640000	0.119000	-5.560000	6.646605
5	24	-1.950000	1.070000	-6.131000	6.522006
5	26	-0.430000	-2.200000	-6.776700	7.137826
5	7	2.340000	1.870000	-6.403000	7.069010
5	9	0.170000	0.440000	-7.105000	7.120641
5	19	3.270000	2.880000	-4.949000	6.593929
5	25	2.470000	1.970000	-6.643000	7.356035
6	10	1.750000	-2.220000	-6.397000	6.993748
6	24	-0.770000	0.830000	-7.077200	7.167186
6	26	-1.900000	-2.980000	-6.450400	7.355138
6	9	2.350000	-0.650000	-6.547000	6.986287
6	19	2.020000	4.500000	-4.944000	6.983805
6	25	3.940000	1.710000	-5.091100	6.660856
7	10	1.850000	-0.920000	-6.534000	6.852887
7	24	-2.920000	-0.480000	-6.454000	7.100065
7	26	-0.770000	-2.880000	-6.302900	6.972363
7	9	1.760000	2.290000	-6.458000	7.074423
7	19	2.270000	2.810000	-6.198400	7.174201
7	25	2.280000	1.620000	-6.469700	7.048391
8	10	-2.260000	-2.310000	-6.201000	6.992575
8	24	-2.200000	-1.510000	-6.324700	6.864542
8	26	-3.600000	-1.580000	-5.630000	6.866826
8	9	-2.160000	1.630000	-6.406000	6.954088
8	19	0.140000	2.990000	-6.451100	7.111708
8	25	3.230000	1.490000	-6.000200	6.975342
9	10	-0.700000	-1.390000	-6.500000	6.683719
9	16	-0.950000	-1.777600	-6.730000	7.025330
9	24	-4.270000	-1.930000	-5.225000	7.018435
9	26	-3.130000	-1.820000	-5.496000	6.581437
9	7	2.720000	1.906000	-6.172000	7.008910
9	9	1.670000	1.490000	-6.363000	6.745129
9	19	2.420000	1.450000	-6.347650	6.946334
9	25	0.270000	1.420000	-6.683700	6.838212
10	10	0.060000	-1.570000	-6.512000	6.698854
10	16	-3.610000	-1.024300	-6.149000	7.203575
10	24	-0.990000	-4.540000	-5.461000	7.170371
10	26	-1.810000	-3.250000	-5.607000	6.728822
10	7	1.080000	3.003300	-6.137000	6.917296
10	9	-0.610000	3.100000	-6.050000	6.825291
10	19	4.490000	0.420000	-5.085600	6.797045
10	25	2.690000	0.710000	-6.379200	6.959482
11	10	0.060000	0.340000	-7.223000	7.231247
11	16	-2.480000	-1.765900	-6.759000	7.413021
11	24	-1.170000	1.130000	-6.362000	6.566646
11	26	-3.680000	-1.270000	-6.196490	7.317909
11	7	2.140000	-0.096000	-6.535000	6.877139
11	9	-0.990000	2.050000	-6.275800	6.675947
11	19	0.370000	1.520000	-6.773800	6.952098
11	25	2.880000	0.640000	-5.802030	6.509036
12	10	-0.520000	-1.190000	-6.946000	7.066358
12	16	-0.240000	-2.054000	-6.958000	7.258807
12	24	-1.640000	1.440000	-6.794000	7.135940
12	26	-2.680000	-0.160000	-6.253900	6.805826
12	7	3.700000	1.199900	-5.484000	6.723393
12	9	-0.510000	0.270000	-6.675000	6.699897
12	19	2.770000	3.250000	-5.009000	6.582209
12	25	1.480000	1.950000	-6.534900	6.978382
13	10	-1.560000	1.930000	-6.689000	7.134509
13	16	-2.140000	-1.948000	-5.517000	6.229895
13	24	-3.900000	-0.840000	-6.199000	7.371784
13	26	-2.750000	-2.870000	-5.935300	7.143332
13	7	0.280000	2.084900	-6.751000	7.071153
13	9	-0.670000	3.020000	-6.568000	7.260022
13	19	1.140000	2.860000	-6.135100	6.864303
13	25	-0.530000	-1.000000	-5.976800	6.083012
14	10	1.010000	-1.670000	-6.810000	7.084144
14	16	-1.150000	-0.615000	-6.348000	6.480573
14	26	-3.170000	-3.410000	-5.450300	7.168178
14	7	4.000000	1.801300	-5.565000	7.086177
14	9	1.840000	-0.590000	-6.885000	7.151009
14	19	-0.270000	3.560000	-6.141200	7.103579
15	10	0.740000	-0.830000	-6.421000	6.516574
15	16	-1.040000	-0.529000	-6.860000	6.958523
15	26	0.700000	-3.690000	-5.872100	6.970485
15	7	1.560000	1.488100	-6.297000	6.655843
15	9	1.240000	-2.490000	-5.783300	6.417496
15	19	1.260000	2.690000	-6.160600	6.839349
16	10	-3.110000	1.270000	-5.976000	6.855478
16	16	-0.290000	-1.832000	-7.342000	7.572667
16	26	0.480000	-2.780000	-6.676900	7.248434
16	7	4.140000	1.795100	-4.922000	6.677430
16	9	-0.330000	0.320000	-6.965000	6.980152
16	19	-0.310000	3.220000	-5.880000	6.711103
17	10	-2.110000	-3.360000	-5.722000	6.962972
17	16	-3.840000	-1.653200	-5.358000	6.796090
17	26	1.720000	-3.550000	-5.817000	7.028399
17	7	0.400000	2.270930	-6.841000	7.219169
17	9	0.490000	-2.490000	-6.162000	6.664116
17	19	-0.310000	3.230000	-6.046200	6.861890
18	10	-3.350000	1.420000	-5.937000	6.963251
18	16	-2.760000	-2.168400	-5.853000	6.824747
18	24	-3.250000	-0.260000	-6.145300	6.956638
18	26	-0.740000	-3.560000	-6.095200	7.097370
18	7	0.980000	1.016700	-6.313000	6.469007
18	9	-1.500000	3.160000	-6.239000	7.152672
18	19	-2.270000	3.730000	-5.498700	7.021503
18	25	4.110000	0.240000	-5.974900	7.255972
19	10	-1.130000	0.760000	-6.242000	6.388823
19	16	-4.210000	-1.506600	-5.756000	7.288723
19	24	-1.620000	0.680000	-6.467200	6.701602
19	26	1.940000	-3.110000	-6.263300	7.257040
19	7	-1.000000	2.101900	-6.668000	7.062592
19	9	0.160000	2.410000	-6.343000	6.787293
19	19	-2.660000	3.220000	-5.526000	6.926809
19	25	4.080000	1.480000	-5.826900	7.265643
20	10	-1.630000	-0.890000	-6.776000	7.025893
20	16	-2.770000	-0.599000	-6.377000	6.978383
20	24	-1.720000	-0.300000	-7.007700	7.221929
20	26	1.180000	-4.000000	-5.708300	7.069448
20	7	4.120000	2.002100	-5.792700	7.384997
20	9	1.050000	3.290000	-6.019800	6.940071
20	19	-1.890000	2.670000	-6.303600	7.101857
20	25	3.010000	-2.090000	-5.372100	6.502896
21	10	0.060000	-1.220000	-6.776000	6.885214
21	16	-0.240000	-1.859000	-6.775000	7.029517
21	24	-1.330000	-1.000000	-6.702000	6.905484
21	26	1.860000	-4.740000	-5.309000	7.356132
21	7	2.700000	2.339900	-6.053000	7.028794
21	9	2.880000	2.580000	-5.634800	6.833869
21	19	-0.380000	1.680000	-6.636400	6.856282
21	25	4.030000	-1.280000	-5.735400	7.125596
22	10	-0.900000	-3.680000	-5.918000	7.026743
22	16	-1.590000	-2.026000	-6.898000	7.363096
22	24	-3.490000	0.950000	-5.793000	6.829455
22	26	-0.590000	-6.010000	-4.217000	7.365547
22	7	1.750000	2.044500	-6.860000	7.368995
22	9	-0.310000	-0.820000	-6.683000	6.740251
22	19	-1.230000	2.320000	-6.815000	7.303391
22	25	3.350000	-0.110000	-6.342000	7.173253
23	10	-1.040000	-0.670000	-6.800000	6.911621
23	16	-3.010000	-1.433400	-5.973000	6.840429
23	24	-2.580000	2.080000	-6.094000	6.936832
23	26	0.680000	-4.310000	-5.078000	6.695116
23	7	1.300000	0.707300	-6.260500	6.433050
23	9	0.310000	3.240000	-5.663300	6.531973
23	19	-0.700000	3.370000	-6.207000	7.097447
23	25	3.870000	-0.120000	-5.779900	6.956906
24	10	-2.740000	-0.340000	-6.642000	7.193008
24	16	-2.680000	-1.502800	-5.828000	6.588353
24	24	-4.580000	0.290000	-5.310200	7.018456
24	26	1.290000	-3.390000	-6.189000	7.173557
24	7	1.690000	1.082500	-6.675700	6.970859
24	9	-0.300000	2.110000	-7.049000	7.364136
24	19	0.010000	3.760000	-6.186500	7.239508
24	25	3.220000	0.190000	-5.998750	6.810984
25	10	-1.200000	-1.500000	-6.806000	7.071891
25	16	-1.970000	2.107300	-6.303000	6.931769
25	24	-3.610000	-0.890000	-6.036000	7.089252
25	26	0.010000	-2.680000	-6.486500	7.018346
25	7	0.490000	1.004200	-6.940400	7.029770
25	9	0.460000	1.480000	-6.881800	7.054160
25	19	-3.720000	2.040000	-5.704000	7.108841
25	25	3.450000	-0.820000	-5.847800	6.838981
26	10	-0.540000	-3.600000	-6.628000	7.561877
26	16	-3.730000	-0.684000	-5.659000	6.812124
26	24	-3.770000	-0.640000	-6.193300	7.278699
26	26	2.120000	-2.690000	-6.796000	7.610264
26	7	1.000000	-1.325100	-7.076000	7.268127
26	9	-0.010000	0.910000	-7.278000	7.334677
26	19	0.740000	1.820000	-7.032510	7.301794
26	25	2.110000	1.240000	-6.563000	7.004475
27	10	-0.360000	-1.980000	-6.792000	7.083874
27	16	-1.250000	0.166000	-6.162000	6.289698
27	24	-1.940000	0.520000	-6.207800	6.524629
27	26	1.050000	-4.040000	-5.692100	7.058619
27	7	1.480000	0.334000	-6.812000	6.978918
27	9	0.600000	1.770000	-6.089000	6.369366
27	19	-2.160000	0.350000	-6.288700	6.658517
27	25	4.210000	1.670000	-5.710700	7.288696
28	10	-2.150000	-0.750000	-5.974000	6.393252
28	16	-0.460000	2.504000	-6.797000	7.258156
28	24	-2.770000	1.010000	-5.660000	6.381896
28	26	0.270000	-2.070000	-6.426000	6.756573
28	7	1.270000	0.753000	-6.715500	6.875889
28	9	-1.140000	3.190000	-5.511000	6.468912
28	19	-3.440000	1.910000	-5.904380	7.095309
28	25	2.950000	1.950000	-5.848700	6.834639
29	10	1.600000	0.290000	-6.808000	6.999497
29	16	-1.600000	1.884000	-6.722000	7.162035
29	24	-3.300000	1.310000	-5.992200	6.965096
29	26	1.240000	-4.610000	-5.382000	7.194138
29	7	-0.430000	-0.098200	-6.524000	6.538893
29	9	3.560000	1.990000	-5.864000	7.142842
29	19	-1.030000	2.620000	-6.558100	7.136804
29	25	1.640000	2.280000	-5.812000	6.455025
30	10	-0.230000	-1.200000	-6.060000	6.181950
30	24	-1.660000	-2.310000	-6.457000	7.055817
30	26	0.470000	-4.170000	-4.905000	6.455139
30	9	0.740000	1.720000	-6.310000	6.581953
30	19	0.320000	3.450000	-6.666600	7.513219
30	25	1.920000	0.450000	-6.317400	6.618039
31	10	-0.200000	0.800000	-7.291000	7.337485
31	24	-3.760000	-0.910000	-6.178000	7.289265
31	26	0.630000	-3.340000	-6.303300	7.161291
31	9	0.550000	2.660000	-6.500000	7.044721
31	19	0.670000	2.920000	-6.126400	6.819683
31	25	-0.430000	0.560000	-6.783000	6.819647
32	10	-2.850000	0.380000	-6.640000	7.235779
32	24	-0.410000	-0.440000	-6.788000	6.814591
32	26	0.120000	-2.360000	-6.687900	7.093096
32	9	-0.860000	1.450000	-7.439000	7.627635
32	19	0.450000	1.060000	-6.710100	6.808197
32	25	0.220000	1.750000	-6.907300	7.128934
33	10	-0.030000	-2.620000	-6.499000	7.007303
33	24	-1.470000	-2.910000	-6.027000	6.852279
33	26	-2.380000	-2.940000	-5.175900	6.410768
33	9	0.380000	0.860000	-7.120000	7.181810
33	19	-2.370000	1.120000	-6.366600	6.885121
33	25	1.510000	-0.340000	-6.965700	7.135592
34	10	-1.120000	-1.480000	-6.869000	7.115333
34	24	-1.600000	-1.660000	-6.547000	6.941096
34	26	1.260000	-2.200000	-6.452900	6.933074
34	9	-1.770000	3.320000	-6.461000	7.476618
34	19	1.860000	2.450000	-6.381600	7.084273
34	25	0.790000	0.880000	-6.907000	7.007507
35	10	1.880000	-1.660000	-6.140000	6.632466
35	24	-0.360000	-0.810000	-6.952200	7.008479
35	26	0.770000	-4.410000	-5.229000	6.883563
35	9	0.960000	2.560000	-6.495000	7.047001
35	19	-0.510000	2.500000	-6.527000	7.007983
35	25	2.180000	2.880000	-6.643500	7.561937
36	10	-1.210000	-2.670000	-6.224000	6.879766
36	24	-0.700000	-2.860000	-6.527000	7.160400
36	26	-1.240000	-3.700000	-5.851500	7.033324
36	9	-0.370000	2.610000	-6.538000	7.049429
36	19	-2.350000	2.900000	-6.073500	7.128808
36	25	1.680000	1.280000	-6.793400	7.114147
37	10	1.020000	-2.950000	-6.465000	7.179075
37	24	-0.480000	0.510000	-7.222500	7.256377
37	26	0.270000	-2.700000	-6.295100	6.855012
37	9	1.060000	4.310000	-5.248000	6.873224
37	19	0.210000	3.330000	-6.159286	7.004984
37	25	-0.690000	2.600000	-6.145900	6.708814
38	24	1.230000	-2.120000	-6.795000	7.223526
38	26	-1.000000	-3.730000	-5.731000	6.910663
38	19	-0.560000	1.740000	-6.874400	7.113268
38	25	2.630000	1.920000	-5.502100	6.393466
39	18	-3.680000	3.880000	-3.783000	6.550411
39	24	-2.400000	-0.690000	-6.519000	6.980936
39	26	-0.770000	-1.250000	-6.888300	7.043016
39	19	-0.470000	2.060000	-6.997300	7.309358
39	21	2.800000	-4.050000	-4.852000	6.912626
39	25	0.480000	1.970000	-6.923070	7.213889
40	18	-3.220000	4.690000	-3.379900	6.617267
40	24	0.470000	-0.650000	-7.132400	7.177362
40	26	-2.230000	-1.530000	-6.520000	7.058626
40	19	-1.050000	1.260000	-6.953650	7.144463
40	21	2.100000	-3.710000	-5.082800	6.633925
40	25	2.860000	1.620000	-5.958000	6.804540
41	18	-4.070000	4.120000	-3.637000	6.838645
41	24	0.120000	1.480000	-7.192000	7.343682
41	26	-1.180000	-0.740000	-7.063500	7.199516
41	19	3.400000	0.840000	-5.765700	6.746028
41	21	0.990000	-4.070000	-4.089500	5.853974
41	25	2.500000	2.070000	-6.635200	7.386527
42	18	-2.330000	3.460000	-5.384680	6.811408
42	24	-1.340000	0.520000	-7.265000	7.405824
42	26	-1.630000	-0.490000	-6.810000	7.019480
42	19	0.230000	2.860000	-6.661000	7.252684
42	21	3.070000	-5.010000	-3.447900	6.812710
42	25	1.860000	1.130000	-6.398700	6.758688
43	18	-2.150000	2.680000	-5.142400	6.184592
43	24	-0.070000	0.650000	-6.357000	6.390528
43	26	-1.180000	-1.980000	-6.605600	6.996195
43	19	2.100000	1.190000	-6.794800	7.210784
43	21	2.610000	-5.200000	-3.881400	6.994095
43	25	2.710000	0.570000	-6.628900	7.184102
44	18	-2.350000	3.620000	-5.002010	6.606588
44	24	-2.090000	-1.940000	-6.309000	6.923524
44	26	-0.660000	-3.410000	-6.168000	7.078695
44	19	2.040000	-0.350000	-6.742400	7.052947
44	21	1.280000	-4.370000	-4.271000	6.243136
44	25	1.260000	-0.530000	-7.463300	7.587447
45	18	0.900000	3.692000	-5.107400	6.366035
45	24	-1.120000	0.240000	-6.768700	6.864933
45	21	2.640000	-4.910000	-3.260000	6.457964
45	25	1.070000	0.350000	-6.359400	6.458279
46	0	0.480000	-3.060000	-5.104000	5.970328
46	18	0.920000	4.650000	-3.740000	6.037922
46	24	-3.230000	-1.530000	-6.065600	7.040263
46	9	-1.280000	0.170000	-7.315000	7.428090
46	21	1.590000	-4.250000	-5.003000	6.754303
46	25	0.810000	-1.720000	-6.411800	6.687726
47	0	1.220000	-3.660000	-6.010000	7.141715
47	18	0.160000	5.800000	-3.938000	7.012378
47	24	-0.330000	-1.440000	-6.901000	7.057358
47	9	1.890000	0.040000	-6.073700	6.361095
47	21	-2.400000	-3.920000	-4.502300	6.434058
47	25	3.860000	-0.290000	-5.885100	7.044012
48	0	-3.180000	-3.190000	-5.474000	7.088947
48	18	-0.260000	5.200000	-4.131000	6.646259
48	24	-2.670000	1.430000	-6.210000	6.909262
48	9	0.320000	2.340000	-6.671000	7.076739
48	21	-0.880000	-4.350000	-4.413000	6.258711
48	25	1.280000	0.320000	-7.074700	7.196678
49	0	-0.600000	-0.290000	-6.890000	6.922153
49	18	0.420000	5.280000	-4.727400	7.099515
49	24	-3.090000	0.500000	-6.559500	7.268091
49	9	1.810000	4.130000	-5.445200	7.069880
49	21	0.310000	-6.180000	-2.979000	6.867528
49	25	-1.170000	-1.070000	-6.603100	6.790783
50	0	-1.490000	-3.540000	-5.542000	6.742808
50	18	-0.260000	5.990000	-3.885100	7.144348
50	24	-0.180000	-0.380000	-6.733200	6.746316
50	9	0.570000	2.950000	-6.546000	7.202605
50	21	2.350000	-4.940000	-4.249200	6.926890
50	25	0.720000	-0.550000	-6.869500	6.928992
51	0	-2.050000	-0.060000	-6.439000	6.757723
51	18	-0.020000	5.304000	-4.067000	6.683809
51	24	2.200000	-1.260000	-6.988100	7.433784
51	9	-0.250000	4.210000	-5.436500	6.880562
51	21	0.530000	-4.170000	-5.917000	7.258146
51	25	2.490000	1.130000	-6.636200	7.177475
52	0	0.150000	2.650000	-6.571000	7.086822
52	18	1.310000	4.600000	-4.794000	6.771893
52	24	-0.040000	1.100000	-7.315800	7.398144
52	9	0.130000	4.940000	-4.667100	6.797229
52	21	0.230000	-3.370000	-5.490000	6.445921
52	25	1.600000	-2.560000	-5.486300	6.262035
53	0	-3.550000	-0.580000	-5.584000	6.642285
53	18	-1.400000	5.060000	-3.190000	6.143265
53	24	0.800000	1.370000	-6.781500	6.964599
53	9	-1.090000	2.180000	-6.429000	6.875503
53	21	-1.610000	-2.630000	-5.784000	6.554667
53	25	-0.500000	-0.110000	-7.089400	7.107861
54	18	-1.580000	2.846000	-5.305000	6.224078
54	24	0.270000	1.260000	-6.969200	7.087330
54	21	-0.060000	-5.970000	-3.470000	6.905462
54	25	-0.010000	0.880000	-7.314200	7.366955
55	8	-2.090000	4.912000	-4.845900	7.209618
55	18	-0.520000	4.360000	-4.090400	6.000948
55	24	-2.510000	-0.090000	-6.525000	6.991697
55	9	2.690000	-3.240000	-4.951100	6.499776
55	21	1.300000	-3.640000	-5.784200	6.956764
55	25	-0.840000	-0.390000	-6.971000	7.032250
56	8	-1.200000	4.795000	-4.998900	7.030009
56	18	0.500000	3.216000	-5.532500	6.418817
56	24	-0.960000	-0.830000	-7.070200	7.183191
56	9	2.660000	-4.200000	-4.397620	6.637369
56	21	2.650000	-4.420000	-4.119800	6.597852
56	25	1.160000	-2.650000	-6.647000	7.249187
57	8	-0.340000	5.712000	-3.506000	6.710781
57	24	-1.010000	-0.700000	-6.810000	6.919986
57	9	1.840000	-1.470000	-6.562000	6.971825
57	25	0.640000	-2.320000	-6.424600	6.860575
58	8	-2.850000	3.631000	-5.967000	7.543988
58	24	-0.300000	2.260000	-6.646170	7.026320
58	9	0.440000	-3.490000	-5.403000	6.447178
58	25	0.090000	-1.290000	-6.668500	6.792723
59	8	-2.660000	5.469000	-4.383000	7.496416
59	24	0.160000	-0.180000	-7.443000	7.446895
59	9	2.180000	-2.290000	-6.404000	7.141969
59	25	-1.680000	-1.660000	-5.735000	6.202276
60	8	-2.710000	2.777000	-6.168700	7.287571
60	24	-0.940000	-0.600000	-7.014100	7.102197
60	9	-0.060000	-4.485000	-4.559300	6.395783
60	25	-1.580000	-0.800000	-7.051200	7.270201
61	8	-1.480000	1.245000	-6.637000	6.913045
61	22	-0.650000	5.010000	-4.783000	6.956989
61	24	-1.620000	-0.180000	-6.753900	6.947803
61	9	1.810000	-4.647000	-3.624000	6.164745
61	15	1.050000	0.710000	-6.452900	6.576209
61	25	2.060000	0.940000	-6.283300	6.678852
62	8	-1.230000	3.579000	-5.883000	6.995129
62	14	-4.110000	3.270000	-4.227000	6.741849
62	22	1.710000	3.380000	-6.378000	7.418044
62	24	1.140000	-2.740000	-6.466100	7.114608
62	9	2.330000	-3.090000	-5.555500	6.770567
62	15	2.680000	1.170000	-5.627500	6.341928
62	25	2.700000	0.720000	-6.704500	7.263520
62	27	0.050000	-4.687000	-4.955500	6.821103
63	8	-1.030000	1.952000	-6.169800	6.552682
63	14	-0.940000	5.170000	-4.002700	6.605612
63	22	-1.820000	2.490000	-5.795000	6.564642
63	24	-2.190000	-1.980000	-6.213300	6.879069
63	9	1.970000	-3.600000	-5.548100	6.900892
63	15	-1.590000	-2.300000	-6.140200	6.746863
63	25	0.930000	2.800000	-6.689400	7.311154
63	27	1.710000	-2.967000	-6.423800	7.279588
64	8	-3.690000	1.175000	-5.519000	6.742113
64	14	-2.370000	4.060000	-5.213430	7.019997
64	22	0.450000	4.340000	-4.756000	6.454273
64	24	-2.130000	-2.990000	-5.736100	6.810275
64	9	-1.390000	-3.730000	-5.654410	6.915009
64	15	-0.120000	-1.790000	-7.053000	7.277590
64	25	2.120000	1.030000	-7.043900	7.427774
64	27	0.620000	-3.005000	-5.511300	6.307841
65	8	2.240000	4.248000	-4.440000	6.540390
65	14	-3.040000	3.440000	-4.091000	6.149104
65	22	0.400000	1.250000	-6.964300	7.086888
65	24	-1.190000	-0.810000	-6.458000	6.616492
65	9	0.800000	-3.060000	-6.502000	7.230464
65	15	-0.530000	-4.480000	-5.301000	6.960740
65	25	2.620000	2.730000	-5.738750	6.873904
65	27	-1.520000	-0.647000	-5.924500	6.150505
66	8	1.770000	4.166000	-5.513000	7.133136
66	22	-1.810000	3.980000	-5.572000	7.082633
66	24	-1.640000	-0.840000	-6.507000	6.762858
66	9	-1.860000	-2.270000	-5.996000	6.675666
66	15	-0.500000	-3.190000	-6.356000	7.129154
66	25	0.850000	0.700000	-6.628800	6.719635
67	8	0.900000	4.387000	-5.008000	6.718321
67	22	-0.690000	2.250000	-6.576000	6.984438
67	24	2.030000	-1.600000	-6.702600	7.183714
67	9	-2.360000	-1.780000	-5.489900	6.235143
67	15	0.740000	-3.590000	-6.082500	7.101585
67	25	3.920000	1.930000	-5.746000	7.218574
68	8	1.700000	1.737000	-6.305700	6.757886
68	22	-0.370000	2.430000	-6.097000	6.573828
68	24	-1.930000	-2.340000	-5.941000	6.670531
68	9	-0.640000	-5.610000	-4.189000	7.030606
68	15	0.240000	-4.140000	-6.094000	7.371162
68	25	-0.080000	-0.190000	-6.983100	6.986142
69	8	1.970000	3.539000	-5.520000	6.846592
69	14	-2.380000	1.250000	-6.762000	7.276781
69	22	-0.900000	3.500000	-5.535000	6.610312
69	24	-0.480000	0.680000	-6.645000	6.696927
69	9	-1.660000	-2.250000	-5.891000	6.520888
69	15	0.620000	-4.100000	-6.233400	7.486633
69	25	0.380000	2.160000	-6.108530	6.490311
69	27	-3.260000	-4.089000	-3.348000	6.209398
70	8	3.580000	0.400000	-5.554000	6.619918
70	14	1.550000	2.380000	-6.620100	7.203654
70	22	0.220000	4.080000	-5.781000	7.079178
70	24	-1.820000	-1.900000	-5.348000	5.960160
70	9	0.550000	-2.710000	-6.031000	6.634724
70	15	-1.620000	-3.050000	-6.157400	7.059779
70	25	0.410000	1.090000	-6.958900	7.055671
70	27	2.860000	-4.453000	-4.706000	7.082037
71	8	4.200000	0.430000	-5.327000	6.797193
71	14	1.060000	4.060000	-5.279900	6.744223
71	22	1.910000	1.060000	-6.784600	7.127587
71	24	0.780000	-2.540000	-6.903000	7.396716
71	9	-0.580000	-3.990000	-5.602000	6.902094
71	15	-0.510000	-4.940000	-4.631900	6.791038
71	25	1.850000	-0.640000	-6.608700	6.892533
71	27	1.950000	-1.896000	-6.100100	6.678962
72	14	-1.810000	3.620000	-5.819900	7.088846
72	22	1.060000	2.950000	-6.236000	6.979527
72	24	-1.170000	-1.220000	-6.353000	6.574033
72	15	-0.410000	-4.450000	-5.724000	7.261871
72	25	2.620000	1.790000	-6.104800	6.880195
72	27	0.060000	-3.274000	-5.826000	6.683184
73	14	0.720000	3.220000	-6.108545	6.942702
73	22	0.190000	5.160000	-4.926000	7.136328
73	24	-3.430000	-2.100000	-6.553000	7.688739
73	15	-2.600000	-1.850000	-6.202300	6.975029
73	25	1.710000	0.760000	-7.099000	7.341492
73	27	2.000000	-3.678000	-5.731100	7.097407
74	14	-0.510000	1.850000	-5.412000	5.742155
74	22	1.460000	4.130000	-5.777700	7.250539
74	15	-1.560000	-3.000000	-4.892000	5.946870
74	27	-0.400000	-3.980000	-5.450800	6.761037
75	14	-1.330000	3.830000	-5.223200	6.612081
75	22	-0.390000	3.370000	-6.045800	6.932582
75	15	-1.320000	-3.500000	-5.270400	6.462934
75	27	-1.300000	-3.470000	-6.201800	7.224488
76	14	1.160000	4.210000	-5.226610	6.810811
76	22	2.170000	-0.090000	-6.763700	7.103847
76	15	-2.640000	-3.730000	-5.599300	7.227355
76	27	2.610000	-3.787000	-5.397000	7.090915
77	14	-0.890000	4.180000	-5.129000	6.676162
77	22	-1.610000	3.310000	-5.990000	7.030526
77	15	-2.270000	-3.610000	-5.220600	6.740895
77	27	2.330000	-3.380000	-6.235900	7.465906
78	14	-1.600000	2.310000	-5.882000	6.518744
78	22	2.280000	4.510000	-4.086000	6.498761
78	15	-0.530000	-1.970000	-6.707000	7.010396
78	27	3.670000	-3.720000	-4.921000	7.177990
79	14	-3.390000	2.170000	-5.469900	6.791230
79	22	-1.750000	0.970000	-6.380000	6.686389
79	15	-1.820000	-4.720000	-4.765200	6.949671
79	27	-0.030000	-3.770000	-5.544300	6.704705
80	14	-1.190000	4.770000	-4.096300	6.399115
80	22	0.460000	3.800000	-5.289000	6.528792
80	15	0.480000	-3.260000	-5.488900	6.402033
80	27	1.320000	-2.330000	-6.540600	7.067584
81	14	-2.130000	3.620000	-6.085000	7.393817
81	22	1.000000	3.130000	-6.160900	6.982377
81	15	1.110000	-3.290000	-4.677300	5.825233
81	27	3.060000	-2.350000	-4.996000	6.312378
82	14	-2.920000	2.180000	-5.907000	6.940565
82	22	-1.230000	3.220000	-5.831000	6.773615
82	15	-1.300000	-4.270000	-5.614100	7.172239
82	27	3.240000	-3.550000	-4.820000	6.806798
83	14	-1.430000	2.770000	-5.681000	6.480090
83	22	-0.020000	3.110000	-6.302600	7.028177
83	15	-1.080000	-3.730000	-5.651740	6.857220
83	27	4.000000	-1.990000	-5.486000	7.075047
84	14	-5.080000	1.430000	-4.819600	7.147016
84	22	1.230000	3.970000	-4.864000	6.397835
84	15	-1.160000	-2.700000	-6.501800	7.135055
84	27	1.926000	-0.600000	-6.344000	6.657012
85	14	-4.160000	0.550000	-5.422000	6.856106
85	22	0.900000	4.490000	-5.408000	7.086365
85	15	-1.040000	-1.950000	-7.053000	7.391137
85	27	2.187000	-2.880000	-5.820000	6.851990
86	14	-1.820000	0.230000	-5.560000	5.854819
86	22	0.940000	3.260000	-6.021700	6.911734
86	15	-1.400000	-2.510000	-6.228600	6.859705
86	27	3.612000	-2.190000	-5.676000	7.075282
87	14	-3.000000	2.280000	-5.668300	6.806469
87	22	1.780000	1.380000	-6.665600	7.035838
87	15	1.620000	-2.840000	-6.578500	7.346201
87	27	2.844000	-0.310000	-6.503000	7.104467
88	14	-2.180000	0.700000	-6.624000	7.008550
88	22	0.440000	2.510000	-6.249800	6.749348
88	15	-0.570000	-0.390000	-6.832000	6.866821
88	27	2.620000	-4.180000	-4.390000	6.603704
89	14	-2.040000	2.870000	-5.614000	6.626877
89	22	0.120000	2.080000	-6.346300	6.679545
89	15	-1.820000	-2.080000	-6.009000	6.614142
89	27	4.086000	-3.410000	-4.747000	7.131445
90	14	-3.560000	2.770000	-4.880000	6.645367
90	16	1.100000	4.420000	-5.080000	6.822961
90	22	0.650000	2.160000	-6.770000	7.135895
90	7	0.220000	-2.755800	-6.681960	7.231281
90	15	-0.550000	-1.350000	-6.268000	6.435280
90	27	2.694000	-4.580000	-4.544000	6.991564
91	14	-2.130000	2.320000	-6.259000	7.006738
91	16	0.680000	3.029000	-6.068600	6.816535
91	22	2.040000	2.000000	-6.305000	6.922039
91	7	-1.340000	-2.826000	-6.059900	6.819403
91	15	0.150000	-2.440000	-6.243900	6.705400
91	27	3.902000	-4.260000	-4.064000	7.063236
92	14	-0.440000	2.270000	-6.504000	6.902790
92	16	0.800000	3.839000	-4.602000	6.046183
92	22	-1.300000	2.150000	-6.560800	7.025425
92	7	-1.310000	-3.336500	-6.579800	7.492803
92	15	-3.650000	-2.140000	-6.155100	7.469093
92	27	2.810000	-3.470000	-5.236000	6.881330
93	14	-1.770000	1.520000	-5.314000	5.803611
93	16	-1.060000	1.734000	-6.609880	6.915264
93	22	1.430000	2.180000	-6.382000	6.893999
93	7	-0.040000	-3.740100	-5.699000	6.816784
93	15	-2.410000	-2.600000	-6.061600	7.022186
93	27	2.269000	-3.040000	-5.711000	6.856054
94	14	-1.320000	3.410000	-5.487400	6.594093
94	16	1.490000	2.663000	-6.239900	6.946080
94	22	2.660000	0.720000	-6.333000	6.906583
94	7	1.880000	-4.196000	-6.012600	7.569159
94	15	-2.060000	-2.500000	-5.538500	6.416275
94	27	0.530000	-1.740000	-6.751000	6.991745
95	14	-0.620000	0.770000	-6.690000	6.762647
95	16	-0.780000	3.941000	-5.423800	6.749629
95	22	3.240000	1.620000	-5.395000	6.498309
95	7	-0.770000	-1.057900	-6.518900	6.648918
95	15	-0.330000	-2.790000	-6.092000	6.708611
95	27	2.950000	-2.440000	-5.989000	7.108039
96	14	-2.410000	1.340000	-5.498100	6.150838
96	16	2.440000	3.406000	-5.815000	7.167193
96	22	3.840000	4.250000	-4.351000	7.193004
96	7	1.890000	-2.463000	-6.234200	6.964461
96	15	-0.260000	-1.590000	-6.956000	7.140143
96	27	1.840000	-2.880000	-6.122000	7.011340
97	14	0.320000	1.740000	-6.242000	6.487878
97	16	0.040000	3.957900	-5.760000	6.988861
97	22	1.600000	3.100000	-6.064200	6.996036
97	7	0.960000	-1.359480	-6.589000	6.795933
97	15	-4.270000	-2.230000	-4.749100	6.764595
97	27	1.770000	-2.690000	-5.645000	6.498848
98	14	-1.880000	1.580000	-6.477600	6.927489
98	16	1.120000	2.277200	-6.938000	7.387549
98	22	0.630000	3.970000	-5.044000	6.449786
98	7	1.870000	-1.590100	-6.750330	7.182776
98	15	-3.160000	-1.710000	-5.587200	6.642778
98	27	2.350000	-2.960000	-5.774000	6.900955
99	14	-0.910000	1.260000	-6.289900	6.479085
99	16	-0.440000	1.787600	-7.124000	7.358022
99	22	0.650000	1.120000	-7.031450	7.149699
99	7	0.070000	-2.675400	-6.408700	6.945077
99	15	-3.770000	-3.620000	-4.126000	6.658917
99	27	3.160000	-1.840000	-5.909000	6.948919
100	14	-1.370000	0.780000	-6.349400	6.542185
100	16	0.760000	0.405800	-7.231500	7.282641
100	22	3.500000	1.270000	-5.768000	6.865328
100	7	0.910000	1.028900	-6.961000	7.095228
100	15	-1.210000	-4.070000	-5.629100	7.050941
100	27	1.150000	-3.740000	-6.107000	7.252968
101	14	-2.220000	1.670000	-5.974000	6.588321
101	16	-0.050000	-1.489900	-6.838000	6.998610
101	22	2.760000	2.980000	-5.648000	6.956860
101	7	1.390000	0.494400	-6.833900	6.991332
101	15	-1.740000	-2.500000	-6.412000	7.098686
101	27	0.915000	-3.200000	-6.047000	6.902422
102	14	-2.380000	2.180000	-6.356700	7.129126
102	16	1.160000	-1.607900	-6.283000	6.588401
102	22	2.690000	3.560000	-5.703000	7.241126
102	7	0.340000	1.038200	-6.882200	6.968367
102	15	0.150000	-0.900000	-6.881000	6.941229
102	27	0.791000	-2.760000	-6.166000	6.801679
103	14	-2.330000	-1.730000	-6.720000	7.319850
103	16	0.260000	-1.502000	-6.789600	6.958611
103	22	3.000000	2.760000	-5.691000	7.000363
103	7	-0.640000	1.699500	-6.626300	6.870644
103	15	1.090000	-2.030000	-6.652000	7.039752
103	27	2.190000	-3.690000	-5.781000	7.199456
104	14	-2.770000	1.270000	-6.376200	7.066946
104	16	1.190000	-0.027000	-6.893100	6.995117
104	22	0.440000	1.970000	-6.588400	6.890683
104	7	-0.450000	2.612000	-6.196900	6.739927
104	15	-2.410000	-4.030000	-5.281500	7.067053
104	27	1.680000	-0.470000	-5.877000	6.130451
105	14	-3.620000	0.050000	-6.301400	7.267361
105	22	2.330000	1.250000	-6.550000	7.063561
105	24	-1.970000	-4.420000	-4.879800	6.872390
105	15	-2.050000	-2.320000	-6.327000	7.043850
105	25	0.270000	4.760000	-5.602900	7.356833
105	27	-0.640000	-3.150000	-5.880000	6.701231
106	14	-2.070000	4.260000	-5.697000	7.408664
106	22	1.380000	-0.310000	-6.863000	7.007230
106	24	-0.540000	-3.620000	-5.695040	6.769747
106	15	-2.720000	-2.640000	-6.028800	7.121406
106	25	-1.190000	4.450000	-4.762100	6.625420
106	27	0.310000	-1.620000	-6.343000	6.553941
107	14	-0.190000	3.310000	-6.307000	7.125339
107	22	3.190000	0.840000	-6.290000	7.102521
107	24	-0.930000	-5.380000	-4.480000	7.062556
107	15	-2.340000	-1.260000	-6.357600	6.890739
107	25	-0.130000	1.460000	-6.533000	6.695416
107	27	2.900000	-2.750000	-5.440000	6.750267
108	14	-2.230000	2.920000	-5.812900	6.876708
108	22	3.230000	0.730000	-6.523000	7.315417
108	24	-0.100000	-5.540000	-3.480000	6.543088
108	15	-3.600000	-0.270000	-5.814000	6.843646
108	25	-1.130000	1.250000	-6.944000	7.145526
108	27	-0.070000	-1.520000	-7.129000	7.289578
109	14	-0.960000	1.680000	-6.931000	7.196024
109	22	3.350000	1.760000	-6.351000	7.392922
109	24	1.740000	-3.420000	-5.927200	7.060857
109	15	-3.350000	-0.630000	-6.152000	7.033243
109	25	-0.350000	5.050000	-3.560500	6.188874
109	27	0.590000	-1.070000	-6.700000	6.810507
110	14	-2.090000	0.320000	-6.588000	6.918977
110	22	2.470000	2.800000	-6.264000	7.292366
110	24	-0.630000	-3.510000	-5.575520	6.618415
110	15	-2.150000	-2.460000	-6.578000	7.344670
110	25	-2.180000	5.050000	-3.574600	6.559929
110	27	-0.480000	-2.080000	-6.693000	7.025173
111	6	1.760000	-1.419220	-5.752000	6.180396
111	14	-0.080000	0.310000	-6.759000	6.766578
111	22	3.420000	3.610000	-5.516000	7.426625
111	24	-0.640000	-3.100000	-5.744200	6.558615
111	7	-1.150000	0.967000	-6.794800	6.958944
111	15	-0.890000	-0.590000	-6.596000	6.681872
111	25	-1.940000	4.000000	-4.838200	6.570524
111	27	1.220000	-0.420000	-7.003000	7.120871
112	6	0.430000	-1.256500	-6.508000	6.642120
112	14	-1.360000	1.160000	-6.956000	7.182001
112	22	3.550000	3.420000	-4.852000	6.916705
112	24	0.180000	-4.100000	-4.215000	5.882910
112	7	-2.950000	1.903000	-6.244100	7.163288
112	15	-1.450000	-1.750000	-6.591000	6.971820
112	25	-0.270000	2.520000	-5.767000	6.299332
112	27	-0.460000	-0.180000	-6.903000	6.920651
113	6	-0.830000	-2.943900	-6.517000	7.199079
113	14	-1.280000	-0.780000	-7.143000	7.298579
113	22	3.500000	2.240000	-5.851000	7.176476
113	24	0.700000	-5.960000	-3.614000	7.005184
113	7	-2.740000	-0.354000	-6.231500	6.816488
113	15	-0.870000	-3.330000	-6.046000	6.957005
113	25	1.670000	3.410000	-5.701000	6.849701
113	27	0.660000	-1.970000	-6.262000	6.597662
114	6	0.960000	-0.824500	-5.811000	5.947194
114	14	-3.150000	-0.010000	-6.731000	7.431619
114	22	0.210000	0.750000	-7.184000	7.226095
114	24	-0.110000	-4.300000	-4.854000	6.485632
114	7	-1.710000	-0.201000	-6.649000	6.868311
114	15	-2.740000	-1.770000	-6.413000	7.194934
114	25	1.220000	4.520000	-4.570500	6.542803
114	27	1.320000	-0.420000	-7.104000	7.237791
115	6	2.670000	2.194000	-6.239000	7.132157
115	14	-3.330000	1.030000	-6.333200	7.229054
115	22	2.500000	1.570000	-6.362000	7.013554
115	24	-0.810000	-4.100000	-5.476000	6.888590
115	7	0.320000	3.140000	-5.783410	6.588614
115	15	0.960000	-2.350000	-6.302000	6.794064
115	25	1.270000	4.670000	-5.224200	7.121381
115	27	2.210000	-0.450000	-6.575000	6.951059
116	6	2.700000	0.068400	-5.430000	6.064617
116	8	-0.330000	-1.500000	-6.100000	6.290382
116	14	-1.600000	1.460000	-6.752500	7.091393
116	22	0.030000	3.820000	-5.248000	6.491133
116	24	-0.150000	-5.230000	-4.245000	6.737613
116	7	-0.910000	2.347000	-6.827000	7.276293
116	9	0.980000	-0.810000	-6.992700	7.107345
116	15	-2.330000	-0.190000	-6.851000	7.238867
116	25	1.680000	3.240000	-5.664900	6.738775
116	27	1.530000	-0.220000	-6.484000	6.665700
117	6	3.510000	-2.071000	-5.328000	6.707960
117	8	-0.130000	-0.060000	-7.167000	7.168430
117	14	-0.830000	-0.550000	-7.017000	7.087291
117	22	0.840000	1.030000	-6.583000	6.715831
117	24	-0.680000	-4.930000	-3.751000	6.231958
117	7	0.730000	-0.889000	-6.658000	6.756640
117	9	-1.290000	-0.930000	-6.973530	7.152560
117	15	-1.560000	-2.680000	-6.368900	7.083706
117	25	0.550000	2.440000	-6.361000	6.835087
117	27	3.120000	-1.500000	-6.090000	7.005177
118	6	2.200000	2.579600	-6.533000	7.360328
118	8	-0.020000	2.390000	-5.888000	6.354608
118	14	0.210000	-0.330000	-7.084000	7.094791
118	22	1.100000	1.270000	-6.686000	6.893874
118	24	-1.160000	-2.670000	-5.676500	6.379432
118	7	-1.060000	1.633860	-6.778490	7.052732
118	9	-1.600000	0.750000	-6.420300	6.659035
118	15	-0.500000	-2.000000	-6.626700	6.939968
118	25	1.650000	0.780000	-5.226000	5.535519
118	27	3.570000	1.380000	-5.571000	6.759093
119	6	2.540000	-0.811000	-6.879900	7.378506
119	8	0.310000	0.470000	-6.763000	6.786396
119	14	0.290000	0.480000	-6.799500	6.822588
119	22	2.150000	0.930000	-5.839000	6.291369
119	24	-3.530000	-1.360000	-6.324100	7.369175
119	7	-0.710000	-1.805300	-6.961500	7.226734
119	9	-2.010000	-0.850000	-6.499300	6.855910
119	15	-1.210000	-1.940000	-6.742000	7.119148
119	25	0.150000	5.050000	-3.579000	6.191465
119	27	2.230000	1.900000	-6.599000	7.220090
120	6	1.100000	0.547000	-7.124000	7.229148
120	8	-2.170000	-0.550000	-6.669000	7.034697
120	14	0.110000	0.960000	-6.607000	6.677286
120	22	0.070000	-0.080000	-6.627000	6.627853
120	24	-0.680000	-2.970000	-5.938700	6.674688
120	7	-2.460000	1.382900	-6.671210	7.243553
120	9	-1.690000	-1.960000	-6.848600	7.321272
120	15	-0.540000	-1.110000	-6.765300	6.876989
120	25	4.250000	3.230000	-4.103200	6.732878
120	27	-0.550000	-1.280000	-6.190000	6.344840
121	6	2.830000	-1.592000	-6.844200	7.575384
121	8	1.460000	0.467000	-6.108100	6.297505
121	14	-1.270000	3.010000	-5.955000	6.792277
121	22	-0.930000	2.840000	-6.771000	7.401145
121	24	-3.320000	-3.320000	-5.392200	7.149869
121	7	-1.950000	-0.074000	-5.701460	6.026161
121	9	-0.120000	-1.830000	-6.625700	6.874824
121	15	-2.030000	-1.070000	-6.676700	7.060037
121	25	-0.530000	3.570000	-5.456800	6.542359
121	27	-1.650000	0.000000	-6.767000	6.965256
122	6	3.190000	0.704000	-6.625000	7.386633
122	8	-0.800000	0.540000	-7.305700	7.369183
122	14	-1.860000	1.120000	-6.128000	6.501260
122	22	-0.310000	1.350000	-7.152000	7.284896
122	24	0.340000	-4.590000	-4.310000	6.305537
122	7	-1.050000	-0.421000	-6.874700	6.967154
122	9	-3.130000	-1.010000	-5.995000	6.837911
122	15	-1.980000	-2.930000	-6.041900	7.000704
122	25	1.960000	2.050000	-5.621000	6.296010
122	27	-0.760000	-0.480000	-6.717000	6.776879
123	6	0.550000	0.717000	-7.081000	7.138428
123	8	1.790000	-1.323000	-6.835800	7.189060
123	14	1.570000	2.470000	-6.572800	7.194964
123	22	-1.340000	1.360000	-6.790000	7.053318
123	24	0.440000	-3.260000	-6.388000	7.185245
123	7	-3.500000	-0.063000	-5.997000	6.943917
123	9	1.000000	-0.869000	-6.889000	7.015232
123	15	-3.610000	-2.450000	-5.504100	7.023512
123	25	0.900000	5.940000	-2.609000	6.549846
123	27	0.540000	0.670000	-7.080000	7.132103
124	6	1.560000	-0.002000	-6.595400	6.777382
124	8	-0.130000	0.230000	-6.805000	6.810127
124	14	2.300000	0.250000	-6.321200	6.731275
124	22	4.140000	3.440000	-4.164000	6.805299
124	24	-0.600000	-4.310000	-4.890500	6.546227
124	7	-3.940000	-0.612000	-5.477600	6.775120
124	9	-2.630000	1.200000	-6.107000	6.756652
124	15	1.540000	0.300000	-6.373000	6.563286
124	25	0.380000	5.060000	-3.925400	6.415354
124	27	0.400000	-0.880000	-7.025000	7.091193
125	6	2.860000	0.761000	-6.527000	7.166621
125	8	3.410000	-1.997000	-5.894000	7.096150
125	14	-0.250000	1.710000	-7.081000	7.288838
125	22	0.440000	2.670000	-6.259000	6.818913
125	24	1.510000	-5.220000	-4.251200	6.899362
125	7	-0.660000	-2.623000	-6.351800	6.903701
125	9	-0.330000	-1.706000	-6.892600	7.108254
125	15	0.520000	0.480000	-6.099000	6.139919
125	25	0.320000	5.330000	-4.716400	7.124306
125	27	-3.290000	1.290000	-5.857000	6.840515
126	6	2.820000	3.160000	-5.701000	7.102070
126	8	1.780000	0.170000	-6.457000	6.700011
126	14	1.540000	-0.380000	-6.944000	7.122860
126	22	1.770000	2.760000	-5.677000	6.555824
126	24	-0.640000	-4.680000	-4.833000	6.757950
126	7	-3.020000	-0.423000	-6.035500	6.762144
126	9	-2.590000	-0.980000	-6.588000	7.146345
126	15	-0.610000	-1.640000	-6.246000	6.486464
126	25	0.060000	5.520000	-4.491300	7.116585
126	27	-2.340000	1.750000	-6.032000	6.702471
127	6	3.340000	3.351000	-5.335000	7.130710
127	8	1.990000	-0.660000	-6.540000	6.867845
127	14	2.010000	0.170000	-6.732000	7.027718
127	22	0.700000	4.280000	-5.864000	7.293483
127	24	-0.210000	-4.820000	-5.315000	7.178142
127	7	-0.420000	-0.138000	-6.702000	6.716565
127	9	-2.210000	-1.210000	-6.640100	7.102051
127	15	-0.990000	-1.610000	-6.050000	6.338352
127	25	-0.120000	5.150000	-4.980800	7.165561
127	27	-2.070000	3.100000	-5.639000	6.759676
128	6	3.320000	0.062000	-6.508000	7.306183
128	8	1.140000	-1.200000	-7.069000	7.260190
128	14	3.650000	-2.910000	-5.384300	7.126099
128	24	-0.880000	-3.250000	-5.722400	6.639485
128	7	-1.560000	-2.797000	-6.416100	7.170994
128	9	-2.080000	1.120000	-6.372350	6.796149
128	25	-0.180000	5.490000	-4.675600	7.213441
128	27	-1.360000	0.170000	-6.728000	6.866184
129	6	3.450000	0.818000	-5.752000	6.757006
129	8	0.580000	0.650000	-7.194000	7.246553
129	14	1.710000	-1.710000	-6.156800	6.614710
129	24	0.360000	-4.840000	-4.553000	6.654698
129	7	-0.420000	-2.957000	-6.440100	7.098953
129	9	-1.770000	3.130000	-6.234270	7.196938
129	25	-1.280000	4.290000	-5.881800	7.391757
129	27	-3.040000	0.840000	-6.748000	7.448671
130	6	0.630000	-0.494000	-6.726100	6.773578
130	8	0.630000	-1.220000	-7.200000	7.329754
130	14	2.170000	-1.510000	-6.103500	6.651444
130	24	-0.790000	-3.370000	-5.678310	6.650128
130	7	-0.880000	-3.279000	-6.282400	7.141064
130	9	-1.610000	1.920000	-7.031400	7.464522
130	25	-1.220000	3.590000	-5.727300	6.868658
130	27	-1.610000	0.550000	-6.475000	6.694791
131	6	2.500000	1.898000	-6.259000	7.001963
131	8	-0.070000	-0.440000	-7.695800	7.708686
131	14	2.920000	-2.650000	-5.604000	6.852278
131	18	-0.223000	-0.760000	-6.995000	7.039698
131	24	1.210000	-5.030000	-4.884000	7.114665
131	5	0.764000	1.650000	-6.061000	6.327868
131	7	0.710000	0.018000	-7.208000	7.242906
131	9	-1.440000	3.690000	-5.382800	6.683131
131	25	1.680000	3.010000	-6.116000	7.020538
131	27	-0.980000	0.550000	-7.173000	7.260498
132	6	0.310000	1.545000	-6.692000	6.875026
132	8	-1.810000	-0.610000	-6.431000	6.708648
132	14	0.770000	-2.180000	-6.411000	6.815146
132	18	0.728000	-4.088000	-5.294000	6.728162
132	24	-0.410000	-4.840000	-4.236000	6.444951
132	5	1.314000	0.630000	-6.354000	6.518958
132	7	-2.060000	-2.490000	-6.108800	6.910943
132	9	-1.680000	1.590000	-6.842100	7.222523
132	25	1.130000	2.420000	-5.697000	6.291988
132	27	-1.300000	-1.050000	-6.927000	7.125716
133	6	2.890000	-0.069000	-6.338000	6.966140
133	8	1.060000	-1.910000	-6.888000	7.226081
133	14	-2.070000	1.110000	-6.366000	6.785496
133	18	0.275000	-3.692000	-5.823000	6.900277
133	24	-1.330000	-5.670000	-2.625000	6.388147
133	5	2.326000	0.640000	-6.663000	7.086286
133	7	0.150000	-2.407000	-6.582000	7.009912
133	9	0.090000	1.490000	-6.561300	6.728957
133	25	2.050000	-0.160000	-6.291000	6.618518
133	27	-1.820000	2.510000	-6.092000	6.835566
134	6	1.580000	-0.149000	-6.941000	7.120118
134	8	-0.840000	-3.250000	-6.464000	7.283639
134	14	-0.860000	-1.420000	-6.401000	6.612776
134	18	-2.333000	-3.431000	-5.260000	6.699422
134	22	-2.770000	-1.180000	-6.844000	7.477007
134	24	-1.870000	-2.400000	-6.208700	6.914106
134	5	0.688000	0.510000	-6.783000	6.836851
134	7	-0.150000	-1.242000	-6.853800	6.967039
134	9	-1.620000	2.936000	-6.530000	7.340667
134	23	0.300000	2.700000	-6.595000	7.132603
134	25	3.650000	2.970000	-3.856530	6.084096
134	27	-2.850000	-0.780000	-6.184000	6.853667
135	6	1.110000	0.080000	-6.565000	6.658658
135	8	-0.830000	-3.120000	-6.269000	7.051501
135	14	2.710000	1.190000	-6.895000	7.503414
135	18	-1.571000	-3.690000	-5.496000	6.803687
135	22	-2.670000	-2.890000	-5.288000	6.591202
135	5	2.748000	0.100000	-6.208000	6.789755
135	7	0.280000	1.781000	-7.070600	7.296831
135	9	-0.570000	2.545000	-6.958000	7.430726
135	23	-1.120000	0.630000	-6.312000	6.441478
135	27	0.010000	1.260000	-6.058000	6.187654
136	6	-1.420000	1.542000	-6.620000	6.943959
136	8	-0.960000	-1.330000	-6.715000	6.912433
136	14	1.820000	-1.360000	-6.894000	7.258735
136	18	-2.208000	-0.730000	-6.118100	6.545175
136	22	-1.900000	-0.900000	-6.333000	6.672847
136	5	1.257000	1.460000	-6.544000	6.821700
136	7	-2.120000	0.130000	-6.426200	6.768112
136	9	-0.290000	2.430000	-6.804000	7.230727
136	23	2.710000	2.050000	-5.418900	6.396177
136	27	-1.890000	0.140000	-6.940000	7.194116
137	6	-2.490000	0.081000	-6.577000	7.033036
137	8	-0.480000	-1.940000	-6.820000	7.106785
137	14	2.050000	-3.450000	-5.737300	7.001543
137	18	-1.865000	-1.340000	-6.740000	7.120493
137	22	0.700000	-3.870000	-5.527000	6.783408
137	5	-0.155000	-3.350000	-5.331000	6.298102
137	7	-2.370000	-1.923000	-6.263410	6.967434
137	9	-1.120000	2.192000	-6.606000	7.049716
137	23	3.050000	-1.010000	-5.964000	6.774356
137	27	0.050000	1.250000	-6.911000	7.023313
138	6	-1.290000	0.378000	-7.107200	7.233206
138	8	0.140000	-3.060000	-6.120000	6.843800
138	14	2.040000	-3.300000	-5.618000	6.827410
138	18	-3.589000	2.000000	-5.763400	7.077973
138	22	-1.500000	-3.330000	-6.097000	7.107201
138	5	-1.656000	1.520000	-6.307000	6.695594
138	7	-1.400000	0.700000	-6.824700	7.001895
138	9	-0.470000	2.026000	-6.811000	7.121467
138	23	-0.260000	0.270000	-6.678000	6.688511
138	27	-2.390000	1.500000	-6.523000	7.107153
139	6	-1.020000	0.728000	-7.499800	7.603774
139	8	2.080000	-3.020000	-6.292000	7.282586
139	14	3.010000	-2.720000	-5.468900	6.809359
139	18	-0.813000	1.130000	-5.902500	6.064435
139	22	1.520000	-1.590000	-6.837000	7.182135
139	5	1.879000	0.540000	-6.971000	7.239964
139	7	-0.600000	2.157000	-6.416600	6.795984
139	9	1.050000	4.456000	-5.406800	7.084626
139	23	1.990000	1.990000	-5.953000	6.584710
139	27	-2.780000	1.690000	-6.489000	7.258899
140	6	-0.040000	1.427000	-6.798000	6.946275
140	8	-0.070000	-3.910000	-5.406000	6.672169
140	14	1.980000	-2.000000	-6.707000	7.273531
140	18	-2.757000	0.570000	-6.393000	6.985442
140	22	-2.280000	-0.240000	-6.547000	6.936801
140	5	1.284000	1.360000	-6.416000	6.683062
140	7	1.290000	1.830000	-7.000100	7.349449
140	9	-1.000000	2.700000	-6.140000	6.781563
140	23	-1.000000	1.440000	-6.722000	6.946861
140	27	-4.370000	2.760000	-4.925000	7.139336
141	6	1.910000	-0.039000	-6.561000	6.833472
141	8	-0.340000	-3.060000	-5.932000	6.683399
141	14	0.640000	-3.230000	-5.507000	6.416350
141	18	1.216000	-1.890000	-6.693000	7.060241
141	22	-1.600000	-2.970000	-5.927000	6.819841
141	5	3.438000	-0.880000	-5.698000	6.712782
141	7	2.940000	-0.618000	-5.866600	6.591094
141	9	-1.410000	4.084000	-5.851000	7.273332
141	23	-0.720000	0.460000	-6.497000	6.552939
141	27	-3.190000	1.240000	-6.417000	7.272660
142	6	-2.230000	2.869000	-6.401000	7.360493
142	8	1.770000	-0.660000	-6.892900	7.147067
142	14	0.660000	-1.120000	-6.681000	6.806303
142	18	-3.469000	-0.970000	-5.596900	6.655836
142	22	-0.600000	-0.480000	-7.062000	7.103678
142	5	-0.830000	-1.000000	-6.375000	6.506114
142	7	0.380000	2.025000	-6.726000	7.034494
142	9	-1.210000	5.565000	-4.019900	6.970862
142	15	1.080000	-2.780000	-6.932900	7.547178
142	27	-2.570000	2.890000	-5.309000	6.568294
143	6	-0.660000	-0.318000	-5.808000	5.854023
143	8	0.460000	-1.090000	-6.278000	6.388504
143	14	1.960000	-1.410000	-6.724000	7.144360
143	22	-0.540000	-0.160000	-6.333000	6.357994
143	7	-0.950000	-1.372000	-6.891000	7.090188
143	9	0.190000	3.770000	-5.340600	6.539955
143	15	1.130000	-2.670000	-6.611900	7.219628
143	27	-4.040000	2.550000	-4.582000	6.619579
144	6	3.330000	0.534000	-5.674000	6.600631
144	8	-2.030000	-3.360000	-6.293000	7.417031
144	14	3.440000	-0.770000	-5.634000	6.645935
144	22	-1.180000	-1.080000	-6.082000	6.288841
144	7	2.060000	1.517000	-6.436700	6.926471
144	9	-1.810000	3.029000	-5.440800	6.484847
144	15	0.410000	-2.880000	-6.542000	7.159627
144	27	-1.860000	2.050000	-5.239000	5.925303
145	6	2.420000	2.735000	-4.845000	6.067178
145	8	-0.970000	-2.640000	-5.481000	6.160508
145	14	3.010000	-2.320000	-5.795000	6.929973
145	22	-0.370000	-0.720000	-6.738300	6.786751
145	7	-0.320000	0.770000	-6.747000	6.798331
145	9	-1.780000	1.590000	-5.735000	6.211821
145	15	1.890000	-2.670000	-5.919700	6.763420
145	27	-3.860000	0.030000	-5.888000	7.040529
146	6	-0.310000	-3.068000	-5.954000	6.705135
146	8	2.380000	-1.990000	-6.238000	6.966860
146	14	2.450000	-2.460000	-5.747000	6.714321
146	22	-0.380000	-0.650000	-7.189100	7.228420
146	7	-2.300000	-3.279000	-5.924400	7.151249
146	9	0.260000	3.994000	-5.773800	7.025411
146	15	3.080000	-0.490000	-6.292900	7.023325
146	27	-3.980000	1.430000	-5.205000	6.706514
147	6	3.430000	-2.438000	-4.748000	6.344466
147	8	0.730000	-3.730000	-5.399000	6.602651
147	14	0.410000	-0.060000	-6.987000	6.999276
147	22	-0.740000	-0.580000	-7.016400	7.079115
147	7	1.590000	-2.914000	-6.445000	7.249657
147	9	-2.740000	1.670000	-6.226300	7.004521
147	15	2.600000	-0.870000	-6.020200	6.615112
147	27	-4.240000	2.850000	-5.084000	7.207438
148	6	-0.910000	-1.160000	-6.296000	6.466322
148	8	1.430000	-1.750000	-6.595000	6.971472
148	14	1.320000	-1.210000	-6.262000	6.512998
148	22	-1.790000	-2.160000	-6.243000	6.844322
148	7	-1.260000	-0.503000	-5.447200	5.613608
148	9	-3.070000	3.078000	-5.275200	6.835694
148	15	2.010000	-1.320000	-6.873400	7.281904
148	27	-2.890000	3.280000	-5.623000	7.122403
149	6	-1.770000	-3.532000	-5.760000	6.984663
149	8	3.040000	-1.900000	-5.369000	6.455832
149	14	3.120000	-1.560000	-5.867000	6.825664
149	18	0.550000	-2.789000	-5.755000	6.418804
149	22	-3.470000	0.110000	-5.601700	6.590299
149	5	-2.087000	-0.220000	-6.609000	6.934180
149	7	-0.240000	-0.650000	-6.109700	6.148864
149	9	-1.640000	2.787000	-6.420400	7.188776
149	15	1.560000	1.020000	-6.505900	6.767624
149	27	-0.670000	2.650000	-6.714000	7.249082
150	6	-3.200000	-0.917000	-4.378000	5.499798
150	8	-0.850000	-0.830000	-6.831900	6.934426
150	14	4.510000	-1.820000	-5.167200	7.095946
150	18	1.411500	-2.307000	-6.719000	7.242896
150	22	-1.300000	-1.930000	-6.598700	6.996981
150	5	-4.640000	-0.420000	-5.399000	7.131283
150	7	-1.050000	0.437000	-6.636000	6.732753
150	9	-2.960000	2.940000	-5.507990	6.909642
150	15	3.950000	0.070000	-5.142000	6.484409
150	27	0.840000	1.200000	-6.779000	6.935448
151	6	-1.870000	2.994000	-4.789000	5.949408
151	8	0.050000	-1.710000	-6.648800	6.865358
151	14	2.310000	0.780000	-6.065000	6.536721
151	18	2.075000	-2.110000	-6.169000	6.842097
151	22	-4.410000	-1.960000	-5.286600	7.158061
151	5	-2.660000	-1.650000	-6.041000	6.803806
151	7	0.800000	1.673000	-5.907700	6.191918
151	9	-2.490000	2.930000	-5.571200	6.769289
151	15	1.310000	0.590000	-6.536300	6.692340
151	27	1.850000	2.560000	-5.593000	6.423220
152	4	-1.290000	-0.410000	-6.613000	6.750109
152	6	-4.090000	2.535000	-4.772000	6.776895
152	8	-0.520000	-0.810000	-6.700000	6.768789
152	14	2.360000	-3.390000	-4.371000	6.013929
152	18	0.084000	-1.160000	-7.016000	7.111745
152	22	-3.430000	-2.010000	-4.965000	6.360521
152	5	-2.170000	0.410000	-6.665000	7.021341
152	7	1.560000	2.144000	-6.456000	6.979274
152	9	-1.630000	0.030000	-6.977000	7.164937
152	11	-0.110000	0.570000	-7.213000	7.236323
152	15	1.600000	-0.520000	-7.109300	7.305652
152	27	1.110000	-1.530000	-6.577000	6.843240
153	4	1.730000	-1.040000	-6.577000	6.879784
153	6	-2.980000	-0.834000	-5.918300	6.678490
153	8	-1.240000	-0.100000	-7.165000	7.272195
153	14	2.340000	-1.620000	-4.776000	5.559692
153	18	1.118000	-0.029000	-6.510000	6.605366
153	22	-3.300000	-0.920000	-6.013700	6.921054
153	5	-3.114000	0.346000	-5.809000	6.600090
153	7	3.140000	-0.167000	-5.126400	6.013939
153	9	-0.170000	1.660000	-6.466000	6.677848
153	11	1.080000	0.250000	-6.718000	6.808849
153	15	3.370000	-0.390000	-5.862500	6.773323
153	27	2.190000	1.390000	-6.618000	7.108173
154	4	2.640000	-1.440000	-6.875000	7.503921
154	6	-1.060000	0.475000	-5.318000	5.443377
154	8	-0.180000	-2.570000	-6.353000	6.855502
154	18	1.122000	-2.725000	-6.299000	6.954273
154	22	-3.920000	-0.110000	-5.768600	6.975331
154	5	-3.019000	-1.485000	-6.045000	6.918209
154	7	3.110000	-0.962000	-5.487400	6.380369
154	9	-1.010000	-0.880000	-7.123000	7.247871
154	11	-1.750000	-0.030000	-6.626000	6.853268
154	15	3.350000	0.840000	-5.544400	6.532111
155	4	1.640000	-1.560000	-6.734000	7.104221
155	6	-3.170000	-0.993000	-5.879000	6.752599
155	8	0.390000	0.010000	-6.374000	6.385928
155	18	1.472000	-1.532000	-6.299000	6.647647
155	22	-3.130000	-3.210000	-5.468000	7.071070
155	5	-3.095000	0.023000	-6.170000	6.902786
155	7	1.270000	-2.696000	-6.344900	7.009927
155	9	-0.510000	2.120000	-6.819800	7.159900
155	11	-1.260000	0.210000	-6.725000	6.845241
155	15	3.270000	-0.480000	-6.367700	7.174322
156	4	-0.480000	-3.800000	-6.169000	7.261333
156	6	-2.490000	-0.535000	-6.955400	7.407018
156	8	-1.050000	-2.320000	-6.493000	6.974521
156	18	2.488000	1.099000	-6.161000	6.734676
156	22	-0.640000	-1.460000	-6.901800	7.083505
156	5	-2.594000	1.641000	-6.231000	6.946012
156	7	3.080000	-3.872000	-3.902100	6.301204
156	9	0.250000	-0.170000	-7.019000	7.025508
156	11	-1.280000	-1.190000	-6.902000	7.119839
156	15	2.790000	1.780000	-6.159500	6.992277
157	4	0.550000	-0.820000	-5.854000	5.936684
157	6	0.000000	3.697000	-5.616000	6.723635
157	18	0.825000	-0.811000	-6.865000	6.961794
157	22	-1.750000	-1.370000	-6.742600	7.099440
157	5	-3.683000	-0.831000	-5.553000	6.714973
157	7	2.080000	-0.135000	-6.397000	6.728019
157	11	-0.250000	1.450000	-6.945400	7.099548
157	15	1.220000	0.840000	-6.934600	7.091028
158	4	-1.740000	-2.980000	-6.167000	7.066816
158	6	-0.080000	-1.154000	-6.071800	6.181009
158	18	1.079000	1.857000	-6.769000	7.101553
158	22	-1.700000	2.570000	-6.457100	7.154652
158	5	-3.821000	2.074000	-4.668000	6.379008
158	7	2.060000	-4.991000	-4.624480	7.109114
158	11	-2.310000	-0.450000	-6.884300	7.275451
158	15	0.330000	3.400000	-6.383000	7.239585
159	4	0.010000	1.470000	-6.272400	6.442360
159	6	-0.710000	2.250000	-5.570000	6.049091
159	18	1.443000	-0.360000	-6.904000	7.062370
159	22	-1.410000	0.730000	-5.587800	5.809002
159	5	-3.082000	2.940000	-5.665000	7.087634
159	7	-1.840000	-2.113000	-5.524000	6.193944
159	11	0.510000	3.620000	-6.125000	7.133031
159	15	1.260000	0.950000	-6.713400	6.896364
160	4	1.450000	-1.390000	-6.847000	7.135545
160	6	0.140000	2.653000	-6.919200	7.411703
160	18	1.389000	-1.135000	-6.796000	7.028738
160	22	-1.880000	-2.080000	-6.130500	6.741204
160	5	-3.242000	1.800000	-5.081000	6.290240
160	7	2.700000	-4.555000	-4.471420	6.930485
160	11	1.680000	-0.510000	-6.599400	6.828952
160	15	2.150000	1.350000	-5.936000	6.456090
161	4	-0.070000	-1.450000	-6.656900	6.813348
161	6	-2.960000	3.597000	-4.710000	6.624508
161	18	1.697000	-3.452000	-5.811000	6.968776
161	22	-1.180000	-4.550000	-4.857600	6.759525
161	5	-2.239000	2.510000	-6.081000	6.949229
161	7	0.110000	-3.316000	-6.229000	7.057506
161	11	0.900000	-0.170000	-7.069000	7.128090
161	15	1.720000	-0.960000	-6.718800	7.001591
162	4	0.600000	-0.800000	-7.261900	7.330429
162	6	-3.080000	4.094000	-4.255000	6.659749
162	14	2.040000	2.200000	-6.158000	6.850005
162	18	1.053000	-4.350000	-5.529000	7.113449
162	20	-3.150000	-2.510000	-5.669100	6.954229
162	22	1.420000	-0.120000	-6.343100	6.501209
162	5	-2.577000	3.370000	-5.615000	7.037475
162	7	1.890000	-0.488000	-6.916000	7.186188
162	11	2.410000	2.630000	-6.280000	7.222423
162	15	3.070000	2.220000	-5.829000	6.952017
162	23	0.320000	3.090000	-6.470460	7.177559
162	27	-2.920000	2.780000	-4.949000	6.383369
163	4	-1.670000	-1.690000	-6.598000	7.012746
163	6	-1.050000	-0.103000	-7.110900	7.188742
163	14	0.630000	-4.110000	-5.163000	6.629145
163	18	3.017000	-2.661000	-5.262400	6.623901
163	20	-3.400000	-1.500000	-5.857000	6.936458
163	22	-1.350000	0.770000	-6.730780	6.907880
163	5	-1.726000	2.870000	-6.682000	7.474296
163	7	2.930000	-3.620000	-4.768000	6.665067
163	11	1.040000	0.090000	-7.055490	7.132296
163	15	0.890000	1.550000	-6.755000	6.987462
163	23	2.530000	2.490000	-6.303880	7.234632
163	27	-2.660000	-2.950000	-5.047000	6.422640
164	4	-2.960000	-1.600000	-6.386000	7.218213
164	6	-2.690000	0.308000	-6.333400	6.887882
164	14	-0.450000	-0.540000	-6.647000	6.684064
164	18	2.236000	-1.620000	-6.430000	6.997785
164	20	-2.170000	-2.680000	-6.288300	7.171751
164	22	-2.320000	-2.690000	-6.006400	6.978205
164	5	-1.724000	3.126000	-5.037000	6.173769
164	7	2.830000	-2.797000	-5.804100	7.037023
164	11	0.750000	1.400000	-7.008020	7.185739
164	15	1.030000	2.250000	-6.210900	6.685707
164	23	3.820000	2.090000	-5.613030	7.103985
164	27	-4.080000	0.970000	-5.168000	6.655488
165	4	-0.640000	-1.620000	-6.543000	6.770882
165	6	-4.220000	1.110000	-5.787000	7.247749
165	14	0.760000	-1.680000	-5.646000	5.939471
165	18	4.081000	-2.114000	-4.785400	6.635029
165	20	-2.800000	-3.390000	-5.355000	6.928790
165	22	-2.150000	-3.530000	-5.379000	6.783586
165	5	0.290000	3.090000	-6.489000	7.193005
165	7	2.920000	-1.190000	-6.503100	7.227227
165	11	0.690000	0.420000	-6.897000	6.944142
165	15	1.490000	1.810000	-6.327000	6.747379
165	23	3.460000	1.570000	-6.128400	7.210672
165	27	-2.230000	1.670000	-5.701000	6.345329
166	4	-1.740000	-0.850000	-6.593000	6.871517
166	6	-2.390000	2.271000	-6.348000	7.153086
166	14	1.200000	-2.330000	-5.998000	6.545602
166	18	1.173000	0.409000	-6.615000	6.730634
166	20	-1.480000	-1.410000	-6.573500	6.883996
166	22	-0.410000	-2.910000	-6.221700	6.880825
166	5	-0.595000	4.403000	-5.375000	6.973597
166	7	3.080000	-1.318000	-5.718500	6.627576
166	11	0.950000	-0.600000	-7.457200	7.541375
166	15	3.710000	1.970000	-5.829000	7.184862
166	23	3.520000	1.480000	-5.492600	6.689503
166	27	-3.420000	1.300000	-6.449000	7.414580
167	4	0.600000	-0.660000	-6.882000	6.939562
167	14	1.790000	-1.750000	-6.332000	6.808878
167	18	0.102000	1.416000	-6.103000	6.265945
167	20	-2.860000	-2.390000	-6.417700	7.421494
167	22	0.460000	-4.090000	-5.754100	7.074558
167	5	0.336000	4.525000	-5.524000	7.148643
167	11	-0.760000	-0.910000	-7.119200	7.217251
167	15	4.290000	1.290000	-5.430200	7.039551
167	23	3.080000	0.900000	-6.382500	7.143718
167	27	-3.890000	2.480000	-5.012000	6.811949
168	4	-0.300000	-0.010000	-6.954000	6.960475
168	14	2.650000	1.390000	-6.506000	7.161190
168	18	-0.480000	-2.770000	-5.194700	5.906624
168	20	-2.650000	0.220000	-6.371060	6.903717
168	22	-0.700000	-1.430000	-6.238100	6.438074
168	5	0.998000	-0.510000	-6.739000	6.831561
168	11	1.510000	-2.110000	-6.613000	7.103800
168	15	2.520000	4.010000	-4.330500	6.417455
168	23	3.540000	2.610000	-5.685300	7.187930
168	27	-4.000000	2.320000	-4.489000	6.444651
169	4	-1.090000	1.140000	-6.699000	6.882173
169	14	4.170000	1.340000	-5.371000	6.930522
169	18	-0.292000	2.181000	-6.270000	6.644917
169	20	-1.640000	-1.060000	-6.740200	7.017371
169	22	-3.810000	-1.820000	-5.034100	6.570439
169	5	1.511000	4.170000	-5.941000	7.414007
169	11	-0.220000	-1.390000	-7.373000	7.506106
169	15	1.940000	3.200000	-6.010550	7.080276
169	23	3.040000	3.080000	-5.592000	7.070959
169	27	-4.300000	2.290000	-5.434000	7.298113
170	4	-1.730000	-0.320000	-6.514000	6.747407
170	14	2.550000	-0.540000	-6.381000	6.892841
170	18	-2.704000	-1.430000	-6.261000	6.968259
170	20	-0.080000	-1.600000	-6.662900	6.852783
170	22	-4.040000	-1.060000	-6.094800	7.388626
170	5	-0.745000	1.050000	-6.608000	6.732250
170	11	-0.440000	-1.840000	-6.813900	7.071664
170	15	0.420000	4.290000	-5.204700	6.757914
170	23	3.630000	3.810000	-4.593000	6.984887
170	27	-4.970000	-0.550000	-4.820000	6.945200
171	4	0.650000	1.760000	-6.883000	7.134128
171	14	3.630000	-0.220000	-5.365000	6.481398
171	18	-2.328000	-2.790000	-5.663000	6.728540
171	20	-0.610000	-3.200000	-6.623000	7.380801
171	22	-1.680000	-2.650000	-6.674200	7.374947
171	5	-0.325000	-0.250000	-6.504000	6.516912
171	11	0.220000	0.900000	-6.739500	6.802886
171	15	4.000000	1.420000	-5.915300	7.280603
171	23	2.620000	3.500000	-4.695000	6.415405
171	27	-4.290000	1.540000	-5.035000	6.791681
172	4	2.130000	-0.320000	-6.425000	6.776424
172	14	2.910000	-1.730000	-5.988000	6.878746
172	18	-1.935000	-3.020000	-6.077000	7.056526
172	20	-1.150000	-1.540000	-6.768000	7.035618
172	22	-2.490000	-0.790000	-6.314890	6.833889
172	5	-2.093000	-1.240000	-6.111000	6.577429
172	11	3.220000	-0.360000	-6.371100	7.147651
172	15	2.690000	3.760000	-5.406100	7.113341
172	23	3.190000	4.400000	-4.031000	6.766466
172	27	-4.500000	-0.290000	-4.336000	6.255797
173	4	0.050000	0.430000	-7.444000	7.456577
173	6	-2.370000	0.082000	-6.080000	6.526103
173	12	-2.700000	1.440000	-6.041800	6.772514
173	14	5.480000	1.580000	-3.723000	6.810839
173	18	2.274000	1.280000	-5.260000	5.871718
173	20	-0.730000	-2.010000	-6.156100	6.516945
173	22	-1.330000	-3.420000	-5.941000	6.982892
173	1	2.690000	1.490000	-5.817100	6.579882
173	5	0.667000	2.869000	-5.969000	6.656201
173	7	3.380000	-0.134000	-5.724300	6.649058
173	11	-1.040000	1.630000	-6.619600	6.896202
173	15	3.310000	1.130000	-6.276600	7.185312
173	23	2.960000	1.640000	-5.597300	6.540716
173	27	-2.260000	1.670000	-5.794000	6.439483
174	4	0.020000	-2.800000	-6.025000	6.643871
174	6	-0.740000	2.520000	-6.631500	7.132657
174	12	-4.550000	0.220000	-5.175900	6.894987
174	14	4.410000	0.170000	-5.073000	6.724011
174	18	-0.379000	-3.123000	-6.146000	6.904353
174	20	-3.250000	-1.700000	-5.384000	6.514596
174	22	-3.040000	-0.660000	-5.919200	6.686862
174	1	-1.200000	2.500000	-5.812820	6.440410
174	5	-1.141000	0.740000	-6.312000	6.456843
174	7	2.660000	1.307000	-5.416300	6.174152
174	11	-1.190000	-0.170000	-7.270700	7.369402
174	15	0.660000	3.400000	-6.443600	7.315434
174	23	-0.840000	3.380000	-6.162100	7.078240
174	27	-5.090000	-1.220000	-3.752000	6.440031
175	4	-0.960000	-0.240000	-6.819000	6.890425
175	6	-2.600000	-1.384000	-6.244000	6.903839
175	12	-4.330000	-3.250000	-4.670100	7.149911
175	14	2.630000	1.290000	-5.479000	6.212925
175	18	0.880000	-3.051000	-6.368200	7.115966
175	20	-2.680000	-1.910000	-6.045000	6.882770
175	22	-2.390000	-3.230000	-5.818100	7.070735
175	1	0.770000	1.980000	-6.162390	6.518309
175	5	1.002000	0.310000	-7.137000	7.213659
175	7	2.760000	-2.442000	-5.320300	6.471982
175	11	-1.580000	1.140000	-6.869100	7.140065
175	15	1.330000	-0.460000	-6.541620	6.691285
175	23	-0.160000	3.900000	-5.803400	6.993930
175	27	-5.160000	-1.620000	-4.013000	6.734550
176	4	-0.190000	-0.940000	-7.337000	7.399410
176	6	-2.310000	4.148000	-5.321000	7.131272
176	12	-2.840000	-3.120000	-5.835500	7.200907
176	14	2.510000	-0.390000	-5.845000	6.373086
176	18	-2.007000	-0.339000	-6.390000	6.706346
176	20	1.070000	-4.320000	-5.162000	6.815684
176	22	-1.320000	2.130000	-6.893180	7.334523
176	1	1.700000	2.830000	-6.362700	7.168183
176	5	-2.306000	1.184000	-5.643000	6.209907
176	7	1.200000	2.577000	-5.824600	6.481273
176	11	0.560000	0.310000	-6.642600	6.673368
176	15	2.320000	3.380000	-5.405000	6.783865
176	23	2.850000	0.190000	-6.536000	7.132874
176	27	-3.790000	-3.260000	-4.979000	7.055646
177	4	1.910000	-0.120000	-6.952000	7.210604
177	6	-1.780000	-1.673000	-6.634500	7.069931
177	12	-3.600000	1.830000	-5.344400	6.698620
177	14	2.760000	1.650000	-5.701000	6.545342
177	18	3.623000	-3.024000	-5.454000	7.212269
177	20	-0.900000	-2.910000	-5.489000	6.277517
177	22	-1.890000	1.670000	-6.698900	7.157951
177	1	2.700000	3.510000	-5.340800	6.937885
177	5	2.332000	0.489000	-6.715000	7.125207
177	7	2.400000	-3.017000	-5.317900	6.568284
177	11	-1.230000	-2.330000	-6.733700	7.230803
177	15	-0.790000	1.380000	-6.717800	6.903429
177	23	1.350000	2.490000	-6.152000	6.772718
177	27	-5.320000	0.040000	-4.434000	6.925630
178	4	1.480000	-2.230000	-6.138000	6.696144
178	6	-2.730000	-1.986000	-5.744000	6.662630
178	12	0.240000	-1.910000	-6.341800	6.627528
178	14	3.680000	-1.060000	-5.530000	6.726582
178	18	1.922000	0.029000	-6.365000	6.648921
178	20	-1.410000	-0.310000	-6.861900	7.012123
178	22	-2.270000	-1.740000	-6.251600	6.874809
178	1	4.290000	0.800000	-5.289600	6.857402
178	5	3.077000	1.516000	-5.842000	6.774596
178	7	1.960000	-0.950000	-6.424700	6.783868
178	11	-0.880000	-3.110000	-6.450380	7.214839
178	15	0.780000	-1.810000	-6.666000	6.951263
178	23	0.240000	3.320000	-4.759300	5.807834
178	27	-1.530000	-1.370000	-6.105000	6.441182
179	4	1.830000	-3.080000	-5.691000	6.724789
179	6	-1.710000	1.254000	-5.907000	6.276087
179	12	-2.030000	0.050000	-6.515900	6.824980
179	14	3.140000	1.680000	-5.780000	6.788991
179	18	-3.079000	-0.143000	-5.388600	6.207874
179	22	-0.840000	1.120000	-6.661200	6.806731
179	1	1.860000	1.500000	-6.038470	6.494053
179	5	-0.828000	0.866000	-6.751000	6.856496
179	7	2.610000	2.494000	-5.534700	6.607953
179	11	-3.430000	-0.690000	-6.276500	7.185781
179	15	2.540000	0.770000	-6.582300	7.097265
179	27	-2.820000	0.290000	-5.800000	6.455734
180	4	2.220000	0.870000	-6.665000	7.078667
180	6	-2.720000	-0.203000	-6.188000	6.762466
180	12	-2.490000	0.010000	-5.836000	6.345006
180	14	5.480000	0.390000	-4.358000	7.012465
180	18	-3.137000	-0.089000	-5.742000	6.543642
180	22	-0.570000	2.330000	-6.242000	6.687030
180	1	3.220000	1.090000	-5.451000	6.424165
180	5	0.494000	2.156000	-6.634000	6.993020
180	7	0.890000	1.915000	-6.282900	6.628285
180	11	-2.810000	1.320000	-5.714700	6.503560
180	15	2.980000	-0.650000	-6.835270	7.484906
180	27	-2.190000	0.020000	-6.159000	6.536802
181	4	2.200000	0.860000	-6.594500	7.004786
181	6	-2.700000	-1.923000	-5.408000	6.343059
181	12	-4.800000	-0.270000	-3.613000	6.013873
181	14	0.680000	-0.230000	-6.507000	6.546476
181	18	-2.478000	1.733000	-6.299000	6.987215
181	22	-0.570000	2.340000	-6.693200	7.113327
181	1	2.280000	1.580000	-6.037500	6.644261
181	5	0.392000	2.955000	-5.837000	6.554102
181	7	-0.760000	-0.203000	-6.307200	6.356066
181	11	-2.120000	1.280000	-6.492720	6.948972
181	15	-0.070000	-0.680000	-7.017900	7.051115
181	27	-4.740000	1.270000	-4.816000	6.875635
182	4	1.500000	0.120000	-6.855700	7.018905
182	6	-3.700000	0.068000	-5.166000	6.354697
182	12	-3.550000	-3.410000	-4.192000	6.465560
182	14	3.300000	-1.440000	-5.374000	6.468653
182	18	-0.898000	-3.410000	-6.088200	7.035672
182	22	-1.510000	0.300000	-6.537000	6.715837
182	1	1.970000	-1.650000	-6.456100	6.948714
182	5	2.072000	-1.103000	-6.493000	6.904263
182	7	-3.840000	0.840000	-5.359700	6.646622
182	11	-1.890000	0.280000	-6.967900	7.225104
182	15	-1.050000	-2.310000	-6.583600	7.055664
182	27	-2.840000	-1.230000	-5.361000	6.190220
183	4	0.830000	-1.950000	-6.508400	6.844755
183	6	2.880000	-1.030000	-5.732000	6.497009
183	12	-4.040000	0.370000	-4.578600	6.117359
183	14	1.450000	-0.520000	-5.833000	6.032975
183	18	-1.146000	-3.364000	-5.469200	6.522420
183	22	-2.770000	2.470000	-6.187400	7.215104
183	1	2.160000	1.630000	-5.435200	6.071565
183	5	3.417000	-1.603000	-5.586000	6.741579
183	7	2.250000	-2.656000	-6.036900	6.968572
183	11	-0.680000	1.140000	-6.792600	6.921085
183	15	-0.450000	1.540000	-6.474700	6.670520
183	27	-3.570000	1.170000	-5.723000	6.845913
184	4	-1.060000	-3.710000	-5.790000	6.957859
184	6	1.940000	-1.036000	-6.855000	7.199161
184	12	-3.560000	-2.110000	-5.176000	6.626966
184	14	0.970000	-1.620000	-6.171000	6.453413
184	18	-1.476000	-2.074000	-6.191000	6.693918
184	22	-1.860000	-0.880000	-6.777300	7.082782
184	1	2.950000	0.560000	-5.721100	6.461198
184	5	0.038000	1.430000	-6.159000	6.322944
184	7	2.190000	-1.363000	-6.519800	7.011538
184	11	-2.600000	-0.580000	-6.296400	6.836743
184	15	-1.250000	-1.190000	-6.706200	6.924718
184	27	-3.160000	-2.930000	-5.366000	6.882184
185	4	1.960000	-1.660000	-6.452000	6.944459
185	6	1.470000	4.252000	-5.312000	6.961160
185	12	-3.550000	-1.290000	-4.776500	6.089462
185	14	0.900000	-1.420000	-6.800000	7.004741
185	18	-1.948000	-0.634000	-6.922000	7.218777
185	22	-1.670000	-0.170000	-6.673400	6.881284
185	1	4.620000	1.270000	-4.742000	6.741206
185	5	-0.770000	4.500000	-4.969000	6.747878
185	7	2.270000	1.959000	-6.219500	6.904546
185	11	-1.910000	0.450000	-6.830500	7.106781
185	15	-0.840000	-3.520000	-6.153400	7.138651
185	27	-4.220000	0.900000	-3.344000	5.459005
186	4	1.010000	-2.650000	-5.967000	6.606640
186	6	2.800000	-0.472000	-5.159000	5.888808
186	12	-4.650000	0.550000	-4.398880	6.424574
186	14	3.590000	-3.650000	-4.423000	6.765614
186	18	-3.204000	-0.683000	-5.982000	6.820295
186	22	-0.870000	-0.060000	-6.780700	6.836548
186	1	3.170000	1.150000	-5.467000	6.423355
186	5	-0.590000	3.358000	-5.808000	6.734770
186	7	2.860000	-0.560000	-5.807400	6.497622
186	11	-2.470000	0.390000	-6.887600	7.327485
186	15	-1.240000	0.020000	-6.737500	6.850687
186	27	-2.030000	1.990000	-5.063000	5.806459
187	4	3.220000	-3.150000	-5.811000	7.352457
187	6	1.370000	1.369000	-6.081000	6.381976
187	12	-3.270000	-0.530000	-5.423500	6.355167
187	14	0.670000	-1.490000	-6.150000	6.363293
187	18	-0.355000	-3.802000	-4.843700	6.167873
187	22	-1.270000	1.120000	-6.612000	6.825382
187	1	3.050000	1.260000	-5.852300	6.718595
187	5	0.169000	-2.390000	-5.900000	6.367940
187	7	-0.600000	3.122000	-5.533100	6.381385
187	11	-0.470000	-1.470000	-6.733900	6.908488
187	15	-2.050000	-0.960000	-6.783000	7.150747
187	27	-2.150000	4.260000	-4.369000	6.469796
188	6	0.990000	1.153000	-6.284000	6.465150
188	12	-2.980000	-1.400000	-5.739000	6.616383
188	14	2.860000	-2.160000	-6.072000	7.050843
188	18	0.701000	-3.754000	-5.048000	6.329788
188	22	1.690000	-0.060000	-6.888740	7.093267
188	1	3.530000	1.780000	-3.748000	5.447642
188	5	-0.159000	0.730000	-6.447000	6.490146
188	7	-1.300000	2.898000	-6.823000	7.526070
188	15	0.040000	-2.020000	-6.244100	6.562834
188	27	-3.380000	4.140000	-4.966000	7.295557
189	6	0.100000	-0.979000	-7.190000	7.257034
189	14	2.650000	-3.500000	-4.423000	6.231808
189	18	1.082000	-0.744000	-6.715000	6.842184
189	20	-0.580000	0.810000	-6.955000	7.025989
189	22	-1.000000	0.060000	-6.924600	6.996691
189	5	1.932000	3.348000	-4.156000	5.675743
189	7	-2.320000	2.487000	-6.237900	7.104855
189	15	-1.170000	-1.000000	-6.786200	6.958549
189	23	0.090000	-1.600000	-6.326300	6.526115
189	27	-4.860000	1.340000	-4.314000	6.635194
190	6	2.010000	1.780000	-5.459000	6.083517
190	14	2.650000	-1.640000	-6.373000	7.094169
190	18	0.445000	-4.513000	-4.720000	6.545502
190	20	1.500000	0.090000	-6.385000	6.559445
190	22	3.920000	-2.220000	-5.153000	6.844575
190	24	-1.920000	2.680000	-5.861700	6.725201
190	5	1.497000	1.200000	-5.895000	6.199358
190	7	-2.680000	3.272000	-6.033200	7.368031
190	15	2.230000	-1.820000	-6.137880	6.779297
190	23	3.760000	-0.700000	-5.785700	6.935555
190	25	2.260000	-2.770000	-5.809760	6.821570
190	27	-4.490000	2.170000	-4.452000	6.685006
191	6	-0.580000	-1.699000	-5.583000	5.864545
191	14	4.700000	0.700000	-4.599000	6.612927
191	18	-2.136000	-2.915000	-4.821000	6.025094
191	20	-1.720000	2.960000	-5.843000	6.772049
191	22	-1.380000	0.130000	-6.407600	6.555809
191	24	-3.510000	3.610000	-5.033000	7.119220
191	5	1.087000	4.650000	-5.099000	6.985977
191	7	-3.970000	1.789000	-5.529900	7.038552
191	15	-2.220000	-0.890000	-5.955600	6.417918
191	23	1.450000	0.370000	-6.453000	6.624244
191	25	-0.180000	-2.830000	-5.807200	6.462575
191	27	-1.770000	3.750000	-4.789000	6.334818
192	6	0.520000	-2.332000	-6.385600	6.817955
192	12	-3.240000	1.750000	-5.728500	6.809979
192	14	4.900000	-0.360000	-4.703000	6.801309
192	18	0.420000	-3.882000	-5.131000	6.447750
192	20	-3.660000	1.400000	-5.884000	7.069445
192	22	0.080000	2.290000	-5.961000	6.386237
192	24	-3.140000	3.510000	-4.099000	6.243517
192	1	4.560000	-1.550000	-4.936700	6.896891
192	5	3.047100	4.020000	-4.452000	6.727966
192	7	-2.220000	1.260000	-5.658320	6.207462
192	15	0.550000	1.570000	-6.074300	6.297977
192	23	0.480000	-2.240000	-6.690000	7.071358
192	25	2.440000	-1.400000	-6.167000	6.778310
192	27	-2.580000	2.730000	-4.867000	6.147926
193	6	1.640000	-2.094000	-6.516200	7.038132
193	12	-3.660000	3.860000	-5.132800	7.391944
193	14	5.970000	-0.930000	-3.355200	6.911090
193	18	-2.589000	-2.943000	-4.622000	6.060285
193	20	-0.560000	2.370000	-6.517000	6.957139
193	22	0.260000	-3.880000	-5.771000	6.958911
193	24	-2.530000	3.150000	-5.163800	6.556541
193	1	3.100000	-2.220000	-5.910400	7.033579
193	5	1.586200	4.870000	-4.682000	6.939312
193	7	-0.830000	2.211000	-6.206100	6.640263
193	15	0.140000	-4.100000	-5.513200	6.872043
193	23	2.850000	-1.160000	-6.172000	6.896498
193	25	0.770000	-2.670000	-5.353600	6.031818
193	27	-2.830000	2.280000	-6.143000	7.137489
194	6	1.280000	-3.653000	-5.077000	6.384257
194	12	-2.780000	2.560000	-5.831400	6.948901
194	14	4.290000	-1.290000	-5.569000	7.147165
194	18	-2.344000	-5.559000	-3.558500	7.004266
194	20	-3.270000	3.440000	-5.162000	7.012328
194	22	-0.330000	1.970000	-6.123600	6.441139
194	24	-2.050000	4.520000	-4.622000	6.782019
194	1	2.870000	-2.580000	-6.068500	7.191661
194	5	2.296800	2.860000	-5.633100	6.722106
194	7	-1.870000	1.740000	-6.106000	6.618741
194	15	-1.990000	1.900000	-6.024600	6.623134
194	23	0.170000	-0.710000	-6.414000	6.455416
194	25	-0.040000	-0.260000	-6.891000	6.896019
194	27	-3.840000	3.520000	-4.282000	6.743258
195	6	1.070000	-1.666000	-6.852500	7.132826
195	12	0.640000	2.820000	-5.639900	6.338018
195	14	3.440000	-3.650000	-4.754000	6.910616
195	18	-1.949000	-4.068000	-4.796000	6.583984
195	20	-0.400000	-0.310000	-7.170100	7.187937
195	22	1.240000	-3.090000	-6.239000	7.071833
195	24	-1.740000	1.500000	-6.009000	6.433170
195	1	3.270000	-2.010000	-4.650400	6.029861
195	5	1.770000	5.080000	-3.708000	6.533649
195	7	-1.030000	4.223000	-4.160000	6.016663
195	15	1.700000	-2.520000	-5.977200	6.705768
195	23	1.540000	-3.230000	-4.894400	6.062974
195	25	-0.140000	-2.590000	-5.960100	6.500038
195	27	-3.160000	2.460000	-5.948000	7.170488
196	6	2.740000	-4.407000	-4.618000	6.946594
196	12	-1.610000	3.520000	-5.237500	6.512596
196	14	2.170000	-2.710000	-5.602000	6.590554
196	18	-2.591000	-5.500000	-3.382200	6.957195
196	20	-2.440000	3.240000	-5.402000	6.755206
196	22	1.910000	-2.660000	-5.891000	6.739999
196	24	-0.200000	1.640000	-6.591800	6.795692
196	1	1.800000	-2.290000	-6.338600	6.975812
196	5	2.035000	3.510000	-5.210000	6.603440
196	7	0.400000	2.111000	-6.918000	7.243966
196	15	3.190000	0.380000	-6.161290	6.948525
196	23	0.630000	-0.740000	-6.287000	6.361672
196	25	1.220000	-2.280000	-6.043000	6.573024
196	27	-3.920000	3.140000	-4.608000	6.816133
197	6	1.020000	-3.200000	-5.673000	6.592672
197	12	-0.550000	2.330000	-5.662500	6.147789
197	14	1.500000	-3.670000	-5.071000	6.436920
197	18	-2.507000	-4.331000	-3.779000	6.270841
197	20	-4.880000	2.170000	-4.546000	7.013517
197	22	-0.810000	-1.480000	-7.010610	7.210766
197	24	-0.600000	2.260000	-6.053000	6.488945
197	1	-0.150000	-3.420000	-5.649900	6.606078
197	5	0.573000	4.340000	-4.609000	6.356635
197	7	-2.220000	1.693000	-6.304800	6.895299
197	15	-0.390000	2.720000	-5.798000	6.416175
197	23	0.820000	-1.050000	-7.366000	7.485510
197	25	1.660000	-1.050000	-6.828000	7.104906
197	27	-4.540000	3.710000	-3.307000	6.731415
198	6	0.200000	-1.951000	-6.291000	6.589619
198	12	-2.230000	3.630000	-5.396300	6.875308
198	14	4.290000	-2.800000	-3.982000	6.488484
198	18	-0.986000	-3.019000	-5.855000	6.660899
198	20	-2.360000	3.040000	-5.101000	6.389945
198	22	-1.810000	-1.680000	-5.753000	6.260632
198	24	-2.490000	1.670000	-6.650200	7.294804
198	1	1.740000	-2.930000	-5.778900	6.708814
198	5	-0.277000	6.216000	-3.693000	7.235581
198	7	-2.870000	2.888000	-5.781140	7.070999
198	15	-0.050000	1.450000	-6.050100	6.221632
198	23	1.360000	0.200000	-6.497000	6.640829
198	25	1.500000	-2.660000	-6.033200	6.762034
198	27	-3.300000	2.510000	-5.476000	6.868528
199	6	-0.520000	-2.530000	-6.770000	7.245978
199	12	-1.210000	4.360000	-5.358300	7.013207
199	14	3.450000	-2.520000	-5.656000	7.088246
199	18	0.300000	-3.640000	-4.160000	5.535811
199	22	-2.590000	1.400000	-6.018690	6.700204
199	24	-1.500000	2.800000	-6.250800	7.011598
199	1	3.980000	-1.850000	-5.387060	6.948620
199	5	0.260000	3.950000	-4.511000	6.001602
199	7	-2.800000	2.309000	-6.335380	7.301268
199	15	1.510000	3.690000	-5.204100	6.555826
199	25	1.240000	-1.750000	-6.411700	6.760917
199	27	-4.110000	3.710000	-4.075000	6.874724
200	6	-0.990000	-4.253000	-5.725000	7.200259
200	12	-2.490000	3.380000	-5.341600	6.793908
200	14	4.500000	-4.220000	-3.254000	6.974734
200	18	-0.335000	-5.143000	-5.347000	7.426512
200	22	-3.200000	-2.830000	-4.500000	6.204748
200	24	-0.330000	2.280000	-6.071300	6.493688
200	1	1.680000	-2.680000	-5.311800	6.182234
200	5	-3.116000	4.480000	-4.240000	6.910677
200	7	-3.270000	0.867000	-5.951900	6.846145
200	15	1.020000	0.410000	-7.090000	7.174720
200	25	3.440000	-0.320000	-6.198100	7.095946
200	27	-2.410000	2.350000	-5.828000	6.730244
201	6	0.160000	-1.656400	-6.717000	6.920069
201	12	-3.810000	3.850000	-3.954000	6.706170
201	14	3.970000	-4.000000	-4.255000	7.061581
201	18	1.694000	-2.553000	-5.650000	6.427281
201	22	-1.170000	-2.270000	-6.647400	7.121076
201	24	-1.850000	0.660000	-6.721190	7.002321
201	1	2.430000	-1.340000	-5.972000	6.585232
201	5	0.282000	5.067000	-3.738000	6.302909
201	7	-1.460000	4.052000	-5.772500	7.202226
201	15	3.890000	1.000000	-5.597500	6.889420
201	25	1.720000	-3.420000	-5.534000	6.729038
201	27	-4.600000	2.250000	-4.812000	7.026937
202	6	0.940000	-2.346000	-6.563000	7.032801
202	12	-1.900000	1.100000	-6.114100	6.496323
202	14	3.390000	-4.330000	-3.217000	6.371035
202	18	2.246570	-3.464000	-5.274000	6.697869
202	22	-2.700000	-0.120000	-6.510400	7.049093
202	24	-2.710000	1.190000	-5.360000	6.122891
202	1	3.340000	-0.710000	-4.956350	6.018730
202	5	-0.909000	3.724000	-5.221000	6.477137
202	7	2.750000	1.077000	-6.449800	7.093825
202	15	-1.820000	1.150000	-6.075000	6.445194
202	25	2.090000	-0.800000	-7.053600	7.400093
202	27	-2.950000	3.190000	-4.820800	6.489893
203	6	-1.700000	-1.624000	-6.363000	6.783446
203	12	-4.570000	1.750000	-4.013000	6.328631
203	14	3.260000	-2.690000	-4.903000	6.473261
203	18	1.544500	-1.038000	-6.005000	6.286728
203	22	-3.640000	-1.260000	-5.979000	7.112358
203	24	-3.150000	1.710000	-6.186300	7.149609
203	1	-0.120000	-1.420000	-5.485100	5.667197
203	5	-3.401000	3.248000	-4.265000	6.348742
203	7	-1.080000	1.114000	-6.768300	6.943866
203	15	-0.390000	0.530000	-6.988945	7.019854
203	25	3.210000	-0.410000	-6.001100	6.818020
203	27	-4.200000	4.400000	-2.741000	6.671812
204	6	-0.900000	-1.187000	-6.010000	6.191855
204	12	-3.500000	0.450000	-5.599300	6.618509
204	14	2.690000	-3.100000	-5.132000	6.571417
204	18	0.845900	-3.754000	-5.511000	6.721546
204	22	-2.160000	-0.890000	-6.136000	6.565683
204	24	-3.490000	1.110000	-6.434400	7.403628
204	1	-0.430000	-4.430000	-4.895800	6.616544
204	5	-5.026000	2.770000	-3.874000	6.923977
204	7	0.470000	0.321000	-6.750000	6.773953
204	15	3.290000	0.390000	-6.510300	7.304807
204	25	2.240000	0.740000	-6.550000	6.961875
204	27	-3.900000	3.620000	-3.158000	6.187678
205	6	-3.490000	-2.166000	-5.794000	7.102260
205	12	-1.940000	3.180000	-5.221600	6.414133
205	14	3.850000	-2.210000	-5.748000	7.262651
205	18	3.927000	-3.000000	-4.376000	6.600811
205	22	-2.460000	-2.340000	-5.812000	6.731014
205	24	-4.180000	0.810000	-5.905100	7.280021
205	1	-0.230000	-3.110000	-5.917700	6.689109
205	5	-3.086000	1.500000	-5.279000	6.296129
205	7	-2.930000	1.957000	-6.215000	7.144297
205	15	1.890000	1.260000	-6.830200	7.198009
205	25	1.590000	0.410000	-6.973000	7.163723
205	27	-4.030000	3.550000	-3.740000	6.544540
206	6	-0.740000	-1.676300	-6.655000	6.902652
206	12	-3.330000	2.350000	-5.509700	6.853335
206	14	4.140000	-0.680000	-4.952000	6.490324
206	18	2.839800	-2.729000	-5.521000	6.781839
206	22	0.750000	-0.140000	-7.155100	7.195662
206	24	-1.280000	-0.600000	-6.501200	6.653120
206	1	0.150000	-4.640000	-4.901100	6.750769
206	5	-4.827000	2.080000	-4.029000	6.622626
206	7	1.440000	3.608000	-6.025960	7.169620
206	15	3.100000	3.420000	-5.019500	6.819221
206	25	2.030000	-2.090000	-6.075300	6.737824
206	27	-3.330000	4.170000	-4.046000	6.696859
207	6	-0.620000	-0.270000	-6.578000	6.612668
207	12	0.650000	1.910000	-6.672600	6.970953
207	14	3.600000	-3.580000	-4.600000	6.851015
207	18	5.566000	0.428000	-4.433000	7.128466
207	22	-2.560000	-3.060000	-4.604000	6.092127
207	24	-2.970000	1.670000	-5.714000	6.652789
207	1	4.960000	-2.390000	-3.730000	6.650308
207	5	-3.082000	3.381000	-4.162000	6.184831
207	7	1.650000	2.975000	-5.862200	6.777796
207	15	0.030000	0.990000	-6.961000	7.031111
207	25	0.690000	-0.360000	-7.067600	7.110321
207	27	-2.910000	2.390000	-5.730000	6.856610
208	6	-1.980000	0.129770	-6.215600	6.524640
208	12	-3.810000	2.770000	-5.244000	7.049010
208	14	4.730000	-3.050000	-3.626100	6.695073
208	18	4.615000	-2.421000	-4.032000	6.589119
208	22	-3.230000	-0.840000	-6.036300	6.897494
208	24	-1.820000	0.710000	-6.804500	7.079387
208	1	-0.770000	-2.020000	-6.762600	7.099722
208	5	-3.525000	-0.250000	-6.068100	7.022105
208	7	0.530000	3.445700	-5.396700	6.424805
208	15	-0.360000	3.870000	-5.470900	6.710980
208	25	2.790000	-2.080000	-5.587400	6.582518
208	27	-2.370000	2.510000	-5.907000	6.841758
209	6	-0.560000	-3.205800	-5.640800	6.512248
209	12	-3.050000	2.260000	-5.325000	6.539551
209	14	4.040000	-2.550000	-3.863000	6.143848
209	18	5.390000	1.144000	-4.619000	7.189993
209	22	-0.370000	-2.760000	-6.769000	7.319417
209	24	-3.430000	-0.720000	-6.041000	6.984052
209	1	-1.010000	-3.570000	-6.198200	7.223758
209	5	-1.828000	3.489000	-4.424000	5.923384
209	7	2.090000	1.219000	-6.271270	6.721822
209	15	2.010000	0.680000	-6.614100	6.946137
209	25	0.840000	-2.320000	-6.493500	6.946477
209	27	-2.880000	2.200000	-5.358800	6.469246
210	6	-2.660000	-3.935400	-4.356000	6.444975
210	12	-0.240000	4.810000	-5.228000	7.108142
210	14	3.160000	-5.740000	-1.193000	6.660064
210	18	0.826000	-0.657000	-5.171000	5.277610
210	22	-1.580000	-1.990000	-6.673000	7.140408
210	24	-0.880000	3.180000	-5.865000	6.729415
210	1	-0.520000	-3.080000	-6.157300	6.904284
210	5	-4.047300	3.406000	-4.162000	6.730804
210	7	0.780000	0.275000	-6.612400	6.663922
210	15	1.940000	1.100000	-6.724900	7.085046
210	25	2.860000	0.600000	-5.976300	6.652500
210	27	-2.650000	1.440000	-6.239400	6.930095
211	6	1.070000	-3.646000	-5.223000	6.458943
211	12	-0.100000	4.290000	-4.884000	6.501350
211	14	1.680000	-5.830000	-2.928900	6.737192
211	18	3.135400	-3.426000	-3.708600	5.943225
211	22	-0.120000	-0.590000	-6.980000	7.005919
211	24	-1.310000	3.480000	-5.874000	6.952005
211	1	0.900000	-3.590000	-5.815100	6.893003
211	5	-2.267000	0.429000	-4.981800	5.490142
211	7	0.560000	2.453000	-6.635800	7.096806
211	15	0.040000	2.510000	-6.196900	6.686050
211	25	0.330000	-0.660000	-6.776900	6.816955
211	27	-2.790000	3.700000	-4.165900	6.231278
212	6	-2.820000	-1.349300	-5.896600	6.674047
212	12	0.540000	3.410000	-5.940000	6.870466
212	14	3.180000	-4.770000	-3.762400	6.857183
212	16	-0.060000	-3.290000	-6.223000	7.039420
212	18	2.458400	-0.625000	-5.494000	6.051313
212	22	-1.940000	-0.630000	-7.223000	7.505480
212	24	-2.070000	2.170000	-6.498200	7.156843
212	1	-0.080000	-4.060000	-5.131700	6.544031
212	5	-3.712000	3.100000	-3.760000	6.125891
212	7	-0.680000	3.877700	-4.833870	6.234201
212	15	2.620000	2.530000	-5.839000	6.881804
212	19	3.140000	2.620000	-4.815000	6.317296
212	25	-1.290000	-0.510000	-6.420200	6.568346
212	27	-2.180000	1.740000	-5.468400	6.138681
213	6	-2.310000	-0.416000	-6.478000	6.890112
213	14	2.800000	-1.740000	-4.414000	5.509174
213	16	0.820000	-2.600000	-6.109900	6.690536
213	18	5.111300	0.146000	-4.250900	6.649576
213	22	-2.390000	-0.280000	-6.439000	6.873952
213	24	-1.780000	-0.790000	-6.826200	7.098557
213	5	-0.164000	2.443000	-5.390800	5.920800
213	7	-0.790000	3.956080	-5.863600	7.117336
213	15	3.070000	0.650000	-6.167280	6.919736
213	19	2.670000	3.990000	-5.418000	7.239042
213	25	-1.690000	-3.610000	-5.648700	6.913466
213	27	-2.130000	4.090000	-4.702000	6.585879
214	6	-1.010000	-2.397600	-6.406000	6.914146
214	14	0.610000	-1.830000	-6.908000	7.172270
214	16	-1.490000	-4.080000	-5.163600	6.747538
214	18	1.965400	-0.147000	-5.405000	5.753124
214	22	-1.830000	-3.900000	-5.204000	6.755776
214	24	-2.990000	2.500000	-5.286000	6.567488
214	5	-4.394000	-0.695000	-5.000000	6.692553
214	7	0.190000	3.672000	-6.093000	7.116483
214	15	0.800000	1.640000	-6.553000	6.802309
214	19	1.050000	4.720000	-4.682890	6.731297
214	25	-1.540000	-1.710000	-6.485800	6.881955
214	27	-3.010000	4.950000	-2.166000	6.184994
215	6	-0.200000	-2.579300	-5.830900	6.379043
215	14	1.310000	-2.490000	-5.688000	6.345829
215	16	-2.930000	-4.350000	-4.878000	7.162561
215	18	3.540900	3.308000	-5.195100	7.104217
215	22	-2.210000	-3.290000	-5.458000	6.745218
215	24	-0.170000	1.640000	-6.987800	7.179683
215	5	-2.658000	0.554000	-6.106000	6.682448
215	7	-0.570000	3.180000	-5.258400	6.171553
215	15	2.270000	1.860000	-6.383000	7.025325
215	19	-0.450000	4.010000	-5.912100	7.157900
215	25	3.100000	-2.410000	-4.008000	5.610897
215	27	-2.120000	4.320000	-3.229000	5.795105
216	6	1.390000	-2.432000	-6.365800	6.954864
216	14	2.260000	-2.350000	-5.059400	6.018939
216	16	-3.230000	-3.550000	-4.108000	6.317520
216	18	2.556000	-1.094000	-6.037900	6.647271
216	22	-3.480000	-2.900000	-4.061000	6.083759
216	24	-2.170000	-0.190000	-5.665000	6.069368
216	5	-2.437000	-2.097000	-5.942000	6.756015
216	7	1.240000	4.842000	-5.304000	7.288002
216	15	0.250000	1.440000	-7.278000	7.423300
216	19	-1.050000	3.380000	-6.052500	7.011395
216	25	0.340000	-3.330000	-5.965200	6.840184
216	27	0.070000	3.700000	-4.673000	5.960858
217	6	1.210000	-5.106000	-4.049000	6.627951
217	12	0.980000	3.520000	-5.618000	6.701696
217	14	4.120000	-2.440000	-3.690000	6.045172
217	16	1.200000	-4.960000	-4.855000	7.043623
217	18	2.827100	-0.384000	-5.811000	6.473613
217	24	-4.310000	2.600000	-5.039000	7.122333
217	1	0.240000	-5.200000	-4.474000	6.863984
217	5	-4.611000	-2.969000	-5.072000	7.470038
217	7	1.070000	2.996000	-5.795000	6.610820
217	19	1.000000	1.770000	-6.370000	6.686539
217	25	-0.540000	-1.190000	-6.846000	6.969607
217	27	1.100000	2.330000	-6.555680	7.043851
218	6	0.320000	-3.704000	-5.698000	6.803618
218	12	-0.250000	3.570000	-6.123800	7.092836
218	14	2.730000	-0.740000	-5.578000	6.254165
218	16	1.950000	-3.940000	-4.874000	6.563686
218	18	4.586000	1.468000	-4.935700	6.895473
218	24	-2.970000	1.490000	-6.037000	6.891035
218	1	-1.410000	-4.870000	-4.903800	7.053528
218	5	-1.994000	-1.369000	-6.293000	6.741813
218	7	0.690000	2.876000	-6.155000	6.828726
218	19	1.280000	3.810000	-5.653000	6.936203
218	25	0.080000	-2.410000	-6.445100	6.881411
218	27	-0.440000	5.420000	-4.200000	6.870953
219	6	-0.650000	-2.647600	-6.407000	6.962897
219	12	-0.490000	4.450000	-5.371100	6.992232
219	14	0.350000	-2.710000	-5.846000	6.453086
219	16	1.690000	-4.030000	-5.816300	7.275050
219	18	3.070000	3.157000	-4.667000	6.416575
219	24	0.480000	0.160000	-6.508500	6.528137
219	1	-1.940000	-4.750000	-4.591400	6.885278
219	5	-2.549000	-1.673000	-6.486000	7.166905
219	7	0.820000	4.364300	-5.243500	6.871230
219	19	-0.570000	5.660000	-4.779400	7.429883
219	25	1.960000	-4.200000	-4.664400	6.575578
219	27	-0.220000	4.720000	-3.439000	5.844101
220	6	-1.540000	-2.602700	-5.728000	6.477317
220	12	-0.290000	2.630000	-6.447900	6.969678
220	14	2.150000	-5.100000	-4.508900	7.138815
220	16	-1.090000	-4.720000	-4.884000	6.878950
220	18	3.442000	2.359000	-4.609600	6.217769
220	24	-0.810000	2.160000	-6.629800	7.019683
220	1	-2.500000	-5.500000	-3.824200	7.150140
220	5	-2.599000	-1.524000	-5.725000	6.469390
220	7	-0.020000	3.735600	-5.832000	6.925845
220	19	0.290000	3.660000	-6.315200	7.304892
220	25	2.550000	-4.010000	-5.297900	7.116906
220	27	-1.470000	1.590000	-6.340500	6.700070
221	6	1.160000	-4.756000	-3.614000	6.084910
221	12	2.680000	2.140000	-5.604000	6.570146
221	14	0.970000	-3.390000	-5.513000	6.544171
221	16	-0.440000	-3.280000	-6.067400	6.911248
221	18	3.487000	2.363000	-5.400000	6.848572
221	24	-2.590000	3.370000	-5.552000	6.992117
221	1	-1.050000	-4.510000	-4.950200	6.778428
221	5	-3.618000	-1.168000	-5.726000	6.873225
221	7	2.400000	0.215000	-6.476000	6.909761
221	19	1.690000	4.940000	-4.501000	6.893381
221	25	1.980000	-3.220000	-5.527900	6.696751
221	27	-0.800000	6.230000	-2.907000	6.921239
222	6	-0.790000	-3.146400	-5.393000	6.293519
222	12	1.740000	1.680000	-5.717500	6.208044
222	16	-0.360000	-4.450000	-5.015000	6.714337
222	18	1.114000	2.631000	-5.688000	6.365257
222	24	-2.540000	2.080000	-6.469000	7.254375
222	1	-2.130000	-4.110000	-4.302850	6.320088
222	5	-4.575000	-2.029000	-5.176000	7.199892
222	7	0.260000	0.776000	-6.019000	6.074384
222	19	1.440000	3.230000	-4.899900	6.042807
222	25	1.120000	-3.210000	-6.024400	6.917506
223	6	-1.870000	-2.312400	-5.071000	5.878702
223	12	2.670000	4.550000	-4.430000	6.888853
223	14	4.940000	-0.010000	-4.495000	6.678976
223	16	-0.050000	-1.920000	-5.372470	5.705465
223	18	3.268000	3.678000	-4.529000	6.687253
223	24	-2.260000	2.960000	-5.038000	6.265033
223	1	-1.400000	-3.130000	-5.753000	6.697306
223	5	-2.054000	-3.673000	-5.193000	6.684093
223	7	-3.070000	2.506000	-6.051000	7.233225
223	13	-3.080000	3.040000	-4.610000	6.322982
223	19	0.100000	4.860000	-3.702700	6.110613
223	25	2.790000	-3.000000	-5.907200	7.188819
224	6	2.270000	-2.429200	-5.287000	6.245501
224	12	1.310000	5.070000	-3.282000	6.180010
224	14	5.150000	-0.500000	-4.114000	6.610408
224	16	1.790000	-3.290000	-4.507600	5.860602
224	18	3.910400	4.327000	-3.858360	6.992932
224	24	-3.150000	1.760000	-5.643500	6.698447
224	1	-1.380000	-3.320000	-5.864000	6.878466
224	5	-4.014000	-2.218000	-5.669500	7.292116
224	7	1.270000	2.916000	-6.119400	6.896594
224	13	-3.730000	2.150000	-4.827000	6.468024
224	19	0.090000	3.250000	-5.183900	6.119103
224	25	3.770000	-2.390000	-4.753900	6.521086
225	6	1.140000	-2.926900	-5.481000	6.317255
225	12	2.250000	3.790000	-4.500500	6.299294
225	14	3.080000	-0.290000	-5.127000	5.988040
225	16	2.320000	-3.020000	-5.758700	6.904015
225	18	1.290000	3.255000	-5.416000	6.449200
225	24	-2.810000	0.430000	-6.328800	6.937918
225	1	-1.490000	-4.250000	-4.557410	6.407229
225	5	-4.840000	-1.276000	-3.998000	6.406074
225	7	1.980000	3.668000	-5.568800	6.956016
225	13	-4.210000	2.720000	-2.100000	5.434381
225	19	-0.150000	4.740000	-4.244300	6.364290
225	25	1.560000	-3.330000	-4.459200	5.779876
226	6	1.800000	-2.454000	-6.699600	7.358448
226	12	3.540000	3.440000	-4.139000	6.441779
226	14	3.560000	-0.470000	-5.034000	6.183499
226	16	0.900000	-3.720000	-6.323700	7.391724
226	18	4.407000	3.549000	-4.517500	7.240501
226	24	-2.330000	0.080000	-6.122000	6.550892
226	1	-1.840000	-2.180000	-5.911000	6.563377
226	5	-2.841000	-1.984000	-5.203700	6.251882
226	7	1.330000	2.564000	-5.212000	5.958854
226	13	-5.100000	2.630000	-3.225000	6.582365
226	19	-0.860000	4.880000	-4.513000	6.702326
226	25	1.740000	-4.250000	-5.224300	6.955818
227	6	3.100000	-2.767000	-4.773000	6.328335
227	12	4.940000	3.540000	-3.266000	6.899417
227	14	3.650000	-0.910000	-4.619000	5.956993
227	16	-1.330000	-2.350000	-6.189500	6.752874
227	18	1.585800	2.893000	-4.614100	5.672224
227	24	-1.160000	3.650000	-6.448300	7.499912
227	1	-0.860000	-3.810000	-4.777000	6.170529
227	5	-4.814000	-2.171000	-4.421800	6.887681
227	7	-1.030000	0.256000	-6.298000	6.386802
227	13	-5.010000	2.200000	-3.768000	6.643638
227	19	0.510000	3.260000	-5.888000	6.749537
227	25	1.480000	-2.780000	-5.360200	6.216956
228	6	1.870000	-2.784000	-5.363000	6.325292
228	12	4.310000	1.600000	-4.907000	6.724191
228	14	4.640000	-3.590000	-3.491600	6.827076
228	16	-1.520000	-4.280000	-4.123000	6.134161
228	18	2.125500	2.512000	-5.337000	6.269885
228	24	-1.240000	1.230000	-6.551600	6.780410
228	1	-2.120000	-5.140000	-3.872800	6.775882
228	5	-4.887000	-0.442000	-3.308000	5.917854
228	7	-1.750000	0.608000	-6.203500	6.474224
228	13	-4.500000	2.790000	-4.360000	6.858841
228	19	1.540000	3.650000	-6.200800	7.358262
228	25	1.230000	-4.660000	-4.986700	6.935105
229	12	-0.440000	3.210000	-5.513940	6.395407
229	14	4.380000	-4.580000	-2.973000	6.999966
229	16	-1.140000	-3.090000	-5.758930	6.634228
229	18	2.515200	1.867000	-5.049000	5.941744
229	24	-3.780000	2.900000	-4.783000	6.750962
229	1	-4.240000	-3.510000	-3.606800	6.580783
229	5	-5.169000	1.852000	-3.373000	6.444036
229	13	-5.070000	2.230000	-3.798000	6.715847
229	19	3.650000	3.570000	-4.203800	6.613572
229	25	0.300000	-4.530000	-5.172100	6.881971
230	12	4.130000	1.800000	-5.378500	7.016065
230	14	5.730000	-2.496000	-2.864461	6.875177
230	16	-1.450000	-3.950000	-5.254000	6.731234
230	18	4.952000	-1.250000	-2.972100	5.909161
230	24	-1.240000	1.820000	-6.437100	6.803400
230	1	-0.300000	-4.840000	-5.012100	6.974005
230	5	-4.509000	-2.266000	-4.631100	6.849301
230	13	-2.860000	3.590000	-5.278700	6.995168
230	19	2.640000	3.520000	-5.893600	7.354898
230	25	3.300000	-3.840000	-3.468000	6.136988
231	12	-1.310000	3.680000	-5.540300	6.778895
231	14	3.400000	-3.695000	-5.058000	7.127159
231	16	-3.540000	-3.770000	-4.290000	6.719271
231	18	4.079930	1.349000	-4.986000	6.582236
231	24	-3.920000	3.330000	-4.149000	6.608290
231	1	-5.230000	-1.650000	-2.844000	6.177680
231	5	-5.580000	0.716000	-4.115000	6.970099
231	13	-4.960000	2.300000	-2.990000	6.231509
231	19	0.840000	2.670000	-5.993000	6.614420
231	25	-0.270000	-1.870000	-6.647000	6.910312
232	12	-1.230000	3.720000	-5.674000	6.895330
232	14	5.080000	-2.650000	-2.057600	6.087908
232	16	-3.700000	-3.350000	-4.164000	6.500107
232	18	3.689100	0.895000	-4.804000	6.122818
232	24	-2.890000	2.400000	-5.812000	6.920364
232	1	-2.330000	-0.250000	-5.230900	5.731816
232	5	-5.928000	-0.194000	-3.146000	6.713876
232	13	-3.440000	2.890000	-5.400420	7.024972
232	19	1.310000	2.650000	-6.028000	6.713820
232	25	1.540000	-4.100000	-5.500700	7.031309
233	12	-2.860000	1.030000	-5.304000	6.113339
233	14	5.050000	-1.950000	-4.551400	7.072499
233	16	-3.940000	-3.240000	-4.212000	6.615296
233	18	5.141100	1.082000	-4.112000	6.671595
233	20	-1.710000	-2.860000	-5.896000	6.772482
233	24	-1.340000	3.880000	-5.510700	6.871522
233	1	-0.540000	-3.280000	-4.764400	5.809433
233	5	-5.067000	-0.324000	-4.609000	6.857284
233	13	-4.440000	1.860000	-4.284000	6.444056
233	17	1.070000	3.280000	-5.916000	6.848529
233	19	2.280000	1.940000	-6.134000	6.825537
233	25	2.780000	-4.070000	-4.539400	6.700705
234	12	-1.160000	2.000000	-6.297000	6.708041
234	16	-2.500000	-1.710000	-6.073400	6.786773
234	18	5.427100	0.691000	-4.290300	6.952523
234	20	-0.670000	-2.600000	-6.793000	7.304365
234	24	0.280000	3.550000	-5.359000	6.434266
234	1	-3.120000	-0.990000	-4.272100	5.381946
234	5	-4.960000	-1.040000	-5.037000	7.145248
234	17	2.930000	4.900000	-5.049000	7.621503
234	19	3.100000	3.610000	-4.669400	6.666738
234	25	2.550000	-3.240000	-5.839600	7.148498
235	6	-1.670000	-3.423600	-4.839000	6.158397
235	12	2.210000	3.090000	-4.393000	5.807809
235	16	-1.080000	-4.180000	-5.860000	7.278626
235	20	-0.680000	-4.150000	-6.273000	7.552180
235	24	-1.030000	0.100000	-6.583100	6.663941
235	1	-3.820000	-0.370000	-5.426000	6.646110
235	7	1.360000	2.368200	-6.344000	6.906830
235	17	2.430000	1.450000	-6.629000	7.207707
235	19	3.460000	0.950000	-5.545500	6.605049
235	25	0.210000	-5.880000	-4.239100	7.251791
236	6	-0.590000	-4.268180	-5.124000	6.694837
236	12	4.430000	3.050000	-5.014000	7.353067
236	16	-3.960000	-1.990000	-5.750000	7.259766
236	20	-1.060000	-2.820000	-6.111000	6.813246
236	24	0.610000	0.270000	-6.753100	6.785968
236	1	-2.340000	1.850000	-6.014600	6.713681
236	7	-0.490000	1.400000	-6.303700	6.475858
236	17	1.630000	3.650000	-5.458000	6.765291
236	19	1.810000	2.600000	-6.083000	6.858498
236	25	2.840000	-4.880000	-4.013000	6.927061
237	6	1.530000	-3.522000	-4.443000	5.872447
237	12	3.670000	0.180000	-6.135100	7.151276
237	16	-3.830000	-1.610000	-5.148000	6.615354
237	20	-0.730000	-2.500000	-6.524000	7.024634
237	24	-2.310000	1.790000	-6.088000	6.753069
237	1	-2.730000	-1.620000	-5.747200	6.565638
237	7	0.120000	2.449300	-6.090000	6.565179
237	17	1.550000	3.920000	-5.015000	6.551269
237	19	1.220000	2.310000	-6.459000	6.967294
237	25	1.540000	-1.480000	-5.963300	6.334268
238	6	-1.360000	-3.832000	-5.135000	6.549966
238	10	-0.890000	-2.040000	-6.729000	7.087534
238	12	2.730000	2.690000	-6.234000	7.317907
238	16	-2.700000	-3.820000	-5.463000	7.192132
238	20	-1.300000	-4.270000	-5.258000	6.897062
238	24	-0.520000	-0.740000	-6.575000	6.636914
238	1	-4.280000	-0.510000	-5.143400	6.710668
238	7	-0.050000	2.243000	-6.844000	7.202353
238	11	-0.680000	-2.560000	-6.544000	7.059741
238	17	1.990000	1.190000	-6.228000	6.645614
238	19	1.710000	0.790000	-6.393800	6.665499
238	25	1.560000	-4.580000	-5.058000	6.999526
239	6	-0.620000	-0.320000	-6.758400	6.794319
239	10	-0.600000	1.030000	-6.672000	6.777646
239	12	1.720000	1.350000	-5.983100	6.370117
239	16	-1.420000	-0.900000	-7.030120	7.228346
239	20	-1.520000	-3.880000	-5.932000	7.249374
239	24	-1.640000	2.360000	-6.510800	7.116861
239	1	-2.600000	-2.260000	-5.255600	6.284022
239	7	0.740000	5.198600	-3.992000	6.596143
239	11	0.080000	-2.270000	-6.575000	6.956287
239	17	1.700000	3.170000	-5.936000	6.940821
239	19	4.350000	1.120000	-5.565000	7.151652
239	25	0.730000	-4.920000	-4.636500	6.799738
240	6	1.380000	-2.135000	-6.715000	7.180101
240	10	-1.760000	0.740000	-6.735000	7.000387
240	12	1.550000	0.280000	-6.259346	6.454480
240	16	-5.060000	-1.570000	-3.724000	6.475853
240	20	-1.440000	-4.020000	-5.475000	6.943315
240	24	-4.280000	2.630000	-3.854000	6.331557
240	1	-3.460000	-4.100000	-3.893300	6.628679
240	7	3.210000	3.777000	-4.238300	6.521734
240	11	0.280000	-1.920000	-6.700000	6.975299
240	17	1.640000	3.660000	-5.396000	6.723244
240	19	0.780000	2.250000	-6.462000	6.886824
240	25	-0.190000	-2.270000	-6.243000	6.645604
241	6	-2.100000	-3.145000	-5.756000	6.887130
241	10	-1.980000	3.800000	-6.089000	7.445557
241	12	4.750000	1.260000	-4.879200	6.925077
241	16	-3.720000	-2.860000	-4.947000	6.818417
241	24	-0.310000	2.180000	-6.527300	6.888697
241	1	-2.410000	-2.190000	-4.877200	5.864408
241	7	0.930000	3.636300	-5.483700	6.645189
241	11	-1.010000	-2.030000	-6.728000	7.099788
241	19	1.990000	0.490000	-6.663600	6.971640
241	25	4.770000	-0.950000	-5.706800	7.498198
242	6	-3.570000	-3.401000	-4.860000	6.923244
242	10	0.340000	3.440000	-5.716000	6.679959
242	12	2.470000	2.250000	-5.790860	6.685616
242	14	1.750000	-0.150000	-5.819000	6.078302
242	16	-2.840000	-2.870000	-5.399000	6.741788
242	24	-3.200000	0.740000	-5.749000	6.621072
242	1	-4.380000	-1.970000	-5.035600	6.958633
242	7	-0.350000	4.880000	-4.786600	6.844592
242	11	1.090000	-1.190000	-7.001000	7.184581
242	13	-2.960000	0.950000	-4.373000	5.365373
242	19	3.560000	-1.130000	-5.880300	6.966235
242	25	2.300000	-2.900000	-5.552000	6.672683
243	6	-1.860000	-1.168000	-6.328000	6.698314
243	10	0.870000	1.870000	-6.951000	7.250531
243	12	4.340000	-0.930000	-5.098983	6.760187
243	14	2.420000	-1.542000	-5.567000	6.263039
243	16	-0.150000	-2.380000	-5.818900	6.288601
243	24	-1.960000	0.130000	-6.534190	6.823059
243	1	-2.080000	-4.410000	-3.957800	6.280022
243	7	2.440000	5.214800	-3.393000	6.682828
243	11	0.470000	-3.500000	-5.953000	6.921641
243	13	-3.160000	1.990000	-5.013000	6.251069
243	19	4.860000	1.240000	-4.631200	6.826801
243	25	2.850000	-3.260000	-4.470000	6.223423
244	6	-0.870000	-3.811000	-4.893000	6.262753
244	10	0.170000	2.120000	-6.716000	7.044711
244	12	0.850000	-0.100000	-6.506100	6.562152
244	14	2.930000	-1.170000	-5.611000	6.437167
244	16	-3.890000	-1.330000	-5.449000	6.825877
244	24	-4.860000	2.200000	-4.573000	7.026516
244	1	-2.660000	-4.050000	-4.092000	6.342126
244	7	3.410000	2.603800	-5.128300	6.686354
244	11	2.490000	-2.030000	-5.643000	6.493416
244	13	-2.480000	2.060000	-5.163000	6.086918
244	19	2.340000	0.840000	-6.612300	7.064256
244	25	0.960000	-0.580000	-7.009000	7.098174
245	6	0.160000	-3.609000	-4.391000	5.686067
245	12	0.150000	2.030000	-6.171100	6.498144
245	14	2.380000	-2.230000	-5.218500	6.153864
245	16	-3.600000	-2.340000	-5.811100	7.225267
245	24	-1.010000	1.920000	-6.562900	6.912175
245	1	-4.930000	-1.840000	-3.919000	6.561178
245	7	2.610000	3.041000	-5.201000	6.565834
245	13	-1.860000	-1.100000	-6.402500	6.757337
245	19	2.070000	-0.780000	-6.388000	6.760166
245	25	2.240000	-2.120000	-5.508230	6.312891
246	6	-2.340000	-0.568000	-6.211600	6.661997
246	10	-0.840000	1.180000	-6.846000	6.997551
246	12	2.890000	3.430000	-4.856000	6.610426
246	14	4.380000	-0.740000	-5.112900	6.773016
246	16	-3.470000	-1.710000	-6.274000	7.370758
246	24	-0.720000	1.830000	-6.528000	6.817777
246	1	-1.530000	-3.210000	-6.034800	7.004556
246	7	1.620000	3.216000	-3.928200	5.328960
246	11	2.240000	0.640000	-6.450000	6.857820
246	13	1.120000	1.500000	-5.967700	6.254426
246	19	0.730000	2.660000	-5.496100	6.149440
246	25	0.550000	-3.680000	-5.903600	6.978352
247	6	-1.450000	-4.067000	-5.048000	6.642687
247	10	0.240000	-3.050000	-6.513000	7.195781
247	12	3.390000	3.810000	-5.000000	7.142003
247	14	4.430000	-0.010000	-3.526800	5.662448
247	16	-4.620000	-0.740000	-4.856000	6.743348
247	24	0.090000	3.590000	-5.817000	6.836204
247	1	-3.330000	-1.810000	-5.571900	6.738774
247	7	2.670000	1.530000	-5.352200	6.173803
247	11	2.220000	-1.090000	-6.169000	6.646282
247	13	2.480000	1.760000	-6.379400	7.067160
247	19	1.540000	3.400000	-6.034800	7.095802
247	25	2.440000	-2.030000	-6.134000	6.906552
248	6	-3.660000	-1.040000	-5.104000	6.366162
248	10	1.590000	0.030000	-6.431000	6.624708
248	12	2.420000	4.160000	-4.721000	6.741650
248	14	-1.160000	-1.630000	-3.848363	4.337326
248	16	-3.070000	-0.420000	-5.987200	6.741503
248	24	-0.450000	2.100000	-5.700000	6.091182
248	1	-2.870000	0.290000	-5.966000	6.626776
248	7	-1.240000	4.412000	-4.275400	6.267566
248	11	3.070000	-0.260000	-6.441000	7.139957
248	13	0.930000	0.280000	-6.154000	6.230170
248	19	3.520000	1.780000	-5.426300	6.708467
248	25	0.160000	-4.250000	-5.084600	6.628820
249	6	-1.850000	-4.834000	-3.996000	6.538966
249	10	-0.830000	-0.910000	-7.294000	7.397259
249	12	2.230000	3.790000	-6.013300	7.449616
249	14	-2.950000	-0.410000	-5.268000	6.051646
249	16	-2.350000	-2.530000	-5.823100	6.769926
249	24	1.320000	3.220000	-6.124900	7.044516
249	1	-4.750000	-0.740000	-4.853300	6.831151
249	7	0.950000	2.756900	-5.681000	6.385668
249	11	2.110000	-0.890000	-6.690000	7.071089
249	13	0.270000	2.320000	-5.555000	6.026054
249	19	3.950000	-0.730000	-5.770154	7.030653
249	25	-0.510000	-3.700000	-5.665500	6.785867
250	6	-2.470000	-1.695000	-5.668000	6.410940
250	12	4.480000	-0.690000	-4.721000	6.544795
250	14	-2.940000	0.270000	-4.584400	5.452818
250	16	-3.660000	-0.890000	-5.634000	6.777142
250	24	3.270000	2.350000	-5.737000	7.009177
250	1	-1.310000	-3.330000	-6.005500	6.990782
250	7	-0.980000	3.518000	-5.811000	6.863268
250	13	1.090000	2.450000	-6.157700	6.716239
250	19	0.890000	-0.050000	-6.409100	6.470793
250	25	1.120000	-3.610000	-6.284800	7.333840
251	6	-0.380000	-2.997000	-4.731000	5.613267
251	12	3.440000	0.290000	-5.795000	6.745348
251	14	-3.970000	0.290000	-4.785100	6.224322
251	16	-4.100000	1.810000	-5.675300	7.231537
251	24	-0.320000	2.650000	-6.929900	7.426198
251	1	-1.390000	-2.180000	-6.313100	6.822003
251	7	0.920000	4.295000	-6.171000	7.574607
251	13	2.990000	0.830000	-5.963100	6.722169
251	19	3.170000	0.250000	-5.954330	6.750218
251	25	-1.550000	-2.890000	-5.839800	6.697601
252	6	-2.210000	-4.730000	-3.696000	6.396672
252	12	2.320000	1.160000	-6.220500	6.739631
252	16	-3.810000	-1.670000	-5.457000	6.861767
252	24	2.670000	3.370000	-4.235000	6.034983
252	1	-3.850000	-0.820000	-5.179200	6.505306
252	7	-1.040000	2.208000	-6.345000	6.798227
252	19	2.910000	-2.410000	-5.439328	6.622876
252	25	0.510000	-0.960000	-7.120000	7.202507
253	6	0.590000	-2.194000	-6.470000	6.857305
253	12	1.970000	-0.480000	-6.661000	6.962774
253	16	-3.720000	0.220000	-5.591000	6.719083
253	24	1.490000	2.880000	-5.718800	6.574129
253	1	-2.410000	-3.910000	-4.912000	6.724875
253	7	1.880000	4.972500	-4.056600	6.687014
253	19	3.470000	1.140000	-5.450600	6.561215
253	25	-0.110000	-1.520000	-5.956300	6.148171
254	6	-0.040000	-4.023000	-6.302000	7.476719
254	12	3.160000	2.060000	-5.240000	6.456532
254	16	-2.810000	2.760000	-5.118000	6.458144
254	24	2.050000	1.970000	-6.245600	6.862282
254	1	-2.090000	-2.540000	-6.780800	7.536508
254	7	0.470000	3.710100	-5.497000	6.648515
254	19	3.840000	1.940000	-5.611000	7.070539
254	25	-1.040000	-3.360000	-5.983300	6.940539
255	6	-1.710000	-3.326000	-5.947000	7.025182
255	12	2.310000	0.070000	-6.086000	6.510023
255	16	-3.680000	3.780000	-4.373000	6.852294
255	24	-0.170000	2.280000	-6.343200	6.742662
255	1	-3.300000	-2.350000	-4.388500	5.972557
255	7	-1.040000	4.179000	-5.640400	7.096461
255	19	1.190000	0.830000	-6.684000	6.839653
255	25	-2.920000	-3.480000	-4.808500	6.615019
256	6	-1.310000	-2.696000	-5.452000	6.221641
256	12	4.730000	0.060000	-4.962000	6.855505
256	16	-1.040000	3.670000	-4.396000	5.820251
256	24	2.140000	1.030000	-5.807200	6.274079
256	1	-4.010000	-2.390000	-4.905600	6.771788
256	7	0.450000	3.586000	-5.498900	6.580258
256	19	2.850000	1.110000	-6.421000	7.112232
256	25	-1.390000	-4.670000	-5.025700	6.999904
257	6	-1.520000	-2.762000	-5.261000	6.133283
257	12	4.960000	2.140000	-4.394000	6.963364
257	16	0.200000	3.680000	-5.403000	6.540245
257	24	1.420000	2.430000	-5.566400	6.237476
257	1	-2.960000	-0.270000	-5.656100	6.389520
257	7	-0.050000	1.894000	-6.315000	6.593099
257	19	3.060000	-1.800000	-5.505000	6.550468
257	25	-2.510000	-3.990000	-4.805900	6.731781
258	6	-1.550000	-2.363000	-5.391000	6.086801
258	12	5.080000	-0.430000	-4.513000	6.808705
258	16	0.480000	0.550000	-5.600000	5.647380
258	24	2.570000	2.560000	-6.337900	7.302566
258	1	-3.600000	-1.200000	-6.352000	7.399183
258	7	-0.340000	-0.384000	-6.547000	6.567059
258	19	3.100000	-2.910000	-5.188600	6.708179
258	25	-2.830000	-4.130000	-5.555000	7.478223
259	6	-2.690000	-2.498000	-5.133000	6.310610
259	10	-1.120000	-1.260000	-7.084000	7.281831
259	12	4.270000	1.590000	-4.864000	6.664795
259	16	-3.110000	3.030000	-5.577000	7.067951
259	24	0.780000	3.120000	-6.547200	7.294424
259	1	-5.320000	-0.800000	-5.250900	7.517603
259	7	-0.280000	-0.636000	-6.024000	6.063949
259	19	-1.040000	-2.670000	-5.780500	6.451719
259	25	-3.150000	-3.840000	-4.482700	6.690493
259	29	-3.490000	2.070000	-6.479000	7.644766
260	6	-2.840000	0.445000	-5.700000	6.383857
260	10	0.050000	-2.140000	-7.000000	7.319980
260	12	3.330000	-1.070000	-6.190100	7.109932
260	16	-0.050000	5.110000	-4.541000	6.836321
260	24	0.850000	2.240000	-6.480700	6.909383
260	1	-4.480000	-2.660000	-4.733600	7.039387
260	7	-2.920000	2.882000	-5.355400	6.746305
260	19	3.260000	0.960000	-5.288000	6.285869
260	25	-1.810000	-2.130000	-6.462456	7.041047
260	29	-1.620000	-0.270000	-6.989000	7.179375
261	6	1.150000	-3.452000	-5.152000	6.307290
261	10	0.750000	0.420000	-7.368000	7.417973
261	12	2.280000	0.840000	-6.082100	6.549499
261	16	-3.250000	3.030000	-5.090000	6.756589
261	24	1.980000	1.460000	-6.416980	6.872382
261	1	-4.140000	-0.140000	-5.295200	6.722971
261	7	2.160000	1.228000	-5.586000	6.113672
261	19	0.210000	-3.430000	-5.824500	6.762677
261	25	-2.720000	-3.710000	-5.684500	7.312731
261	29	-0.790000	1.070000	-5.635600	5.790422
262	10	0.590000	-0.170000	-6.947000	6.974081
262	12	2.370000	-2.020000	-6.047800	6.802440
262	20	-1.830000	-1.130000	-6.979000	7.302893
262	24	2.670000	3.290000	-5.967500	7.318747
262	1	-2.340000	-3.060000	-5.467380	6.688157
262	17	-0.380000	3.080000	-6.467000	7.173067
262	25	-2.920000	-1.820000	-6.347800	7.220344
262	29	-1.450000	1.250000	-7.092000	7.345847
263	10	2.480000	-0.450000	-6.991000	7.431486
263	12	5.400000	-1.240000	-4.876000	7.380581
263	20	-1.900000	-2.240000	-6.102000	6.772149
263	24	3.720000	1.750000	-5.969000	7.247749
263	1	-0.290000	-1.930000	-5.984500	6.294699
263	17	1.690000	1.230000	-6.890000	7.200076
263	25	-3.250000	-1.580000	-5.534000	6.609391
263	29	1.040000	0.430000	-6.959000	7.049410
264	10	1.080000	-0.190000	-7.376000	7.457069
264	12	3.060000	0.670000	-6.318800	7.052640
264	20	-0.490000	-3.290000	-6.548000	7.344420
264	24	2.970000	2.680000	-5.820700	7.062850
264	1	-5.580000	-0.060000	-3.898000	6.806938
264	17	2.260000	0.100000	-6.641000	7.015731
264	25	-4.650000	-1.380000	-5.530000	7.355800
264	29	-0.440000	-2.680000	-6.830000	7.350163
265	10	0.720000	2.050000	-6.995000	7.324679
265	12	3.260000	0.340000	-5.598600	6.487490
265	20	-1.100000	-2.890000	-6.386000	7.095287
265	24	4.480000	-0.060000	-5.436600	7.044900
265	1	-2.850000	1.500000	-5.646700	6.500594
265	17	1.910000	0.270000	-6.471000	6.752395
265	25	-3.500000	-2.680000	-5.382600	6.957355
265	29	0.380000	-0.820000	-7.350000	7.405356
266	10	-1.590000	0.530000	-6.769000	6.973404
266	12	2.980000	-2.490000	-5.739400	6.929734
266	20	-0.160000	-1.290000	-6.579000	6.706187
266	24	4.130000	2.100000	-5.364560	7.088399
266	1	-4.890000	1.070000	-4.599100	6.797700
266	17	2.180000	2.440000	-5.606000	6.491012
266	25	-4.010000	0.280000	-5.818600	7.072101
266	29	0.230000	-2.360000	-6.063000	6.510182
267	10	-3.590000	-0.020000	-6.670000	7.574787
267	12	4.370000	-1.200000	-5.296000	6.970259
267	24	4.700000	-0.950000	-4.792400	6.779351
267	1	-3.990000	2.040000	-5.222800	6.881812
267	25	-3.860000	-0.810000	-5.628600	6.872906
267	29	3.220000	-1.640000	-6.151000	7.133919
268	10	-4.000000	0.380000	-5.596000	6.889094
268	24	5.960000	-0.170000	-3.501000	6.914297
268	25	-2.100000	0.320000	-6.060000	6.421526
268	29	2.010000	-1.530000	-6.667000	7.129508
269	10	-1.110000	1.190000	-6.709000	6.903541
269	24	5.990000	0.060000	-2.913000	6.661026
269	25	-1.420000	0.970000	-6.802000	7.016018
269	29	1.640000	-2.200000	-6.396000	6.959771
270	10	-0.300000	0.820000	-6.877000	6.932210
270	24	4.560000	2.150000	-5.080200	7.157132
270	25	-3.900000	1.980000	-5.403400	6.951772
270	29	0.390000	-4.080000	-5.773000	7.079974
271	10	-0.720000	1.880000	-7.151000	7.428970
271	24	2.600000	2.050000	-6.308000	7.124140
271	25	-5.840000	2.370000	-3.996000	7.462608
271	29	1.290000	0.220000	-6.096000	6.234879
272	10	-2.680000	1.320000	-5.693000	6.429234
272	24	3.250000	-2.080000	-6.134200	7.246883
272	26	-0.620000	-0.560000	-5.987500	6.045507
272	1	-3.970000	0.790000	-5.190600	6.582350
272	25	-5.030000	-2.250000	-3.931000	6.768764
272	29	1.170000	0.820000	-7.037000	7.180576
273	10	-1.840000	0.630000	-6.489000	6.774188
273	26	2.380000	-1.730000	-4.877000	5.695826
273	1	-0.880000	-0.050000	-6.209600	6.271844
273	29	1.610000	0.230000	-7.293000	7.472138
274	10	-2.300000	2.570000	-6.480000	7.340661
274	26	-0.430000	1.120000	-6.371600	6.483563
274	1	-3.660000	2.100000	-4.696000	6.313321
274	29	0.860000	0.700000	-6.994000	7.081358
275	10	-0.550000	1.360000	-6.900000	7.054226
275	22	-2.590000	2.170000	-5.281700	6.270036
275	26	2.160000	2.260000	-5.772900	6.565027
275	1	-3.640000	1.340000	-4.901800	6.250827
275	3	1.840000	-3.930000	-5.583000	7.071095
275	29	1.220000	-1.670000	-6.390000	6.716353
276	6	-2.780000	-2.163000	-5.801300	6.786903
276	10	-1.860000	0.780000	-6.697000	6.994127
276	22	-1.530000	3.080000	-6.182000	7.074208
276	26	3.600000	-0.370000	-5.750500	6.794494
276	1	-4.370000	1.290000	-4.838100	6.645917
276	3	3.240000	-4.780000	-3.612000	6.811207
276	7	4.770000	1.635000	-4.705400	6.896877
276	29	0.450000	-0.440000	-6.735000	6.764342
277	6	-4.070000	-0.944000	-5.473000	6.885475
277	16	3.430000	2.470000	-4.918000	6.484792
277	22	-2.420000	4.110000	-5.268000	7.106358
277	26	0.160000	-0.360000	-6.312900	6.325180
277	1	-4.360000	-0.050000	-5.331200	6.887220
277	3	0.950000	-5.230000	-4.916600	7.240743
277	7	0.380000	4.089000	-6.011000	7.279866
277	19	1.380000	-2.170000	-5.853000	6.393036
278	6	-3.920000	-0.310000	-5.890000	7.081991
278	16	0.810000	5.270000	-4.736000	7.131528
278	22	0.460000	3.420000	-5.579600	6.560483
278	26	1.610000	-0.040000	-6.559300	6.754118
278	1	-2.850000	2.460000	-5.217900	6.434328
278	3	1.780000	-4.440000	-4.919000	6.861382
278	7	3.070000	4.051000	-4.702500	6.924522
278	19	-2.120000	-1.650000	-6.394500	6.935887
279	6	-1.330000	-2.995000	-5.599000	6.487505
279	16	1.930000	3.730000	-5.354000	6.804639
279	22	0.080000	-0.700000	-5.785000	5.827746
279	26	2.050000	-2.750000	-5.643700	6.604268
279	1	-2.300000	-1.840000	-5.576400	6.306492
279	3	0.090000	-5.580000	-3.259000	6.462630
279	7	3.970000	3.853000	-4.745400	7.288713
279	19	-1.330000	-4.230000	-5.359300	6.955853
280	6	-2.050000	-4.139000	-4.908000	6.739606
280	10	-1.050000	-1.490000	-6.142000	6.406775
280	16	0.800000	3.970000	-5.981000	7.223106
280	22	0.480000	1.800000	-6.517000	6.778030
280	26	2.170000	0.780000	-6.637000	7.026170
280	1	-3.460000	0.920000	-5.929570	6.926601
280	3	1.580000	-4.670000	-3.842000	6.250301
280	7	0.610000	1.642000	-6.685000	6.910679
280	19	-1.590000	-4.020000	-5.906000	7.319108
280	29	1.280000	-1.080000	-6.452000	6.665816
281	6	-1.500000	-2.773000	-6.149000	6.910118
281	10	-1.740000	-0.050000	-6.940000	7.154977
281	16	3.040000	4.170000	-4.735000	7.003622
281	22	0.470000	3.400000	-5.198900	6.229724
281	26	3.790000	1.190000	-6.098000	7.277761
281	1	-0.840000	-1.330000	-6.450000	6.639051
281	3	-0.310000	-1.210000	-6.040400	6.168195
281	7	1.840000	2.585000	-5.656500	6.485662
281	19	-0.870000	-3.490000	-6.284000	7.240556
281	29	2.460000	1.850000	-6.228000	6.947092
282	6	-1.740000	-2.870000	-5.394000	6.352931
282	10	-0.780000	-3.200000	-6.052000	6.890218
282	16	1.370000	1.560000	-7.153000	7.448215
282	22	-0.220000	2.370000	-6.017300	6.470950
282	26	0.960000	-0.140000	-6.689980	6.759958
282	1	-4.740000	-1.120000	-4.913800	6.918629
282	3	-0.050000	-2.870000	-5.715600	6.395896
282	7	2.050000	3.519000	-5.806000	7.091932
282	19	-2.080000	-3.310000	-4.888400	6.259309
282	29	3.620000	-1.210000	-5.658000	6.825061
283	6	-1.670000	-3.716000	-5.363000	6.734933
283	10	-4.290000	-2.100000	-5.036000	6.940850
283	16	-1.030000	3.720000	-5.342000	6.590619
283	26	2.680000	0.400000	-7.034700	7.538528
283	1	-3.480000	-0.650000	-5.428000	6.480439
283	7	3.860000	1.438000	-5.565400	6.923953
283	19	-4.210000	-2.130000	-5.488000	7.237344
283	29	1.040000	1.700000	-6.380000	6.684011
284	6	-0.490000	-0.901000	-6.895600	6.971456
284	10	-4.060000	-2.080000	-5.421000	7.085001
284	16	0.730000	1.100000	-5.374000	5.533785
284	26	3.910000	2.130000	-5.710900	7.241504
284	1	-1.950000	1.170000	-6.287600	6.686203
284	7	1.860000	3.524000	-5.660200	6.922141
284	19	-3.130000	-3.260000	-5.161000	6.860060
284	29	2.690000	1.870000	-6.245000	7.052165
285	6	-3.050000	-3.497000	-4.974000	6.802366
285	10	-3.270000	-3.600000	-5.084000	7.035621
285	16	1.920000	2.100000	-5.648000	6.324263
285	26	4.110000	1.280000	-5.751000	7.183627
285	1	-4.150000	-0.810000	-5.655300	7.061233
285	7	2.710000	0.238000	-6.825000	7.347201
285	19	-0.890000	-0.760000	-6.326000	6.433349
285	29	2.050000	1.560000	-6.198000	6.712027
286	4	2.460000	-0.560000	-6.399000	6.878401
286	6	-2.910000	-0.441000	-6.334000	6.984421
286	10	-3.980000	-3.640000	-4.147000	6.803500
286	12	0.430000	-3.140000	-4.624210	5.606052
286	16	1.030000	-0.420000	-6.534000	6.628005
286	26	4.510000	-1.150000	-5.197000	6.976490
286	1	-2.130000	-0.680000	-7.021000	7.368429
286	7	3.390000	2.710000	-5.924300	7.343945
286	11	-3.900000	1.180000	-5.874000	7.148865
286	19	0.050000	-3.010000	-5.047700	5.877234
286	25	-4.130000	2.500000	-4.521500	6.614443
286	29	0.050000	0.890000	-6.785000	6.843305
287	4	3.200000	-2.980000	-5.683000	7.170557
287	6	-3.100000	-2.750000	-5.869000	7.184543
287	10	-2.330000	-3.080000	-5.680000	6.868602
287	12	4.360000	-2.950000	-4.918900	7.204698
287	16	1.050000	1.480000	-6.728000	6.968420
287	22	-1.180000	2.160000	-6.574000	7.019649
287	26	4.420000	-0.670000	-5.995800	7.478965
287	1	-0.580000	-2.200000	-6.278640	6.678152
287	7	1.270000	1.033000	-6.547000	6.748570
287	11	-2.390000	-0.200000	-6.823000	7.232249
287	19	-0.730000	-1.710000	-6.968500	7.212281
287	25	-2.550000	3.370000	-5.506000	6.940853
287	27	1.760000	-2.110000	-6.408800	6.972978
287	29	1.370000	0.730000	-6.114000	6.307995
288	4	1.290000	-1.990000	-5.512000	6.000529
288	6	-2.270000	-2.517000	-5.694000	6.626449
288	10	-3.220000	-3.120000	-5.385000	7.007212
288	12	3.890000	-2.550000	-5.487477	7.193539
288	16	2.780000	0.440000	-6.650000	7.221115
288	22	-1.200000	3.890000	-6.119100	7.349523
288	26	0.540000	2.670000	-6.407400	6.962419
288	1	-3.390000	0.640000	-5.794400	6.743647
288	7	3.640000	2.921000	-5.980000	7.585660
288	11	-3.610000	0.390000	-6.401000	7.359144
288	19	1.200000	-2.070000	-6.753820	7.165123
288	25	-3.530000	2.890000	-5.185300	6.906543
288	27	0.810000	0.930000	-6.796600	6.907588
288	29	0.100000	1.100000	-7.009000	7.095497
289	4	3.030000	-0.780000	-6.462000	7.179606
289	10	-3.650000	-3.990000	-4.707000	7.169271
289	12	2.780000	-3.300000	-5.747700	7.187103
289	16	-1.630000	-2.050000	-6.259000	6.784871
289	22	-3.600000	1.890000	-5.329000	6.703010
289	26	2.370000	-0.750000	-5.763000	6.276270
289	1	-0.390000	-0.800000	-6.426400	6.487736
289	11	-1.300000	3.300000	-6.149000	7.098606
289	19	-0.450000	-1.590000	-6.852300	7.048731
289	25	-2.240000	2.050000	-5.736900	6.490926
289	27	-2.730000	-0.230000	-6.537000	7.087889
289	29	-0.190000	1.010000	-6.641000	6.720051
290	4	2.400000	-3.390000	-5.336000	6.762026
290	10	-1.020000	-3.410000	-5.254000	6.346102
290	12	2.740000	-2.700000	-5.639800	6.826781
290	16	-0.490000	-0.300000	-6.959000	6.982677
290	22	-0.730000	0.820000	-6.706400	6.795668
290	26	2.190000	2.110000	-5.629000	6.397956
290	1	-0.240000	-0.690000	-6.030600	6.074688
290	11	-2.200000	2.060000	-6.058000	6.766311
290	19	-1.780000	-1.540000	-6.832490	7.226543
290	25	-2.760000	2.540000	-5.260300	6.460647
290	27	2.810000	-0.530000	-5.691000	6.369025
290	29	3.330000	1.130000	-5.549000	6.569414
291	4	-1.360000	-3.620000	-5.585000	6.793101
291	10	-2.320000	-4.410000	-4.728000	6.869096
291	12	2.860000	-3.950000	-4.876000	6.896193
291	16	0.860000	-1.540000	-6.382000	6.621263
291	22	-3.200000	2.510000	-5.318000	6.694865
291	26	1.910000	0.930000	-5.440000	5.840086
291	1	-0.490000	1.670000	-6.248300	6.486159
291	11	-2.960000	1.850000	-6.360000	7.254909
291	19	-0.360000	-1.980000	-7.242440	7.516844
291	25	-1.400000	1.350000	-6.544000	6.826891
291	27	0.120000	-1.100000	-7.146500	7.231657
291	29	1.930000	-0.370000	-6.354000	6.650949
292	4	0.990000	-2.400000	-6.811000	7.289021
292	10	-4.530000	-1.710000	-4.831000	6.839851
292	12	1.920000	-3.180000	-6.154000	7.188221
292	16	1.870000	0.260000	-6.703000	6.963814
292	22	-1.920000	1.740000	-6.865100	7.337820
292	26	-0.110000	0.020000	-6.308800	6.309791
292	1	-3.260000	-0.500000	-5.307000	6.248348
292	11	-1.640000	2.540000	-6.307000	6.994244
292	19	1.600000	0.290000	-6.912390	7.101073
292	25	-1.720000	-1.300000	-6.664100	7.004187
292	27	1.840000	-1.530000	-6.700000	7.114527
292	29	0.650000	2.600000	-6.049000	6.616109
293	4	2.110000	-2.830000	-6.144000	7.085883
293	10	-1.480000	-2.670000	-5.785000	6.541065
293	12	2.270000	-1.330000	-6.613800	7.117875
293	16	2.310000	-2.950000	-5.722000	6.839582
293	22	-3.290000	1.930000	-6.376080	7.429899
293	26	0.620000	-2.420000	-6.586100	7.043970
293	1	0.740000	-2.490000	-6.474200	6.975885
293	11	0.970000	2.460000	-6.081000	6.631068
293	19	-0.150000	-1.120000	-6.562000	6.658584
293	25	-2.300000	-1.440000	-6.217500	6.783871
293	27	0.710000	0.560000	-6.870800	6.930050
293	29	0.940000	0.340000	-5.937000	6.020562
294	4	2.140000	-2.590000	-5.898000	6.787791
294	10	-3.270000	-3.380000	-4.309000	6.378462
294	12	2.760000	1.480000	-6.036000	6.800095
294	16	1.490000	-0.330000	-6.740000	6.910615
294	22	-1.810000	1.230000	-6.430120	6.792308
294	26	-0.490000	-0.680000	-6.907000	6.957668
294	1	0.030000	-2.650000	-6.131000	6.679264
294	11	0.940000	2.040000	-6.327600	6.714441
294	19	0.310000	2.910000	-6.102800	6.768188
294	25	-3.110000	0.080000	-5.875700	6.648485
294	27	-0.780000	-3.500000	-6.370000	7.309945
294	29	-0.780000	0.430000	-6.699000	6.757951
295	4	-2.680000	-3.190000	-5.432000	6.845811
295	10	0.370000	-0.110000	-5.717000	5.730016
295	12	3.510000	0.480000	-5.727000	6.734169
295	16	3.220000	-3.410000	-4.302000	6.364252
295	22	-0.500000	1.630000	-6.913800	7.120922
295	26	0.280000	-0.930000	-7.053600	7.120153
295	1	2.100000	-0.440000	-5.766000	6.152264
295	11	-1.520000	1.620000	-6.457000	6.828444
295	19	-0.260000	0.760000	-7.307000	7.351017
295	25	-1.230000	1.300000	-6.159900	6.414614
295	27	0.410000	-0.160000	-7.161600	7.175111
295	29	2.420000	2.870000	-5.784000	6.895503
296	4	-2.970000	0.350000	-6.247000	6.925923
296	10	-2.380000	-3.210000	-5.675000	6.940758
296	12	2.020000	1.520000	-6.747000	7.205054
296	16	0.190000	-3.510000	-6.248500	7.169376
296	22	-0.590000	0.190000	-6.948600	6.976191
296	26	-2.660000	1.310000	-5.888000	6.592438
296	1	0.720000	2.090000	-6.446300	6.814784
296	11	-1.390000	4.740000	-5.630900	7.490443
296	19	-1.260000	2.200000	-6.256351	6.750521
296	25	-3.620000	0.430000	-6.103200	7.109033
296	27	0.940000	-2.160000	-6.638600	7.044161
296	29	-0.480000	1.560000	-6.158000	6.370633
297	4	2.110000	-3.120000	-5.394000	6.578886
297	10	-0.110000	-2.220000	-6.290000	6.671177
297	12	3.240000	0.380000	-5.962000	6.796134
297	16	0.840000	-2.470000	-5.823000	6.380739
297	22	2.460000	-0.160000	-6.815000	7.247167
297	26	-1.410000	0.370000	-6.723000	6.879224
297	1	3.280000	-2.160000	-5.675030	6.901447
297	11	-0.240000	2.910000	-6.526000	7.149432
297	19	-1.710000	2.830000	-5.746400	6.629790
297	25	-0.980000	-1.390000	-6.556500	6.773492
297	27	2.400000	-2.240000	-5.949700	6.795331
297	29	-0.280000	1.920000	-6.473000	6.757553
298	4	2.960000	-3.350000	-5.344000	6.967240
298	10	-1.270000	-2.960000	-5.269000	6.175505
298	12	1.530000	2.120000	-6.527200	7.031333
298	16	2.360000	-2.880000	-6.227200	7.255482
298	22	0.200000	-1.250000	-7.053200	7.165901
298	26	-0.770000	1.100000	-6.738600	6.871072
298	1	2.970000	-2.930000	-5.489320	6.894812
298	11	-0.250000	3.320000	-6.774000	7.547978
298	19	-0.170000	1.670000	-5.964000	6.195732
298	25	-3.590000	-1.200000	-6.336200	7.380754
298	27	-0.170000	-3.690000	-5.817800	6.891429
298	29	-1.050000	0.130000	-6.784000	6.866007
299	4	-1.270000	-2.290000	-5.997000	6.543776
299	10	0.780000	1.450000	-5.977000	6.199631
299	12	1.790000	2.750000	-6.313000	7.114813
299	16	-1.480000	-2.410000	-6.674800	7.249238
299	22	0.980000	-0.370000	-7.002500	7.080417
299	26	-1.380000	2.760000	-6.294000	7.009739
299	1	0.060000	-2.490000	-6.416100	6.882590
299	11	-1.910000	3.840000	-5.840300	7.245882
299	19	-0.940000	3.160000	-6.240400	7.057747
299	25	-0.600000	-0.980000	-6.666400	6.764709
299	27	0.260000	-1.230000	-6.352800	6.475999
299	29	0.110000	2.770000	-6.471000	7.039804
300	4	-0.670000	-3.720000	-5.621000	6.773695
300	10	2.450000	-2.390000	-5.884000	6.807059
300	12	2.290000	1.700000	-6.123000	6.754645
300	22	1.850000	-1.100000	-6.749000	7.083890
300	26	-0.140000	3.390000	-6.040000	6.927720
300	1	2.420000	0.070000	-6.248700	6.701310
300	11	-0.060000	2.320000	-6.312000	6.725128
300	25	-0.880000	-1.110000	-6.545700	6.697215
300	27	1.730000	-2.690000	-6.600700	7.334728
300	29	3.500000	-0.370000	-5.287000	6.351320
301	4	-0.310000	-2.130000	-6.482500	6.830506
301	10	3.720000	-3.100000	-5.165000	7.079945
301	12	2.720000	1.670000	-6.299000	7.061494
301	22	2.570000	-1.080000	-6.044000	6.655917
301	26	-0.040000	0.910000	-7.115000	7.173069
301	1	3.640000	-2.850000	-4.742700	6.623089
301	11	2.580000	4.200000	-4.821050	6.894848
301	25	-0.600000	-0.840000	-7.021000	7.096481
301	27	0.640000	-1.100000	-6.901000	7.017364
301	29	2.510000	-3.010000	-5.568000	6.809025
302	4	-3.530000	-2.730000	-5.418000	7.019154
302	10	-2.850000	-2.300000	-5.562000	6.659455
302	12	-0.010000	1.700000	-7.157000	7.356137
302	22	-2.920000	-0.520000	-5.830000	6.541078
302	26	-2.030000	-0.490000	-5.985000	6.338866
302	1	-0.670000	-2.870000	-6.167000	6.835034
302	11	0.180000	2.590000	-6.068000	6.600085
302	25	-1.850000	-2.890000	-6.274400	7.151412
302	27	-3.950000	-0.990000	-5.943300	7.204541
302	29	-2.390000	-1.400000	-5.522000	6.177749
303	4	-1.920000	-3.010000	-5.626600	6.663717
303	10	-4.550000	0.460000	-5.199000	6.924139
303	12	1.560000	2.160000	-6.233000	6.778605
303	22	-0.150000	-1.590000	-6.898000	7.080466
303	26	-3.040000	0.950000	-6.148000	6.924016
303	1	0.290000	-0.310000	-6.869000	6.882104
303	11	1.350000	2.170000	-5.655300	6.205950
303	25	-1.320000	-1.740000	-6.625000	6.975717
303	27	0.150000	-0.310000	-6.786800	6.795532
303	29	-1.800000	0.960000	-6.656000	6.961604
304	4	0.130000	-4.040000	-5.145000	6.542899
304	10	-1.140000	-2.100000	-5.938000	6.400738
304	12	2.300000	1.540000	-6.294000	6.875757
304	22	0.690000	-1.260000	-6.519000	6.675407
304	26	-2.170000	-1.400000	-6.050000	6.578100
304	1	-0.130000	-1.960000	-6.705000	6.986811
304	11	0.720000	3.670000	-5.471000	6.627152
304	25	-0.450000	-2.750000	-6.448570	7.024888
304	27	1.000000	-0.390000	-6.727000	6.812094
304	29	-1.120000	-0.660000	-6.002800	6.141955
305	4	-2.340000	0.440000	-6.438400	6.864561
305	12	2.810000	0.110000	-5.966000	6.595556
305	22	3.540000	-0.710000	-4.528000	5.791242
305	26	-1.280000	-0.780000	-6.327000	6.502133
305	1	2.010000	-0.720000	-6.484000	6.826475
305	11	-1.950000	4.810000	-4.275000	6.724152
305	25	-1.580000	-4.350000	-5.482400	7.174650
305	27	2.100000	-1.570000	-7.108000	7.576184
306	4	-0.060000	-2.420000	-6.367000	6.811658
306	12	1.190000	1.870000	-6.914900	7.261463
306	26	-1.980000	-3.210000	-5.749000	6.875718
306	1	-0.260000	-2.090000	-6.649000	6.974590
306	11	0.040000	2.380000	-6.307800	6.741983
306	25	-4.220000	-1.590000	-4.596000	6.438922
307	4	0.550000	0.160000	-6.978000	7.001470
307	12	1.470000	2.550000	-5.893100	6.587263
307	26	-0.220000	-0.030000	-7.237600	7.241005
307	1	0.220000	2.660000	-5.602570	6.205867
307	11	-1.070000	3.400000	-5.598800	6.637127
307	25	-3.890000	-1.240000	-5.262800	6.660838
308	4	1.660000	-3.890000	-5.541000	6.970680
308	12	1.910000	3.370000	-5.096000	6.401111
308	26	0.270000	1.260000	-6.810000	6.930844
308	1	0.850000	4.520000	-5.582300	7.232909
308	11	1.750000	0.850000	-6.812000	7.084373
308	25	-1.290000	-0.970000	-6.361700	6.563248
309	4	-1.740000	-3.190000	-5.406000	6.513719
309	12	2.720000	2.270000	-6.072000	7.029970
309	26	2.790000	-2.880000	-5.838000	7.082425
309	1	1.050000	1.350000	-6.561000	6.780245
309	11	-0.920000	2.920000	-6.330000	7.031479
309	25	-1.530000	-2.630000	-5.624000	6.394308
310	4	0.340000	-4.220000	-5.457800	6.907357
310	10	2.970000	0.030000	-6.329800	6.992007
310	12	2.690000	2.340000	-5.831500	6.835063
310	26	0.400000	-2.390000	-6.800000	7.218871
310	1	-1.090000	3.650000	-5.812000	6.949097
310	11	2.400000	2.290000	-5.658200	6.558912
310	25	-1.130000	-4.090000	-5.420600	6.883887
310	29	-2.040000	4.210000	-5.228600	7.015979
311	4	-0.840000	-3.460000	-5.555000	6.598123
311	10	1.060000	-2.980000	-6.366000	7.108443
311	12	1.800000	2.410000	-5.550000	6.312733
311	26	1.740000	-2.470000	-5.308000	6.107648
311	1	1.380000	1.270000	-6.184000	6.462132
311	11	0.790000	3.570000	-6.265000	7.253911
311	25	-1.520000	-3.020000	-5.886300	6.788176
311	29	-1.430000	2.210000	-6.728000	7.224610
312	4	-0.700000	-3.180000	-6.201000	7.003913
312	10	0.280000	-4.460000	-5.606000	7.169187
312	12	3.380000	1.000000	-5.839000	6.820434
312	26	-1.780000	-2.700000	-5.438000	6.326946
312	1	0.110000	-0.020000	-6.416000	6.416974
312	11	-1.370000	3.200000	-5.808300	6.771503
312	25	-1.270000	-4.000000	-5.864900	7.211793
312	29	-1.580000	1.840000	-6.729000	7.152723
313	4	1.180000	-2.160000	-6.963600	7.385779
313	10	-1.170000	-3.660000	-5.743000	6.909888
313	12	4.340000	2.560000	-5.553000	7.498334
313	26	0.200000	-4.100000	-4.582000	6.151807
313	1	1.460000	-0.870000	-6.624000	6.838558
313	11	4.180000	2.600000	-4.650100	6.771693
313	25	-2.070000	-1.000000	-6.734000	7.115592
313	29	-2.160000	1.720000	-5.979000	6.585776
314	4	-0.820000	-3.240000	-5.315000	6.278473
314	10	3.780000	-2.890000	-5.370000	7.174775
314	12	3.110000	0.760000	-6.172000	6.952933
314	26	-0.460000	-3.780000	-5.601000	6.772828
314	1	3.110000	-0.320000	-5.555000	6.374365
314	11	2.750000	2.570000	-5.969000	7.056654
314	25	0.410000	-2.560000	-6.166000	6.688890
314	29	0.900000	2.540000	-6.158000	6.721798
315	4	-1.360000	-4.140000	-5.982000	7.400914
315	10	2.690000	-0.540000	-6.268000	6.842187
315	12	0.400000	3.000000	-6.196000	6.895681
315	26	-1.090000	-2.900000	-5.435000	6.255983
315	1	2.350000	0.780000	-5.630700	6.151072
315	11	0.030000	2.440000	-6.641000	7.075124
315	25	-1.080000	-2.930000	-6.164400	6.910219
315	29	0.520000	4.110000	-5.606300	6.970875
316	4	-1.240000	-3.130000	-6.224000	7.076205
316	10	2.090000	-1.380000	-6.517000	6.981675
316	12	-2.490000	1.930000	-5.651000	6.469838
316	26	-3.670000	-0.600000	-5.236900	6.422929
316	1	-2.560000	3.630000	-4.017010	5.988896
316	11	2.200000	4.070000	-5.062800	6.858341
316	25	0.410000	-4.360000	-5.450000	6.991438
316	29	1.940000	0.710000	-6.648000	6.961581
317	4	-2.780000	-1.840000	-5.655000	6.564528
317	10	0.230000	1.530000	-6.901000	7.072312
317	12	2.410000	1.620000	-5.767000	6.456840
317	26	-1.060000	-1.080000	-5.763800	5.959143
317	1	1.860000	3.560000	-4.787300	6.249115
317	11	1.200000	2.780000	-6.244400	6.939808
317	25	2.460000	-3.700000	-4.893500	6.609685
317	29	-1.910000	1.840000	-6.284600	6.821283
318	4	-2.400000	-0.950000	-6.847000	7.317370
318	10	-1.760000	-1.490000	-6.040000	6.465238
318	12	-2.200000	2.370000	-6.406000	7.175914
318	26	1.270000	-4.730000	-5.078000	7.054919
318	1	2.150000	2.810000	-5.959300	6.930502
318	11	2.530000	1.570000	-6.564100	7.207857
318	25	-0.360000	-3.350000	-5.764000	6.676511
318	29	-2.550000	0.560000	-6.863000	7.342811
319	4	-3.610000	-3.500000	-4.382000	6.669634
319	10	-0.660000	0.370000	-6.967000	7.007966
319	12	-0.970000	2.230000	-5.668000	6.167660
319	26	0.180000	-5.050000	-4.426000	6.717468
319	1	2.240000	4.060000	-5.059600	6.862999
319	11	-0.890000	0.500000	-6.891000	6.966203
319	25	1.530000	-0.730000	-6.549000	6.764850
319	29	0.610000	2.160000	-6.497000	6.873770
320	4	-1.030000	-1.090000	-6.570000	6.738984
320	10	1.090000	-1.060000	-6.677000	6.847922
320	12	1.160000	0.570000	-6.766000	6.888342
320	26	-0.310000	-5.370000	-3.930000	6.661674
320	1	1.890000	1.640000	-5.949000	6.453859
320	11	1.960000	3.510000	-5.802700	7.059251
320	25	1.620000	-2.280000	-6.591600	7.160446
320	29	1.260000	-1.900000	-6.673000	7.051704
321	4	-3.670000	-1.220000	-5.880000	7.037876
321	10	1.700000	-1.570000	-6.461000	6.862902
321	12	-0.390000	0.180000	-6.731000	6.744691
321	11	-1.620000	0.220000	-6.448200	6.652224
321	25	1.590000	-3.360000	-5.896700	6.970565
321	29	0.480000	1.260000	-6.784000	6.916694
322	4	-0.830000	1.790000	-6.794300	7.074992
322	10	0.140000	-0.220000	-6.901000	6.905925
322	12	-0.920000	2.530000	-6.453000	6.992032
322	11	2.230000	3.220000	-5.740200	6.949187
322	25	1.490000	-2.100000	-6.717000	7.193621
322	29	-1.880000	2.140000	-6.714000	7.293271
323	4	-0.610000	2.440000	-6.558000	7.023750
323	10	1.460000	0.580000	-6.870000	7.047333
323	12	-3.490000	2.170000	-5.718000	7.041628
323	26	3.040000	-5.060000	-2.591000	6.446587
323	11	3.690000	0.820000	-5.200100	6.428805
323	25	-1.190000	-1.350000	-6.388000	6.636652
323	27	0.930000	2.490000	-6.896000	7.390522
323	29	-1.010000	2.640000	-6.333600	6.935718
324	10	2.500000	0.970000	-6.498000	7.029574
324	12	-0.340000	1.130000	-6.590000	6.694819
324	26	0.210000	-4.250000	-5.299700	6.796574
324	25	0.380000	-3.570000	-5.892900	6.900404
324	27	-1.990000	2.680000	-5.564330	6.488780
324	29	-0.950000	2.740000	-6.881000	7.467145
325	10	1.140000	0.070000	-6.655000	6.752298
325	26	2.770000	-3.290000	-5.374300	6.883320
325	27	0.310000	3.630000	-5.505500	6.601782
325	29	-1.310000	1.120000	-6.727000	6.944280
326	10	-1.310000	0.210000	-7.303000	7.422534
326	12	-0.060000	2.110000	-6.540000	6.872212
326	26	-1.160000	-0.650000	-5.920000	6.067495
326	25	-0.010000	1.310000	-7.697000	7.807689
326	27	-1.980000	4.960000	-4.166000	6.773297
326	29	-2.590000	0.920000	-6.479000	7.037893
327	10	1.010000	0.820000	-7.051000	7.170014
327	12	-0.030000	2.980000	-6.671000	7.306404
327	25	0.270000	1.750000	-6.740000	6.968716
327	29	0.240000	1.640000	-7.248000	7.435099
328	10	0.240000	-0.470000	-7.305000	7.324037
328	12	-1.550000	2.190000	-6.831000	7.339016
328	22	1.480000	0.420000	-6.751000	6.924074
328	1	-0.980000	1.950000	-6.703000	7.049334
328	25	1.560000	-0.590000	-6.633600	6.840055
328	29	1.120000	-0.390000	-6.622600	6.727951
329	10	-0.660000	-1.720000	-6.840000	7.083756
329	12	-0.500000	1.160000	-6.519000	6.640253
329	22	3.900000	-1.290000	-5.871000	7.165385
329	1	0.990000	1.610000	-6.316200	6.592919
329	25	2.150000	-1.160000	-6.661400	7.095234
329	29	-0.710000	-0.760000	-7.186000	7.260874
330	10	-1.200000	0.660000	-6.410000	6.554670
330	12	-1.480000	-0.540000	-7.046000	7.219980
330	22	2.510000	-2.610000	-5.969000	6.981487
330	1	-1.130000	2.620000	-6.504600	7.102895
330	25	2.350000	-1.900000	-6.438000	7.111986
330	29	0.070000	2.430000	-6.311900	6.763866
331	10	-0.350000	-2.670000	-6.362000	6.908433
331	12	-0.880000	3.490000	-6.295000	7.251312
331	22	2.930000	-0.710000	-6.292000	6.976981
331	1	-0.970000	3.340000	-6.394100	7.278806
331	25	2.540000	0.950000	-6.372000	6.925062
331	29	-0.150000	-0.620000	-7.226000	7.254101
332	10	-0.060000	-3.080000	-6.473000	7.168663
332	12	-1.130000	0.300000	-7.245000	7.338728
332	22	1.750000	-3.590000	-6.033000	7.235170
332	1	-1.310000	0.640000	-6.641700	6.799844
332	25	0.620000	-0.600000	-7.210000	7.261439
332	29	0.390000	0.930000	-6.683900	6.759550
333	10	-1.820000	-3.480000	-6.022000	7.189387
333	12	-1.790000	-0.930000	-6.837000	7.128364
333	22	2.080000	-2.950000	-6.121000	7.106021
333	1	-1.190000	2.570000	-6.376700	6.977342
333	25	-0.970000	-0.670000	-6.839000	6.939865
333	29	-1.860000	-1.170000	-6.197100	6.575146
334	10	-0.510000	-2.140000	-6.008000	6.398106
334	12	-0.780000	0.840000	-6.968000	7.061659
334	22	1.850000	-0.510000	-6.534000	6.809975
334	1	-0.860000	1.650000	-6.345700	6.612867
334	25	1.140000	0.240000	-7.117900	7.212607
334	29	0.040000	1.250000	-6.821000	6.934706
335	10	0.690000	-2.270000	-6.405000	6.830302
335	12	0.040000	-0.100000	-6.882000	6.882843
335	22	1.310000	0.070000	-6.457000	6.588919
335	1	-0.530000	0.780000	-7.119000	7.181188
335	25	0.060000	-0.590000	-6.767300	6.793236
335	29	-0.060000	1.840000	-6.626200	6.877189
336	10	0.310000	-1.900000	-6.528800	6.806712
336	12	-0.530000	0.860000	-7.009000	7.081425
336	22	1.800000	-1.080000	-6.574000	6.901005
336	1	0.540000	0.580000	-6.794800	6.840856
336	25	-1.450000	0.610000	-6.453500	6.642459
336	29	-0.320000	-0.220000	-6.792000	6.803092
337	12	-0.490000	-0.430000	-6.400000	6.433117
337	22	-1.030000	-1.410000	-6.215000	6.455635
337	1	-1.680000	-1.320000	-6.031200	6.398451
337	25	-1.090000	-1.110000	-6.504000	6.687467
338	12	1.010000	0.350000	-6.950000	7.031721
338	22	-0.610000	-0.080000	-6.338000	6.367790
338	1	-1.020000	-1.440000	-6.287600	6.530537
338	25	1.370000	-2.760000	-6.633000	7.313767
339	10	1.060000	3.300000	-4.894000	5.997069
339	12	-0.080000	3.590000	-6.533000	7.454837
339	22	0.640000	0.340000	-6.140000	6.182621
339	1	0.890000	-0.740000	-7.127000	7.220376
339	11	2.050000	-2.190000	-6.715300	7.354852
339	25	0.340000	-1.050000	-7.017000	7.103266
340	10	0.490000	2.530000	-6.102000	6.623851
340	12	1.160000	3.170000	-5.811000	6.720284
340	22	-0.210000	-0.170000	-7.016000	7.021200
340	1	2.020000	-2.810000	-5.759600	6.719337
340	11	-0.460000	-1.730000	-6.298500	6.547946
340	25	1.140000	-0.040000	-6.226000	6.329635
341	10	0.680000	2.100000	-6.135000	6.520017
341	12	0.200000	2.620000	-6.512000	7.022147
341	11	1.360000	-1.500000	-6.566400	6.871478
341	25	-1.950000	-1.320000	-6.276000	6.703214
342	10	0.710000	2.590000	-6.492000	7.025544
342	12	0.740000	1.940000	-7.097000	7.394499
342	11	2.020000	-1.490000	-6.219000	6.706449
342	25	-3.380000	-2.050000	-5.832000	7.045504
343	10	-0.390000	0.630000	-7.202000	7.240014
343	12	3.050000	-1.500000	-6.292000	7.151347
343	11	2.930000	-2.090000	-6.748800	7.648484
343	25	-1.310000	-3.300000	-6.527000	7.430197
344	10	-0.960000	0.860000	-6.500000	6.626553
344	22	3.850000	2.030000	-5.200000	6.781106
344	11	1.500000	-2.010000	-6.287000	6.768786
344	13	0.200000	-1.610000	-6.813000	7.003504
345	10	0.920000	-0.460000	-6.348500	6.431287
345	22	2.960000	-1.600000	-6.027000	6.902632
345	11	2.320000	-1.630000	-5.675600	6.344426
345	13	-0.990000	-3.530000	-5.579900	6.676547
346	10	-0.560000	2.110000	-6.740000	7.084723
346	22	4.000000	0.000000	-4.600000	6.095900
346	11	1.680000	-0.920000	-6.550200	6.824509
346	13	0.750000	-2.800000	-6.485000	7.103360
347	10	-0.950000	2.940000	-6.320000	7.034806
347	22	1.970000	-0.050000	-6.514000	6.805556
347	11	1.570000	-0.530000	-6.284900	6.499674
347	13	-1.410000	-3.400000	-5.878200	6.935513
348	10	-3.080000	3.130000	-5.094000	6.725484
348	22	2.830000	1.720000	-6.333000	7.146621
348	11	0.540000	-0.340000	-6.493000	6.524281
348	13	-1.670000	-2.630000	-6.076000	6.828146
349	10	1.430000	2.610000	-5.998000	6.695745
349	22	3.340000	2.970000	-5.621000	7.181375
349	11	3.200000	-0.720000	-5.725100	6.598119
349	13	-0.680000	1.010000	-6.437000	6.551143
350	10	1.050000	0.810000	-6.589000	6.721125
350	12	4.360000	-0.230000	-5.310000	6.874489
350	22	1.430000	3.370000	-5.776000	6.838419
350	11	2.930000	-1.340000	-6.040200	6.845766
350	13	-2.380000	0.430000	-6.316000	6.763221
350	25	-0.960000	-0.130000	-7.275000	7.339218
351	12	1.600000	0.610000	-6.814000	7.025859
351	22	3.180000	0.260000	-6.509000	7.248937
351	13	-0.960000	-1.260000	-7.164000	7.337036
351	25	-0.170000	2.240000	-6.012500	6.418462
352	12	1.370000	-1.150000	-6.165000	6.419239
352	22	2.430000	-2.990000	-5.037000	6.341638
352	13	-1.420000	-1.100000	-6.594000	6.834269
352	25	-2.940000	1.680000	-6.292500	7.145737
353	12	1.220000	-2.520000	-5.181000	5.889105
353	22	0.250000	-3.530000	-5.868000	6.852505
353	13	-2.550000	-2.990000	-5.180000	6.501923
353	25	-1.640000	-1.240000	-6.600000	6.912829
354	12	0.290000	1.620000	-6.046000	6.265989
354	22	2.490000	-1.590000	-5.348000	6.109771
354	13	-1.280000	-0.060000	-6.083000	6.216501
354	25	-0.720000	4.140000	-5.710000	7.089577
355	22	-3.200000	-1.770000	-4.780000	6.018413
355	13	-4.090000	0.360000	-5.032000	6.494515
356	12	3.850000	-3.670000	-4.277000	6.825257
356	22	-0.430000	-3.240000	-6.330000	7.124002
356	13	-3.400000	0.520000	-4.944000	6.022752
356	25	0.720000	-1.070000	-7.201000	7.315579
357	12	-0.090000	-3.350000	-5.774000	6.676052
357	25	-3.480000	2.210000	-5.842000	7.150067
358	12	0.860000	-2.840000	-6.691900	7.320295
358	25	-2.220000	4.330000	-4.768100	6.812641
359	10	-0.960000	-4.410000	-5.037000	6.763214
359	12	0.510000	-2.220000	-6.792000	7.163781
359	25	-2.460000	2.420000	-6.007800	6.928323
359	29	0.160000	2.910000	-6.438500	7.067389
360	10	-1.400000	-2.390000	-6.212300	6.801821
360	12	-0.390000	-2.380000	-7.286000	7.674783
360	25	-3.570000	1.020000	-6.303100	7.315352
360	29	1.600000	4.070000	-5.395400	6.945160
361	10	-2.450000	-2.200000	-6.070600	6.906134
361	12	2.400000	-0.850000	-6.729000	7.194577
361	25	-1.840000	1.990000	-6.690000	7.218158
361	29	0.590000	2.960000	-6.378300	7.056374
362	10	-0.950000	-2.890000	-6.676400	7.336819
362	12	2.120000	-2.670000	-6.189000	7.065906
362	25	-2.510000	0.760000	-6.103000	6.642613
362	29	1.800000	2.040000	-5.632000	6.254680
363	10	-2.620000	-1.930000	-5.762410	6.617754
363	12	0.930000	-1.200000	-7.265000	7.421935
363	25	-3.180000	1.360000	-5.855000	6.800222
363	29	0.420000	3.050000	-6.069000	6.805267
364	10	0.790000	-3.030000	-5.976900	6.747469
364	12	0.860000	-3.340000	-6.617000	7.461896
364	26	-1.160000	-6.180000	-2.697000	6.841916
364	1	3.180000	0.510000	-6.552000	7.300767
364	25	-3.070000	-0.450000	-5.937000	6.698908
364	29	3.830000	3.710000	-4.366000	6.891658
365	10	-2.980000	-0.590000	-5.809200	6.555555
365	12	-0.230000	-0.360000	-6.638000	6.651732
365	26	-2.790000	-3.120000	-4.665000	6.267434
365	1	2.970000	3.410000	-5.721900	7.293088
365	25	-3.240000	0.650000	-6.149700	6.981326
365	29	0.180000	5.210000	-4.558000	6.924728
366	10	-0.330000	-1.600000	-6.394000	6.599404
366	12	2.380000	-3.740000	-5.369000	6.962626
366	26	-1.290000	-4.200000	-4.655000	6.401025
366	1	3.560000	1.870000	-4.913100	6.348941
366	25	-1.390000	-0.480000	-7.065000	7.216421
366	29	4.960000	1.830000	-2.978000	6.067865
367	10	-2.350000	-0.960000	-5.560390	6.112449
367	12	-0.080000	0.200000	-6.938000	6.941343
367	26	-3.750000	-0.870000	-5.020000	6.326120
367	1	2.450000	2.770000	-4.859500	6.106565
367	25	-4.870000	1.190000	-4.473200	6.718818
367	29	3.650000	1.790000	-5.206400	6.605543
368	10	-4.370000	0.550000	-5.402700	6.970550
368	12	1.820000	-3.210000	-5.226000	6.397466
368	26	-4.820000	-2.550000	-3.997900	6.761516
368	1	2.870000	2.790000	-5.272220	6.619464
368	25	-3.060000	0.770000	-6.400000	7.135580
368	29	4.200000	0.440000	-5.000500	6.545120
369	10	-2.530000	-0.520000	-5.823000	6.370136
369	12	-0.090000	-3.590000	-5.970000	6.966857
369	26	-4.790000	-4.160000	-2.328000	6.757905
369	1	2.150000	1.060000	-6.084000	6.539201
369	25	-2.620000	-0.110000	-6.008000	6.555346
369	29	4.290000	0.550000	-5.506700	7.002167
370	10	-2.070000	-2.250000	-5.116000	5.959938
370	12	3.030000	0.280000	-5.871000	6.612711
370	26	-4.490000	-2.620000	-3.704000	6.383112
370	1	2.890000	3.690000	-5.414500	7.161355
370	25	-2.420000	1.480000	-5.781000	6.439469
370	29	2.990000	0.110000	-6.039400	6.739922
371	10	-2.120000	-2.680000	-5.794900	6.727382
371	12	3.810000	0.190000	-5.999000	7.109163
371	26	-3.160000	-4.410000	-4.557200	7.085321
371	1	2.740000	3.350000	-5.492500	6.992686
371	25	-1.180000	-0.490000	-6.568000	6.691123
371	29	4.480000	1.970000	-5.165800	7.115953
372	10	-3.040000	-3.640000	-5.264500	7.085631
372	12	4.860000	-1.720000	-4.552000	6.877405
372	26	-3.610000	-4.550000	-4.769900	7.515753
372	1	2.410000	2.700000	-5.808900	6.844079
372	25	-1.040000	0.200000	-7.533000	7.607082
372	29	4.820000	-0.370000	-5.002000	6.956242
373	8	-4.245000	-0.630000	-6.049000	7.416692
373	10	-1.280000	-2.440000	-6.543000	7.099496
373	12	3.250000	-0.530000	-6.649000	7.419744
373	26	-1.960000	-4.510000	-5.281300	7.216220
373	1	2.460000	3.240000	-5.794000	7.079522
373	9	4.330000	-0.340000	-5.676700	7.147687
373	25	-3.280000	0.610000	-6.324000	7.150068
373	29	5.560000	-1.810000	-4.274000	7.242705
374	8	-3.552000	-0.120000	-6.081000	7.043413
374	10	-2.280000	1.210000	-5.776100	6.326597
374	12	1.250000	-0.330000	-6.663000	6.787265
374	26	-3.060000	-4.020000	-4.838400	6.995292
374	1	0.580000	3.420000	-5.278300	6.316110
374	9	3.780000	-0.270000	-6.174000	7.244279
374	25	-4.490000	-0.360000	-5.663500	7.236362
374	29	4.410000	-0.880000	-5.638000	7.211764
375	8	-5.003000	0.740000	-5.241000	7.283247
375	10	-3.040000	1.270000	-6.050800	6.889607
375	12	2.480000	-0.350000	-6.007600	6.508775
375	26	-1.660000	-3.290000	-5.786600	6.860353
375	1	3.450000	2.700000	-4.495300	6.276960
375	9	2.410000	0.230000	-6.768000	7.187964
375	25	-3.430000	-0.770000	-5.615200	6.624822
375	29	3.280000	0.310000	-5.941000	6.793378
376	8	-3.145000	-0.630000	-6.546000	7.289584
376	10	-3.100000	1.110000	-5.859090	6.720940
376	12	1.810000	-0.750000	-6.212000	6.513643
376	26	-2.220000	-3.590000	-5.744700	7.128680
376	1	2.480000	3.060000	-5.771800	6.987680
376	9	2.350000	0.290000	-6.718900	7.123919
376	25	-0.400000	0.090000	-6.348800	6.362025
376	29	2.790000	0.100000	-6.476800	7.052874
377	8	-0.917000	1.660000	-6.592000	6.859370
377	10	-2.790000	-1.490000	-6.086140	6.858958
377	12	2.420000	-1.850000	-5.867000	6.610642
377	26	-2.630000	-3.800000	-5.194000	6.952304
377	1	2.520000	3.020000	-5.956600	7.138059
377	9	1.320000	2.800000	-7.047500	7.697380
377	25	-3.160000	0.160000	-6.054600	6.831499
377	29	2.820000	0.270000	-6.564000	7.149223
378	8	0.971000	-2.320000	-6.070000	6.570399
378	10	-3.280000	-0.350000	-5.998800	6.845911
378	12	3.020000	-1.910000	-5.848200	6.853462
378	26	-2.270000	-2.230000	-5.958000	6.754522
378	1	2.370000	3.880000	-6.078600	7.590829
378	9	3.093000	-1.170000	-6.052000	6.896539
378	25	-3.040000	1.260000	-6.447800	7.239014
378	29	4.500000	0.260000	-6.007000	7.510103
379	8	-0.240000	1.020000	-7.415000	7.488673
379	10	-2.970000	1.900000	-5.418900	6.464934
379	12	1.280000	0.050000	-6.635700	6.758211
379	26	-1.780000	-3.630000	-4.838000	6.304883
379	1	1.380000	0.790000	-6.386100	6.581092
379	9	1.730000	1.910000	-6.260900	6.770515
379	25	-3.550000	2.790000	-4.734300	6.542186
379	29	3.230000	1.510000	-6.291300	7.231421
380	8	0.270000	0.200000	-7.080000	7.087969
380	10	-1.070000	1.960000	-6.849000	7.203839
380	12	4.760000	-0.340000	-4.595000	6.624743
380	26	-0.960000	-3.350000	-6.021700	6.957368
380	1	2.950000	2.300000	-6.024900	7.091680
380	9	0.620000	0.520000	-6.664150	6.713099
380	25	-0.600000	2.800000	-6.429000	7.037900
380	29	5.410000	-0.160000	-4.246000	6.879114
381	8	-0.490000	0.440000	-6.879000	6.910452
381	10	-3.730000	-0.020000	-5.251600	6.441475
381	12	0.990000	-3.150000	-5.573000	6.477726
381	26	-0.450000	-4.380000	-4.995000	6.658598
381	1	1.200000	-0.270000	-6.893800	7.002669
381	9	-1.070000	-0.130000	-6.348070	6.438928
381	25	-4.900000	-0.220000	-6.099000	7.826634
381	29	3.830000	-1.510000	-5.846200	7.150318
382	8	-2.100000	-0.430000	-6.857000	7.184243
382	10	-4.960000	0.170000	-5.413600	7.344220
382	12	3.290000	-1.420000	-5.942000	6.938866
382	26	-2.330000	-1.760000	-6.075900	6.741147
382	1	1.120000	0.670000	-6.367000	6.499384
382	9	-1.430000	-1.460000	-6.849600	7.147973
382	25	-3.020000	1.610000	-5.602600	6.565183
382	29	2.610000	-1.540000	-6.161200	6.866155
383	8	0.340000	-0.890000	-6.987000	7.051657
383	10	-4.230000	1.200000	-5.347000	6.922666
383	12	3.040000	-0.800000	-6.459000	7.183334
383	26	-1.880000	-0.160000	-5.991110	6.281194
383	1	2.060000	2.720000	-5.912000	6.825961
383	9	0.270000	-1.560000	-7.129260	7.302934
383	25	-0.130000	2.620000	-6.295500	6.820163
383	29	1.580000	-0.700000	-6.517300	6.742522
384	8	-0.880000	-0.690000	-7.418700	7.502507
384	12	1.500000	0.250000	-6.672000	6.843105
384	26	-1.760000	-2.170000	-6.032800	6.648396
384	1	3.030000	-0.170000	-6.249900	6.947737
384	9	-0.920000	-2.330000	-6.641500	7.098227
384	25	-1.130000	3.560000	-5.266700	6.456673
385	8	1.930000	0.150000	-6.245000	6.538151
385	12	0.820000	1.180000	-6.949000	7.096013
385	22	4.020000	0.460000	-4.895000	6.350829
385	26	-4.440000	-2.610000	-5.280100	7.375985
385	1	0.500000	-1.380000	-6.496867	6.660607
385	9	2.050000	-0.990000	-6.623000	7.003337
385	19	-3.230000	-1.910000	-5.382000	6.561015
385	25	-1.690000	2.000000	-6.009100	6.554798
386	8	-0.030000	1.640000	-6.989000	7.178901
386	12	1.460000	-2.190000	-5.493000	6.091038
386	26	-3.770000	-1.010000	-6.193000	7.320263
386	1	-0.050000	1.260000	-6.587000	6.706614
386	9	2.640000	-0.210000	-6.328140	6.859960
386	25	-2.020000	-0.120000	-7.202000	7.480883
387	8	0.490000	2.360000	-6.239000	6.688409
387	12	-0.680000	-2.020000	-6.633000	6.967029
387	26	-2.540000	-1.580000	-6.532000	7.184360
387	1	1.150000	1.750000	-6.299000	6.637952
387	9	0.930000	-0.710000	-7.212400	7.306690
387	25	-2.460000	-0.060000	-6.923000	7.347321
388	8	1.530000	2.090000	-6.794000	7.271000
388	12	1.560000	-2.190000	-6.314000	6.862674
388	26	-3.820000	-2.390000	-5.823300	7.363106
388	1	1.140000	1.100000	-7.043100	7.219062
388	9	2.760000	-2.120000	-6.348480	7.239834
388	25	-0.960000	-1.620000	-7.041000	7.288462
389	8	-0.680000	1.750000	-6.509400	6.774746
389	12	0.210000	0.300000	-6.943000	6.952651
389	9	0.850000	-2.030000	-6.329300	6.701003
389	25	-1.600000	-1.920000	-6.171000	6.657901
390	8	-0.550000	0.500000	-6.982600	7.022051
390	12	1.190000	3.630000	-6.274000	7.345480
390	26	-2.930000	-0.960000	-5.887120	6.645651
390	1	1.490000	0.790000	-6.538000	6.752010
390	9	1.680000	-1.640000	-6.692300	7.092170
390	25	0.290000	-0.600000	-7.115000	7.146141
391	8	-1.750000	1.190000	-6.730000	7.054892
391	12	-0.050000	3.510000	-6.093000	7.031874
391	26	-1.670000	1.930000	-6.280700	6.779454
391	1	1.260000	1.310000	-6.769200	7.008978
391	9	-0.220000	0.150000	-7.030510	7.035551
391	25	-2.160000	-1.420000	-6.921000	7.387979
392	8	-0.630000	1.750000	-6.825600	7.074476
392	12	2.660000	0.450000	-6.352000	6.901160
392	26	-1.540000	-0.900000	-6.092000	6.347761
392	1	-0.500000	-0.480000	-6.872640	6.907502
392	9	-0.050000	-0.820000	-7.200600	7.247313
392	25	-0.490000	-2.880000	-6.408000	7.042511
393	8	-1.690000	1.090000	-6.830000	7.119909
393	12	3.040000	3.170000	-5.954000	7.398690
393	26	-1.390000	-0.800000	-6.061060	6.269653
393	1	-0.190000	-0.130000	-5.919000	5.923475
393	9	0.840000	-2.890000	-6.340800	7.018792
393	25	-1.920000	-2.600000	-6.243000	7.030039
394	8	-0.400000	2.150000	-6.648000	6.998457
394	12	2.490000	0.490000	-6.521000	6.997402
394	26	-1.030000	-3.740000	-5.821200	6.995346
394	1	1.350000	-2.750000	-5.447100	6.249472
394	9	0.060000	-1.890000	-6.412000	6.685016
394	25	-2.820000	-3.810000	-5.202000	7.037706
395	8	-2.340000	1.760000	-6.263000	6.913636
395	12	3.530000	2.200000	-5.315000	6.749083
395	26	1.520000	-2.300000	-6.194900	6.780648
395	1	2.420000	1.030000	-6.328500	6.853263
395	9	-3.050000	-0.140000	-6.326700	7.024901
395	25	-1.750000	-1.250000	-6.736000	7.070976
396	8	-2.490000	2.250000	-5.355000	6.319701
396	12	2.620000	3.180000	-6.105000	7.365312
396	20	2.600000	2.440000	-5.584000	6.625304
396	26	-1.450000	-2.724000	-5.688200	6.471344
396	1	1.080000	2.620000	-6.523400	7.112352
396	9	-2.370000	0.810000	-7.089000	7.518439
396	11	-1.320000	-0.260000	-6.613800	6.749248
396	25	-2.310000	-1.260000	-6.625100	7.128510
397	8	0.880000	0.890000	-6.616000	6.733347
397	12	2.400000	2.900000	-5.597000	6.745103
397	20	0.920000	-0.270000	-7.383500	7.445493
397	26	-0.560000	-4.920000	-4.637000	6.783935
397	1	1.000000	-1.990000	-6.225800	6.612162
397	9	0.870000	0.380000	-6.625000	6.692677
397	11	-2.730000	-0.730000	-5.613700	6.284857
397	25	-2.180000	-2.170000	-6.417900	7.116933
398	8	-1.380000	1.070000	-6.392000	6.626233
398	12	2.640000	1.740000	-6.245600	7.000337
398	20	-0.890000	0.250000	-7.263700	7.322290
398	26	1.640000	2.100000	-5.569600	6.174143
398	1	2.530000	1.600000	-6.350700	7.020847
398	9	0.610000	-0.960000	-6.813800	6.908080
398	11	-4.580000	-0.740000	-4.855100	6.715355
398	25	-1.690000	-0.750000	-5.524000	5.825219
399	8	-2.180000	1.800000	-6.170300	6.787120
399	12	2.590000	1.700000	-6.173000	6.906810
399	20	1.050000	-0.650000	-6.850000	6.960424
399	26	-3.570000	-0.590000	-5.855400	6.883219
399	1	-0.740000	-0.110000	-6.362000	6.405837
399	9	-0.400000	-1.150000	-7.145300	7.248297
399	11	-2.940000	-1.860000	-5.707470	6.684191
399	25	-3.220000	-2.020000	-6.429600	7.469174
400	8	0.070000	2.330000	-6.694000	7.088260
400	12	1.730000	3.270000	-5.787000	6.868418
400	20	2.430000	1.150000	-6.505000	7.038638
400	26	-1.670000	-0.610000	-6.760200	6.990086
400	1	2.530000	-2.960000	-5.516000	6.751945
400	9	-0.650000	0.880000	-7.009400	7.094264
400	11	-2.080000	-0.560000	-6.628000	6.969246
400	25	-3.700000	0.450000	-5.831800	6.921155
401	8	-1.640000	3.530000	-5.492000	6.731461
401	12	2.170000	2.320000	-6.560000	7.288683
401	20	2.250000	-2.110000	-6.449000	7.148720
401	26	-4.180000	-0.090000	-5.398600	6.828278
401	1	2.050000	-2.000000	-6.556330	7.154576
401	9	-1.610000	1.220000	-6.493300	6.800253
401	11	-2.800000	-2.530000	-5.121100	6.361334
401	25	-1.930000	-1.420000	-6.678600	7.095421
402	8	0.690000	2.390000	-6.476000	6.937346
402	12	1.470000	3.710000	-5.664000	6.928629
402	20	4.670000	-0.690000	-4.808000	6.738091
402	26	-4.160000	-0.050000	-5.388000	6.807249
402	1	2.070000	-0.860000	-6.846900	7.204481
402	9	-1.900000	0.480000	-6.605100	6.889684
402	11	-1.760000	-1.130000	-6.118000	6.465634
402	25	-2.390000	1.520000	-6.757000	7.326633
403	8	-0.640000	-0.110000	-6.771300	6.802368
403	12	1.110000	1.460000	-6.390000	6.647992
403	20	2.900000	0.170000	-6.042000	6.704078
403	26	0.260000	3.620000	-5.297700	6.421653
403	1	4.870000	0.450000	-5.179600	7.123739
403	9	-0.910000	0.730000	-6.571900	6.674644
403	11	-3.560000	-0.190000	-5.891300	6.886009
403	25	-2.290000	0.160000	-6.770800	7.149366
404	8	1.300000	1.830000	-6.761000	7.123905
404	12	3.160000	2.530000	-5.790000	7.064743
404	20	0.980000	1.700000	-5.937000	6.252869
404	26	-3.690000	0.520000	-6.183500	7.219569
404	1	2.930000	-1.640000	-5.591000	6.521793
404	9	1.040000	1.220000	-6.617300	6.808719
404	11	-4.440000	0.180000	-5.753200	7.269478
404	25	-2.390000	0.290000	-6.744000	7.160847
405	8	0.920000	0.730000	-7.163400	7.259036
405	12	4.200000	0.320000	-5.746000	7.124529
405	20	1.870000	-1.140000	-6.045000	6.429504
405	26	-2.990000	-1.630000	-6.254400	7.121413
405	1	3.110000	-2.400000	-5.206000	6.521851
405	9	2.600000	1.800000	-6.161000	6.925166
405	11	-2.970000	-4.260000	-4.875000	7.122789
405	25	-2.350000	-0.900000	-6.560000	7.026101
406	8	-1.590000	-1.540000	-7.071400	7.409750
406	12	3.490000	-0.320000	-6.319000	7.225805
406	26	-1.760000	2.220000	-5.944400	6.584975
406	1	3.500000	1.670000	-5.518000	6.744422
406	9	2.030000	1.280000	-6.656000	7.075425
406	25	-2.740000	-2.640000	-6.145100	7.227687
407	8	-2.620000	-0.860000	-6.272800	6.852154
407	12	2.720000	1.200000	-6.147000	6.828178
407	9	1.550000	-0.750000	-6.420000	6.646909
407	25	-2.430000	-0.540000	-6.679100	7.127894
408	8	-3.703000	-0.240000	-5.556900	6.681987
408	12	3.890000	2.040000	-5.070000	6.708100
408	9	0.130000	-0.430000	-7.230500	7.244441
408	25	-2.770000	-1.670000	-6.237000	7.025807
409	8	-4.203000	-0.185000	-4.877800	6.441457
409	12	1.560000	2.000000	-5.665000	6.206918
409	20	0.720000	-2.110000	-6.259000	6.644214
409	9	1.050000	-1.720000	-6.257100	6.573599
409	11	-1.360000	-0.320000	-6.452300	6.601831
409	25	-3.480000	-2.430000	-5.160400	6.681694
410	8	-3.220000	4.195000	-4.711000	7.082369
410	12	0.870000	2.080000	-6.624000	6.997191
410	20	2.170000	-0.300000	-6.479000	6.839323
410	9	1.600000	1.100000	-6.643800	6.921711
410	11	-3.050000	0.680000	-6.150200	6.898540
410	25	-3.240000	-3.310000	-4.834700	6.695373
411	8	-4.195000	0.008000	-5.516400	6.930278
411	12	0.330000	1.880000	-6.633000	6.902173
411	26	-1.370000	-2.640000	-5.634100	6.370995
411	1	2.260000	1.480000	-5.469500	6.100281
411	9	1.690000	-2.439000	-5.569000	6.310197
411	25	-3.870000	-2.550000	-4.760300	6.643783
412	8	-2.060000	3.590000	-5.556800	6.928905
412	12	0.930000	2.810000	-6.358000	7.013214
412	26	-3.220000	-3.600000	-4.191900	6.395344
412	1	2.350000	0.930000	-5.925700	6.442152
412	9	2.800000	0.930000	-6.030500	6.713556
412	25	-4.140000	-0.680000	-5.220000	6.697044
413	8	-4.283000	1.030000	-5.326000	6.911676
413	12	2.730000	1.590000	-6.327000	7.071911
413	26	-4.260000	-2.590000	-3.968000	6.371870
413	1	-0.570000	1.160000	-6.674200	6.798194
413	9	2.760000	-0.550000	-6.426710	7.015889
413	25	-2.070000	-1.220000	-6.939000	7.343230
414	8	-2.810000	-1.420000	-6.397700	7.130432
414	12	2.670000	0.330000	-5.717000	6.318377
414	26	-2.210000	-2.887000	-4.724000	5.961128
414	1	-0.520000	1.180000	-7.075800	7.192339
414	9	2.910000	0.550000	-6.666300	7.294529
414	25	-0.600000	-2.190000	-6.561000	6.942825
415	8	-3.816000	-1.390000	-5.318800	6.692054
415	12	0.610000	2.810000	-6.578000	7.179017
415	26	-1.240000	-4.846000	-4.085000	6.458215
415	1	0.040000	1.020000	-6.616000	6.694285
415	9	2.630000	0.380000	-5.842200	6.418146
415	25	-4.520000	0.920000	-4.898200	6.728236
416	8	-3.602000	-2.050000	-5.591900	6.960334
416	12	1.200000	3.800000	-5.142000	6.505395
416	26	-1.850000	-1.151000	-6.014200	6.396710
416	1	-1.040000	4.770000	-4.935800	6.942379
416	9	1.360000	-0.997000	-6.607080	6.818879
416	25	-3.800000	1.450000	-5.685000	6.990116
417	8	-4.221000	0.030000	-5.384900	6.842141
417	12	4.070000	1.160000	-5.122000	6.644199
417	26	-0.570000	-0.999000	-6.235300	6.340494
417	1	-1.900000	5.070000	-4.978000	7.354956
417	9	1.280000	2.769000	-6.453600	7.138257
417	25	0.220000	-0.510000	-7.306000	7.327082
418	8	-3.450000	-1.960000	-5.518500	6.796907
418	12	2.600000	-0.340000	-6.455000	6.967254
418	26	-0.020000	-5.469000	-4.233400	6.916071
418	1	2.050000	3.270000	-5.161900	6.445201
418	9	0.410000	2.280000	-6.681300	7.071511
418	25	-3.000000	-1.280000	-6.173500	6.982156
419	8	-0.950000	0.600000	-6.921400	7.012010
419	12	0.370000	0.920000	-6.664000	6.737373
419	26	-0.160000	-4.179000	-5.514000	6.920537
419	1	0.190000	5.580000	-4.407000	7.112956
419	9	2.610000	2.308000	-5.058000	6.141851
419	25	-3.090000	-2.310000	-5.841100	7.000189
420	8	-2.470000	-0.730000	-6.661490	7.142076
420	12	1.500000	2.120000	-6.717000	7.201562
420	26	1.440000	-4.811000	-4.840560	6.974980
420	1	0.480000	4.210000	-5.209800	6.715394
420	9	1.110000	0.541000	-6.576000	6.690931
420	25	-0.970000	0.130000	-6.942900	7.011538
421	8	-2.846000	-2.964000	-4.869700	6.371734
421	12	4.040000	-0.120000	-5.816000	7.082504
421	26	-2.330000	-4.008000	-4.711400	6.609860
421	1	-0.270000	5.170000	-4.759000	7.032061
421	9	2.190000	1.026000	-6.766400	7.185607
421	25	-1.140000	-2.220000	-6.756600	7.202752
422	8	-4.407000	-1.111000	-5.329630	7.004351
422	12	2.160000	2.070000	-6.777020	7.408002
422	26	-3.400000	-4.637000	-4.097800	7.060718
422	1	1.720000	3.760000	-5.679400	7.025068
422	9	1.420000	1.585000	-6.811600	7.136282
422	25	-2.550000	-1.520000	-6.648000	7.280715
423	8	-4.464000	-2.010000	-5.416100	7.300790
423	12	0.710000	2.870000	-6.270000	6.932092
423	26	-1.500000	-3.650000	-5.540300	6.802016
423	1	1.750000	3.010000	-5.327800	6.364594
423	9	0.440000	2.486000	-6.412400	6.891493
423	25	-3.080000	-0.860000	-6.145450	6.927666
424	8	-2.557000	-1.604000	-6.271800	6.960355
424	12	2.430000	2.340000	-5.610000	6.546190
424	14	4.220000	-0.980000	-5.190500	6.760924
424	26	-2.580000	-0.900000	-6.074200	6.660503
424	1	1.040000	2.500000	-5.503100	6.133165
424	9	2.380000	2.846000	-6.113100	7.150812
424	25	-0.060000	-2.010000	-6.268200	6.582859
424	27	-0.380000	4.150000	-3.015020	5.143661
425	8	-3.954000	-3.549000	-5.042000	7.324703
425	12	1.630000	2.210000	-6.568500	7.119424
425	26	-1.440000	-4.010000	-4.247300	6.016083
425	1	1.040000	-1.250000	-6.914000	7.102640
425	9	1.110000	1.682000	-6.469700	6.776300
425	25	-1.800000	-2.770000	-5.470500	6.390561
426	8	-2.329000	-2.246000	-6.289370	7.072831
426	12	2.580000	2.460000	-6.158000	7.115403
426	26	-2.880000	-0.510000	-5.782500	6.480109
426	1	2.610000	-0.380000	-6.160400	6.701271
426	9	2.840000	2.238000	-5.693000	6.744219
426	25	-0.400000	-3.010000	-5.883320	6.620691
427	8	-1.498000	-2.120000	-6.670800	7.158071
427	12	0.240000	1.410000	-6.554000	6.708250
427	26	-2.050000	0.870000	-5.562310	5.991552
427	1	1.650000	-0.980000	-6.240600	6.529011
427	9	2.190000	1.658000	-6.360000	6.927818
427	25	-2.740000	-3.480000	-5.518400	7.076068
428	8	-3.079000	-2.424000	-5.666100	6.889173
428	12	-0.940000	2.030000	-6.526900	6.899632
428	26	-1.560000	3.170000	-6.180100	7.118717
428	1	2.920000	-0.810000	-6.271000	6.964764
428	9	0.657000	1.643000	-6.221500	6.468242
428	25	-3.510000	-2.090000	-5.222200	6.630202
429	8	-2.280000	-2.113000	-6.151000	6.891877
429	12	1.650000	1.420000	-6.232000	6.601267
429	26	-3.100000	1.290000	-6.511800	7.326503
429	1	2.030000	0.070000	-6.758900	7.057516
429	9	0.779000	-0.407000	-6.996600	7.051589
429	25	-0.950000	-2.390000	-6.503800	6.993855
430	8	-1.882000	-1.150000	-7.078400	7.414052
430	12	0.930000	1.980000	-6.602000	6.954977
430	26	-0.910000	-0.630000	-6.115800	6.215144
430	1	2.310000	-2.300000	-6.220600	7.022960
430	9	1.559000	0.807000	-6.899800	7.119619
430	25	-2.010000	-2.880000	-6.378000	7.281029
431	8	-1.587000	-0.770000	-7.014000	7.232404
431	12	-2.280000	0.360000	-4.727000	5.260469
431	26	-1.670000	0.850000	-6.755400	7.010480
431	1	2.750000	-0.940000	-5.971000	6.640703
431	9	0.402000	0.610000	-7.269961	7.306575
431	25	-0.710000	-1.710000	-6.685000	6.936672
432	8	-0.856000	-2.487000	-6.724000	7.220116
432	12	0.460000	-0.690000	-6.541000	6.593359
432	26	-1.810000	1.420000	-6.434500	6.833395
432	1	0.900000	-0.490000	-5.430000	5.525848
432	9	2.446000	0.305000	-6.267470	6.734770
432	25	3.080000	-2.190000	-6.017200	7.105575
433	8	-1.954000	-1.120000	-6.665800	7.036008
433	12	-1.530000	-0.980000	-6.490000	6.739540
433	26	-0.850000	2.510000	-5.137300	5.780523
433	1	2.930000	1.280000	-6.069300	6.860007
433	9	0.453000	2.289000	-6.270100	6.690208
433	25	1.030000	-2.030000	-6.462600	6.851788
434	8	-2.128000	-0.930000	-6.812800	7.197745
434	12	-3.410000	-1.760000	-5.574000	6.767213
434	9	2.199000	3.028000	-5.409300	6.577607
434	25	-1.190000	-1.140000	-6.548000	6.752185
435	8	-1.689000	1.522000	-6.638200	7.016759
435	26	-2.040000	2.540000	-5.169000	6.109972
435	1	1.630000	0.290000	-6.410900	6.621226
435	9	-0.650000	3.047000	-6.318000	7.044419
436	8	0.130000	-2.481000	-6.546100	7.001692
436	20	-4.340000	-0.620000	-4.078000	5.987494
436	26	-3.780000	0.550000	-5.568100	6.752380
436	1	1.270000	-1.290000	-5.995600	6.262924
436	9	0.445000	-2.178000	-6.476100	6.847013
436	11	-0.990000	2.480000	-6.694000	7.206951
437	8	-0.930000	-1.348000	-6.950200	7.140538
437	12	-1.670000	-1.000000	-6.812000	7.084648
437	20	-1.680000	-0.880000	-6.783500	7.043626
437	26	-3.050000	-1.840000	-5.148000	6.260192
437	1	1.360000	-2.470000	-6.412100	7.004679
437	9	-0.480000	1.120000	-6.826600	6.934498
437	11	3.770000	1.610000	-5.240300	6.653251
437	25	0.700000	0.430000	-6.845000	6.894122
438	8	-1.863000	-0.992000	-6.752000	7.074202
438	12	-0.590000	-0.960000	-6.288200	6.388361
438	20	-2.950000	-0.240000	-5.448300	6.200328
438	26	-3.890000	0.370000	-5.536800	6.776810
438	1	1.090000	1.510000	-6.219400	6.492237
438	9	-0.770000	1.044000	-6.863500	6.985017
438	11	2.210000	0.460000	-5.090700	5.568746
438	25	0.850000	-0.360000	-5.897300	5.969108
439	8	2.310000	0.089000	-6.442000	6.844223
439	12	-0.440000	-2.380000	-5.994000	6.464212
439	20	-4.350000	-1.150000	-4.390000	6.286263
439	26	-3.270000	-0.080000	-5.632400	6.513312
439	1	-0.940000	1.820000	-6.202200	6.531714
439	9	1.998000	0.304000	-6.848300	7.140282
439	11	2.330000	-2.140000	-5.673000	6.495493
439	25	1.560000	1.050000	-7.041000	7.287783
440	8	0.440000	0.682000	-7.132000	7.178032
440	12	-1.620000	-2.030000	-6.652400	7.141409
440	20	-4.560000	0.500000	-4.625000	6.514156
440	26	-2.450000	-3.000000	-5.827600	6.997387
440	1	0.070000	1.510000	-6.255100	6.435159
440	9	-0.060000	1.619000	-6.966200	7.152112
440	11	2.620000	-1.910000	-6.088600	6.898083
440	25	1.940000	-0.920000	-6.327100	6.681481
441	8	-0.466000	-0.544000	-7.102300	7.138330
441	12	-2.010000	1.050000	-6.290400	6.686683
441	20	-2.610000	0.530000	-6.045000	6.605681
441	26	1.220000	-2.290000	-6.608700	7.099818
441	1	3.370000	0.510000	-4.920000	5.985265
441	9	2.080000	0.001000	-6.775300	7.087390
441	11	4.080000	-0.440000	-5.414200	6.793641
441	25	2.420000	0.020000	-5.895850	6.373213
442	8	-1.037000	-0.333000	-6.886900	6.972492
442	12	-1.880000	3.130000	-6.017000	7.038152
442	20	-5.370000	1.920000	-3.970000	6.948683
442	26	1.970000	-2.760000	-6.141500	7.015449
442	1	1.530000	1.680000	-5.956400	6.375108
442	9	0.210000	2.310000	-6.745700	7.133349
442	11	1.820000	0.970000	-6.646000	6.958636
442	25	1.840000	0.890000	-6.570700	6.881264
443	8	0.092000	0.699000	-7.182400	7.216920
443	12	-2.920000	-0.990000	-6.507000	7.200524
443	20	-2.660000	2.010000	-5.443000	6.382942
443	26	2.160000	-0.950000	-6.316000	6.742400
443	1	-1.080000	0.720000	-6.466100	6.595093
443	9	1.485000	2.475000	-5.277800	6.015482
443	11	5.210000	0.040000	-4.872700	7.133646
443	25	2.370000	0.200000	-6.726800	7.134896
444	8	-2.198000	1.355000	-6.467400	6.963799
444	12	-2.640000	-0.940000	-6.563000	7.136257
444	20	-4.100000	0.120000	-5.446000	6.817867
444	26	0.610000	-1.590000	-6.874500	7.082298
444	1	-2.470000	3.090000	-5.475400	6.754925
444	9	1.290000	2.708000	-5.562800	6.319977
444	11	3.750000	-2.320000	-5.021200	6.682615
444	25	1.660000	0.420000	-6.921145	7.129814
445	8	-1.360000	-1.136000	-7.072100	7.290727
445	12	-2.220000	-0.110000	-6.960300	7.306591
445	20	-5.290000	-0.050000	-3.871000	6.555245
445	26	1.060000	0.170000	-6.573900	6.660980
445	1	-2.070000	3.040000	-5.709400	6.791447
445	9	1.260000	1.757000	-6.650360	6.992992
445	11	3.240000	-0.680000	-6.227000	7.052342
445	25	3.870000	-0.050000	-5.732800	6.916964
446	8	-1.490000	-0.397000	-7.273500	7.435154
446	12	-3.500000	1.370000	-6.569000	7.568267
446	20	-2.900000	-1.220000	-6.370000	7.104597
446	26	3.410000	-1.860000	-5.727000	6.919988
446	1	-0.780000	0.530000	-6.641000	6.707621
446	9	1.170000	0.105000	-6.579100	6.683149
446	11	4.880000	0.310000	-4.550200	6.679433
446	25	1.660000	1.950000	-6.503200	6.989257
447	8	-1.120000	-0.348000	-6.887000	6.986149
447	12	-2.670000	-0.040000	-6.733000	7.243189
447	20	-0.220000	-0.840000	-6.388900	6.447639
447	26	2.430000	0.900000	-6.496000	6.993777
447	1	-0.650000	2.060000	-6.728600	7.066835
447	9	1.870000	0.693000	-6.400400	6.703900
447	11	5.490000	0.280000	-3.993100	6.794361
447	25	2.780000	-0.390000	-6.428800	7.014982
448	8	-1.660000	-0.841000	-6.854000	7.102126
448	12	-2.820000	-0.130000	-6.792700	7.355955
448	20	-3.380000	-2.880000	-4.519000	6.335626
448	9	0.530000	-1.133000	-6.918700	7.030860
448	11	3.800000	1.250000	-5.443000	6.754906
448	25	4.450000	-1.480000	-5.324000	7.094919
449	8	0.250000	1.314000	-6.942000	7.069686
449	12	-2.930000	1.990000	-6.091000	7.045941
449	20	-4.000000	-2.960000	-4.618000	6.788779
449	9	1.440000	-0.875000	-6.920500	7.122678
449	11	4.230000	1.560000	-3.706000	5.836175
449	25	2.840000	-2.060000	-6.442600	7.335959
450	8	-0.680000	2.040000	-6.396000	6.747801
450	12	-2.170000	1.680000	-5.139000	5.825858
450	20	-4.540000	-0.790000	-4.862000	6.698861
450	9	0.670000	0.675000	-6.810200	6.876289
450	11	5.080000	1.060000	-3.253500	6.124970
450	25	-0.480000	-1.440000	-6.114000	6.299603
451	8	-1.040000	1.914000	-6.380000	6.741617
451	12	-1.800000	-0.130000	-6.378500	6.628888
451	20	-5.830000	-1.210000	-3.812000	7.069961
451	9	-0.430000	0.460000	-7.248000	7.275301
451	11	4.440000	1.400000	-4.026000	6.154858
451	25	3.560000	-3.110000	-4.994700	6.876971
452	8	-0.620000	0.971000	-6.980000	7.074436
452	12	0.410000	4.530000	-4.555000	6.437160
452	20	-4.040000	0.030000	-4.776800	6.256222
452	9	-0.410000	-0.485000	-6.784400	6.814060
452	11	5.310000	0.810000	-4.652300	7.106060
452	25	1.740000	1.620000	-6.493000	6.914553
453	8	0.490000	-0.270000	-7.025000	7.047242
453	12	-2.560000	1.810000	-5.452000	6.289197
453	20	-4.940000	0.130000	-4.377000	6.601411
453	9	-0.460000	-2.322000	-6.523000	6.939223
453	11	4.190000	2.580000	-4.730300	6.825558
453	25	0.620000	-1.810000	-6.936000	7.195040
454	8	1.790000	1.473000	-6.961000	7.336849
454	12	-2.470000	2.040000	-6.336000	7.099817
454	20	-5.460000	0.220000	-4.036000	6.793327
454	9	0.430000	-1.475000	-7.096000	7.260423
454	11	4.690000	0.890000	-4.563100	6.603793
454	25	1.010000	-4.840000	-5.640800	7.500955
455	8	-0.580000	2.557000	-6.450000	6.962553
455	12	-0.760000	4.050000	-5.677000	7.014872
455	20	-4.760000	-1.110000	-4.901000	6.921669
455	9	-3.590000	-1.203000	-5.669400	6.817434
455	11	5.180000	0.970000	-4.895000	7.192658
455	25	1.440000	-0.730000	-6.714500	6.905868
456	8	1.440000	2.245000	-6.498000	7.024075
456	12	-0.070000	2.060000	-6.876500	7.178771
456	20	-4.800000	-0.680000	-4.606000	6.687125
456	9	-1.773000	-1.180000	-6.776000	7.102824
456	11	2.920000	2.160000	-4.583000	5.847725
456	25	3.560000	-2.890000	-5.398000	7.082662
457	8	0.510000	0.080000	-6.811000	6.830536
457	12	-1.530000	2.750000	-5.994000	6.769892
457	20	-5.310000	0.190000	-4.241000	6.798403
457	9	-1.320000	-1.640000	-6.890000	7.204450
457	11	2.960000	-0.910000	-5.457000	6.274436
457	25	0.530000	-3.710000	-5.847900	6.945713
458	8	0.800000	0.120000	-6.411000	6.461836
458	12	-2.580000	3.030000	-5.642000	6.904308
458	20	-2.960000	1.370000	-4.769000	5.777704
458	9	-1.460000	-0.403000	-6.856000	7.021307
458	11	4.320000	0.540000	-5.086000	6.694878
458	25	1.020000	-2.600000	-6.198200	6.798388
459	8	3.010000	-1.862000	-5.829000	6.819412
459	12	-2.350000	1.650000	-6.481600	7.089156
459	20	-3.450000	-1.530000	-5.358900	6.554480
459	9	1.610000	-0.454000	-7.340000	7.528201
459	11	4.800000	-1.600000	-4.676200	6.889619
459	25	1.030000	-3.690000	-5.710800	6.876790
460	8	2.280000	-0.245000	-6.942000	7.310936
460	12	-1.540000	2.440000	-5.903000	6.570434
460	20	-5.070000	-1.950000	-3.388000	6.402027
460	9	0.620000	0.997000	-6.633100	6.736203
460	11	2.120000	-0.420000	-6.646000	6.988570
460	25	0.400000	-3.090000	-6.751000	7.435328
461	8	0.230000	0.297000	-7.007500	7.017561
461	12	0.220000	0.740000	-6.771200	6.815068
461	20	-3.870000	-0.260000	-5.097000	6.404991
461	9	-1.020000	0.207000	-7.321600	7.395206
461	11	4.680000	-0.020000	-5.244700	7.029202
461	25	2.260000	-3.160000	-5.852100	7.024263
462	8	1.180000	0.214000	-6.821000	6.925622
462	12	-0.380000	1.660000	-6.204500	6.433958
462	20	-3.760000	-3.400000	-4.242000	6.610005
462	9	1.340000	-1.212000	-6.757200	6.994590
462	11	5.430000	0.950000	-4.445100	7.081406
462	25	3.740000	-1.850000	-5.705350	7.068318
463	8	0.380000	-1.103000	-7.027000	7.123183
463	12	-2.430000	2.220000	-6.045000	6.882974
463	20	-3.700000	-4.050000	-3.977200	6.775738
463	9	0.120000	-2.592000	-6.605300	7.096679
463	11	6.560000	-0.150000	-4.076600	7.724945
463	25	1.490000	-1.300000	-6.278700	6.582718
464	8	1.485000	0.864000	-7.275000	7.475115
464	12	-1.630000	4.020000	-5.520000	7.020520
464	20	-5.710000	-0.370000	-3.632000	6.777346
464	9	1.159000	-2.770000	-6.541000	7.197282
464	11	2.760000	3.060000	-5.454000	6.835738
464	25	2.460000	0.040000	-6.336700	6.797571
465	8	1.120000	2.165000	-6.809000	7.232158
465	12	-1.080000	1.920000	-5.943000	6.338142
465	20	-3.780000	-2.670000	-4.967300	6.789062
465	9	0.789000	-1.660000	-6.943400	7.182543
465	11	5.730000	0.050000	-4.185700	7.096160
465	25	1.880000	-3.360000	-5.981000	7.113112
466	8	0.858000	3.664000	-5.634000	6.775176
466	12	-2.160000	3.910000	-5.696000	7.238654
466	20	-5.000000	0.060000	-4.881100	6.987756
466	9	0.398000	0.020000	-6.838000	6.849602
466	11	2.970000	2.100000	-5.150200	6.305193
466	25	3.740000	-0.860000	-5.932000	7.065113
467	8	1.695000	0.411000	-6.970300	7.185195
467	12	-1.740000	2.710000	-6.355000	7.124446
467	20	-5.510000	-1.680000	-3.930000	6.973335
467	9	-2.453000	-2.154000	-6.222100	7.026482
467	11	2.990000	1.680000	-5.708000	6.659111
467	25	3.820000	-1.170000	-5.987800	7.198267
468	8	1.688000	1.350000	-7.075000	7.397802
468	12	-1.080000	-0.070000	-6.928230	7.012251
468	20	-3.920000	-2.200000	-5.017000	6.736222
468	9	-0.988000	1.350000	-7.115800	7.309805
468	11	4.790000	0.510000	-5.397000	7.234073
468	25	4.090000	-1.620000	-5.530000	7.066357
469	8	3.260000	-0.610000	-6.587000	7.374840
469	12	-3.940000	-2.420000	-5.170000	6.936058
469	20	-2.660000	-1.220000	-5.287000	6.042878
469	9	-0.643000	0.300000	-6.853000	6.889634
469	11	3.240000	2.550000	-4.390300	6.022859
469	25	0.900000	-1.960000	-7.044200	7.366977
470	8	2.829000	-0.630000	-6.711000	7.310107
470	12	-2.570000	-0.740000	-6.709100	7.222501
470	20	-1.010000	-3.120000	-5.376500	6.297718
470	9	-0.441000	0.100000	-7.128000	7.142329
470	11	5.360000	1.370000	-4.027100	6.842809
470	25	0.140000	-0.160000	-6.265100	6.268706
471	8	2.157000	1.430000	-6.450000	6.949824
471	12	-1.210000	1.350000	-6.664400	6.906579
471	20	-1.910000	-3.050000	-5.968700	6.969647
471	9	-2.363000	0.840000	-6.663000	7.119336
471	11	4.380000	1.790000	-4.778400	6.724701
471	25	1.950000	0.600000	-6.692200	6.996288
472	8	-1.010000	1.450000	-6.845000	7.069415
472	12	-4.440000	0.440000	-5.550000	7.121074
472	20	-2.790000	-4.310000	-4.893000	7.092366
472	9	-3.006000	2.110000	-6.039000	7.068073
472	11	3.970000	-0.180000	-5.914000	7.125216
472	25	-1.490000	-0.190000	-7.195700	7.350803
473	8	1.230000	-0.820000	-6.909000	7.065379
473	12	-1.890000	-2.590000	-6.532700	7.277113
473	20	-3.130000	-3.710000	-5.148000	7.075514
473	9	-0.084000	1.170000	-6.918000	7.016743
473	11	3.260000	1.410000	-5.418000	6.478458
473	25	2.140000	-2.010000	-6.498500	7.130933
474	8	0.170000	-1.160000	-7.015000	7.112294
474	12	-2.160000	-2.550000	-6.285000	7.118239
474	20	-3.300000	-1.200000	-5.929000	6.890794
474	9	1.620000	-0.110000	-6.929000	7.116709
474	11	2.270000	3.120000	-5.614400	6.812400
474	25	1.950000	-0.390000	-7.061700	7.336362
475	8	-1.680000	-2.950000	-5.362000	6.346333
475	12	-3.260000	-1.950000	-5.983000	7.087058
475	20	-3.190000	-3.000000	-5.634000	7.135689
475	9	0.720000	-0.010000	-7.164000	7.200097
475	11	2.590000	1.440000	-5.918000	6.618491
475	25	0.740000	-2.210000	-6.129200	6.557346
476	8	1.770000	-2.040000	-6.765000	7.284211
476	12	-3.000000	1.660000	-6.196000	7.081385
476	20	-2.920000	-2.360000	-6.144000	7.200329
476	9	0.620000	2.990000	-6.747000	7.405843
476	11	2.850000	0.440000	-6.520900	7.130094
476	25	1.140000	0.300000	-6.778800	6.880533
477	8	0.700000	-2.400000	-6.961000	7.396318
477	12	-0.010000	0.880000	-6.623400	6.681611
477	20	-4.680000	0.530000	-4.693000	6.648876
477	9	-1.240000	-0.160000	-6.948600	7.060187
477	11	0.160000	2.310000	-6.792000	7.175860
477	25	2.530000	-1.860000	-6.479500	7.200307
478	8	0.010000	-1.140000	-6.838000	6.932384
478	12	-2.560000	1.510000	-6.644000	7.278491
478	20	-2.690000	-0.190000	-5.908000	6.494356
478	9	-1.810000	0.470000	-6.836000	7.087164
478	11	2.410000	3.330000	-6.030900	7.298545
478	25	1.560000	-0.690000	-6.696200	6.910050
479	8	1.190000	-0.230000	-7.006000	7.110066
479	12	-2.260000	1.230000	-6.638300	7.119517
479	20	-2.860000	-1.220000	-6.766000	7.446258
479	9	-1.170000	2.100000	-6.792900	7.205719
479	11	1.420000	2.360000	-6.793839	7.330910
479	25	2.260000	-2.090000	-6.392200	7.094781
480	8	0.350000	-0.110000	-7.303000	7.312210
480	12	-2.160000	1.650000	-6.731000	7.259095
480	20	-1.120000	-1.020000	-6.593000	6.764795
480	9	0.060000	2.310000	-6.658700	7.048261
480	11	2.190000	1.970000	-6.371900	7.019837
480	25	1.630000	-2.360000	-6.438030	7.048030
481	8	-0.640000	-0.620000	-7.223600	7.278351
481	12	-4.130000	2.210000	-5.026000	6.870348
481	20	-1.100000	-2.230000	-6.529000	6.986468
481	9	0.860000	2.110000	-6.854700	7.223476
481	11	2.850000	0.550000	-6.412100	7.038468
481	25	1.890000	-0.420000	-7.348000	7.598790
482	8	0.760000	-1.280000	-7.108000	7.262208
482	12	-2.590000	1.650000	-6.072000	6.804394
482	20	-3.570000	-1.190000	-6.189000	7.243253
482	9	2.440000	-0.450000	-6.851700	7.287105
482	11	-0.380000	2.380000	-6.327170	6.770663
482	25	2.020000	-1.370000	-6.989000	7.402933
483	8	0.120000	1.010000	-6.803500	6.879107
483	12	-0.480000	0.950000	-7.240000	7.317821
483	20	-1.390000	-1.160000	-6.734560	6.973665
483	9	1.090000	1.284000	-6.732400	6.939882
483	11	4.640000	0.460000	-5.383000	7.121649
483	25	-0.590000	-1.780000	-6.348330	6.619501
484	8	1.660000	0.790000	-6.956000	7.194834
484	12	-1.260000	-0.220000	-6.944000	7.060817
484	20	-3.200000	-1.620000	-5.999000	6.989449
484	9	0.600000	0.960000	-6.257100	6.358687
484	11	3.380000	2.310000	-5.749500	7.058134
484	25	-1.280000	0.450000	-6.979690	7.110343
485	8	2.210000	-1.055000	-6.259000	6.721027
485	12	-1.260000	0.200000	-6.876000	6.993352
485	20	-2.920000	-2.450000	-5.415000	6.622018
485	9	2.710000	0.325000	-5.661200	6.284816
485	11	0.610000	3.100000	-6.007800	6.787913
485	25	-1.620000	0.310000	-6.764680	6.962858
486	8	-1.290000	0.150000	-6.610600	6.736960
486	12	-1.490000	-1.030000	-6.286000	6.541773
486	20	-1.860000	-2.640000	-5.389000	6.282557
486	28	2.070000	-1.140000	-5.912100	6.366901
486	1	-1.960000	3.459000	-5.853600	7.076080
486	9	-3.240000	0.220000	-6.300500	7.088180
486	11	1.420000	1.500000	-6.743000	7.052266
486	25	0.570000	-2.510000	-6.352500	6.854142
487	8	0.460000	-2.238000	-6.347000	6.745714
487	12	0.660000	1.260000	-6.821000	6.967729
487	20	-2.550000	-0.650000	-5.859000	6.422841
487	28	1.590000	-3.403000	-5.961800	7.046387
487	1	-3.040000	0.577000	-5.790700	6.565572
487	9	-1.240000	-1.700000	-6.427000	6.762687
487	11	0.360000	2.250000	-6.265100	6.666602
487	25	-0.250000	0.260000	-6.899600	6.909022
488	8	-0.380000	1.500000	-6.604000	6.782862
488	12	1.800000	3.190000	-6.224000	7.221792
488	20	-4.020000	-1.220000	-5.710000	7.088928
488	28	1.280000	-0.320000	-6.855200	6.981015
488	1	-4.030000	1.681000	-6.379600	7.730845
488	9	-2.110000	1.944000	-6.208800	6.839622
488	11	-2.340000	2.800000	-5.348000	6.474311
488	25	0.090000	1.890000	-6.991007	7.242540
489	8	0.660000	0.240000	-6.525000	6.562684
489	12	-0.050000	-2.680000	-6.228800	6.781066
489	20	-3.460000	-0.780000	-5.465000	6.515077
489	28	2.160000	-2.749000	-6.241600	7.154032
489	1	-1.010000	-2.526000	-5.735700	6.348152
489	9	-2.030000	1.870000	-6.253000	6.835043
489	11	1.090000	0.760000	-6.634000	6.765771
489	25	-0.580000	-2.410000	-6.274100	6.746023
490	8	2.180000	-1.690000	-6.579000	7.133845
490	20	-1.190000	-2.470000	-6.917000	7.440557
490	28	3.320000	-0.197000	-6.293800	7.118506
490	1	-1.420000	1.098000	-6.411200	6.657739
490	9	-0.510000	1.428000	-6.908400	7.072855
490	11	1.990000	1.560000	-5.933000	6.449356
491	8	-0.710000	0.120000	-6.355000	6.395665
491	20	-1.760000	-2.260000	-6.244000	6.869697
491	28	2.770000	-2.281000	-6.350900	7.294504
491	1	-3.790000	1.411000	-6.329200	7.510912
491	9	-0.390000	2.852000	-5.947280	6.607280
491	11	2.290000	0.030000	-5.576200	6.028184
492	8	-0.420000	-2.383000	-6.763000	7.182845
492	20	-1.200000	-3.000000	-6.423000	7.189919
492	28	2.160000	-1.612000	-6.440000	6.981242
492	1	-3.040000	1.659000	-6.609290	7.461675
492	9	-1.490000	0.998000	-6.919500	7.148118
492	11	1.050000	0.650000	-6.544100	6.659598
493	8	-0.120000	-3.662000	-6.465000	7.431075
493	12	-1.510000	2.100000	-6.805000	7.279981
493	20	-0.770000	-0.060000	-6.455000	6.501040
493	28	3.440000	-2.231000	-6.008500	7.274135
493	1	-3.770000	1.381000	-5.626400	6.912050
493	9	-1.100000	2.226000	-6.909600	7.342183
493	11	1.820000	3.660000	-5.637000	6.963029
493	13	-1.860000	0.970000	-6.079400	6.431143
494	8	1.640000	-2.980000	-5.986000	6.884925
494	12	-1.140000	-0.430000	-6.563300	6.675433
494	20	-1.480000	-3.180000	-6.249000	7.166087
494	28	3.900000	-3.135000	-5.630000	7.532272
494	1	-3.620000	0.771000	-6.160800	7.187092
494	9	-1.200000	2.720000	-6.451510	7.103547
494	11	-0.390000	2.680000	-6.037000	6.616636
494	13	-0.970000	-2.830000	-5.524700	6.282683
495	8	3.470000	1.340000	-5.803000	6.892845
495	12	-2.400000	1.710000	-6.110000	6.783524
495	20	-0.850000	-2.290000	-6.710000	7.140777
495	28	0.360000	-0.978000	-6.669000	6.749937
495	1	-3.420000	2.116000	-5.804600	7.061674
495	9	-0.710000	3.530000	-6.186700	7.158230
495	11	0.870000	1.730000	-6.264000	6.556485
495	13	1.130000	-2.620000	-6.445500	7.048813
496	8	3.390000	-1.160000	-6.357100	7.297289
496	12	-0.610000	3.920000	-6.447000	7.569829
496	20	1.760000	-0.560000	-6.295000	6.560353
496	28	1.450000	-1.901000	-7.073200	7.466355
496	1	-0.980000	0.544000	-6.625200	6.719346
496	9	-3.320000	2.170000	-6.425900	7.551390
496	11	1.700000	2.520000	-5.814800	6.561425
496	13	1.010000	1.130000	-6.691200	6.860697
497	8	2.460000	0.370000	-7.207200	7.624450
497	12	-0.570000	-0.590000	-6.332000	6.384922
497	20	1.110000	-3.480000	-5.726000	6.791876
497	28	1.030000	-1.845000	-6.676000	7.002421
497	1	-1.910000	0.325000	-6.692800	6.967589
497	9	-3.840000	1.185000	-5.924000	7.158464
497	11	-1.320000	-0.180000	-7.191000	7.313363
497	13	-0.650000	-3.770000	-5.526190	6.721174
498	8	1.540000	-1.220000	-6.741100	7.021569
498	12	-2.510000	0.150000	-6.585700	7.049400
498	20	-0.510000	-2.190000	-6.523000	6.899691
498	28	2.710000	-1.317000	-6.257000	6.944684
498	1	-1.300000	-0.190000	-6.944100	7.067293
498	9	-3.510000	0.490000	-5.769000	6.770640
498	11	-0.970000	1.420000	-7.056000	7.262536
498	13	-1.810000	-1.710000	-6.074580	6.565114
499	8	0.780000	0.840000	-6.903900	6.998417
499	12	0.890000	1.530000	-6.489000	6.726078
499	20	0.710000	0.570000	-7.221000	7.278176
499	28	1.850000	1.296000	-6.693000	7.063877
499	1	-0.880000	0.844000	-6.546190	6.658779
499	9	-1.330000	1.090000	-6.161900	6.397344
499	11	0.600000	2.260000	-6.245000	6.668405
499	13	0.720000	-3.260000	-6.424700	7.240357
