# frame	protein_index	rx	ry	rz	r
0	0	3.990000	1.130000	-4.840000	6.373586
0	2	-2.258000	2.380000	-5.516000	6.417883
0	4	-5.380000	-1.470000	-3.660000	6.670899
0	6	2.430000	1.320000	-4.016000	4.876018
0	8	-0.170000	-4.276000	-2.520000	4.966234
0	12	-5.400000	-1.070000	-4.780200	7.290762
0	14	-0.531000	-0.540000	-6.377000	6.421814
0	18	-3.450000	2.719900	-3.547000	5.646376
0	20	-1.990000	-1.670000	-5.858000	6.408211
0	22	3.730000	-2.530000	-3.405000	5.648701
0	28	2.525000	1.720000	-6.479000	7.163202
0	1	-0.900000	-0.270000	-7.217000	7.277911
0	3	2.590000	1.035000	-5.970000	6.589402
0	5	3.829000	4.080000	-3.967000	6.858916
0	11	-1.280000	2.290000	-4.829000	5.495611
0	13	-0.820000	-3.130000	-5.597000	6.464960
0	15	0.220000	-4.560000	-5.156000	6.886678
0	17	-2.980000	-2.010000	-5.737000	6.770057
0	21	2.740000	1.880000	-6.193000	7.028175
0	23	3.820000	-0.980000	-4.356000	5.876014
0	27	1.170000	3.534000	-5.774400	6.870353
0	29	1.760000	-1.620000	-6.891300	7.294657
1	0	-2.530000	3.870000	-4.533000	6.475020
1	2	-1.235000	1.570000	-6.264700	6.575454
1	4	0.330000	2.700000	-6.254600	6.820478
1	6	0.890000	0.040000	-6.145540	6.209780
1	8	-1.430000	0.143000	-7.165000	7.307706
1	12	-5.330000	-1.020000	-3.852000	6.654863
1	14	4.128000	-1.010000	-5.220900	6.731885
1	18	-2.910000	0.412800	-6.534400	7.164976
1	20	0.230000	3.350000	-6.473000	7.292128
1	22	-0.860000	2.270000	-6.407000	6.851434
1	28	-1.463160	2.589000	-6.476000	7.126172
1	1	-3.060000	3.570000	-3.929000	6.127442
1	3	1.180000	0.494000	-7.084000	7.198576
1	5	3.802000	2.280000	-5.511300	7.073050
1	11	-0.940000	0.420000	-7.119000	7.193063
1	13	1.510000	-1.050000	-6.827000	7.070398
1	15	0.490000	2.620000	-6.323000	6.861839
1	17	-1.300000	2.590000	-6.047000	6.705543
1	21	-2.200000	-1.487000	-6.313900	6.849562
1	23	-3.610000	-3.900000	-3.408000	6.313206
1	27	-0.600000	4.950300	-4.742000	6.881281
1	29	-1.130000	6.400000	-1.702000	6.718162
2	0	3.800000	3.700000	-2.788000	5.991907
2	2	-1.833000	-2.200000	-5.499900	6.200709
2	4	3.310000	-0.920000	-6.183000	7.073329
2	6	-1.350000	-2.400000	-6.429000	6.993893
2	8	0.720000	1.750000	-6.241000	6.521578
2	12	-3.630000	3.280000	-3.564000	6.052883
2	14	1.410000	4.420000	-4.506000	6.467498
2	18	-3.030000	-1.185500	-5.649000	6.519012
2	20	-2.390000	-2.180000	-6.114000	6.917044
2	22	0.260000	-4.660000	-5.040000	6.869119
2	28	-0.919400	-0.165000	-7.116000	7.177045
2	1	1.970000	5.125000	-3.077000	6.294001
2	3	0.340000	0.317900	-6.924000	6.939628
2	5	1.553000	-3.080000	-6.195800	7.091273
2	11	-2.780000	4.170000	-2.250000	5.493614
2	13	-0.200000	-6.190000	-3.021000	6.890758
2	15	0.450000	5.970000	-3.965000	7.180851
2	17	-2.190000	1.940000	-6.178000	6.835743
2	21	3.590000	0.810000	-5.004000	6.211619
2	23	-2.170000	0.730000	-6.028000	6.448146
2	27	1.580000	-0.187000	-6.918100	7.098695
2	29	4.020000	-1.750000	-4.679000	6.412171
3	0	0.090000	3.330000	-4.538000	5.629427
3	2	1.736000	-1.780000	-5.833600	6.341371
3	4	-4.030000	-0.520000	-5.288000	6.668901
3	6	2.640000	4.130000	-4.802600	6.862322
3	8	-3.440000	-4.765000	-2.991000	6.594309
3	12	-1.300000	-4.360000	-4.418900	6.342419
3	14	0.400000	0.160000	-6.666000	6.679907
3	18	-0.730000	-1.919000	-6.507510	6.823719
3	20	3.870000	-2.940000	-4.061000	6.333421
3	22	-2.610000	-1.080000	-6.033000	6.661501
3	28	0.626000	-3.914000	-4.173200	5.755595
3	1	-4.610000	0.330000	-3.981000	6.099948
3	3	-0.780000	-3.629900	-6.190000	7.218080
3	5	0.560000	2.940000	-5.606300	6.355140
3	11	0.100000	-0.130000	-7.413400	7.415214
3	13	-0.250000	-3.880000	-5.756000	6.946109
3	15	0.650000	-0.490000	-6.526000	6.576570
3	17	5.870000	0.750000	-2.803000	6.547993
3	21	-1.770000	0.090000	-7.159700	7.375792
3	23	2.320000	5.530000	-3.329000	6.858975
3	27	-4.210000	2.420500	-3.713000	6.113043
3	29	2.610000	4.250000	-5.482000	7.411270
4	0	-0.550000	4.830000	-4.525000	6.641312
4	2	0.903000	-2.140000	-6.316400	6.729927
4	4	-1.370000	-2.400000	-5.696000	6.330981
4	6	1.720000	4.880000	-1.379000	5.354852
4	8	3.990000	-2.445000	-3.654000	5.937158
4	12	-1.330000	-0.830000	-6.969000	7.143162
4	14	2.220000	-1.230000	-5.792500	6.324109
4	18	3.170000	1.368900	-6.002000	6.924362
4	20	0.260000	-2.880000	-6.058600	6.713318
4	22	2.370000	-0.810000	-5.873000	6.384758
4	28	4.071000	-3.143000	-4.294000	6.699994
4	1	-0.330000	-0.080000	-6.399800	6.408802
4	3	1.610000	5.821100	-3.181000	6.826131
4	5	5.329000	-0.060000	-2.482000	5.878960
4	11	1.300000	0.920000	-7.139000	7.314487
4	13	3.330000	0.590000	-5.426000	6.393628
4	15	2.470000	-3.800000	-5.650000	7.243162
4	17	-0.220000	1.410000	-6.662000	6.813130
4	21	2.160000	0.240000	-6.436400	6.793412
4	23	-6.370000	0.570000	-2.826000	6.992001
4	27	1.100000	2.864880	-5.277500	6.104879
4	29	-1.580000	2.140000	-6.579000	7.096425
5	0	1.620000	3.680000	-5.234000	6.600118
5	2	-1.868000	2.020000	-6.014600	6.614018
5	4	-1.420000	6.570000	-2.728000	7.254191
5	6	-1.370000	4.320000	-4.759800	6.572290
5	8	-2.500000	-1.030000	-6.200000	6.763941
5	12	-3.050000	-2.270000	-5.551000	6.728224
5	14	4.187000	1.710000	-5.349600	7.005233
5	18	-0.720000	5.057100	-2.912000	5.879830
5	20	2.770000	-0.880000	-6.042800	6.705426
5	22	1.740000	-1.940000	-6.443000	6.950068
5	28	-1.133000	-0.110000	-6.805500	6.900045
5	1	-1.600000	-3.840000	-5.578500	6.958826
5	3	-2.060000	0.998500	-6.634000	7.017874
5	5	3.982000	-3.280000	-3.291000	6.119265
5	11	-4.270000	-3.780000	-3.738000	6.818647
5	13	-2.210000	-3.890000	-5.281000	6.921355
5	15	0.690000	-4.200000	-5.361000	6.845175
5	17	-0.700000	3.020000	-6.500000	7.201417
5	21	-0.180000	1.050000	-7.146000	7.224972
5	23	2.910000	-1.040000	-6.095000	6.833647
5	27	4.200000	-0.537000	-5.804100	7.184424
5	29	-1.370000	5.450000	-2.612000	6.196930
6	0	0.500000	3.530000	-5.155000	6.267769
6	2	-2.171000	-0.670000	-5.950900	6.369878
6	4	-1.820000	1.560000	-6.682000	7.098952
6	6	-0.730000	0.780000	-6.819000	6.902178
6	8	3.210000	2.690000	-4.381000	6.060805
6	12	-1.540000	1.020000	-6.656000	6.907556
6	14	-0.624000	2.260000	-6.802000	7.194733
6	16	-4.210000	1.862400	-5.082000	6.857066
6	18	0.460000	0.559400	-7.138200	7.174847
6	20	-2.000000	1.760000	-6.206700	6.754312
6	22	-3.190000	-0.360000	-6.443000	7.198469
6	28	1.981000	0.953000	-6.966000	7.304637
6	1	1.790000	1.960000	-6.309100	6.844738
6	3	-0.300000	-1.852400	-6.789000	7.043572
6	5	-1.473600	-0.610000	-6.116200	6.320720
6	7	4.280000	1.668000	-5.165000	6.912152
6	11	4.290000	-2.030000	-5.183000	7.027694
6	13	4.640000	-4.700000	-2.039000	6.912100
6	15	5.150000	-2.780000	-1.971000	6.175414
6	17	0.680000	3.830000	-6.021000	7.168245
6	21	-1.780000	2.570000	-6.265100	7.001770
6	23	-3.760000	4.700000	-4.115000	7.291147
6	27	-2.630000	-3.901000	-5.082300	6.925639
6	29	-0.060000	-5.260000	-2.231000	5.713892
7	0	-4.000000	-0.290000	-4.352000	5.918108
7	2	-0.770000	3.940000	-5.740300	7.004823
7	4	1.850000	0.320000	-6.418900	6.687838
7	6	1.420000	2.520000	-5.435800	6.157493
7	8	-1.920000	5.430000	-2.736000	6.376284
7	12	-2.030000	-4.330000	-4.735000	6.729786
7	14	-2.762000	-0.810000	-5.796700	6.471976
7	16	-3.360000	-0.588200	-5.980000	6.884474
7	18	-2.750000	0.017300	-6.794000	7.329477
7	20	-1.260000	1.910000	-6.572000	6.958943
7	22	-4.220000	3.680000	-2.902000	6.306537
7	28	2.065800	0.242300	-5.900700	6.256557
7	1	1.870000	0.480000	-6.894000	7.159227
7	3	4.540000	2.000900	-4.561200	6.739417
7	5	-0.642000	5.010000	-5.454500	7.433965
7	7	4.540000	-0.374000	-3.777000	5.917534
7	11	-2.700000	2.360000	-4.836000	6.020506
7	13	-4.080000	0.230000	-3.902900	5.650834
7	15	3.220000	-1.580000	-5.842300	6.855455
7	17	4.220000	0.670000	-5.537000	6.993974
7	21	-2.220000	4.210000	-3.499000	5.907241
7	23	-3.780000	-0.830000	-6.085000	7.211416
7	27	3.990000	2.312900	-4.714000	6.594801
7	29	-1.760000	2.000000	-6.388400	6.921651
8	0	-3.450000	-2.180000	-4.966000	6.427757
8	2	-1.680000	-2.240000	-5.340000	6.029561
8	4	0.630000	1.010000	-6.767800	6.871690
8	6	-4.740000	0.890000	-3.728000	6.095710
8	8	-1.180000	2.490000	-6.235000	6.816724
8	12	-0.530000	0.830000	-6.520000	6.593952
8	14	2.090000	-4.090000	-5.181820	6.924410
8	16	-3.460000	2.049900	-5.805000	7.061991
8	18	0.180000	-0.185300	-7.529000	7.533431
8	20	-2.320000	1.960000	-6.183300	6.888919
8	22	2.950000	-0.610000	-6.310000	6.992188
8	28	0.045100	-5.366000	-1.681000	5.623322
8	1	2.360000	-3.760000	-3.415000	5.600841
8	3	4.240000	0.735200	-4.394800	6.150804
8	5	-0.667000	-4.420000	-2.472000	5.108040
8	7	0.280000	0.642000	-7.171000	7.205124
8	11	-0.210000	4.410000	-4.853000	6.560778
8	13	2.780000	3.260000	-5.648000	7.089140
8	15	3.400000	-3.910000	-4.581000	6.916188
8	17	-2.270000	-0.890000	-6.414000	6.861807
8	21	-1.180000	-0.050000	-7.176000	7.272543
8	23	3.390000	-1.020000	-6.159000	7.103927
8	27	2.940000	-0.902000	-5.545000	6.340680
8	29	3.090000	3.850000	-2.166000	5.390933
9	0	0.710000	2.270000	-6.484000	6.906465
9	2	3.531000	-0.710000	-5.527000	6.596953
9	4	3.630000	4.610000	-2.658000	6.441581
9	6	1.570000	-2.160000	-6.016000	6.582002
9	8	0.190000	-1.620000	-5.789000	6.014401
9	12	-0.260000	3.810000	-4.460300	5.871795
9	14	-4.760000	-2.880000	-2.062000	5.933283
9	18	1.410000	-1.547499	-6.767900	7.084301
9	20	-3.870000	2.220000	-5.329000	6.950075
9	22	0.120000	0.280000	-7.198000	7.204443
9	28	-0.183100	-0.791000	-6.892000	6.939659
9	1	2.170000	-0.030000	-6.940000	7.271410
9	3	2.320000	-1.582000	-6.385000	6.975195
9	5	-3.849000	-3.120000	-5.626200	7.496888
9	11	-1.010000	4.470000	-4.512000	6.431108
9	13	-0.140000	-0.260000	-6.922000	6.928296
9	15	-1.180000	2.170000	-6.364000	6.826551
9	17	0.460000	-3.360000	-5.699000	6.631727
9	21	-2.370000	-1.110000	-5.951500	6.501488
9	23	-5.390000	-1.880000	-1.850000	6.000750
9	27	-0.080000	1.299000	-6.535600	6.663923
9	29	0.310000	1.940000	-5.495000	5.835643
10	0	4.050000	1.990000	-3.619000	5.784441
10	2	3.271000	-3.000000	-3.680000	5.765574
10	4	-0.510000	-0.190000	-6.390330	6.413464
10	6	-5.890000	-3.560000	-0.769000	6.925104
10	8	-4.440000	-1.260000	-5.338000	7.056589
10	12	0.710000	-1.200000	-7.289000	7.421160
10	14	-5.336000	-2.170000	-4.316380	7.198120
10	18	-0.160000	0.727440	-7.377000	7.414506
10	20	0.130000	2.660000	-6.732900	7.240473
10	22	3.710000	3.580000	-3.139000	6.036043
10	28	2.236300	-1.450000	-5.307000	5.938669
10	1	0.470000	-3.950000	-5.687200	6.940291
10	3	3.920000	4.415000	-3.191000	6.711267
10	5	3.000600	-4.280000	-3.906000	6.525246
10	11	-2.660000	2.470000	-6.031000	7.039138
10	13	-0.150000	3.470000	-6.418000	7.297542
10	15	1.170000	-0.200000	-6.894000	6.995437
10	17	-3.250000	1.020000	-5.241000	6.250678
10	21	-3.660000	4.110000	-4.006100	6.807095
10	23	0.600000	-2.230000	-6.789000	7.171013
10	27	-1.960000	1.954390	-6.415700	6.987306
10	29	3.120000	3.700000	-5.015000	6.969550
11	0	-0.620000	-1.970000	-6.094000	6.434449
11	2	3.384000	-0.680000	-6.025000	6.943665
11	4	1.790000	-3.210000	-5.400100	6.532173
11	6	3.670000	-3.520000	-2.624700	5.722617
11	8	3.330000	-2.670000	-3.933000	5.803989
11	12	1.520000	-3.310000	-5.553000	6.640957
11	14	2.640000	-1.310000	-6.785000	7.397427
11	18	2.780000	-2.181000	-5.034200	6.150474
11	20	-1.580000	-2.770000	-6.262700	7.027853
11	22	4.820000	-0.690000	-3.142000	5.794883
11	28	3.177900	-3.283000	-5.509000	7.157249
11	1	4.400000	-2.140000	-1.541000	5.129745
11	3	0.760000	-1.991000	-6.868000	7.191043
11	5	4.688000	-1.620000	-4.627000	6.783132
11	11	2.540000	-2.360000	-5.111000	6.176044
11	13	0.580000	4.320000	-3.929000	5.868206
11	15	-3.680000	-0.580000	-5.914000	6.989578
11	17	-4.120000	-3.630000	-2.746000	6.139366
11	21	-0.070000	0.910000	-6.813000	6.873861
11	23	-3.060000	-4.330000	-3.374000	6.284614
11	27	-3.890000	-0.663000	-6.145000	7.302924
11	29	-0.260000	1.390000	-6.800600	6.946068
12	0	3.250000	-2.690000	-4.429000	6.116751
12	2	0.240000	5.760000	-1.582000	5.978120
12	4	-1.900000	-0.870000	-6.983100	7.289073
12	6	3.950000	-0.340000	-3.862000	5.534722
12	8	2.010000	0.140000	-6.879900	7.168872
12	12	0.610000	2.280000	-6.066000	6.508983
12	14	4.450000	0.440000	-4.650700	6.451753
12	18	-2.820000	2.092300	-4.738500	5.897754
12	20	-5.120000	2.470000	-3.632000	6.745867
12	22	-2.870000	0.580000	-5.664000	6.376064
12	28	3.101000	1.001000	-5.705000	6.570025
12	1	3.430000	1.560000	-5.650000	6.791244
12	3	3.160000	2.060000	-4.747700	6.063815
12	5	0.342000	-2.080000	-6.666000	6.991346
12	11	4.340000	1.270000	-5.641000	7.229757
12	13	-2.330000	-2.100000	-5.066900	5.959226
12	15	-1.440000	-1.850000	-6.905000	7.292128
12	17	2.160000	5.830000	-0.507000	6.237912
12	21	3.730000	-0.990000	-3.929900	5.507914
12	23	2.300000	-0.680000	-6.757800	7.170792
12	27	-0.970000	3.685290	-5.777300	6.920943
12	29	-2.900000	1.620000	-6.272200	7.097527
13	0	3.250000	-0.980000	-6.350000	7.200375
13	2	1.481000	2.070000	-5.524000	6.082174
13	4	-3.490000	-0.860000	-5.960000	6.959978
13	6	-2.810000	0.180000	-6.767000	7.329447
13	8	-1.550000	0.950000	-6.315000	6.571471
13	12	-0.840000	2.500000	-5.768000	6.342352
13	14	1.930000	-4.330000	-4.844830	6.778361
13	18	4.810000	-0.813300	-3.857000	6.218843
13	20	-0.830000	-0.200000	-6.125000	6.184216
13	22	3.570000	1.490000	-5.580000	6.789801
13	28	0.595000	4.012000	-5.788000	7.067610
13	1	-4.710000	0.840000	-4.762263	6.750470
13	3	2.420000	-4.337000	-4.047000	6.406573
13	5	4.315000	-0.690000	-5.043900	6.673549
13	11	-3.570000	0.360000	-5.464000	6.536803
13	13	2.860000	-5.080000	-3.497000	6.798162
13	15	-2.110000	-0.900000	-6.625200	7.011089
13	17	-0.440000	1.160000	-6.758000	6.870936
13	21	0.020000	1.320000	-7.116000	7.237421
13	23	5.360000	-0.740000	-3.787000	6.604436
13	27	-4.130000	1.264000	-5.670700	7.128214
13	29	2.930000	-1.880000	-5.655000	6.640657
14	0	1.500000	1.150000	-6.899000	7.153230
14	2	3.848000	0.850000	-5.287900	6.594808
14	4	5.540000	-2.160000	-4.231000	7.297846
14	6	-0.130000	-0.270000	-7.264000	7.270179
14	8	-2.990000	5.150000	-3.943000	7.142118
14	12	-3.780000	-3.160000	-4.833000	6.901586
14	14	3.430000	-0.520000	-5.096700	6.165359
14	18	4.510000	1.919000	-4.840400	6.888551
14	20	-4.570000	-1.880000	-3.437000	6.019325
14	22	-0.930000	0.610000	-6.912000	7.000910
14	24	-4.790000	2.230000	-2.025000	5.658412
14	28	2.341000	4.432000	-4.395520	6.666596
14	1	4.410000	-0.990000	-5.467000	7.093398
14	3	-0.990000	-2.844000	-5.699000	6.445699
14	5	-1.134400	0.950000	-7.027000	7.181093
14	11	-0.880000	3.400000	-5.528000	6.549289
14	13	-4.960000	-1.910000	-4.450000	6.931969
14	15	-5.360000	1.770000	-2.260000	6.080304
14	17	0.410000	-2.570000	-5.955000	6.498848
14	21	5.070000	-1.630000	-2.117000	5.730924
14	23	-0.230000	0.970000	-7.270500	7.338526
14	25	0.850000	-0.620000	-6.496900	6.581536
14	27	3.210000	3.750300	-4.101000	6.417714
14	29	3.800000	-1.690000	-5.189000	6.649949
15	0	-4.760000	4.100000	-1.111000	6.379806
15	2	3.283000	0.080000	-6.395100	7.189005
15	4	-0.780000	-4.960000	-4.828000	6.965600
15	6	0.580000	-2.980000	-6.253000	6.951029
15	8	-0.950000	3.850000	-5.029000	6.404361
15	12	-3.390000	-1.080000	-5.664000	6.688751
15	14	-1.620000	-3.620000	-5.278800	6.602615
15	18	5.160000	2.032000	-4.083000	6.886618
15	20	3.730000	2.930000	-4.308000	6.407547
15	22	-1.810000	0.320000	-6.995600	7.233044
15	24	2.070000	-1.690000	-6.410300	6.944994
15	28	-0.592000	0.538000	-7.063000	7.108156
15	1	-3.670000	-0.060000	-5.448500	6.569525
15	3	-3.660000	-0.863000	-5.331000	6.523797
15	5	0.520000	6.000000	-2.000000	6.345896
15	11	1.850000	1.880000	-6.508000	7.022177
15	13	-0.140000	2.660000	-5.742000	6.329752
15	15	3.530000	1.020000	-5.657000	6.745587
15	17	-0.210000	0.230000	-7.082000	7.088845
15	21	-0.170000	3.890000	-4.521800	5.967217
15	23	2.150000	-1.960000	-5.476000	6.200861
15	25	-3.090000	-2.680000	-5.860800	7.146991
15	27	3.250000	4.389900	-3.521000	6.498551
15	29	-2.130000	-4.340000	-3.701000	6.088506
16	0	-3.120000	-4.000000	-5.496000	7.479333
16	2	0.620000	4.490000	-5.408000	7.056271
16	4	-4.500000	2.020000	-4.038000	6.374625
16	6	-2.990000	3.700000	-4.821400	6.773182
16	8	-2.950000	-2.901000	-5.800100	7.124567
16	12	1.350000	1.010000	-6.895000	7.098142
16	14	-1.720000	1.400000	-6.189000	6.574353
16	18	-5.030000	-1.084000	-3.582000	6.269504
16	20	0.490000	-1.040000	-6.133100	6.239921
16	22	-1.390000	4.790000	-3.820000	6.282404
16	24	-0.360000	0.640000	-6.881000	6.920069
16	28	-3.386000	0.894000	-4.104600	5.395551
16	1	0.100000	1.690000	-7.082000	7.281540
16	3	1.640000	1.436600	-6.781000	7.122877
16	5	-0.778000	-0.130000	-6.987000	7.031383
16	11	3.000000	1.190000	-3.847000	5.021505
16	13	-0.410000	-4.810000	-4.511000	6.607066
16	15	-3.050000	4.210000	-5.033000	7.235861
16	17	-0.210000	0.590000	-6.911000	6.939317
16	21	-0.160000	4.310000	-4.905000	6.531518
16	23	0.130000	3.080000	-6.500500	7.194428
16	25	-1.210000	-3.370000	-6.108100	7.080246
16	27	2.370000	0.743000	-6.628000	7.078088
16	29	-0.510000	-0.770000	-6.725000	6.788124
17	0	1.300000	1.940000	-5.100000	5.609242
17	2	0.348000	-0.290000	-7.044300	7.058850
17	4	-1.870000	-3.510000	-3.497000	5.295848
17	6	-0.150000	2.130000	-6.407000	6.753447
17	8	-2.830000	-3.897000	-4.180000	6.377140
17	12	-2.450000	-0.150000	-4.877700	5.460491
17	14	3.830000	-4.130000	-2.655100	6.226986
17	18	3.300000	-0.842210	-5.423400	6.404107
17	20	-6.100000	2.000000	-2.912000	7.049095
17	22	1.410000	-2.420000	-6.582700	7.153771
17	24	4.850000	0.290000	-4.813000	6.838974
17	28	3.027000	2.188000	-6.114000	7.164570
17	1	-4.240000	0.190000	-5.359680	6.836656
17	3	3.490000	4.212990	-3.868000	6.700060
17	5	-3.793300	-1.080000	-3.847800	5.510090
17	11	3.760000	0.970000	-3.811000	5.440792
17	13	-3.450000	-0.900000	-6.181360	7.135945
17	15	-2.350000	0.650000	-5.305000	5.838495
17	17	1.660000	-3.080000	-5.153000	6.228596
17	21	-1.650000	-0.180000	-6.383800	6.596044
17	23	-0.660000	-2.870000	-6.835500	7.442887
17	25	0.860000	-1.450000	-6.662700	6.872676
17	27	-1.070000	0.954000	-6.466000	6.623003
17	29	-1.590000	-3.650000	-5.576700	6.852020
18	0	3.890000	-1.480000	-5.607000	6.982904
18	2	4.019000	-2.910000	-3.995000	6.370281
18	4	-2.560000	-0.840000	-5.973000	6.552551
18	6	-0.700000	4.790000	-3.598500	6.031857
18	8	-4.510000	0.780000	-4.019000	6.091048
18	12	2.310000	1.550000	-6.452000	7.026159
18	14	-1.200000	-2.160000	-6.691000	7.132677
18	18	1.610000	-0.977000	-7.054000	7.301065
18	20	-5.020000	0.030000	-4.297000	6.607988
18	22	2.570000	1.860000	-6.290000	7.044757
18	28	-1.489500	1.478000	-6.625000	6.949368
18	1	-3.760000	3.270000	-4.504500	6.717218
18	3	5.180000	2.223000	-4.622600	7.289894
18	5	-5.654500	1.930000	-2.946000	6.661620
18	11	-0.610000	-0.030000	-7.036000	7.062457
18	13	-5.540000	0.160000	-2.749000	6.186615
18	15	-1.310000	2.280000	-5.840000	6.404694
18	17	2.640000	-2.630000	-4.834000	6.103610
18	21	-0.540000	3.360000	-6.268100	7.132340
18	23	-0.730000	-2.870000	-6.834000	7.448044
18	27	-1.800000	4.282000	-4.509800	6.474088
18	29	-2.570000	4.020000	-5.220000	7.072036
19	0	-6.160000	-1.360000	-2.443000	6.764869
19	2	1.330000	1.420000	-6.545200	6.828246
19	4	-5.510000	0.700000	-2.312000	6.016265
19	6	-0.910000	-1.070000	-6.762000	6.906348
19	8	-2.100000	-4.229000	-3.362000	5.796334
19	12	-6.420000	1.990000	-1.695000	6.931776
19	14	-4.540000	-3.780000	-3.274000	6.754190
19	18	-0.190000	-2.280200	-6.645000	7.027904
19	20	2.170000	-1.830000	-6.698700	7.275327
19	22	-1.270000	-2.330000	-5.838000	6.412803
19	28	-2.721600	-1.025000	-6.139000	6.793015
19	1	-1.650000	4.777000	-1.440000	5.255076
19	3	4.250000	2.141000	-2.417000	5.337440
19	5	-3.576000	-3.410000	-5.443000	7.351335
19	11	3.080000	0.740000	-5.685000	6.507936
19	13	-2.570000	-2.490000	-6.519600	7.437082
19	15	-5.140000	-1.760000	-4.261000	6.904587
19	17	-3.250000	3.790000	-4.804000	6.928565
19	21	-1.900000	2.520000	-5.728000	6.539907
19	23	-4.420000	1.850000	-4.674000	6.693667
19	27	-3.370000	1.876760	-5.296400	6.552174
19	29	1.450000	3.550000	-6.131000	7.231470
20	0	2.810000	-2.490000	-5.189000	6.404836
20	2	-0.060000	0.210000	-7.160000	7.163330
20	4	-3.380000	0.470000	-6.074000	6.966978
20	6	-1.550000	-3.820000	-5.515850	6.886182
20	8	1.100000	-0.828000	-6.940000	7.075252
20	12	-2.590000	-4.170000	-4.537000	6.684412
20	14	1.320000	0.480000	-6.795000	6.938647
20	18	-2.090000	1.192000	-6.105000	6.562011
20	20	-0.450000	-2.160000	-7.059200	7.395972
20	22	-4.160000	4.050000	-2.624000	6.371301
20	28	-4.825000	-1.738000	-4.181000	6.616799
20	1	-1.713000	2.077000	-6.670000	7.192857
20	3	-2.590000	-2.688000	-5.189400	6.392442
20	5	-3.578000	-2.960000	-4.483000	6.454531
20	11	0.660000	1.390000	-5.796000	5.996775
20	13	-1.890000	2.250000	-6.574400	7.201204
20	15	-1.800000	1.160000	-6.312700	6.666017
20	17	-2.190000	5.050000	-4.530000	7.128780
20	21	1.170000	-3.810000	-5.805000	7.041521
20	23	3.870000	-0.260000	-5.865000	7.031552
20	27	-1.780000	3.607000	-3.366000	5.244884
20	29	0.590000	4.360000	-5.655000	7.164965
21	0	-3.760000	0.430000	-6.291000	7.341606
21	2	1.472000	-0.490000	-6.162200	6.354494
21	4	-3.910000	-1.020000	-5.459000	6.791847
21	6	1.710000	4.670000	-1.468000	5.185366
21	8	-2.740000	-3.540000	-4.589000	6.410782
21	12	2.070000	-5.140000	-4.020000	6.845794
21	14	-3.460000	0.680000	-5.322000	6.384174
21	18	3.970000	2.883000	-5.164000	7.123165
21	20	0.010000	-2.440000	-6.042000	6.516093
21	22	-0.610000	-0.040000	-7.435000	7.460089
21	28	3.162000	2.443000	-5.485400	6.786465
21	1	3.510000	2.742000	-3.864000	5.896538
21	3	-2.310000	-1.297000	-6.271000	6.807624
21	5	-4.103800	4.650000	-2.606000	6.727177
21	11	1.110000	2.090000	-6.137000	6.577459
21	13	-0.530000	-3.840000	-5.809900	6.984371
21	15	0.390000	-4.180000	-1.865000	4.593770
21	17	3.980000	4.150000	-2.784000	6.388549
21	21	0.810000	-0.730000	-7.073000	7.156558
21	23	2.760000	-2.680000	-5.634000	6.822167
21	27	-2.650000	4.122000	-4.966300	6.976928
21	29	1.210000	2.380000	-7.020100	7.510679
22	0	-2.430000	-0.930000	-6.278000	6.795814
22	2	-2.680000	2.200000	-4.701000	5.841387
22	4	0.430000	3.540000	-6.119000	7.082278
22	6	-0.540000	3.240000	-5.322400	6.254370
22	8	-0.680000	-3.066000	-5.597000	6.417879
22	12	2.860000	1.820000	-5.460300	6.427043
22	14	-0.830000	-2.520000	-6.479000	7.001196
22	18	3.930000	0.241000	-5.412000	6.692737
22	20	-1.500000	-3.870000	-5.660000	7.018725
22	22	-2.850000	-1.260000	-5.050000	5.934021
22	28	3.224200	3.633000	-3.762700	6.144271
22	1	4.460000	-0.180000	-5.361700	6.976520
22	3	0.190000	-1.542000	-6.186300	6.378415
22	5	2.300000	-4.440000	-4.501400	6.728016
22	11	-1.350000	-1.650000	-6.754000	7.082480
22	13	2.130000	1.120000	-6.829000	7.240617
22	15	2.280000	5.020000	-4.159000	6.906235
22	17	1.170000	2.850000	-6.081000	6.816888
22	21	-1.640000	-2.580000	-6.334000	7.033175
22	23	4.270000	3.530000	-3.814000	6.726098
22	27	-3.040000	1.167000	-6.213000	7.014617
22	29	-1.290000	-1.270000	-7.171900	7.396834
23	0	-6.020000	0.250000	-4.314000	7.410364
23	2	1.581000	1.400000	-6.868500	7.185809
23	4	-2.890000	1.660000	-5.459000	6.395966
23	6	-2.010000	5.440000	-3.048000	6.551641
23	8	-3.590000	0.178000	-6.255800	7.214902
23	12	0.280000	-5.810000	-3.386000	6.730490
23	14	3.450000	-1.180000	-5.856000	6.898379
23	18	-4.920000	-3.194000	-3.276000	6.718647
23	20	1.360000	0.520000	-6.846500	6.999612
23	22	-1.110000	-1.570000	-5.417000	5.748120
23	28	1.232700	-0.900000	-6.974000	7.139063
23	1	-2.427000	3.242000	-5.249000	6.629698
23	3	-1.590000	-0.266000	-6.723000	6.913580
23	5	2.574000	2.750000	-4.932200	6.206011
23	11	-3.940000	-1.720000	-4.859000	6.487826
23	13	0.920000	-3.770000	-6.064500	7.199824
23	15	-3.090000	4.270000	-3.979000	6.604047
23	17	0.020000	-0.500000	-6.408900	6.428406
23	21	6.090000	-0.220000	-2.855000	6.729601
23	23	-1.640000	2.340000	-6.706100	7.289511
23	27	-4.150000	-1.337000	-5.275000	6.843661
23	29	1.740000	1.240000	-5.867100	6.244042
24	0	-4.530000	4.190000	-3.284000	6.990111
24	2	0.640000	2.350000	-6.386100	6.834791
24	4	-1.960000	-0.140000	-6.701900	6.984029
24	6	3.890000	-0.850000	-5.293600	6.623957
24	8	-1.900000	-4.057000	-4.440000	6.307365
24	12	-5.130000	2.800000	-3.077000	6.604909
24	14	-0.190000	-4.230000	-4.594800	6.248295
24	18	0.070000	-4.593000	-4.111000	6.164485
24	20	0.860000	2.670000	-6.508300	7.087063
24	22	-2.300000	2.720000	-6.509000	7.419938
24	28	-0.354000	-3.389000	-5.256000	6.263878
24	1	3.690000	-0.623000	-5.922000	7.005306
24	3	-0.540000	4.244800	-5.668500	7.102240
24	5	4.085000	-0.570000	-5.637000	6.984833
24	11	1.300000	0.290000	-6.900900	7.028266
24	13	-4.550000	-0.430000	-4.678000	6.539961
24	15	3.620000	5.030000	-3.538000	7.136017
24	17	4.140000	0.610000	-5.808000	7.158531
24	21	3.050000	0.320000	-5.048040	5.906573
24	23	3.420000	-0.800000	-5.127000	6.214703
24	27	-1.290000	-5.764000	-2.866000	6.565192
24	29	-1.900000	-4.130000	-2.791000	5.334471
25	0	-3.410000	4.610000	-5.150000	7.707315
25	2	-2.340000	2.400000	-3.564000	4.892616
25	4	2.200000	-1.630000	-6.390900	6.952733
25	6	-1.890000	1.810000	-6.104000	6.641311
25	8	-0.070000	-2.876000	-6.247000	6.877593
25	12	-2.020000	3.610000	-5.008000	6.495580
25	14	0.810000	-1.900000	-6.720000	7.030256
25	18	2.240000	4.370000	-2.718000	5.612666
25	20	0.450000	2.140000	-6.990000	7.324084
25	22	-3.950000	5.320000	-2.097000	6.949986
25	28	3.373800	-1.195400	-6.182000	7.143433
25	1	3.370000	0.270000	-5.688000	6.616883
25	3	0.410000	-1.089000	-6.296000	6.402627
25	5	-1.640000	4.560000	-4.645700	6.713101
25	11	-2.390000	-1.130000	-5.738000	6.317725
25	13	-6.170000	0.930000	-3.680000	7.244046
25	15	1.070000	-2.780000	-6.170600	6.851978
25	17	-3.800000	-0.690000	-6.017000	7.149852
25	21	-1.990000	0.080000	-6.960000	7.239344
25	23	0.270000	-1.630000	-6.929400	7.123650
25	27	5.760000	0.029000	-3.008000	6.498192
25	29	0.520000	2.860000	-6.579600	7.193131
26	0	0.330000	4.380000	-5.721000	7.212707
26	2	-2.190000	-0.600000	-5.964000	6.381645
26	4	-3.850000	0.270000	-6.478200	7.540721
26	6	-2.530000	-0.400000	-5.985900	6.510906
26	8	1.810000	1.417000	-6.623000	7.010572
26	12	-5.980000	-1.920000	-1.490000	6.454990
26	14	-5.860000	-1.360000	-2.994000	6.719616
26	18	3.870000	2.417000	-5.411500	7.078356
26	20	-1.360000	-2.520000	-5.906410	6.563968
26	22	-2.320000	-0.060000	-6.535000	6.934856
26	28	0.526800	-3.453000	-5.804000	6.774005
26	1	1.310000	2.228000	-6.805000	7.279293
26	3	3.130000	2.940300	-5.453100	6.941078
26	5	-0.675000	2.780000	-6.219000	6.845435
26	11	2.090000	0.580000	-6.677400	7.020838
26	13	-1.340000	3.600000	-5.269000	6.520580
26	15	2.590000	-1.010000	-5.831300	6.460051
26	17	2.380000	-1.740000	-5.982000	6.669057
26	21	-3.900000	-1.900000	-3.573000	5.620172
26	23	-3.910000	1.130000	-6.004000	7.253483
26	27	4.060000	-1.426000	-2.049000	4.766076
26	29	1.940000	0.720000	-5.792900	6.151397
27	0	-3.060000	-2.460000	-3.948000	5.567935
27	2	1.410000	-1.920000	-6.366000	6.797092
27	4	1.150000	-3.760000	-4.468000	5.951733
27	6	3.740000	2.300000	-5.304000	6.885493
27	8	-2.090000	-1.390000	-5.265000	5.832703
27	12	0.210000	5.160000	-2.573000	5.769751
27	14	-1.740000	-2.820000	-5.842800	6.717017
27	18	-3.820000	-0.767000	-5.316340	6.591218
27	20	2.320000	2.500000	-6.483500	7.325856
27	22	2.580000	-5.010000	-3.255000	6.507805
27	28	2.780600	-0.510200	-5.619000	6.290088
27	1	-0.991000	-4.420000	-4.765900	6.575126
27	3	-1.140000	-0.568000	-7.244000	7.355118
27	5	-0.288000	1.840000	-6.752000	7.004145
27	11	4.010000	-0.040000	-6.212000	7.393960
27	13	3.300000	1.360000	-4.423000	5.683531
27	15	-1.100000	2.310000	-6.987000	7.440717
27	17	-3.100000	3.480000	-4.363000	6.384056
27	21	-3.860000	-4.080000	-1.573000	5.832695
27	23	-3.950000	4.480000	-1.895000	6.266093
27	27	1.280000	-0.878000	-6.811000	6.985628
27	29	-3.160000	-3.930000	-1.390000	5.230927
28	0	0.370000	5.730000	-3.624000	6.789932
28	2	0.570000	-0.710000	-7.034000	7.092683
28	4	0.670000	3.810000	-5.136000	6.429891
28	6	-1.720000	-1.030000	-6.536700	6.837232
28	8	-1.060000	4.239000	-5.105000	6.719654
28	12	-2.690000	2.970000	-4.819000	6.267357
28	14	2.330000	-2.900000	-5.821000	6.908179
28	18	-2.970000	1.243000	-5.637400	6.492013
28	20	3.720000	1.150000	-5.681000	6.887283
28	22	0.530000	2.910000	-6.483000	7.125889
28	28	5.532000	1.065000	-4.073017	6.951742
28	1	2.068000	-0.670000	-6.360000	6.721244
28	3	-4.590000	-0.717000	-5.787000	7.421021
28	5	-2.431100	3.120000	-4.603800	6.069565
28	11	-1.720000	0.800000	-6.933000	7.187829
28	13	1.240000	0.310000	-6.931800	7.048656
28	15	-3.000000	-0.160000	-6.474000	7.137106
28	17	-4.350000	2.210000	-5.153000	7.096479
28	21	-4.740000	2.550000	-3.376000	6.353540
28	23	2.360000	0.490000	-6.081100	6.541367
28	27	-0.190000	3.060000	-4.996500	5.862142
28	29	-0.400000	2.650000	-6.153000	6.711327
29	0	-1.920000	5.430000	-2.981000	6.485188
29	2	-5.450000	0.270000	-3.313000	6.383680
29	4	-3.450000	0.540000	-3.551000	4.980331
29	6	1.000000	3.810000	-5.791960	7.004491
29	8	-0.270000	4.240000	-5.112800	6.647648
29	12	1.200000	5.550000	-4.077000	6.990310
29	14	0.850000	1.090000	-6.536000	6.680561
29	18	3.410000	-4.722800	-3.068000	6.583735
29	20	-0.520000	-1.560000	-6.913900	7.106758
29	22	0.770000	2.880000	-6.232000	6.908337
29	28	-0.123000	3.464000	-6.310000	7.199342
29	1	-4.074000	1.764000	-3.071000	5.398168
29	3	-2.090000	-5.421000	-3.344000	6.703557
29	5	0.726000	1.220000	-7.066700	7.207893
29	11	-3.950000	2.350000	-5.487800	7.158278
29	13	-4.320000	-2.690000	-4.449000	6.759593
29	15	-4.940000	-2.590000	-2.796000	6.239336
29	17	4.520000	-1.390000	-3.329000	5.783143
29	21	-1.480000	4.000000	-5.573870	7.018435
29	23	0.450000	1.650000	-6.821900	7.033016
29	27	-4.150000	1.711200	-5.654400	7.219622
29	29	3.310000	-2.020000	-6.004000	7.147343
30	0	-0.840000	4.960000	-5.105000	7.167163
30	2	-1.580000	2.990000	-5.886000	6.788335
30	4	-0.930000	1.930000	-7.114000	7.429589
30	6	1.760000	1.250000	-5.705200	6.099951
30	8	-2.580000	1.227000	-6.255500	6.877006
30	12	0.560000	4.040000	-5.525900	6.868098
30	14	0.970000	-1.780000	-7.067000	7.351992
30	16	1.920000	-3.677000	-4.657000	6.236536
30	18	1.430000	-2.556000	-4.838000	5.655465
30	20	1.370000	4.490000	-5.270000	7.057613
30	22	-0.730000	-0.030000	-5.475000	5.523534
30	28	-2.017500	2.048000	-5.935000	6.594607
30	1	0.454000	0.190000	-6.971000	6.988352
30	3	-1.480000	-0.618000	-6.170400	6.375434
30	5	4.811000	2.040000	-0.834000	5.291774
30	7	-2.860000	4.058000	-1.410000	5.160917
30	11	-0.860000	-4.120000	-5.784000	7.153227
30	13	3.640000	4.700000	-1.596000	6.155227
30	15	-3.050000	0.310000	-6.074000	6.803828
30	17	5.240000	0.960000	-4.442000	6.936178
30	21	1.460000	-1.970000	-6.116200	6.589416
30	23	0.830000	3.970000	-6.042600	7.277556
30	27	0.890000	-1.160000	-6.555900	6.716958
30	29	0.570000	0.030000	-7.020800	7.043964
31	0	4.170000	-0.360000	-4.862000	6.415415
31	2	2.320000	-0.040000	-5.428000	5.903150
31	4	-5.140000	-1.980000	-5.001000	7.439758
31	6	-4.060000	-1.070000	-5.456900	6.885220
31	8	-0.040000	0.904000	-6.679000	6.740019
31	12	-2.920000	1.410000	-5.700500	6.558216
31	14	2.290000	-0.740000	-6.442160	6.877000
31	16	-4.390000	4.914000	-2.718000	7.127904
31	18	-0.320000	-3.658000	-5.041000	6.236589
31	20	0.240000	4.250000	-5.512000	6.964355
31	22	-2.810000	-4.770000	-2.900000	6.249720
31	28	0.289000	-4.741000	-3.920800	6.158999
31	1	2.579000	0.521000	-6.614000	7.118123
31	3	0.400000	0.030000	-6.733000	6.744938
31	5	2.907000	-1.270000	-5.561500	6.402643
31	7	-1.770000	-0.597200	-6.668000	6.924722
31	11	-0.930000	0.020000	-7.190100	7.250023
31	13	-0.420000	-2.460000	-6.107000	6.597230
31	15	-0.350000	1.790000	-5.657900	5.944614
31	17	-2.730000	3.240000	-4.632000	6.277414
31	21	-1.510000	-3.080000	-4.838000	5.930661
31	23	0.840000	-2.970000	-5.223700	6.067416
31	27	-1.390000	-4.565000	-0.931000	4.861901
31	29	-0.880000	3.630000	-4.294000	5.691198
32	0	-2.570000	0.510000	-6.476000	6.985956
32	2	-0.190000	1.300000	-6.542000	6.672620
32	4	-3.360000	1.250000	-5.761900	6.786132
32	6	-5.210000	-0.130000	-3.966000	6.549058
32	8	0.330000	-0.632000	-7.036400	7.072429
32	12	-3.340000	3.120000	-3.621000	5.831093
32	14	-0.220000	-4.120000	-5.372000	6.773565
32	16	1.570000	4.275000	-5.192000	6.906330
32	18	2.140000	0.904000	-6.620600	7.016350
32	20	4.100000	3.280000	-3.828000	6.497845
32	22	2.960000	-0.840000	-6.556000	7.242122
32	28	-4.132000	1.409000	-4.187250	6.049113
32	1	4.216000	-0.990000	-5.105400	6.694764
32	3	0.890000	-4.696700	-4.972700	6.897741
32	5	0.352000	-0.080000	-6.508000	6.518003
32	7	0.090000	-0.676000	-6.791000	6.825156
32	11	-1.190000	2.610000	-4.617000	5.435521
32	13	-0.750000	-4.220000	-5.849000	7.251324
32	15	-2.550000	4.610000	-4.099000	6.675058
32	17	-2.540000	-4.470000	-4.262000	6.678109
32	21	-2.760000	-3.220000	-5.226000	6.730310
32	23	-1.840000	-0.880000	-6.239000	6.563926
32	27	3.830000	0.323000	-4.324000	5.785344
32	29	-0.760000	-4.300000	-4.780000	6.474257
33	0	0.070000	-1.050000	-7.224000	7.300245
33	2	4.378000	2.690000	-3.238000	6.073519
33	4	-1.770000	-0.350000	-7.254500	7.475505
33	6	1.040000	1.650000	-6.256700	6.553655
33	8	-4.150000	-0.977000	-4.742000	6.376801
33	12	-1.800000	1.710000	-6.922000	7.353787
33	14	3.610000	0.920000	-5.999850	7.062344
33	16	-0.670000	-3.264000	-5.744000	6.640492
33	18	3.330000	1.107000	-6.371600	7.274038
33	20	-2.280000	1.090000	-6.852000	7.303178
33	22	-1.040000	1.430000	-6.665000	6.895558
33	28	-1.757000	0.417000	-6.603000	6.845476
33	1	0.621000	-0.200000	-6.795000	6.826248
33	3	-4.800000	-2.385000	-4.393800	6.930635
33	5	-3.474000	2.100000	-4.607800	6.140887
33	7	-5.530000	0.760000	-1.157000	5.700627
33	11	-2.910000	-3.780000	-3.815000	6.108251
33	13	3.670000	-0.340000	-5.312000	6.465435
33	15	0.540000	0.380000	-7.153000	7.183412
33	17	-0.090000	0.330000	-6.412900	6.422016
33	21	3.850000	-1.190000	-5.693600	6.975362
33	23	3.030000	-3.150000	-5.410300	6.955196
33	27	-3.310000	1.004000	-3.484000	4.909417
33	29	-3.350000	-1.330000	-4.796000	5.999418
34	0	0.310000	2.050000	-7.362000	7.648375
34	2	3.763000	3.640000	-4.634000	6.991690
34	4	-3.950000	1.180000	-4.471000	6.081508
34	6	0.260000	-4.050000	-4.218000	5.853343
34	8	0.180000	-1.965400	-6.702300	6.986846
34	12	2.360000	-3.900000	-3.771000	5.916083
34	14	-0.550000	-0.780000	-6.832000	6.898342
34	16	-1.620000	1.038000	-5.405000	5.737235
34	18	1.670000	0.080000	-6.845650	7.046859
34	20	-2.250000	2.760000	-6.007000	6.983133
34	22	0.920000	0.260000	-6.828000	6.894605
34	28	-4.637600	2.932000	-1.951000	5.823260
34	1	-1.158000	4.570000	-4.355000	6.418091
34	3	-3.810000	4.784000	-2.095000	6.464656
34	5	4.426000	2.060000	-5.191400	7.126269
34	7	5.120000	-0.526000	-2.960000	5.937396
34	11	3.910000	2.240000	-4.743000	6.542305
34	13	-0.450000	-0.240000	-7.255630	7.273532
34	15	-4.740000	2.950000	-3.302000	6.486394
34	17	0.570000	4.910000	-4.486000	6.675118
34	21	-2.320000	-4.670000	-3.127000	6.080249
34	23	2.070000	1.590000	-6.712400	7.202035
34	27	1.850000	1.909000	-6.758300	7.262327
34	29	-0.860000	-2.310000	-6.320000	6.783664
35	0	0.960000	-2.480000	-6.484000	7.008156
35	2	-0.015000	4.790000	-4.189000	6.363336
35	4	-3.100000	-4.790000	-0.737000	5.753023
35	6	-0.060000	6.520000	-2.858000	7.119141
35	8	-4.170000	3.403000	-3.951000	6.676804
35	12	-4.180000	5.030000	-1.944000	6.822935
35	14	0.510000	-0.560000	-7.037000	7.077646
35	16	1.180000	2.974000	-6.358100	7.117760
35	18	-4.870000	1.445000	-4.469000	6.765862
35	20	-2.600000	3.490000	-5.451000	6.975206
35	22	1.870000	-3.420000	-5.998000	7.153272
35	28	-1.622000	2.540000	-5.373500	6.160924
35	1	1.322000	-1.660000	-5.588400	5.977750
35	3	1.680000	2.705700	-5.934800	6.735359
35	5	0.290700	1.440000	-6.536700	6.699743
35	7	-2.840000	-3.685000	-5.730400	7.381213
35	11	-1.850000	-4.410000	-5.289000	7.130506
35	13	-1.720000	3.500000	-5.347000	6.618067
35	15	0.430000	-1.930000	-6.804100	7.085589
35	17	-3.120000	2.620000	-4.808000	6.302036
35	21	-2.410000	-3.120000	-5.159000	6.492902
35	23	-0.200000	-3.840000	-6.174000	7.273505
35	27	4.660000	-0.931000	-4.637100	6.639658
35	29	-2.090000	5.250000	-2.046000	6.009718
36	0	-2.530000	-3.310000	-5.821000	7.158285
36	2	-5.113000	-0.570000	-4.116000	6.588560
36	4	-3.520000	0.150000	-6.329400	7.243908
36	6	2.200000	-0.470000	-5.925980	6.338623
36	8	0.700000	-3.014100	-6.301200	7.019966
36	12	-1.750000	5.910000	-2.944000	6.830647
36	14	0.070000	1.540000	-6.643000	6.819527
36	16	2.310000	0.018000	-6.757900	7.141823
36	18	-0.480000	2.640000	-5.746000	6.341649
36	20	-2.590000	1.820000	-4.933000	5.861313
36	22	4.600000	-2.210000	-3.604000	6.247633
36	28	1.564000	4.018000	-4.446000	6.193330
36	1	2.586000	2.730000	-6.001920	7.082608
36	3	-1.490000	-1.184000	-5.900300	6.199637
36	5	1.513500	-1.090000	-6.422500	6.687846
36	7	-1.000000	2.228600	-6.745300	7.173962
36	11	-1.770000	-3.780000	-4.472000	6.117196
36	13	3.450000	-2.080000	-5.787000	7.051118
36	15	-0.790000	-0.610000	-6.477700	6.554144
36	17	1.740000	3.490000	-5.324000	6.599445
36	21	-4.250000	-2.570000	-5.103990	7.121665
36	23	1.170000	0.560000	-6.649300	6.774636
36	27	-0.030000	3.578800	-5.797100	6.812861
36	29	-0.540000	-2.750000	-3.064000	4.152372
37	0	-1.250000	-1.670000	-6.872000	7.181628
37	2	3.451000	-3.990000	-3.690000	6.437826
37	4	-2.130000	0.690000	-6.450700	6.828216
37	6	-0.550000	-2.750000	-6.421000	7.006728
37	8	-1.070000	4.784000	-4.863000	6.905094
37	12	-1.290000	-3.720000	-4.621300	6.071154
37	14	-1.090000	1.530000	-5.076400	5.412840
37	16	4.720000	2.931000	-1.992000	5.902307
37	18	3.040000	1.680000	-6.255000	7.154651
37	20	3.460000	4.710000	-1.928000	6.154095
37	22	0.560000	-4.490000	-3.194000	5.538532
37	28	-1.887000	-4.647000	-4.884100	7.000701
37	1	-1.381000	4.560000	-4.705000	6.696102
37	3	-1.590000	-1.335000	-7.081000	7.379084
37	5	4.290860	2.130000	-4.883000	6.840473
37	7	-1.450000	3.058800	-6.716400	7.521222
37	11	1.470000	3.560000	-5.530000	6.739095
37	13	4.170000	-0.820000	-5.443000	6.905617
37	15	-4.770000	0.270000	-5.032000	6.938791
37	17	-0.450000	-2.570000	-6.041400	6.580723
37	21	0.230000	-2.180000	-6.809000	7.153166
37	23	0.930000	1.130000	-6.509000	6.671498
37	27	1.440000	2.581000	-6.030400	6.715719
37	29	0.270000	0.920000	-6.964900	7.030585
38	0	-1.450000	0.220000	-6.960000	7.112841
38	2	1.319000	1.430000	-6.779900	7.053489
38	4	-0.660000	-4.990000	-4.814000	6.964933
38	6	-1.660000	4.960000	-4.373000	6.817648
38	8	2.990000	2.708000	-5.617700	6.916062
38	10	1.140000	-0.920000	-6.826000	6.981424
38	12	-2.660000	-0.620000	-6.754800	7.286105
38	14	1.680000	-3.030000	-5.426600	6.438267
38	16	-0.630000	-0.166000	-6.525000	6.557445
38	18	0.010000	2.170000	-6.307400	6.670254
38	20	-1.860000	4.840000	-2.901000	5.941465
38	22	-0.060000	0.980000	-6.739000	6.810148
38	28	-2.232000	-1.180000	-6.004000	6.513236
38	1	3.511000	0.810000	-5.802240	6.830023
38	3	-4.290000	-0.820000	-5.707500	7.186936
38	5	-0.490990	-1.750000	-6.535100	6.783148
38	7	1.620000	1.093700	-6.464000	6.753064
38	9	-3.300000	3.420000	-5.698000	7.419812
38	11	-5.220000	-2.230000	-3.998000	6.943004
38	13	-0.780000	4.070000	-4.596000	6.188418
38	15	-1.160000	-2.130000	-5.291000	5.820411
38	17	0.050000	4.120000	-5.389900	6.784388
38	21	-1.170000	-1.000000	-7.021000	7.187722
38	23	2.160000	-3.130000	-5.776700	6.916123
38	27	-2.560000	-2.095000	-5.650440	6.547526
38	29	0.460000	-4.040000	-3.593000	5.426127
39	0	-1.380000	-0.470000	-6.887800	7.040390
39	2	3.398000	-1.800000	-6.167300	7.267874
39	4	-2.710000	-2.200000	-5.839500	6.803224
39	6	-2.590000	-0.810000	-5.375000	6.021198
39	8	3.950000	-0.920000	-5.807900	7.083827
39	10	-6.230000	-1.950000	-2.128000	6.866133
39	12	-4.750000	-1.480000	-3.100000	5.861988
39	14	-4.630000	3.029000	-4.047000	6.854922
39	16	-0.320000	0.934000	-7.043000	7.111864
39	20	0.380000	2.050000	-5.408000	5.795978
39	22	2.670000	2.140000	-5.478000	6.458869
39	28	3.535000	-2.603140	-5.373400	6.938731
39	1	-2.509000	4.180000	-2.987000	5.717486
39	3	-1.180000	3.614000	-5.053800	6.324104
39	5	-4.030700	-2.140000	-5.139000	6.872806
39	7	-1.250000	-0.451000	-7.027800	7.152333
39	9	-1.340000	-0.750000	-6.855000	7.024893
39	11	0.890000	1.280000	-5.861000	6.064802
39	13	-1.660000	3.980000	-5.561800	7.037728
39	15	-3.910000	1.490000	-5.346000	6.788808
39	17	0.420000	-4.330000	-4.732000	6.427840
39	23	3.940000	-2.650000	-4.978000	6.879432
39	27	-3.670000	-0.475000	-5.818600	6.895697
39	29	-0.160000	-3.660000	-5.939000	6.978031
40	0	2.120000	-4.420000	-3.855000	6.236331
40	2	-4.024000	-1.680000	-5.193000	6.781019
40	4	3.160000	0.140000	-5.077700	5.982327
40	6	-3.780000	2.610000	-0.397000	4.610652
40	8	-0.830000	2.968000	-6.682100	7.358559
40	10	-0.560000	3.360000	-5.934000	6.842189
40	12	-3.570000	-2.510000	-4.466000	6.244210
40	14	0.370000	-0.610000	-6.724000	6.761744
40	16	2.630000	-2.145000	-5.679000	6.615812
40	20	2.430000	2.210000	-5.941000	6.788555
40	22	0.620000	3.640000	-5.661000	6.758766
40	28	0.539000	-3.685900	-5.358800	6.526340
40	1	2.732000	0.080000	-6.374600	6.935831
40	3	5.250000	0.076000	-1.698000	5.518286
40	5	-2.069200	0.020000	-6.422230	6.747372
40	7	1.300000	1.475000	-6.935100	7.208414
40	9	-3.280000	1.040000	-5.836000	6.774872
40	11	4.030000	2.150000	-4.524000	6.428839
40	13	-0.710000	2.470000	-6.359200	6.858894
40	15	-4.020000	-3.080000	-1.670000	5.332513
40	17	0.560000	3.680000	-6.115100	7.158942
40	23	2.570000	1.050000	-6.384970	6.962416
40	27	1.420000	-3.112000	-5.530600	6.502959
40	29	-0.890000	-1.660000	-6.348000	6.621541
41	0	-3.760000	0.320000	-5.733000	6.863475
41	2	0.149000	0.390000	-7.136000	7.148202
41	4	-0.210000	-0.340000	-7.114000	7.125216
41	6	1.980000	-1.810000	-6.621400	7.144189
41	8	4.600000	-0.978000	-4.620000	6.592487
41	10	-0.930000	1.080000	-7.104000	7.245558
41	12	-2.000000	-2.270000	-6.061900	6.774919
41	14	-5.060000	-2.960000	-3.166000	6.662489
41	16	-0.610000	2.432300	-6.599000	7.059390
41	20	1.960000	-0.210000	-5.440000	5.786130
41	22	-1.240000	-0.650000	-5.749000	5.917018
41	28	1.922000	-4.501000	-4.230600	6.469240
41	1	-4.931000	-0.470000	-4.173000	6.476850
41	3	-1.890000	2.354000	-6.495700	7.162928
41	5	3.395000	1.180000	-4.737000	5.946225
41	7	-4.430000	-2.853000	-1.073000	5.377345
41	9	-3.310000	2.570000	-3.947200	5.756856
41	11	-1.100000	2.100000	-6.150000	6.591092
41	13	1.020000	-2.470000	-6.230700	6.779596
41	15	1.170000	-5.860000	-3.553000	6.952144
41	17	-0.900000	0.540000	-6.438000	6.522993
41	23	-4.310000	1.710000	-5.139100	6.921745
41	27	1.530000	-5.627000	-1.495000	6.019888
41	29	0.610000	3.950000	-5.560000	6.847496
42	0	0.760000	-4.260000	-3.544000	5.593312
42	2	0.501000	2.060000	-6.703290	7.030555
42	4	3.540000	0.710000	-3.549000	5.062717
42	6	-0.710000	1.210000	-7.076800	7.214520
42	8	-3.030000	1.988000	-5.800900	6.839845
42	10	-1.470000	5.210000	-3.376000	6.379841
42	12	-0.440000	-2.650000	-6.197700	6.754819
42	14	-3.020000	0.870000	-6.237000	6.984087
42	16	-3.590000	4.185200	-4.102000	6.872438
42	20	-0.800000	-4.600000	-2.955000	5.525579
42	22	-1.170000	-1.010000	-7.516000	7.673282
42	28	-2.313000	-2.938600	-5.261000	6.454724
42	1	2.295000	0.960000	-6.827000	7.266124
42	3	4.960000	-3.581000	-3.553000	7.074530
42	5	-2.384500	-3.640000	-5.080000	6.688934
42	7	-3.480000	-1.396000	-4.758000	6.057869
42	9	-0.260000	4.730000	-5.290200	7.101177
42	11	-3.290000	3.000000	-2.893000	5.309760
42	13	0.190000	3.530000	-6.180200	7.119822
42	15	0.220000	-3.400000	-5.694000	6.635513
42	17	-4.090000	1.660000	-5.562000	7.100672
42	23	2.800000	3.790000	-3.014000	5.593594
42	27	1.600000	-3.776000	-5.234500	6.649674
42	29	-2.470000	0.210000	-6.341000	6.808324
43	0	-5.590000	1.000000	-2.349000	6.145397
43	2	-1.659000	0.720000	-6.256300	6.512447
43	4	-4.360000	0.120000	-5.608000	7.104482
43	6	-1.690000	0.020000	-7.074500	7.273586
43	8	1.480000	-1.218000	-6.367700	6.649927
43	10	-1.530000	4.360000	-4.561000	6.492551
43	12	-5.280000	0.270000	-4.842800	7.169659
43	14	-1.630000	-5.040000	-2.119000	5.705143
43	16	-4.920000	-1.389000	-2.971000	5.912915
43	20	-1.380000	4.490000	-5.609000	7.316104
43	22	-0.860000	0.620000	-6.966000	7.046216
43	28	2.892000	-0.503000	-4.991100	5.790315
43	1	-0.390000	-0.060000	-7.189000	7.199821
43	3	2.750000	-0.404000	-6.471200	7.042879
43	5	3.316000	-3.210000	-4.780000	6.644423
43	7	0.720000	3.628000	-5.510400	6.636663
43	9	-2.450000	-3.430000	-5.546300	6.966265
43	11	4.090000	0.800000	-5.092000	6.580012
43	13	2.860000	-1.920000	-6.100100	7.005514
43	15	-0.230000	-4.370000	-3.563000	5.643117
43	17	0.680000	0.840000	-6.184800	6.278515
43	23	6.040000	-1.920000	-3.418000	7.200745
43	27	-5.540000	0.368400	-4.095000	6.899010
43	29	3.830000	2.000000	-4.305000	6.099338
44	0	2.670000	1.600000	-5.489000	6.310152
44	2	-1.731000	0.000000	-7.238800	7.442888
44	4	-1.910000	-3.330000	-5.619000	6.805157
44	6	6.300000	0.720000	-2.039000	6.660775
44	8	-1.550000	1.216000	-7.024300	7.295337
44	10	-0.530000	3.590000	-5.573000	6.650363
44	12	-2.910000	-5.380000	-1.522000	6.303093
44	14	-2.220000	-1.740000	-5.964900	6.598184
44	16	-2.690000	3.250000	-5.996000	7.331481
44	20	-0.260000	4.230000	-5.432000	6.889639
44	22	3.290000	-3.790000	-4.070000	6.461664
44	28	-2.118000	1.525000	-6.737000	7.224868
44	1	-1.769000	-1.230000	-6.941000	7.267719
44	3	-0.070000	1.362000	-6.088200	6.239080
44	5	-1.282200	1.550000	-6.492800	6.797278
44	7	2.710000	0.157000	-6.851000	7.369189
44	9	4.950000	1.510000	-2.626000	5.803316
44	11	0.810000	-1.390000	-6.987000	7.169823
44	13	2.520000	0.250000	-6.287450	6.778269
44	15	-3.870000	0.470000	-6.035000	7.184638
44	17	-0.020000	1.140000	-6.727700	6.823632
44	23	-2.350000	-0.030000	-6.219000	6.648260
44	27	0.760000	1.056500	-6.138000	6.274459
44	29	-0.820000	-4.180000	-4.433000	6.147869
45	0	2.460000	-0.980000	-6.456000	6.977961
45	2	-0.429000	5.310000	-3.204000	6.216571
45	4	-5.390000	-1.000000	-3.641000	6.580956
45	6	-4.970000	1.430000	-2.365000	5.686741
45	8	-0.920000	-2.620000	-6.030800	6.639379
45	10	1.290000	2.620000	-6.755000	7.359248
45	12	-2.810000	-1.850000	-0.324000	3.379878
45	14	1.480000	3.040000	-6.469000	7.299312
45	16	1.770000	4.319000	-5.230000	7.009962
45	20	0.430000	3.120000	-6.141800	6.902247
45	22	0.290000	1.440000	-7.081000	7.231754
45	26	-1.580000	-0.950000	-5.828000	6.112650
45	28	-0.642000	5.324000	-4.567000	7.043765
45	1	4.035000	1.230000	-5.549100	6.970411
45	3	5.340000	0.244000	-4.016000	6.686060
45	5	2.373000	0.820000	-6.467000	6.937263
45	7	-1.520000	-4.397700	-5.728530	7.380123
45	9	2.620000	-3.650000	-4.316300	6.230357
45	11	-3.370000	-2.540000	-5.893000	7.248169
45	13	-3.440000	0.280000	-5.996230	6.918582
45	15	1.570000	-3.460000	-5.223000	6.458810
45	17	-2.850000	0.180000	-6.563600	7.157915
45	19	1.290000	-2.560000	-6.049500	6.694337
45	23	-0.960000	-4.880000	-2.623000	5.622822
45	27	-4.580000	-0.253000	-5.189000	6.925758
45	29	4.370000	-0.570000	-5.294000	6.888268
46	2	-0.610000	0.200000	-6.768000	6.798377
46	4	-1.260000	-0.430000	-6.701120	6.832094
46	6	-4.450000	3.530000	-3.413000	6.626611
46	8	0.410000	2.657000	-6.487110	7.022133
46	10	-5.710000	0.440000	-3.256000	6.587810
46	12	-2.180000	0.570000	-6.985000	7.339450
46	14	2.480000	-1.710000	-5.870100	6.597922
46	16	-0.330000	-0.853000	-7.087000	7.145773
46	20	3.190000	0.530000	-6.158000	6.955427
46	22	4.310000	0.900000	-5.789000	7.273144
46	26	-1.990000	3.070000	-5.443000	6.558296
46	28	1.353000	-4.378600	-4.583400	6.481536
46	1	-1.571000	-4.420000	-3.495000	5.849741
46	3	-0.600000	-1.039000	-6.244000	6.358228
46	5	1.705000	-3.070000	-4.958000	6.075664
46	7	4.090000	0.705500	-3.734000	5.582883
46	11	0.380000	0.470000	-6.977000	7.003130
46	13	0.440000	-4.630000	-1.706000	4.953881
46	15	4.390000	-3.160000	-3.331000	6.352422
46	17	-1.510000	-2.860000	-6.386600	7.158796
46	19	1.490000	-0.800000	-5.993500	6.227531
46	23	-2.880000	-3.520000	-5.458700	7.105083
46	27	-1.330000	-2.222000	-6.108100	6.634385
46	29	4.640000	1.800000	-5.059000	7.096695
47	2	-3.506000	4.210000	-3.902000	6.726198
47	4	-0.430000	-4.350000	-5.599000	7.103253
47	6	1.110000	2.380000	-6.361600	6.882329
47	8	-0.860000	-2.242000	-6.289500	6.732308
47	10	6.100000	1.720000	-2.059000	6.663924
47	12	4.620000	-0.220000	-4.275000	6.298287
47	14	4.640000	-1.580000	-5.264200	7.192899
47	16	2.710000	1.597000	-5.492000	6.329026
47	20	2.460000	-1.330000	-6.504500	7.080185
47	22	0.310000	-5.990000	-1.731000	6.242801
47	26	1.800000	1.620000	-6.446200	6.886065
47	28	-4.040000	-2.937600	-3.091000	5.874128
47	1	-0.952000	-4.900000	-3.085000	5.868009
47	3	4.280000	-2.393000	-5.211200	7.155519
47	5	-1.245700	-0.120000	-7.080400	7.190148
47	7	3.200000	-2.014000	-5.671240	6.816096
47	11	1.080000	0.940000	-6.452000	6.608956
47	13	-3.310000	1.980000	-2.544000	4.620437
47	15	-1.420000	-3.490000	-5.664000	6.802749
47	17	-1.550000	-0.650000	-6.686800	6.894802
47	19	-1.980000	-2.460000	-6.240900	6.994343
47	23	2.020000	0.800000	-6.692600	7.036426
47	27	-0.990000	4.559000	-4.731720	6.644829
47	29	-2.430000	-3.360000	-3.976000	5.744830
48	2	0.237000	2.510000	-6.512600	6.983568
48	4	3.370000	-5.040000	-2.845000	6.697203
48	6	-5.450000	-1.610000	-2.745000	6.311072
48	8	-2.460000	-3.971000	-4.900000	6.769818
48	10	-2.380000	-1.860000	-5.035000	5.871561
48	12	-2.120000	-1.510000	-6.718000	7.204584
48	14	-1.950000	2.160000	-5.789510	6.479701
48	16	-0.560000	1.306000	-7.073400	7.214723
48	20	-1.670000	-1.720000	-5.799200	6.275191
48	22	1.680000	-4.010000	-5.951000	7.370000
48	26	-2.220000	-2.670000	-5.448100	6.460580
48	28	-3.543580	-3.642000	-5.000130	7.128985
48	1	4.250000	4.260000	-2.587000	6.550013
48	3	0.280000	-4.504000	-4.763000	6.561294
48	5	-2.741000	-0.770000	-6.479800	7.077697
48	7	1.010000	-3.712000	-5.842700	6.995440
48	11	-2.410000	3.730000	-4.126000	6.061755
48	13	-1.380000	-4.150000	-5.569400	7.081322
48	15	-2.640000	0.700000	-6.829700	7.355569
48	17	-1.770000	4.310000	-4.286000	6.330782
48	19	3.960000	2.180000	-5.012000	6.749381
48	23	1.320000	3.440000	-6.161500	7.179142
48	27	-3.924000	1.092200	-5.626000	6.945686
48	29	-2.480000	3.970000	-3.136000	5.634341
49	2	-0.423000	1.460000	-7.040000	7.202231
49	4	3.800000	-0.170000	-5.094000	6.357494
49	6	1.960000	2.920000	-6.369300	7.275712
49	8	0.180000	1.890000	-6.662400	6.927631
49	10	2.290000	-3.000000	-5.759000	6.885505
49	12	2.480000	-2.190000	-5.571800	6.480081
49	14	0.560000	4.830000	-3.942000	6.259542
49	16	4.300000	-1.818000	-4.804000	6.698772
49	20	4.070000	2.760000	-4.478000	6.650939
49	22	4.060000	-2.350000	-5.219000	7.017411
49	26	0.070000	3.890000	-4.965000	6.307791
49	28	1.564000	0.209000	-6.747000	6.929054
49	1	4.335000	-1.600000	-3.377000	5.723317
49	3	-1.700000	-4.465000	-5.025700	6.934255
49	5	-2.084000	-5.090000	-3.667000	6.610450
49	7	0.670000	-0.435000	-6.642900	6.690758
49	11	3.850000	1.700000	-5.839000	7.197668
49	13	-5.200000	2.600000	-1.329000	5.963744
49	15	-0.050000	4.410000	-5.217000	6.831375
49	17	-1.800000	0.820000	-5.988700	6.306895
49	19	1.530000	-2.050000	-6.308800	6.807669
49	23	-0.030000	2.670000	-6.355500	6.893633
49	27	-1.150000	0.212000	-6.768000	6.868280
49	29	0.100000	-0.800000	-6.977000	7.023427
50	2	4.571000	-1.620000	-4.828300	6.843312
50	4	2.250000	-0.260000	-7.167000	7.516381
50	6	5.210000	-2.650000	-1.923000	6.153416
50	8	-0.470000	0.549000	-6.083900	6.126674
50	10	-4.710000	-0.180000	-4.285000	6.370065
50	12	-4.010000	1.450000	-5.552000	7.000522
50	14	1.070000	4.830000	-2.985000	5.777891
50	16	0.130000	3.763000	-5.784000	6.901574
50	20	-1.980000	-1.280000	-5.276000	5.778839
50	22	3.100000	-0.270000	-6.497000	7.203743
50	26	-2.920000	-3.410000	-4.921000	6.661137
50	28	-3.134900	2.631000	-4.833000	6.333060
50	1	4.680000	-1.080000	-4.021000	6.263964
50	3	3.290000	1.305000	-5.009200	6.133450
50	5	1.221000	3.570000	-5.630300	6.777612
50	7	2.320000	0.100000	-6.369600	6.779691
50	11	2.830000	2.730000	-4.173000	5.733736
50	13	0.800000	-1.310000	-6.738900	6.911503
50	15	-4.690000	-1.700000	-4.417000	6.663032
50	17	-1.080000	3.740000	-5.881800	7.053338
50	19	2.520000	5.110000	-2.380000	6.174698
50	23	2.490000	1.820000	-5.765810	6.538889
50	27	0.790000	0.142000	-7.248000	7.292309
50	29	-2.170000	4.330000	-3.172000	5.789593
51	2	-3.603000	4.290000	-3.774000	6.754908
51	4	-1.550000	2.570000	-6.444200	7.108805
51	6	0.790000	-0.050000	-7.523600	7.565128
51	8	-3.150000	-3.034000	-2.912000	5.254274
51	10	-3.680000	1.100000	-5.765000	6.927310
51	12	-1.830000	-2.960000	-5.629700	6.618461
51	14	3.150000	2.130000	-6.037800	7.135435
51	16	-1.320000	1.872000	-6.238000	6.645256
51	20	-1.190000	-3.170000	-5.868000	6.774838
51	22	-3.780000	-2.830000	-4.511000	6.530423
51	26	-0.730000	0.710000	-7.149400	7.221559
51	28	3.445000	0.900500	-5.470600	6.527357
51	1	4.560000	2.820000	-1.726000	5.632502
51	3	-0.720000	0.519000	-6.638000	6.697074
51	5	-3.982000	-2.010000	-4.361000	6.238168
51	7	3.210000	-1.510000	-6.341000	7.265843
51	11	4.520000	2.680000	-4.293000	6.785473
51	13	0.760000	-0.330000	-6.869900	6.919684
51	15	-1.350000	2.290000	-6.315000	6.851702
51	17	4.580000	4.230000	-0.421000	6.248723
51	19	2.040000	-1.120000	-6.575900	6.975562
51	23	-0.680000	-2.850000	-6.017960	6.693336
51	27	0.140000	0.142000	-7.717000	7.719576
51	29	-0.240000	-5.440000	-1.893000	5.764950
52	2	0.696000	-3.120000	-5.343000	6.226272
52	4	-0.390000	1.090000	-6.404700	6.508485
52	6	3.460000	4.861000	-3.278000	6.807805
52	8	-0.290000	-5.021000	-4.929900	7.042617
52	10	4.090000	1.910000	-5.039000	6.765184
52	12	-0.160000	0.910000	-5.879100	5.951262
52	14	-3.430000	-1.510000	-4.960700	6.217197
52	16	1.810000	0.609000	-6.733700	6.999264
52	20	-2.960000	-1.450000	-5.173000	6.133843
52	22	-0.870000	3.380000	-6.431600	7.317566
52	26	-0.910000	1.640000	-6.489700	6.755287
52	28	5.269000	1.186960	-2.426000	5.920871
52	1	1.370000	0.610000	-6.767600	6.931768
52	3	-1.700000	-3.257000	-5.610500	6.706397
52	5	0.460000	-2.210000	-6.118900	6.522012
52	7	3.220000	-2.275000	-6.545884	7.641507
52	11	4.450000	0.340000	-5.768000	7.293005
52	13	3.070000	-0.980000	-5.193700	6.112268
52	15	1.120000	-0.960000	-6.447000	6.613608
52	17	-2.210000	-2.140000	-6.473800	7.167551
52	19	-0.830000	-1.340000	-7.176300	7.347366
52	23	5.210000	3.530000	-1.710000	6.521434
52	27	2.750000	-0.514000	-6.479000	7.057205
52	29	1.480000	4.270000	-4.781000	6.578850
53	2	-1.705000	2.930000	-6.472350	7.306383
53	4	1.960000	-1.320000	-6.485000	6.902117
53	6	1.330000	-0.350000	-6.921800	7.057104
53	8	-4.710000	2.946000	-3.631000	6.636805
53	10	2.220000	-5.020000	-4.281000	6.961017
53	12	0.620000	-1.910000	-5.311900	5.678801
53	14	-2.040000	0.990000	-6.741000	7.112157
53	16	1.330000	4.522000	-2.329000	5.257530
53	20	0.000000	-1.260000	-7.048100	7.159840
53	22	-1.460000	-5.280000	-3.796000	6.664804
53	26	-0.220000	3.320000	-5.773000	6.663207
53	28	2.193710	-3.417400	-5.642000	6.951485
53	1	0.593000	-1.920000	-7.154000	7.430866
53	3	2.570000	3.602000	-5.381400	6.966977
53	5	2.351000	-1.110000	-6.372200	6.882168
53	7	0.730000	-1.162000	-6.979300	7.112930
53	11	3.250000	4.080000	-2.964000	5.999516
53	13	1.840000	3.900000	-4.757000	6.420642
53	15	-0.330000	-3.240000	-5.575900	6.457334
53	17	-2.460000	3.280000	-5.971700	7.243701
53	19	-1.690000	-3.520000	-5.759000	6.957915
53	23	-1.770000	1.870000	-6.639300	7.121103
53	27	-1.530000	-3.584000	-5.670000	6.880033
53	29	-3.450000	1.260000	-5.070000	6.260591
54	0	3.000000	2.020000	-5.411000	6.508404
54	2	0.454000	2.010000	-6.796400	7.101920
54	4	2.170000	1.340000	-6.252500	6.752648
54	6	-2.300000	-0.370000	-5.909200	6.351814
54	8	0.320000	-1.204000	-6.824000	6.936785
54	10	-2.090000	-1.530000	-5.791000	6.343870
54	12	-2.760000	-0.550000	-6.371000	6.964893
54	14	1.070000	-1.880000	-5.834000	6.222126
54	16	2.790000	-1.419000	-6.546000	7.255879
54	20	3.260000	3.660000	-4.315000	6.530117
54	22	1.990000	-1.520000	-5.689100	6.215815
54	26	-2.320000	-3.110000	-4.478000	5.925115
54	28	1.297000	-2.080200	-5.894000	6.383469
54	1	2.893000	-0.500000	-2.871000	4.106348
54	3	-1.170000	2.257600	-6.439000	6.922888
54	5	1.596500	-4.770000	-4.522000	6.763889
54	7	1.610000	-3.042000	-5.790200	6.735895
54	9	-1.160000	-0.460000	-6.050000	6.177354
54	11	-1.960000	-1.420000	-6.293000	6.742392
54	13	1.090000	5.120000	-1.129000	5.355104
54	15	-4.100000	-2.550000	-4.460000	6.572983
54	17	3.220000	2.950000	-5.176000	6.772140
54	19	-1.290000	-1.650000	-6.148000	6.494960
54	23	0.170000	0.890000	-6.207800	6.273578
54	27	-4.079000	-0.286000	-4.900700	6.382546
54	29	-3.890000	0.750000	-5.710000	6.949727
55	0	-4.790000	-2.330000	-3.848000	6.571157
55	2	2.895000	-0.960000	-6.208100	6.916873
55	4	0.920000	3.320000	-5.722600	6.679592
55	6	2.130000	4.789000	-3.092000	6.085383
55	10	3.590000	-1.690000	-5.600000	6.863250
55	12	-1.020000	1.520000	-6.603100	6.852133
55	14	-1.280000	3.770000	-5.972600	7.177970
55	16	0.880000	0.629000	-7.034000	7.116684
55	20	4.990000	2.140000	-2.914000	6.162069
55	22	1.360000	-2.970000	-6.179976	6.990179
55	26	-3.070000	0.100000	-5.782000	6.547246
55	28	-1.555990	-3.676000	-3.583300	5.364151
55	1	2.347000	1.450000	-6.225500	6.809388
55	3	0.280000	-0.887300	-6.290000	6.358443
55	5	0.024400	-1.690000	-7.334710	7.526929
55	7	-2.710000	3.725000	-5.290500	7.014921
55	11	3.250000	-4.410000	-2.948000	6.221037
55	13	-1.890000	3.230000	-5.547000	6.691353
55	15	-0.970000	3.420000	-5.425200	6.486146
55	17	4.510000	1.760000	-4.496100	6.607013
55	19	4.620000	-0.470000	-3.954000	6.099132
55	23	1.530000	1.950000	-6.469000	6.927580
55	27	0.900000	3.814100	-5.781000	6.984076
55	29	2.070000	4.750000	-4.582000	6.916800
56	0	-1.770000	4.000000	-4.686000	6.410265
56	2	-1.726000	4.010000	-5.685000	7.167873
56	4	-0.970000	3.230000	-5.165000	6.168551
56	6	3.450000	2.530000	-4.984000	6.568383
56	10	2.740000	-0.170000	-5.606000	6.242094
56	12	4.710000	1.460000	-4.917000	6.963662
56	14	-2.020000	-1.980000	-5.431500	6.123887
56	16	-3.260000	3.011000	-4.931000	6.633889
56	20	2.080000	-1.800000	-6.269800	6.846663
56	22	3.300000	-0.920000	-5.183000	6.212881
56	26	-2.160000	-3.760000	-5.270000	6.824668
56	28	2.699000	-2.790500	-5.447100	6.688975
56	1	-4.283000	-1.970000	-5.285900	7.082777
56	3	2.530000	2.433900	-5.967000	6.923139
56	5	3.115700	-2.870000	-5.684000	7.088889
56	7	-3.330000	2.884000	-4.254000	6.123959
56	11	1.050000	-1.970000	-6.715000	7.076343
56	13	-5.340000	-1.190000	-2.955000	6.218016
56	15	-1.280000	0.530000	-6.494500	6.640620
56	17	0.540000	0.460000	-6.631000	6.668835
56	19	-1.430000	-4.530000	-4.163000	6.316357
56	23	1.220000	-2.450000	-5.752000	6.369961
56	27	-1.290000	5.106000	-3.334400	6.233262
56	29	-2.590000	-1.410000	-6.408000	7.053982
57	0	-3.640000	3.890000	-4.008000	6.666766
57	2	-0.031000	4.170000	-4.583000	6.196269
57	4	0.330000	-2.500000	-6.567000	7.034514
57	6	-2.420000	3.640000	-4.368000	6.179436
57	10	-0.880000	2.970000	-5.850000	6.619501
57	12	-5.710000	0.310000	-3.889000	6.915528
57	14	-2.040000	-0.170000	-6.244000	6.571000
57	16	-3.900000	-3.000000	-4.386000	6.591434
57	18	2.300000	3.570000	-5.968000	7.324747
57	20	-3.020000	2.580000	-4.950700	6.347143
57	22	-0.750000	-2.360000	-5.464700	5.999587
57	26	-1.310000	-0.740000	-6.744000	6.909793
57	28	-3.018000	4.142000	-4.040500	6.526111
57	1	-0.766000	-0.220000	-7.298000	7.341387
57	3	-3.970000	0.362000	-5.450000	6.752366
57	5	-0.712300	5.220000	-4.464000	6.905293
57	7	2.560000	0.292000	-6.649000	7.130783
57	11	-2.470000	-3.260000	-5.575000	6.914414
57	13	2.480000	0.230000	-6.531560	6.990320
57	15	3.700000	0.030000	-5.645700	6.750172
57	17	0.830000	4.560000	-4.386000	6.381183
57	19	1.770000	-2.430000	-6.378000	7.051006
57	21	0.290000	-4.870000	-3.047000	5.751974
57	23	3.940000	4.840000	-2.362000	6.672949
57	27	0.620000	2.385000	-5.616000	6.132869
57	29	-0.290000	-2.810000	-6.231000	6.841459
58	0	-1.860000	-0.030000	-6.541000	6.800381
58	2	0.810000	-0.210000	-6.686000	6.738160
58	4	-3.650000	-2.190000	-4.820000	6.430474
58	6	5.070000	-1.620000	-1.232000	5.463252
58	10	-2.200000	5.450000	-3.833000	7.016722
58	12	-4.450000	3.100000	-4.433000	7.004569
58	14	-2.210000	-3.540000	-4.784700	6.348941
58	16	-3.640000	0.430000	-5.741000	6.811283
58	18	0.070000	4.610000	-3.987550	6.095700
58	20	-5.140000	0.990000	-4.155000	6.683092
58	22	0.240000	-0.900000	-6.715640	6.779928
58	26	2.610000	1.310000	-6.429000	7.061178
58	28	-1.338000	-2.039700	-6.676000	7.107714
58	1	-2.429000	-0.540000	-6.744800	7.189156
58	3	-3.460000	-0.118200	-5.331100	6.356587
58	5	-0.158000	0.290000	-6.213000	6.221771
58	7	0.710000	-1.735000	-6.908000	7.157848
58	11	0.380000	-1.750000	-6.177000	6.431347
58	13	-1.920000	-2.130000	-5.002000	5.765701
58	15	-1.270000	2.480000	-6.915000	7.455235
58	17	-0.830000	-2.590000	-6.305900	6.867414
58	19	-0.030000	5.210000	-5.153000	7.327920
58	21	3.770000	4.100000	-2.238000	6.002628
58	23	-1.020000	-0.190000	-7.095000	7.170462
58	27	0.190000	-6.560000	-3.609000	7.489632
58	29	3.590000	-3.940000	-2.520000	5.895939
59	0	4.970000	1.610000	-2.883000	5.966966
59	2	0.145000	5.150000	-3.239000	6.085610
59	4	2.080000	-1.010000	-6.009000	6.438523
59	6	-0.310000	-1.700000	-6.613000	6.835047
59	10	3.430000	-4.110000	-2.004000	5.716031
59	12	-4.590000	-2.950000	-4.510000	7.078891
59	14	-4.290000	-0.390000	-5.192100	6.746414
59	16	1.470000	3.306000	-5.379000	6.482606
59	18	-2.410000	1.580000	-5.629000	6.323776
59	20	4.530000	2.120000	-3.492000	6.099948
59	22	0.730000	3.190000	-5.958300	6.797819
59	26	-0.930000	3.380000	-5.916200	6.876825
59	28	-2.390000	0.131500	-6.798000	7.207093
59	1	2.898000	-4.660000	-1.582000	5.711106
59	3	-2.000000	-0.237000	-7.018000	7.301267
59	5	-1.154000	-0.930000	-6.914800	7.071851
59	7	-1.200000	1.683200	-6.709000	7.020245
59	11	2.310000	2.500000	-5.498000	6.466383
59	13	-0.690000	0.190000	-6.416200	6.455991
59	15	0.280000	-1.050000	-6.227300	6.321405
59	17	-2.850000	-1.700000	-5.400600	6.338689
59	19	1.100000	0.080000	-5.255000	5.369490
59	21	1.440000	3.470000	-6.431000	7.447970
59	23	-4.500000	-0.220000	-3.529000	5.722957
59	27	2.820000	-3.587000	-4.120800	6.148167
59	29	4.480000	-3.210000	-3.255000	6.400744
60	0	0.210000	0.480000	-7.119600	7.138852
60	2	0.247000	-3.110000	-6.181000	6.923718
60	4	2.750000	-1.100000	-6.299000	6.960596
60	6	1.390000	-2.930000	-6.157900	6.959650
60	10	3.830000	2.860000	-4.422000	6.511727
60	12	-2.100000	-0.030000	-6.387500	6.723917
60	14	-2.940000	0.810000	-6.343300	7.038264
60	16	-0.940000	-5.379000	-3.324000	6.392669
60	18	-3.030000	-2.902000	-3.491200	5.458112
60	20	4.310000	0.780000	-4.571000	6.330761
60	22	-0.810000	1.770000	-6.594000	6.875306
60	26	1.490000	3.830000	-3.348000	5.300764
60	28	2.563400	2.713000	-5.422600	6.583007
60	1	-0.995000	-2.280000	-6.487100	6.947726
60	3	-0.490000	3.165000	-5.208100	6.114052
60	5	-1.559900	4.820000	-1.951000	5.428820
60	7	-4.180000	-0.603000	-4.971000	6.522795
60	11	1.840000	1.610000	-6.056000	6.530914
60	13	2.160000	4.200000	-5.001000	6.878634
60	15	-1.020000	-1.230000	-6.540200	6.732571
60	17	-0.180000	-2.790000	-6.562000	7.132766
60	19	0.680000	-1.560000	-6.588500	6.804729
60	21	0.440000	-3.280000	-6.388000	7.194341
60	23	1.430000	1.420000	-5.759100	6.101519
60	27	3.900000	0.963000	-5.238400	6.601379
60	29	-2.860000	4.280000	-2.601000	5.767426
61	0	-0.820000	0.190000	-6.392000	6.447183
61	2	-3.788000	-1.860000	-6.122000	7.435552
61	4	-0.510000	-2.970000	-6.309000	6.991744
61	6	-1.250000	1.638000	-7.257700	7.544518
61	10	2.150000	-1.360000	-6.483000	6.964294
61	12	-1.450000	0.040000	-6.791000	6.944190
61	14	4.430000	-1.830000	-5.044400	6.958432
61	16	-2.210000	0.372000	-6.471800	6.848845
61	18	-2.640000	2.145000	-5.962000	6.864115
61	20	-4.300000	-1.820000	-0.487000	4.694632
61	26	-6.120000	1.950000	-0.497000	6.442353
61	28	2.691000	0.631600	-5.246000	5.929664
61	1	2.410000	3.020000	-5.346500	6.596481
61	3	2.180000	0.338000	-6.789000	7.138429
61	5	2.982000	-3.330000	-4.219000	6.146640
61	7	-2.330000	4.176000	-5.640750	7.394994
61	11	-1.720000	5.340000	-3.808000	6.780477
61	13	0.420000	2.140000	-7.016300	7.347412
61	17	0.380000	5.300000	-4.409000	6.904613
61	19	4.580000	-0.630000	-4.847000	6.698262
61	21	-2.170000	2.890000	-6.256000	7.224855
61	23	-2.010000	1.160000	-6.195000	6.615416
61	27	-1.690000	3.277000	-4.999000	6.211669
61	29	3.070000	4.940000	-1.457000	5.995944
62	0	-2.320000	0.260000	-5.847000	6.295825
62	2	-4.587000	0.280000	-4.631000	6.524196
62	4	-0.480000	-3.680000	-5.066000	6.279901
62	6	-4.800000	2.239000	-4.648000	7.046774
62	10	-0.340000	-3.720000	-1.819000	4.154848
62	12	-0.670000	2.890000	-6.045600	6.734262
62	16	-5.310000	-1.580000	-3.639000	6.628335
62	18	-3.180000	-2.875000	-4.813900	6.446058
62	20	-1.610000	4.650000	-2.166000	5.376445
62	26	5.380000	-0.610000	-4.214000	6.861071
62	28	0.987000	-3.304200	-5.585000	6.563850
62	1	-0.400000	2.780000	-6.719900	7.283231
62	3	3.200000	2.143000	-4.388800	5.839008
62	5	3.663000	1.090000	-1.347000	4.052170
62	7	4.720000	-1.913000	-2.933000	5.877113
62	11	-1.480000	-0.190000	-6.478000	6.647630
62	13	3.130000	4.200000	-4.591000	6.965212
62	17	-1.920000	2.090000	-4.995900	5.745739
62	19	-0.430000	-0.850000	-6.462000	6.531833
62	21	3.160000	3.520000	-4.848700	6.773913
62	23	-2.670000	3.600000	-5.645000	7.207976
62	29	1.500000	2.100000	-4.033000	4.788015
63	0	0.880000	3.760000	-5.192000	6.470615
63	2	0.968000	-2.600000	-5.844000	6.469108
63	4	-3.770000	1.930000	-4.958000	6.520703
63	6	1.450000	3.279000	-6.126000	7.098043
63	10	0.370000	1.260000	-6.126000	6.265172
63	12	-4.120000	1.440000	-4.783000	6.474959
63	16	-1.310000	-2.415000	-6.553100	7.105733
63	18	-0.610000	-1.053000	-7.077000	7.180866
63	20	-5.120000	-1.460000	-4.076000	6.705205
63	26	-1.390000	-0.780000	-7.010000	7.188922
63	28	-3.598000	1.121500	-5.330000	6.527807
63	1	0.770000	0.270000	-6.451100	6.502499
63	3	-2.570000	-2.130000	-5.378550	6.330134
63	5	-2.524000	-0.360000	-5.342000	5.919218
63	7	2.440000	3.821000	-5.063000	6.796147
63	11	3.250000	2.790000	-5.898000	7.289239
63	13	3.270000	-3.010000	-4.321000	6.198713
63	17	-2.520000	-1.970000	-4.108270	5.206648
63	19	-4.320000	-0.030000	-5.559000	7.040297
63	21	-1.170000	-3.870000	-6.112000	7.328188
63	23	-3.570000	-2.870000	-4.781000	6.621160
63	29	-1.460000	5.250000	-3.245000	6.342249
64	0	0.500000	-1.700000	-7.035100	7.254835
64	2	-4.163000	-0.910000	-5.062000	6.616836
64	4	-2.910000	0.880000	-5.739000	6.494507
64	6	-0.150000	1.060000	-7.191500	7.270748
64	10	2.980000	0.560000	-4.039000	5.050497
64	12	-2.770000	-0.550000	-5.956000	6.591611
64	16	0.760000	0.100000	-6.971180	7.013198
64	18	1.100000	-1.690000	-6.923000	7.210689
64	20	0.850000	2.970000	-6.340400	7.052948
64	26	2.670000	0.200000	-6.594000	7.116863
64	28	-0.073000	-1.370320	-7.028000	7.160719
64	1	-3.190000	-3.430000	-5.319000	7.087507
64	3	0.670000	1.455000	-6.749000	6.936492
64	5	2.759000	4.580000	-3.522000	6.402575
64	7	1.630000	-3.432000	-5.796000	6.930306
64	11	0.980000	2.440000	-6.425000	6.942235
64	13	-1.150000	-1.490000	-6.389000	6.660475
64	17	-4.700000	-3.290000	-4.300000	7.169665
64	19	-5.010000	2.170000	-2.489000	6.000343
64	21	0.570000	-3.840000	-5.828000	7.002577
64	23	1.160000	1.800000	-6.352500	6.703720
64	29	3.880000	3.690000	-0.843000	5.420438
65	0	1.560000	-4.820000	-2.320000	5.572109
65	2	-3.521000	-0.230000	-6.201000	7.134616
65	4	0.680000	-1.600000	-6.712000	6.933494
65	6	5.300000	1.380000	-3.921000	6.735625
65	10	-0.010000	-3.590000	-5.655000	6.698300
65	12	-2.830000	1.170000	-3.389000	4.567617
65	16	-0.950000	-2.130000	-6.807500	7.195933
65	18	-2.630000	2.669000	-5.474900	6.634379
65	20	-0.050000	-2.100000	-4.533000	4.996057
65	26	-1.310000	0.560000	-6.267000	6.426896
65	28	-0.050000	1.139200	-6.649000	6.746071
65	1	-3.720000	-1.710000	-5.280000	6.681385
65	3	-3.130000	1.478000	-5.540900	6.533219
65	5	-1.453000	-1.580000	-6.465200	6.812226
65	7	0.590000	2.305200	-6.860000	7.260967
65	11	-4.270000	0.000000	-4.926000	6.519078
65	13	3.940000	-1.510000	-4.406000	6.100536
65	17	1.000000	-4.250000	-5.369800	6.920784
65	19	-0.350000	1.490000	-6.375000	6.556159
65	21	-1.510000	-1.790000	-6.448000	6.860095
65	23	-0.790000	3.310000	-6.181000	7.055846
65	29	-4.360000	-1.460000	-5.869000	7.455626
66	0	-5.230000	0.360000	-4.458000	6.881589
66	2	-3.071000	-0.160000	-6.466000	7.160014
66	4	2.140000	-0.170000	-5.679000	6.071206
66	6	-0.780000	-5.290000	-4.175000	6.784035
66	10	-3.100000	1.210000	-6.262000	7.091315
66	12	-0.490000	-1.580000	-6.468600	6.676772
66	14	-2.940000	0.190000	-6.363000	7.011952
66	16	2.370000	2.980000	-5.520000	6.705796
66	18	-2.160000	5.029000	-3.006000	6.244396
66	20	-1.290000	4.910000	-4.595000	6.847352
66	26	-0.250000	1.240000	-6.675700	6.794488
66	28	-0.253000	2.767000	-5.994000	6.606689
66	1	2.240000	-0.420000	-6.681000	7.059020
66	3	2.350000	1.361000	-6.334000	6.891616
66	5	-4.617800	-2.860000	-5.079000	7.436391
66	7	2.850000	-5.325100	-1.231000	6.163972
66	11	2.510000	-1.870000	-5.753000	6.549352
66	13	3.610000	-2.530000	-4.495000	6.295874
66	17	0.870000	-1.100000	-6.858000	6.999933
66	19	4.450000	1.220000	-4.330000	6.327701
66	21	-1.430000	2.520000	-5.716000	6.408429
66	23	0.800000	-1.250000	-6.679600	6.842482
66	27	4.690000	-1.089000	-4.442300	6.551034
66	29	1.040000	-0.540000	-6.037000	6.149680
67	0	-1.410000	2.420000	-5.428000	6.108002
67	2	-6.103100	1.220000	-1.488000	6.399248
67	4	-1.110000	-3.270000	-5.832000	6.777700
67	6	4.060000	-1.890000	-3.615000	5.755339
67	10	-4.760000	0.560000	-4.367000	6.483972
67	12	-0.680000	0.630000	-6.765000	6.828215
67	14	-3.820000	-1.250000	-3.923000	5.616478
67	16	0.230000	-2.930000	-6.670000	7.288806
67	18	0.060000	2.177000	-6.264000	6.631789
67	20	-2.020000	1.300000	-6.312180	6.753815
67	26	-0.640000	-4.430000	-3.862000	5.911814
67	28	4.063000	0.253000	-5.073100	6.504485
67	1	-0.730000	-5.270000	-3.907000	6.600792
67	3	0.870000	-1.780000	-6.656000	6.944612
67	5	-1.504000	-2.900000	-6.062000	6.886208
67	7	-4.460000	3.997900	-2.466000	6.477342
67	11	-2.960000	1.940000	-6.067900	7.024572
67	13	5.440000	1.450000	-3.120000	6.436653
67	17	0.780000	-4.350000	-5.279700	6.885211
67	19	0.390000	-1.060000	-6.380700	6.479894
67	21	2.290000	1.470000	-6.720000	7.250062
67	23	1.600000	0.700000	-5.473300	5.745173
67	27	-0.390000	-3.979000	-6.031400	7.236182
67	29	-3.180000	-2.700000	-5.193000	6.661055
68	0	-1.320000	-4.100000	-5.887000	7.294462
68	2	3.359000	0.890000	-6.290000	7.186034
68	4	-5.740000	-1.560000	-4.270000	7.322165
68	6	3.840000	-0.440000	-5.755800	6.933140
68	10	-6.000000	0.330000	-1.946000	6.316313
68	12	1.090000	1.170000	-6.993000	7.173496
68	14	-2.320000	-2.110000	-6.851000	7.534633
68	16	2.080000	3.663000	-4.844000	6.419370
68	18	0.080000	-3.304000	-4.815000	5.840123
68	20	-3.110000	-3.010000	-5.267000	6.817147
68	26	3.590000	-1.060000	-5.430700	6.595772
68	28	3.489000	-3.972000	-3.164000	6.161234
68	1	3.190000	-3.590000	-5.108000	7.011124
68	3	-0.010000	-2.406000	-6.674000	7.094449
68	5	-1.544000	-1.370000	-7.094800	7.388980
68	7	2.010000	-3.008000	-6.103000	7.094700
68	11	3.290000	-1.880000	-5.809000	6.935631
68	13	5.420000	0.350000	-2.749000	6.087356
68	17	-3.190000	3.780000	-3.884000	6.288876
68	19	3.920000	1.520000	-4.861000	6.426984
68	21	3.230000	-2.280000	-4.852900	6.259548
68	23	0.640000	0.250000	-7.251000	7.283481
68	27	0.620000	-1.606000	-6.738700	6.955121
68	29	-3.320000	-2.440000	-5.964000	7.248813
69	0	-0.870000	-2.610000	-6.122000	6.711772
69	2	1.934000	-4.610000	-4.960000	7.042305
69	4	-4.990000	-3.490000	-2.423000	6.553711
69	6	-3.090000	2.400000	-5.801000	6.997121
69	10	2.250000	1.200000	-5.390000	5.962768
69	12	-2.100000	3.490000	-6.050700	7.293906
69	16	-4.210000	-3.501000	-4.462000	7.063324
69	18	5.190000	2.421000	-2.653000	6.311557
69	20	-3.120000	1.680000	-5.955300	6.929819
69	26	-1.790000	5.620000	-1.795000	6.165268
69	28	-0.554000	3.369000	-6.054700	6.951005
69	1	-0.540000	-1.210000	-7.037400	7.161054
69	3	-2.580000	-4.070000	-5.006400	6.948765
69	5	-4.529000	0.990000	-5.552000	7.233025
69	7	-1.170000	2.688400	-5.797000	6.496276
69	11	0.820000	-1.060000	-6.029000	6.176151
69	13	-0.830000	-4.970000	-4.423000	6.704680
69	17	-1.720000	3.020000	-6.588000	7.448526
69	19	0.200000	0.330000	-6.301000	6.312805
69	21	1.190000	-5.040000	-4.481800	6.848666
69	23	1.480000	2.840000	-6.396000	7.152959
69	29	0.290000	1.550000	-7.222000	7.392150
70	0	-2.190000	0.480000	-5.924000	6.334057
70	2	-0.961300	1.530000	-5.553000	5.839590
70	4	1.450000	0.140000	-6.442000	6.604655
70	6	0.760000	0.680000	-6.534000	6.613105
70	10	0.100000	-1.320000	-7.159000	7.280363
70	12	-5.270000	-1.610000	-4.060000	6.844604
70	16	0.420000	-2.942000	-6.843400	7.460824
70	18	-4.370000	2.307000	-3.489900	6.049674
70	20	2.220000	3.930000	-5.123000	6.827769
70	26	-3.310000	3.110000	-4.690000	6.528729
70	28	2.433000	-4.039000	-4.601110	6.588112
70	1	0.960000	0.000000	-7.190400	7.254202
70	3	4.170000	-2.440000	-4.145000	6.365809
70	5	2.770000	-0.150000	-6.613000	7.171274
70	7	-0.030000	4.349000	-5.366800	6.907767
70	11	3.670000	-0.280000	-5.285000	6.440382
70	13	2.980000	-4.030000	-4.131000	6.495111
70	17	4.970000	1.700000	-2.968000	6.033235
70	19	2.530000	2.620000	-5.541000	6.630836
70	21	-4.200000	3.050000	-3.146300	6.069737
70	23	3.580000	-3.870000	-2.870000	6.002516
70	29	-3.930000	0.560000	-5.323000	6.640243
71	0	-1.010000	1.710000	-6.104000	6.418958
71	2	0.982000	4.130000	-4.922000	6.499793
71	4	-2.440000	-4.930000	-0.890000	5.572307
71	6	0.280000	4.802000	-3.966000	6.234321
71	10	-4.430000	-1.140000	-3.848000	5.977592
71	12	0.400000	-1.170000	-7.306000	7.409894
71	16	0.560000	3.218000	-5.063000	6.025205
71	18	-3.500000	-0.053000	-4.980900	6.087871
71	20	0.850000	2.850000	-5.561000	6.306324
71	26	3.130000	-4.830000	-2.808000	6.403957
71	28	-1.403000	1.711200	-6.314000	6.690531
71	1	0.800000	0.290000	-7.334800	7.383996
71	3	-3.270000	0.080000	-6.024300	6.855034
71	5	-3.180000	0.650000	-2.408000	4.041456
71	7	0.970000	3.333000	-5.979200	6.913799
71	11	3.970000	-4.550000	-3.096000	6.785913
71	13	1.950000	-0.840000	-6.716700	7.044300
71	17	-1.720000	-1.110000	-6.533000	6.846210
71	19	-0.820000	-1.290000	-5.538000	5.745080
71	21	1.250000	-3.800000	-4.347100	5.907603
71	23	0.090000	-6.540000	-1.548000	6.721310
71	29	-2.490000	3.850000	-4.121000	6.164839
72	0	-2.030000	-2.750000	-6.381000	7.238823
72	2	0.861000	-1.240000	-6.082000	6.266550
72	4	-3.040000	-4.090000	-3.994000	6.474700
72	6	-2.930000	1.040000	-6.193000	6.929628
72	8	-4.280000	1.010000	-5.297000	6.884527
72	10	-4.300000	2.230000	-5.137000	7.060571
72	12	1.640000	3.350000	-5.769200	6.869918
72	16	2.050000	2.020000	-6.020000	6.672578
72	18	1.820000	-4.557000	-4.996800	7.003332
72	20	2.780000	3.350000	-4.882500	6.541384
72	26	-0.380000	-4.580000	-0.726000	4.652728
72	28	1.862000	-1.242600	-5.279700	5.734660
72	1	-3.670000	-1.800000	-3.430000	5.336085
72	3	-5.540000	1.850000	-3.116000	6.619936
72	5	0.146000	-3.870000	-5.068000	6.378310
72	7	0.840000	-0.770600	-7.657000	7.741387
72	9	-4.270000	-2.290000	-4.640400	6.708973
72	11	2.910000	4.220000	-4.767000	7.000056
72	13	2.820000	4.590000	-3.344000	6.340571
72	17	2.680000	4.150000	-4.608000	6.755632
72	19	-1.810000	1.900000	-6.462700	6.975141
72	21	2.480000	-0.640000	-6.854000	7.316920
72	23	-3.380000	-0.820000	-5.154000	6.217758
72	29	-1.030000	1.250000	-6.400000	6.601772
73	0	-0.210000	1.360000	-6.951900	7.086791
73	2	-3.185000	-3.640000	-3.815000	6.160199
73	4	-0.990000	-3.000000	-6.471100	7.201058
73	6	0.690000	-5.550000	-2.309000	6.050626
73	8	-1.780000	-0.670000	-6.976500	7.231103
73	10	-0.540000	-0.380000	-6.831000	6.862839
73	12	1.960000	1.160000	-6.467650	6.856945
73	16	-0.840000	4.318000	-5.365000	6.937863
73	18	2.270000	-2.861000	-5.395700	6.515505
73	20	2.660000	-2.660000	-5.443700	6.617029
73	26	1.110000	0.210000	-6.070200	6.174425
73	28	-1.099000	4.193300	-5.455800	6.968308
73	1	2.370000	2.010000	-6.559000	7.257925
73	3	-3.420000	3.639000	-2.557000	5.610434
73	5	-0.318000	5.990000	-1.350000	6.148473
73	7	0.520000	0.242600	-7.082000	7.105208
73	9	-4.390000	-3.740000	-4.508400	7.320203
73	11	-3.730000	-0.250000	-4.209000	5.629483
73	13	1.690000	2.360000	-6.189200	6.836073
73	17	2.530000	5.660000	-1.876000	6.477336
73	19	2.100000	-3.190000	-5.517000	6.709947
73	21	0.870000	-1.240000	-6.988000	7.150290
73	23	-1.810000	0.210000	-6.397000	6.651452
73	29	2.450000	-3.490000	-5.003000	6.573630
74	0	3.620000	-3.540000	-4.682000	6.896167
74	2	-2.277000	-2.170000	-5.926300	6.709297
74	4	0.620000	-5.800000	-3.594000	6.851367
74	6	-3.020000	2.110000	-5.389000	6.527926
74	8	-2.600000	-0.560000	-6.626000	7.139851
74	10	1.750000	1.620000	-5.940000	6.400820
74	12	-4.040000	2.960000	-2.074000	5.420763
74	16	4.730000	0.822000	-5.514000	7.311141
74	18	-2.550000	0.230000	-5.586200	6.145000
74	20	0.080000	4.050000	-5.838700	7.106287
74	24	0.600000	1.630000	-6.851000	7.067751
74	26	4.310000	-1.910000	-4.707000	6.661835
74	28	-5.404000	-1.381300	-2.934000	6.302346
74	1	3.280000	-0.890000	-5.845000	6.761252
74	3	-0.160000	-3.120000	-5.416000	6.252444
74	5	-0.690000	0.840000	-6.656000	6.744185
74	7	0.520000	-5.291000	-3.404000	6.312868
74	9	-2.780000	2.090000	-5.277300	6.320316
74	11	5.450000	1.100000	-4.060000	6.884483
74	13	2.020000	1.970000	-6.281200	6.885839
74	17	-0.690000	4.690000	-4.498000	6.534845
74	19	-0.020000	-3.330000	-6.508000	7.310497
74	21	-4.910000	1.030000	-3.867800	6.334736
74	23	0.400000	-0.650000	-6.937000	6.978859
74	25	-2.150000	2.790000	-4.051000	5.368166
74	29	-0.810000	-2.080000	-5.968000	6.371776
75	0	-2.590000	4.360000	-4.432000	6.735007
75	2	3.739000	-2.640000	-2.104000	5.037513
75	4	4.020000	-0.850000	-1.616000	4.415241
75	6	3.410000	4.034000	-4.501000	6.939759
75	8	-2.420000	2.390000	-5.755000	6.684948
75	10	-5.350000	-0.580000	-0.867000	5.450742
75	12	-4.780000	0.080000	-3.636000	6.006271
75	16	1.750000	5.930800	-3.672000	7.191695
75	18	-1.310000	-2.349600	-6.107000	6.673243
75	20	-1.860000	1.980000	-6.074000	6.653832
75	24	-1.020000	-4.110000	-2.958000	5.165488
75	26	1.640000	-1.340000	-6.604000	6.935273
75	28	3.500000	-4.194000	-1.834000	5.762221
75	1	-1.040000	-3.270000	-6.030000	6.937968
75	3	1.010000	0.680000	-6.633400	6.744219
75	5	1.125000	4.610000	-3.854000	6.113186
75	7	-2.660000	-1.104000	-6.650500	7.247314
75	9	-4.940000	-2.310000	-3.752000	6.619456
75	11	-2.730000	0.390000	-6.191600	6.777972
75	13	5.560000	-0.530000	-4.123000	6.942163
75	17	-1.540000	-2.540000	-6.545000	7.187505
75	19	2.060000	-0.470000	-5.915300	6.281343
75	21	0.060000	-2.180000	-6.099000	6.477175
75	23	-1.490000	3.190000	-6.113000	7.054429
75	25	4.340000	-1.410000	-4.541700	6.438225
75	29	3.950000	-2.600000	-4.969000	6.859553
76	0	-3.770000	-1.140000	-5.551000	6.806328
76	2	0.564000	-1.060000	-5.931000	6.051319
76	4	-1.750000	1.330000	-6.006600	6.396143
76	6	-6.200000	-0.020000	-3.172000	6.964337
76	8	-1.870000	0.360000	-6.700600	6.965956
76	10	-0.150000	-2.400000	-5.507000	6.009122
76	12	1.550000	-2.270000	-6.189270	6.772183
76	16	3.080000	-1.564000	-6.070000	6.984082
76	18	2.980000	1.882000	-6.316000	7.232854
76	20	0.350000	2.190000	-6.750400	7.105385
76	24	-4.440000	0.430000	-5.003000	6.702873
76	26	-0.400000	4.980000	-2.966000	5.810125
76	28	-1.477000	-4.943000	-2.979000	5.957283
76	1	-2.000000	-0.900000	-6.518000	6.877087
76	3	-5.960000	-1.770000	-3.477000	7.123484
76	5	-1.048000	-3.540000	-5.126000	6.317102
76	7	2.520000	0.902400	-5.607000	6.213145
76	9	3.460000	-0.820000	-4.954200	6.098204
76	11	3.900000	-2.250000	-0.863000	4.584460
76	13	-1.660000	2.740000	-5.777900	6.606612
76	17	-0.890000	2.420000	-6.347000	6.850760
76	19	-1.760000	-2.800000	-5.944900	6.802899
76	21	-6.850000	1.620000	-2.503000	7.470737
76	23	1.960000	4.850000	-3.990500	6.579376
76	25	-0.370000	-2.960000	-6.698000	7.332237
76	29	-0.140000	1.370000	-6.625000	6.766618
77	0	-1.230000	-1.310000	-6.723000	6.959003
77	2	-1.237000	4.900000	-1.521000	5.277652
77	4	-3.340000	-0.760000	-6.559400	7.399928
77	6	-0.800000	3.336000	-6.441500	7.298069
77	8	1.580000	-2.710000	-6.183000	6.933252
77	10	-1.550000	-3.900000	-5.642000	7.031690
77	12	-0.570000	2.170000	-6.254877	6.645095
77	16	-0.370000	1.211000	-6.869800	6.985526
77	18	-1.340000	-1.050000	-7.010000	7.213751
77	20	0.380000	2.390000	-6.247760	6.700075
77	24	-3.020000	-1.370000	-6.283000	7.104463
77	26	4.030000	0.710000	-4.737000	6.259726
77	28	-1.763000	4.399000	-5.114000	6.972257
77	1	-3.570000	-2.770000	-5.137000	6.841533
77	3	0.460000	-1.000000	-6.428480	6.522036
77	5	2.152000	0.400000	-6.364300	6.730187
77	7	1.830000	0.588000	-6.557300	6.833215
77	9	0.970000	2.530000	-6.420000	6.968371
77	11	-2.590000	2.720000	-4.315000	5.720640
77	13	-3.690000	4.560000	-1.444000	6.041096
77	17	-3.450000	-4.190000	-3.937000	6.705115
77	19	-0.090000	-1.850000	-6.686000	6.937809
77	21	-2.660000	1.480000	-5.872000	6.614105
77	23	1.660000	5.320000	-4.128300	6.935478
77	25	-0.700000	3.360000	-6.140100	7.034233
77	29	-1.870000	2.880000	-6.116000	7.014040
78	0	-1.970000	4.520000	-4.616000	6.754166
78	2	-2.700000	1.460000	-3.510000	4.662800
78	4	-2.300000	-2.510000	-5.748000	6.680539
78	6	-3.510000	-2.770000	-2.975000	5.370626
78	8	-1.650000	3.250000	-6.299000	7.277527
78	10	-1.830000	0.600000	-6.780000	7.048213
78	12	5.030000	-0.160000	-4.697000	6.883917
78	16	3.340000	3.904200	-4.070000	6.554638
78	18	3.030000	-3.871000	-4.357530	6.569141
78	20	-4.070000	3.390000	-4.372000	6.868143
78	24	-4.430000	0.190000	-4.892000	6.602474
78	26	0.880000	3.560000	-5.181000	6.347500
78	28	-2.079000	-3.446000	-5.957400	7.189421
78	1	-2.100000	-2.520000	-5.856000	6.712163
78	3	-1.960000	-3.212000	-4.467400	5.840908
78	5	-3.342000	-4.520000	-1.770000	5.893409
78	7	0.770000	-3.071000	-5.991200	6.776313
78	9	0.370000	5.610000	-4.022000	6.912705
78	11	1.090000	-1.870000	-6.478400	6.830422
78	13	-1.420000	3.780000	-3.615000	5.419689
78	17	-2.330000	-4.170000	-3.784500	6.094279
78	19	-0.320000	-4.850000	-4.974700	6.955037
78	21	-5.820000	0.870000	-2.530000	6.405482
78	23	-1.600000	-0.200000	-7.058000	7.239846
78	25	0.450000	2.180000	-6.601600	6.966780
78	29	3.650000	-0.260000	-5.483000	6.591918
79	0	-1.170000	-1.430000	-6.850000	7.094808
79	2	2.330000	0.180000	-6.548800	6.953278
79	4	1.410000	1.170000	-6.875400	7.115344
79	6	-3.920000	3.949000	-2.778000	6.219187
79	8	-0.220000	-4.585000	-3.399000	5.711727
79	10	-3.980000	-0.720000	-6.481000	7.639513
79	12	-4.180000	-3.020000	-5.204000	7.326283
79	16	-5.050000	-1.314000	-4.793000	7.085333
79	18	-1.030000	3.035100	-6.056000	6.851851
79	20	-0.970000	2.360000	-6.674600	7.145683
79	24	-3.070000	-0.220000	-6.317000	7.026933
79	26	0.130000	1.760000	-5.257000	5.545318
79	28	-1.358000	1.641000	-6.823900	7.148612
79	1	0.380000	-5.110000	-2.583000	5.738326
79	3	-2.950000	0.989000	-6.093500	6.841883
79	5	-1.667000	1.840000	-5.954000	6.450938
79	7	-2.510000	-4.216000	-4.151000	6.426940
79	9	-1.750000	0.270000	-6.790700	7.017764
79	11	-2.620000	1.450000	-6.676230	7.317031
79	13	2.530000	1.190000	-4.652000	5.427532
79	17	4.350000	0.410000	-5.562000	7.072937
79	19	3.670000	2.320000	-4.192000	6.035243
79	21	-1.450000	1.460000	-5.649000	6.012096
79	23	2.000000	0.510000	-6.361000	6.687482
79	25	-1.740000	-4.270000	-4.487000	6.433791
79	29	-1.090000	-4.080000	-5.125000	6.640792
80	0	-0.030000	3.200000	-6.272000	7.041227
80	2	-3.441000	-1.360000	-4.485000	5.814233
80	4	4.150000	1.070000	-5.277000	6.798097
80	6	-5.020000	1.236000	-4.055000	6.570473
80	8	-2.170000	1.340000	-5.933000	6.457940
80	10	-5.510000	1.290000	-3.166000	6.484424
80	12	-0.410000	4.280000	-5.403000	6.904992
80	16	-1.270000	0.168000	-6.903000	7.020864
80	18	3.010000	2.895000	-5.072800	6.570725
80	20	-0.330000	3.010000	-6.790900	7.435410
80	24	1.130000	3.510000	-5.896000	6.954122
80	26	-3.580000	1.590000	-2.160000	4.473265
80	28	3.087000	0.559000	-6.239500	6.983796
80	1	4.560000	-0.730000	-4.276000	6.293701
80	3	0.380000	2.302000	-6.039700	6.474688
80	5	-2.978000	2.320000	-6.128000	7.197449
80	7	-2.510000	2.864000	-5.143000	6.399457
80	9	-1.940000	-3.360000	-4.467000	5.916696
80	11	1.450000	-2.550000	-6.236530	6.891974
80	13	-2.300000	3.200000	-5.057000	6.411182
80	17	2.020000	0.930000	-7.223000	7.557581
80	19	1.490000	2.470000	-6.332200	6.958287
80	21	-2.370000	-3.850000	-4.555300	6.417956
80	23	0.400000	-0.660000	-7.177000	7.218374
80	25	-1.900000	4.580000	-2.229000	5.436436
80	29	1.930000	-5.380000	-2.213000	6.129165
81	0	-4.290000	-1.090000	-5.463000	7.031114
81	2	-3.460000	-1.690000	-4.349000	5.808743
81	4	3.230000	1.180000	-5.611000	6.580929
81	6	-0.690000	-0.318000	-6.902000	6.943690
81	8	-2.100000	-2.430000	-6.412000	7.171377
81	10	2.430000	1.320000	-6.450000	7.017820
81	12	-4.290000	-3.660000	-1.461000	5.825309
81	16	5.680000	-0.335000	-0.936000	5.766344
81	18	3.260000	0.397230	-4.663101	5.703499
81	20	-1.620000	-2.030000	-6.739100	7.222241
81	24	4.170000	1.290000	-5.635000	7.127849
81	26	-3.830000	3.130000	-3.711000	6.183633
81	28	-4.858000	-1.151000	-1.694000	5.272059
81	1	-1.200000	2.070000	-6.519742	6.944921
81	3	-3.350000	0.846000	-5.850500	6.794598
81	5	3.008000	0.570000	-5.820000	6.576121
81	7	-4.320000	-2.402000	-4.833000	6.913023
81	9	-0.290000	-1.530000	-6.194500	6.387240
81	11	-0.910000	-4.930000	-4.053000	6.446690
81	13	-0.610000	-0.070000	-6.893500	6.920791
81	17	4.660000	-0.600000	-5.250300	7.045655
81	19	-4.670000	-3.710000	-2.951000	6.654427
81	21	-4.000000	-0.800000	-4.866800	6.350255
81	23	-2.560000	-4.190000	-4.939900	6.965078
81	25	4.740000	-0.210000	-5.567600	7.315044
81	29	3.730000	-0.420000	-6.304000	7.336874
82	0	-1.340000	2.170000	-6.316000	6.811487
82	2	-5.953000	-0.800000	-2.817000	6.634282
82	4	-1.120000	1.300000	-5.992000	6.232854
82	6	2.480000	5.622000	-2.296000	6.559642
82	8	-1.590000	1.860000	-6.332000	6.788367
82	10	-0.300000	-4.290000	-4.689000	6.362454
82	12	-2.590000	-0.500000	-6.733600	7.231837
82	16	-0.300000	-0.892000	-7.207500	7.268681
82	18	4.460000	-1.355450	-4.616300	6.560417
82	20	-4.890000	-2.090000	-4.485000	6.956682
82	24	0.000000	0.670000	-6.117000	6.153583
82	26	-1.040000	-3.420000	-5.505000	6.563766
82	28	-1.349000	0.729000	-6.925100	7.092831
82	1	-2.830000	-1.970000	-5.965000	6.889922
82	3	2.600000	0.191000	-5.618000	6.193416
82	5	-1.295000	-0.850000	-5.899000	6.098994
82	7	-0.430000	0.979000	-6.871900	6.954592
82	9	0.120000	-0.130000	-6.556600	6.558986
82	11	-0.030000	-1.680000	-6.806000	7.010345
82	13	2.740000	4.490000	-2.353000	5.762318
82	17	0.480000	2.510000	-6.672000	7.144654
82	19	0.330000	-1.790000	-5.886000	6.161006
82	21	3.870000	1.470000	-4.069200	5.804842
82	23	1.530000	-4.360000	-5.274000	7.011817
82	25	-0.750000	-0.860000	-6.601600	6.699494
82	29	-1.210000	-2.980000	-6.607000	7.348262
83	0	-2.830000	-0.240000	-6.472000	7.067764
83	2	-3.180000	-4.250000	-3.334000	6.268210
83	4	-0.240000	-5.620000	-4.223000	7.033899
83	6	2.600000	-0.200000	-6.385900	6.897805
83	8	-1.390000	1.970000	-6.736000	7.154488
83	10	2.760000	-2.250000	-5.651000	6.679364
83	12	2.060000	-3.070000	-5.612000	6.720346
83	16	-0.460000	2.817000	-4.940000	5.705321
83	18	3.290000	-1.109000	-6.219000	7.122495
83	20	-1.380000	2.480000	-4.626000	5.427216
83	24	-4.810000	-1.080000	-5.333000	7.262464
83	26	-1.000000	0.660000	-6.170800	6.286046
83	28	1.660000	-3.002500	-5.207500	6.236077
83	1	3.770000	0.940000	-5.730000	6.923106
83	3	1.910000	-0.374000	-6.329600	6.622070
83	5	5.070000	-0.080000	-3.903000	6.398805
83	7	-0.180000	0.280000	-6.773530	6.781704
83	9	1.790000	5.250000	-4.035000	6.859142
83	11	-0.860000	2.940000	-6.305000	7.009724
83	13	-5.430000	0.060000	-3.545000	6.485023
83	17	3.950000	0.620000	-5.366000	6.691850
83	19	-2.960000	1.380000	-6.317000	7.111293
83	21	-4.450000	2.000000	-2.592000	5.524578
83	23	-4.710000	-2.510000	-1.616000	5.576348
83	25	2.350000	4.550000	-3.997000	6.496230
83	29	0.210000	1.900000	-6.636000	6.905838
84	0	3.900000	1.570000	-5.124000	6.627992
84	2	3.100000	-5.240000	-3.252000	6.902398
84	4	-2.500000	-1.520000	-6.287000	6.934462
84	6	4.180000	-2.221000	-4.388000	6.454439
84	8	-0.360000	0.630000	-6.505000	6.545344
84	10	-4.550000	-0.550000	-4.947000	6.743724
84	12	4.740000	-0.290000	-4.213000	6.348312
84	16	5.110000	2.658000	-3.226000	6.601829
84	18	1.380000	-4.025000	-5.325000	6.816205
84	20	0.060000	4.210000	-5.383000	6.834061
84	24	-3.940000	1.870000	-5.049000	6.671799
84	26	0.760000	3.080000	-6.395800	7.139346
84	28	0.803000	-2.488100	-6.934000	7.410520
84	1	-0.410000	5.730000	-2.658000	6.329768
84	3	3.300000	-0.833000	-5.286000	6.286946
84	5	0.010000	2.450000	-5.120000	5.676002
84	7	3.300000	-2.842700	-5.433000	6.963364
84	9	1.220000	-3.680000	-5.447600	6.686340
84	11	-1.150000	-0.250000	-6.907000	7.006543
84	13	-2.080000	-0.470000	-6.457400	6.800391
84	17	4.800000	-0.100000	-5.246900	7.111959
84	19	3.480000	-2.710000	-4.902000	6.594248
84	21	-1.320000	-2.840000	-5.572000	6.391806
84	23	1.590000	-1.560000	-6.359000	6.737847
84	25	3.870000	0.540000	-5.290700	6.577234
84	29	1.080000	-1.920000	-6.754000	7.104176
85	0	0.470000	-0.050000	-7.095000	7.110726
85	2	1.440000	0.660000	-7.186000	7.358519
85	4	-1.310000	1.730000	-6.243000	6.609391
85	6	5.500000	0.553000	-4.163000	6.919998
85	8	0.590000	1.330000	-6.784000	6.938275
85	10	1.770000	5.030000	-3.887000	6.598679
85	12	5.530000	2.080000	-3.493000	6.863552
85	16	0.130000	0.731000	-6.878300	6.918256
85	18	0.980000	2.242600	-6.222000	6.686026
85	20	4.380000	1.390000	-4.697000	6.571020
85	24	-0.750000	-5.610000	-3.973000	6.915152
85	26	-2.510000	-1.410000	-5.276800	6.011058
85	28	-0.110000	2.974000	-6.593400	7.233927
85	1	-1.350000	-0.850000	-6.690200	6.877774
85	3	2.970000	2.304000	-6.117800	7.180306
85	5	-2.340000	3.590000	-5.487000	6.962102
85	7	5.740000	1.128000	-3.784000	6.966968
85	9	-3.980000	1.090000	-5.675200	7.016865
85	11	-0.020000	-0.270000	-7.221000	7.226074
85	13	-1.390000	2.680000	-5.717200	6.465360
85	17	4.090000	1.250000	-4.969090	6.556101
85	19	-0.410000	-3.600000	-4.885000	6.082049
85	21	2.360000	1.390000	-6.056000	6.646566
85	23	2.560000	-0.530000	-6.736000	7.225524
85	25	0.610000	-2.710000	-6.432400	7.006566
85	29	1.160000	5.130000	-3.986000	6.599295
86	0	-2.280000	-0.740000	-6.359000	6.795799
86	2	5.160000	-1.880000	-1.177000	5.616523
86	4	-2.510000	2.870000	-5.642000	6.809491
86	6	2.270000	4.233000	-3.969000	6.230903
86	8	-2.860000	-0.400000	-6.396000	7.017722
86	10	-3.410000	-3.770000	-4.016000	6.478368
86	12	-2.960000	-0.630000	-5.773000	6.518131
86	16	1.770000	0.948000	-6.334300	6.644920
86	18	-1.780000	-5.266600	-2.006000	5.910119
86	20	2.070000	-4.070000	-4.893000	6.692626
86	24	-1.550000	2.470000	-5.991000	6.662993
86	26	-0.950000	0.250000	-7.160700	7.227768
86	28	-2.719000	2.960000	-5.708100	6.981187
86	1	4.330000	-2.850000	-3.399000	6.198758
86	3	-0.690000	-3.715000	-5.788000	6.912183
86	5	-4.222000	-2.140000	-4.730000	6.691620
86	7	-0.390000	3.650000	-6.237500	7.237472
86	9	5.150000	1.100000	-3.373000	6.253769
86	11	4.690000	3.100000	-3.813000	6.793016
86	13	1.210000	-0.640000	-6.861400	6.996607
86	17	5.030000	1.740000	-3.658000	6.458286
86	19	1.470000	3.160000	-6.406800	7.293393
86	21	-3.720000	-0.820000	-6.268000	7.334755
86	23	2.330000	1.420000	-6.668000	7.204688
86	25	-0.990000	-2.810000	-5.952000	6.656013
86	29	0.630000	2.200000	-5.459000	5.919255
87	0	2.670000	1.890000	-6.111000	6.931473
87	2	2.090000	-5.330000	-3.368000	6.642321
87	4	1.210000	-0.520000	-6.803000	6.929308
87	6	3.180000	-2.289000	-5.823900	7.019240
87	8	-2.720000	0.255000	-5.057000	5.747754
87	10	-1.570000	-5.760000	-3.337000	6.839449
87	12	1.470000	1.460000	-5.244400	5.638815
87	16	-3.400000	-3.179000	-2.655000	5.358644
87	18	-0.410000	0.901100	-7.022000	7.091443
87	20	0.500000	-1.790000	-6.841400	7.089348
87	24	1.370000	0.720000	-6.543300	6.723844
87	26	1.020000	0.410000	-6.735100	6.824227
87	28	-2.677000	1.863000	-6.432000	7.211638
87	1	1.700000	-2.390000	-4.602000	5.457152
87	3	1.270000	-3.527000	-5.812000	6.916066
87	5	0.363000	2.230000	-5.817000	6.240365
87	7	-0.460000	-0.997000	-6.920400	7.006964
87	9	1.170000	-2.690000	-4.849000	5.667257
87	11	0.900000	-4.580000	-5.497700	7.211873
87	13	0.460000	1.030000	-6.030500	6.135098
87	17	3.590000	3.200000	-4.374400	6.501036
87	19	-1.110000	-0.610000	-6.750100	6.867900
87	21	-1.350000	1.610000	-6.905000	7.217591
87	23	0.080000	-2.070000	-6.286300	6.618827
87	25	0.330000	-1.540000	-7.376000	7.542273
87	29	4.710000	2.830000	-3.153000	6.335172
88	0	-2.490000	2.400000	-5.471000	6.472398
88	2	-0.046000	5.910000	-1.677000	6.143496
88	4	-2.780000	-2.040000	-5.061000	6.124028
88	6	0.260000	-5.905000	-3.424000	6.830842
88	8	-3.270000	2.308000	-5.154000	6.525602
88	10	2.540000	2.230000	-5.946000	6.839548
88	12	-2.010000	-0.580000	-6.938000	7.246540
88	16	-4.870000	2.060000	-3.428000	6.301721
88	18	-0.390000	-4.367900	-3.147000	5.397616
88	20	3.980000	-3.120000	-4.363400	6.679376
88	24	-2.730000	-0.120000	-5.783000	6.396123
88	26	0.300000	3.500000	-5.989000	6.943207
88	28	1.347000	1.335000	-7.300000	7.542323
88	1	3.870000	-2.520000	-4.376000	6.362128
88	3	0.880000	-5.372000	-4.363000	6.976285
88	5	-1.375000	-3.570000	-5.766000	6.919702
88	7	1.150000	-4.853600	-5.283000	7.265674
88	9	-0.440000	2.700000	-6.025400	6.617329
88	11	0.110000	-4.150000	-5.492000	6.884524
88	13	3.950000	3.970000	-1.262000	5.740735
88	17	2.380000	4.100000	-3.350000	5.804903
88	19	-2.580000	-2.310000	-5.824200	6.775973
88	21	-0.470000	4.060000	-5.350300	6.732771
88	23	5.060000	0.670000	-2.061000	5.504564
88	25	0.920000	-1.250000	-6.964000	7.134858
88	29	2.160000	-2.610000	-5.608100	6.551983
89	0	5.730000	1.200000	-3.051000	6.601629
89	2	0.880000	4.520000	-5.296900	7.018686
89	4	1.210000	0.270000	-6.824700	6.936392
89	6	5.340000	-2.471000	-0.916000	5.954872
89	8	-2.220000	3.540000	-5.433000	6.854013
89	10	-1.020000	5.910000	-3.268000	6.829958
89	12	-3.880000	-2.960000	-4.201000	6.439286
89	16	0.340000	3.451000	-6.013700	6.941872
89	18	0.348000	2.575000	-6.132000	6.659816
89	20	-4.630000	0.570000	-4.977000	6.821461
89	24	1.940000	-0.330000	-6.552000	6.841141
89	26	2.790000	-1.520000	-5.910000	6.709888
89	28	-2.510000	2.712000	-6.350000	7.346941
89	1	-2.340000	-1.200000	-6.079000	6.623431
89	3	4.020000	-3.020000	-3.883000	6.352833
89	5	-2.244000	-3.010000	-6.095000	7.158538
89	7	-0.910000	-3.966700	-5.063000	6.495905
89	9	-0.440000	3.440000	-6.311000	7.201106
89	11	2.380000	0.660000	-6.253000	6.723095
89	13	-4.690000	0.380000	-3.409000	5.810489
89	17	-0.720000	-0.320000	-6.143600	6.193918
89	19	2.390000	4.830000	-3.719000	6.547668
89	21	4.530000	-2.160000	-2.541000	5.625227
89	23	-0.230000	0.380000	-7.105000	7.118871
89	25	-5.770000	0.320000	-2.358000	6.241431
89	29	4.670000	3.700000	-3.102000	6.717239
90	0	-1.240000	-3.400000	-5.284000	6.404550
90	2	3.330000	1.000000	-6.186600	7.096684
90	4	3.890000	-3.660000	-4.189000	6.787888
90	6	0.870000	6.104800	-1.612000	6.373698
90	8	0.550000	-0.450000	-7.770000	7.802429
90	10	-1.480000	-1.870000	-5.975000	6.433345
90	12	-2.630000	-3.740000	-4.716000	6.568497
90	18	0.760000	-3.500000	-6.388000	7.323534
90	20	-1.600000	-0.340000	-7.107000	7.292808
90	24	2.620000	-2.300000	-5.403000	6.430148
90	26	1.150000	0.380000	-6.090000	6.209267
90	28	-0.100000	-0.784000	-6.230900	6.280826
90	1	0.840000	1.730000	-6.982000	7.242018
90	3	4.880000	0.804000	-4.247000	6.519036
90	5	-0.930000	5.320000	-2.514000	5.957138
90	9	0.430000	2.370000	-6.268800	6.715628
90	11	-0.290000	-4.880000	-3.771600	6.174420
90	13	-2.690000	-3.330000	-5.158600	6.703443
90	17	1.110000	1.080000	-6.659800	6.837502
90	19	0.530000	2.980000	-5.429000	6.215733
90	21	0.320000	4.830000	-4.734000	6.770676
90	23	0.430000	3.640000	-5.607500	6.699146
90	25	-3.160000	2.280000	-3.016000	4.927500
90	29	4.750000	2.050000	-3.520000	6.257428
91	0	2.480000	-5.240000	-2.964000	6.511013
91	2	2.530000	-5.100000	-1.517000	5.891705
91	4	-4.090000	-0.990000	-5.088000	6.602722
91	6	-1.910000	5.557200	-2.715000	6.473160
91	8	0.650000	5.010000	-4.556000	6.802921
91	10	-0.670000	0.700000	-7.017000	7.083586
91	12	-3.510000	-1.770000	-6.163800	7.310638
91	18	1.100000	2.372900	-6.538000	7.041740
91	20	0.790000	5.410000	-3.822000	6.670823
91	24	0.080000	-4.770000	-4.813000	6.776745
91	26	1.360000	-3.040000	-6.107000	6.956051
91	28	-3.290000	1.393000	-6.080880	7.052776
91	1	2.930000	-4.420000	-4.610000	7.026621
91	3	0.000000	-5.480000	-3.502000	6.503415
91	5	-0.360000	4.780000	-5.203000	7.074547
91	9	1.650000	0.380000	-6.800910	7.008515
91	11	4.550000	-4.340000	-1.357000	6.432694
91	13	-3.830000	3.860000	-1.286000	5.587691
91	17	-2.400000	-3.290000	-4.968300	6.424026
91	19	3.820000	-1.350000	-5.086000	6.502484
91	21	0.610000	-2.780000	-5.991000	6.632690
91	23	-3.570000	-0.440000	-6.272000	7.230248
91	25	1.620000	-2.170000	-5.188000	5.852234
91	29	-2.450000	0.510000	-6.887800	7.328328
92	0	1.950000	1.730000	-6.333000	6.848525
92	2	3.910000	5.340000	-2.452000	7.058045
92	4	0.800000	-1.450000	-6.870800	7.067559
92	6	-1.600000	2.404000	-5.379000	6.105150
92	8	-1.540000	-1.436000	-6.728000	7.049800
92	10	0.890000	-5.150000	-2.297000	5.708836
92	12	-0.990000	4.120000	-3.707000	5.629951
92	18	4.960000	-1.099800	-4.208000	6.596850
92	20	0.480000	-3.090000	-6.492400	7.206230
92	24	3.540000	-1.470000	-5.797800	6.950323
92	26	-6.100000	0.010000	-1.433000	6.266066
92	28	-1.070000	-2.390100	-6.585000	7.086586
92	1	-0.080000	1.370000	-6.752000	6.890051
92	3	2.660000	0.000000	-6.071000	6.628170
92	5	-2.852000	3.950000	-4.991000	6.974703
92	9	-2.970000	2.410000	-4.170000	5.658436
92	11	0.490000	1.530000	-6.696000	6.886030
92	13	2.690000	2.400000	-5.547000	6.615535
92	17	-0.060000	1.120000	-7.344000	7.429154
92	19	-1.560000	1.260000	-6.755100	7.046458
92	21	4.680000	1.910000	-3.454100	6.122198
92	23	1.010000	3.580000	-5.879000	6.956949
92	25	-0.830000	-2.550000	-6.255800	6.806352
92	29	0.950000	-1.310000	-6.720256	6.912340
93	0	-1.800000	-2.820000	-5.960000	6.834764
93	2	-5.090000	-1.650000	-1.717000	5.619492
93	4	-2.690000	-3.240000	-5.515000	6.938943
93	6	-3.260000	0.385000	-6.071000	6.901657
93	8	-5.010000	3.240000	-2.125000	6.333508
93	10	-3.540000	0.480000	-5.983000	6.968378
93	12	-2.710000	3.310000	-5.475400	6.948396
93	18	5.280000	-1.414600	-3.893700	6.711214
93	20	-3.220000	-3.960000	-1.299000	5.266631
93	24	-2.990000	1.940000	-6.275900	7.217383
93	26	0.980000	0.460000	-6.694560	6.781529
93	28	0.628000	-4.184800	-5.808800	7.186730
93	1	4.660000	-0.230000	-2.116000	5.123081
93	3	-1.260000	2.004000	-5.727000	6.196946
93	5	3.904000	-1.470000	-5.388000	6.814151
93	9	0.480000	-3.470000	-6.119325	7.051059
93	11	1.180000	-3.610000	-5.934000	7.045343
93	13	4.140000	-1.510000	-5.045000	6.698636
93	17	3.700000	-0.860000	-5.436500	6.632129
93	19	-1.570000	-1.330000	-6.684400	6.993926
93	21	-1.170000	-3.370000	-5.956000	6.942603
93	23	1.890000	-2.120000	-6.086000	6.716092
93	25	0.850000	2.430000	-6.450900	6.945611
93	29	-0.840000	-1.700000	-6.605800	6.872568
94	0	-3.250000	3.310000	-4.661000	6.575981
94	2	4.140000	1.390000	-1.873000	4.751824
94	4	1.930000	-2.920000	-5.113000	6.196295
94	6	3.360000	2.226000	-5.809000	7.070301
94	8	-4.550000	-1.244000	-4.270000	6.362620
94	10	0.360000	1.110000	-6.964000	7.061090
94	12	4.050000	-1.470000	-5.066000	6.650395
94	18	3.883000	-2.390000	-5.163300	6.888357
94	20	1.200000	4.110000	-4.859000	6.476263
94	24	3.070000	-4.220000	-4.316000	6.772087
94	26	-3.440000	-4.950000	-3.135000	6.794433
94	28	-1.690000	2.197500	-6.574000	7.134605
94	1	-1.960000	0.440000	-6.742000	7.034896
94	3	-0.920000	0.520000	-6.861000	6.941910
94	5	-0.003000	-4.900000	-4.677000	6.773798
94	9	0.190000	-5.917000	-3.549000	6.902347
94	11	4.540000	1.070000	-4.726200	6.640291
94	13	1.220000	-0.510000	-5.268000	5.431420
94	17	-0.560000	-4.030000	-5.240500	6.634557
94	19	1.800000	3.800000	-2.177000	4.734905
94	21	2.160000	3.130000	-3.611200	5.244356
94	23	2.630000	-2.490000	-5.907700	6.929496
94	25	-0.230000	-2.220000	-6.372700	6.752230
94	29	-0.110000	4.010000	-5.390000	6.718951
95	0	0.910000	-3.950000	-4.746000	6.241403
95	2	2.490000	-0.570000	-6.207300	6.712345
95	4	2.440000	-1.730000	-6.106200	6.799425
95	6	0.290000	0.692000	-7.256900	7.295585
95	8	2.060000	3.670000	-5.343000	6.801481
95	10	-4.190000	-3.170000	-3.337000	6.224192
95	12	-3.410000	1.910000	-6.103000	7.247262
95	18	2.144000	3.407000	-2.612000	4.798638
95	20	-4.810000	-0.140000	-5.273000	7.138643
95	24	-0.580000	2.370000	-6.354000	6.806366
95	26	2.320000	0.780000	-6.185990	6.652614
95	28	-5.285000	0.443000	-3.552000	6.383117
95	1	-2.940000	-1.060000	-6.413000	7.133987
95	3	-1.800000	2.981000	-5.664000	6.648854
95	5	2.040000	-0.440000	-7.386000	7.675167
95	9	-2.900000	1.440000	-5.791900	6.635488
95	11	2.900000	3.580000	-5.457100	7.141872
95	13	0.370000	1.440000	-6.659000	6.822960
95	17	1.960000	-0.180000	-6.823000	7.101220
95	19	-3.250000	-4.140000	-2.582000	5.862493
95	21	-5.510000	-0.820000	-3.590000	6.627262
95	23	-2.510000	4.260000	-4.614400	6.763164
95	25	-0.770000	0.830000	-6.337800	6.438129
95	29	2.130000	3.810000	-4.265000	6.102723
96	0	0.680000	3.200000	-5.387000	6.302553
96	2	-3.699000	-2.850000	-4.976000	6.823905
96	4	-2.430000	-3.700000	-5.423500	7.000661
96	6	0.980000	-0.724000	-6.595000	6.706609
96	8	-0.020000	2.876000	-6.286000	6.912711
96	10	-1.730000	-3.690000	-5.762000	7.057595
96	12	0.560000	-1.100000	-6.225000	6.346198
96	18	3.440000	4.183000	-3.630300	6.519982
96	20	1.880000	4.000000	-4.532000	6.330357
96	24	0.740000	-1.330000	-6.761000	6.930196
96	26	5.550000	1.120000	-2.102000	6.039479
96	28	0.304000	-4.283000	-4.406200	6.152325
96	1	3.650000	0.880000	-5.253000	6.456850
96	3	-2.870000	-2.120000	-5.187000	6.295734
96	5	-2.773000	-0.490000	-6.513000	7.095689
96	9	-0.880000	-3.768000	-5.583200	6.792963
96	11	-4.230000	0.720000	-5.677000	7.116153
96	13	-5.130000	-2.370000	-2.883000	6.343933
96	17	-1.200000	-4.230000	-4.315500	6.160880
96	19	-3.230000	2.500000	-4.702000	6.228299
96	21	-3.010000	0.210000	-6.319000	7.002425
96	23	3.630000	-2.120000	-5.651100	7.043169
96	25	1.540000	3.580000	-5.406800	6.664945
96	29	3.670000	-4.620000	-2.256000	6.316869
97	0	-1.070000	-4.570000	-4.856000	6.753557
97	2	1.850000	2.050000	-6.367000	6.940006
97	4	-2.410000	4.970000	-3.359000	6.464664
97	6	3.270000	-2.671000	-3.757000	5.651742
97	8	1.970000	4.201000	-4.205000	6.261895
97	10	-0.130000	-5.170000	-3.613000	6.308690
97	12	1.620000	1.410000	-7.136000	7.452181
97	18	-2.574000	-3.167900	-5.379000	6.752385
97	20	3.520000	3.570000	-4.454000	6.706222
97	24	-3.740000	1.110000	-5.788300	6.980266
97	26	3.640000	-2.760000	-5.348500	7.033751
97	28	2.008000	3.072500	-5.499300	6.611703
97	1	1.440000	-2.720000	-5.939000	6.689075
97	3	1.300000	-3.860000	-5.186000	6.594255
97	5	-0.425000	2.200000	-6.638000	7.005974
97	9	2.070000	2.930000	-6.085300	7.064041
97	11	-3.040000	3.880000	-4.559000	6.714200
97	13	-0.320000	3.130000	-6.260370	7.006535
97	17	1.080000	3.080000	-5.456180	6.357885
97	19	-2.050000	-1.030000	-7.085900	7.448045
97	21	0.480000	-0.180000	-7.261000	7.279074
97	23	-2.580000	-3.590000	-4.305900	6.171327
97	25	0.590000	-2.020000	-6.180000	6.528468
97	29	3.440000	4.460000	-3.140000	6.448628
98	0	4.110000	1.370000	-3.688000	5.689494
98	2	3.440000	1.410000	-5.769100	6.863251
98	4	1.550000	-2.530000	-3.766000	4.794388
98	6	0.640000	2.671000	-6.083000	6.674334
98	8	3.250000	1.402000	-4.936000	6.073895
98	10	-3.480000	-3.870000	-5.012000	7.225472
98	12	-3.930000	1.360000	-5.642000	7.009042
98	18	0.483000	-2.123000	-5.926000	6.313311
98	20	-2.920000	-0.120000	-5.295000	6.047960
98	24	2.350000	2.070000	-6.245900	6.987036
98	26	-0.470000	1.640000	-6.295600	6.522659
98	28	-2.680000	4.340000	-4.037000	6.505026
98	1	2.600000	-2.850000	-3.905000	5.489219
98	3	-0.710000	3.923000	-5.350000	6.672071
98	5	-1.850000	-1.610000	-6.666600	7.103390
98	9	1.180000	0.660000	-6.227200	6.372285
98	11	2.150000	-1.110000	-6.293100	6.742233
98	13	1.800000	4.380000	-4.758000	6.712895
98	17	-2.180000	-1.060000	-5.862000	6.343425
98	19	-5.120000	0.810000	-3.834000	6.447484
98	21	-0.440000	1.690000	-6.599000	6.826163
98	23	-0.860000	3.260000	-5.931000	6.822313
98	25	2.370000	3.600000	-4.697170	6.374975
98	29	-1.330000	-3.470000	-4.554000	5.877816
99	0	2.230000	-4.930000	-4.400000	6.974081
99	2	-4.333000	3.670000	-4.082000	6.993319
99	4	3.250000	1.560000	-6.075000	7.064115
99	6	0.570000	2.595100	-6.599000	7.113807
99	8	-4.060000	-0.400000	-5.353000	6.730394
99	10	-4.170000	1.690000	-4.234000	6.178330
99	12	-1.040000	2.860000	-5.946000	6.679530
99	18	-1.141000	2.110000	-6.490000	6.919110
99	20	2.290000	3.390000	-5.546000	6.891612
99	24	4.500000	-1.800000	-4.696000	6.748512
99	26	0.090000	1.560000	-5.827100	6.032976
99	28	-0.097000	1.923000	-6.884000	7.148202
99	1	0.770000	5.460000	-4.544000	7.145099
99	3	-1.290000	-4.240000	-4.799000	6.532389
99	5	5.661000	-2.940000	-1.248000	6.499848
99	9	-3.350000	2.650000	-4.527000	6.224044
99	11	1.040000	3.790000	-6.135600	7.286377
99	13	-5.090000	-2.730000	-2.627000	6.345245
99	17	-0.440000	1.470000	-6.496000	6.674767
99	19	-3.040000	3.910000	-2.273000	5.449425
99	21	-1.220000	-4.030000	-0.775000	4.281346
99	23	0.810000	3.460000	-3.941700	5.307042
99	25	-0.180000	4.130000	-5.829300	7.146330
99	29	-1.310000	0.420000	-6.605400	6.747133
100	0	-4.040000	-2.130000	-4.518000	6.424237
100	2	-0.470000	-0.490000	-7.114700	7.147024
100	4	4.150000	-0.430000	-5.587000	6.972946
100	6	4.560000	-4.260000	-1.673000	6.460660
100	8	-2.100000	-3.096000	-6.266000	7.297806
100	10	-4.410000	-4.190000	-1.016000	6.167370
100	12	-2.240000	0.240000	-6.762000	7.127401
100	18	-3.698000	-2.276000	-5.000000	6.622339
100	20	1.580000	0.360000	-6.774600	6.965716
100	24	-0.200000	0.070000	-7.017700	7.020898
100	26	1.280000	1.470000	-5.878800	6.193512
100	28	-3.399000	-1.324000	-4.754800	5.992854
100	1	1.680000	-5.360000	-2.855000	6.301034
100	3	1.450000	-1.090000	-6.867000	7.102555
100	5	4.849000	-1.830000	-3.776000	6.412478
100	9	1.520000	-5.647000	-2.103000	6.214629
100	11	1.900000	-0.910000	-6.292700	6.635976
100	13	0.620000	5.200000	-3.646000	6.381043
100	17	0.090000	3.370000	-5.889000	6.785670
100	19	-1.520000	-1.690000	-6.542400	6.926002
100	21	-0.630000	2.500000	-6.348000	6.851569
100	23	2.520000	-1.510000	-5.438900	6.181596
100	25	-2.700000	3.340000	-4.940400	6.546232
100	29	-1.570000	-1.920000	-6.232600	6.707951
101	0	-3.410000	0.730000	-5.783000	6.753080
101	2	0.425000	2.420000	-6.831700	7.260107
101	4	2.160000	0.960000	-6.622900	7.032070
101	6	-0.230000	6.006000	-3.319000	6.865908
101	8	-2.850000	-0.370000	-6.723000	7.311507
101	10	-0.600000	-2.460000	-6.582000	7.052257
101	12	0.980000	-4.070000	-5.421000	6.849273
101	18	-1.474000	-0.075000	-6.390000	6.558232
101	20	5.490000	-0.640000	-3.322000	6.448673
101	24	-4.650000	-3.150000	-3.375000	6.552528
101	26	1.340000	-4.350000	-4.720000	6.557172
101	28	2.405000	5.105000	-2.662000	6.239495
101	1	4.550000	-2.720000	-1.784000	5.593170
101	3	0.770000	-0.210000	-6.592800	6.640935
101	5	2.308000	4.720000	-3.877000	6.529655
101	9	-0.210000	-0.019000	-7.060500	7.063648
101	11	-4.910000	3.000000	-4.132000	7.083892
101	13	-4.090000	-3.870000	-1.963000	5.963084
101	17	-3.890000	0.450000	-6.283000	7.403424
101	19	-2.300000	2.060000	-6.574900	7.263808
101	21	1.400000	-2.180000	-6.573600	7.065735
101	23	-0.130000	-4.650000	-4.693000	6.607848
101	25	0.020000	-0.940000	-7.167000	7.228408
101	29	4.380000	1.000000	-5.097000	6.794395
102	0	-1.230000	1.390000	-6.638000	6.892608
102	2	1.300000	1.780000	-6.309000	6.682955
102	4	4.070000	4.040000	-3.240000	6.586661
102	6	-0.300000	-1.682000	-6.952000	7.158871
102	8	-2.050000	-0.540000	-6.914000	7.231701
102	10	2.660000	-1.330000	-6.548000	7.191718
102	12	2.650000	0.160000	-6.321200	6.856068
102	18	1.222000	1.156700	-6.591000	6.802391
102	20	-2.740000	-0.570000	-6.372000	6.959518
102	24	1.810000	5.510000	-3.965000	7.025484
102	26	3.360000	0.790000	-4.547300	5.708909
102	28	0.000000	-1.513000	-5.600200	5.800983
102	1	-4.550000	-3.650000	-2.641000	6.403115
102	3	-1.400000	-2.780000	-6.202000	6.939251
102	5	5.230000	1.150000	-3.239000	6.258316
102	9	-2.920000	-4.140000	-4.488000	6.768171
102	11	-0.710000	-2.300000	-5.060000	5.603365
102	13	4.000000	-1.280000	-4.156000	5.908531
102	17	-1.280000	-1.560000	-7.159000	7.437962
102	19	2.220000	-0.340000	-6.666900	7.035023
102	21	3.130000	-2.470000	-6.096000	7.284162
102	23	4.250000	-0.490000	-5.955000	7.332436
102	25	2.520000	-0.340000	-6.452900	6.935843
102	29	0.540000	-0.510000	-7.160200	7.198622
103	0	-3.760000	0.980000	-5.385000	6.640499
103	2	-0.127000	-4.960000	-4.337000	6.589939
103	4	-2.130000	2.230000	-6.210950	6.934385
103	6	2.180000	5.113000	-3.973000	6.832269
103	8	-2.820000	-2.420000	-6.091000	7.135060
103	10	-3.710000	-1.350000	-5.580000	6.835422
103	12	2.270000	-1.680000	-4.526000	5.334789
103	18	0.804000	5.047000	-3.965500	6.468680
103	20	0.390000	0.220000	-6.540000	6.555311
103	24	-4.120000	-2.300000	-4.937000	6.829229
103	26	0.530000	4.380000	-4.235800	6.116151
103	28	-3.450000	2.089000	-5.693600	6.977356
103	1	0.790000	-3.690000	-5.572000	6.729590
103	3	-0.800000	-2.510000	-6.430000	6.948741
103	5	-5.257000	0.530000	-3.446000	6.308079
103	9	-1.600000	-1.160000	-6.689000	6.974835
103	11	-0.040000	-1.260000	-7.322500	7.430222
103	13	-1.480000	1.880000	-7.080230	7.473584
103	17	-1.200000	-0.820000	-6.805000	6.958479
103	19	5.050000	-0.650000	-4.737000	6.954435
103	21	-0.070000	3.480000	-5.963000	6.904540
103	23	1.260000	-0.490000	-6.885000	7.016475
103	25	0.980000	-0.810000	-7.056000	7.169633
103	29	2.370000	-3.680000	-4.849000	6.532389
104	0	1.140000	1.960000	-6.511000	6.894514
104	2	1.264000	0.810000	-7.237000	7.391073
104	4	3.220000	-1.650000	-5.499400	6.582879
104	6	0.620000	2.823400	-5.765000	6.449125
104	8	3.810000	0.670000	-5.435000	6.671149
104	10	-2.480000	4.180000	-3.709000	6.113876
104	12	1.760000	5.110000	-0.740000	5.455025
104	18	1.420000	0.829000	-6.104000	6.321587
104	20	0.870000	-2.850000	-5.961000	6.664302
104	24	2.630000	-0.950000	-5.931900	6.557960
104	26	1.750000	-4.400000	-4.458500	6.503901
104	28	0.340000	3.835000	-5.456000	6.677631
104	1	3.300000	-3.710000	-4.165000	6.480843
104	3	-0.120000	-5.380000	-4.044000	6.731474
104	5	-2.944000	-4.110000	-1.811000	5.370192
104	9	3.800000	-0.994000	-5.466000	6.730913
104	11	4.190000	2.770000	-2.842000	5.771132
104	13	-2.130000	0.020000	-6.216000	6.570841
104	17	2.370000	3.220000	-5.391800	6.712437
104	19	0.770000	-3.360000	-6.668800	7.507023
104	21	3.420000	0.670000	-6.050000	6.981962
104	23	4.040000	2.090000	-4.181000	6.178225
104	25	-2.230000	5.430000	-2.714000	6.467117
104	29	-0.970000	1.640000	-6.333600	6.613999
105	0	1.000000	-1.250000	-7.000000	7.180703
105	2	-3.971000	2.480000	-3.987000	6.149424
105	4	2.670000	-3.950000	-2.032000	5.182704
105	6	-2.270000	4.968000	-2.452000	5.987172
105	8	0.780000	-2.790000	-6.971000	7.548996
105	10	-1.910000	2.110000	-5.276000	5.994696
105	12	-2.010000	4.240000	-5.179100	6.988618
105	16	-0.940000	0.893000	-6.972610	7.092132
105	18	5.050000	-2.139000	-2.943700	6.224403
105	20	-1.980000	2.000000	-6.352000	6.947539
105	26	0.210000	-1.220000	-7.157000	7.263274
105	28	0.410000	0.825000	-6.846000	6.907709
105	1	0.490000	1.800000	-6.695000	6.950045
105	3	1.200000	-0.150000	-6.670000	6.778746
105	5	0.966000	-0.420000	-7.112890	7.190463
105	7	1.690000	1.113900	-7.072600	7.356531
105	9	-3.810000	-1.178000	-4.899000	6.316960
105	11	-3.130000	-2.370000	-5.832400	7.030696
105	13	2.780000	-2.950000	-5.288000	6.662871
105	17	3.170000	-0.850000	-5.303300	6.236697
105	19	-3.610000	-5.080000	-1.347000	6.375963
105	21	2.540000	3.220000	-5.873000	7.163248
105	23	-4.340000	4.430000	-3.445000	7.094260
105	29	-3.810000	-0.120000	-5.450000	6.650789
106	0	1.120000	4.130000	-4.143000	5.956152
106	2	4.803000	-2.010000	-4.562400	6.922745
106	4	3.010000	3.090000	-4.395000	6.158265
106	6	3.230000	4.164100	-5.138000	7.360141
106	8	-1.800000	-3.670000	-4.861000	6.351238
106	10	-2.060000	-4.290000	-4.557000	6.588926
106	12	3.280000	4.610000	-1.808000	5.939643
106	16	3.660000	1.727000	-4.878000	6.338218
106	18	3.118000	-2.654000	-5.932000	7.207931
106	20	2.500000	-0.420000	-6.540000	7.014129
106	26	0.190000	-0.200000	-6.359500	6.365480
106	28	3.270000	1.394000	-5.898000	6.886403
106	1	-1.410000	1.470000	-5.930000	6.270080
106	3	4.680000	-4.440000	-1.722000	6.676922
106	5	-1.003000	-4.850000	-3.714000	6.190501
106	7	0.180000	4.710000	-3.319000	5.764743
106	9	-3.130000	-0.524000	-5.920200	6.717160
106	11	-5.310000	3.280000	-2.791000	6.836972
106	13	-0.650000	-0.300000	-7.078400	7.114510
106	17	1.960000	-5.210000	-2.342000	6.039095
106	19	-1.170000	-4.520000	-4.937000	6.795092
106	21	0.670000	5.020000	-2.527000	5.659950
106	23	-0.960000	1.090000	-6.794800	6.948310
106	29	-4.110000	2.840000	-4.617000	6.802528
107	0	-1.680000	-2.360000	-6.470000	7.088928
107	2	0.584000	-2.460000	-6.244800	6.737224
107	4	-1.460000	-3.580000	-6.065000	7.192512
107	6	5.140000	-1.831000	-4.647000	7.167061
107	8	4.410000	1.420000	-5.150000	6.927265
107	10	2.200000	-3.300000	-3.413000	5.232453
107	12	-4.130000	1.090000	-5.506550	6.969009
107	16	-2.330000	5.296000	-0.611000	5.818061
107	18	-1.523000	3.299360	-5.797000	6.841821
107	20	-2.480000	-3.940000	-5.590000	7.274758
107	26	2.250000	2.920000	-6.002500	7.044069
107	28	-3.050000	1.015000	-5.772000	6.606717
107	1	1.460000	3.190000	-6.126000	7.059432
107	3	2.280000	-0.830000	-6.582000	7.014986
107	5	3.939000	1.260000	-5.649000	7.001037
107	7	-3.230000	-1.688000	-4.627000	5.889938
107	9	-2.160000	2.062000	-5.623600	6.367285
107	11	4.820000	-2.300000	-4.288000	6.849040
107	13	-1.450000	-3.500000	-5.929600	7.036523
107	17	-2.730000	0.170000	-6.876500	7.400544
107	19	-2.910000	-2.460000	-5.588000	6.763538
107	21	1.320000	-0.620000	-7.022000	7.171840
107	23	1.560000	-2.230000	-6.507300	7.053471
107	29	0.010000	4.520000	-5.284000	6.953500
108	0	-3.550000	3.830000	-4.475000	6.877283
108	2	3.290000	-0.830000	-6.077300	6.960357
108	4	2.560000	-0.530000	-6.050900	6.591501
108	6	0.040000	4.147000	-5.222000	6.668470
108	8	1.970000	-0.690000	-5.025000	5.441289
108	10	-2.490000	-5.850000	-2.738000	6.922373
108	12	-0.880000	4.170000	-5.679800	7.100946
108	16	1.050000	5.497000	-4.727000	7.325574
108	18	0.302000	-1.202000	-7.220000	7.325599
108	20	-2.130000	-4.050000	-5.311000	7.010429
108	26	-3.760000	2.290000	-5.086000	6.726745
108	28	-3.070000	2.651000	-5.495400	6.830236
108	1	-0.860000	-1.520000	-6.794000	7.014872
108	3	2.370000	-0.020000	-6.241000	6.675881
108	5	1.321000	-4.620000	-1.733000	5.108104
108	7	3.640000	0.253000	-4.980900	6.174380
108	9	-1.000000	3.960000	-6.039400	7.290813
108	11	3.460000	-1.890000	-5.640900	6.882111
108	13	-4.000000	0.240000	-5.486600	6.794143
108	17	-1.450000	-3.310000	-5.155700	6.296018
108	19	5.040000	2.300000	-4.376000	7.059814
108	21	0.420000	0.260000	-7.321000	7.337645
108	23	0.690000	6.320000	-1.663000	6.571459
108	29	-4.630000	0.350000	-3.619000	5.886982
109	0	4.150000	-0.180000	-5.464000	6.863687
109	2	-4.911000	-1.810000	-0.412000	5.250120
109	4	-2.580000	-0.300000	-6.632800	7.123232
109	6	0.700000	4.091000	-5.715000	7.063109
109	8	-6.110000	0.710000	-1.923000	6.444698
109	10	0.140000	0.100000	-6.906000	6.908143
109	12	2.910000	-0.450000	-5.943750	6.633156
109	16	2.020000	1.926000	-7.075000	7.605623
109	18	-2.658000	-4.341000	-4.067900	6.515908
109	20	0.530000	2.750000	-6.816000	7.368939
109	26	-2.300000	-0.220000	-6.748800	7.133351
109	28	-5.470000	0.445000	-4.319000	6.983744
109	1	-0.260000	3.620000	-5.838000	6.874172
109	3	0.990000	-0.080000	-7.366000	7.432661
109	5	3.766000	-2.550000	-5.687000	7.281979
109	7	-4.750000	-3.559000	-2.033000	6.273920
109	9	1.190000	-5.684000	-2.791000	6.443108
109	11	1.660000	3.030000	-5.206800	6.248781
109	13	2.990000	-2.990000	-4.300000	6.030771
109	17	-3.370000	-2.480000	-5.489600	6.902391
109	19	0.470000	4.900000	-3.993000	6.338371
109	21	4.450000	1.540000	-5.241000	7.045721
109	23	-2.140000	2.100000	-5.674000	6.417466
109	29	-1.820000	3.470000	-4.552000	6.006164
110	0	-3.100000	2.670000	-6.139000	7.377413
110	2	-0.319000	-6.010000	-3.202000	6.817233
110	4	0.860000	-3.610000	-5.056000	6.271749
110	6	2.790000	0.695000	-6.139000	6.778971
110	8	1.460000	1.160000	-6.867000	7.115679
110	10	-0.510000	-4.450000	-5.241000	6.894250
110	12	-4.200000	4.250000	-1.941000	6.282514
110	16	-1.010000	3.357000	-6.066000	7.006133
110	18	-2.969000	2.819800	-4.026200	5.742519
110	20	-0.060000	0.550000	-6.808000	6.830444
110	26	0.910000	3.140000	-5.577000	6.464567
110	28	-2.300000	-2.474000	-6.234000	7.090376
110	1	0.150000	-2.290000	-6.113000	6.529576
110	3	0.070000	1.860000	-6.737000	6.989397
110	5	-3.623000	1.210000	-5.826000	6.966527
110	7	4.390000	-2.087000	-4.745000	6.792841
110	9	-0.330000	-4.928000	-4.260000	6.522399
110	11	2.130000	-1.490000	-6.201500	6.724255
110	13	0.270000	-0.360000	-6.684330	6.699460
110	17	-0.970000	1.690000	-6.723000	6.999695
110	19	-1.080000	-1.410000	-6.479600	6.718610
110	21	-0.780000	-2.140000	-6.017000	6.433684
110	23	0.300000	2.440000	-6.864000	7.290960
110	29	-2.660000	-2.430000	-6.030200	7.024515
111	0	-1.690000	3.480000	-6.007000	7.144967
111	2	4.379000	-3.120000	-3.859000	6.618302
111	4	-0.300000	-1.200000	-6.802300	6.913847
111	8	3.140000	0.610000	-6.450000	7.199597
111	10	-0.700000	3.240000	-6.126000	6.965305
111	12	-1.420000	-0.100000	-5.709100	5.883895
111	16	1.360000	-2.985100	-3.550000	4.833521
111	18	-1.878000	0.511200	-6.539000	6.822516
111	20	-2.020000	-2.390000	-5.393000	6.235138
111	26	-2.080000	-1.800000	-6.465000	7.025854
111	28	-3.950000	-0.064000	-5.638000	6.884304
111	1	-1.140000	-0.860000	-6.893000	7.039364
111	3	3.690000	-2.750000	-4.813000	6.659097
111	5	4.449000	-2.080000	-4.159000	6.435626
111	9	-0.730000	-1.060000	-6.671800	6.794808
111	11	4.400000	0.270000	-5.738000	7.235851
111	13	4.020000	3.710000	-2.316000	5.940400
111	17	-3.680000	-5.210000	0.148000	6.380314
111	19	1.100000	0.760000	-6.449100	6.586235
111	21	-0.800000	2.150000	-6.798000	7.174629
111	23	-2.870000	1.480000	-4.879500	5.851224
111	29	-3.030000	-2.040000	-5.438000	6.550904
112	0	4.060000	-1.590000	-5.885000	7.324270
112	2	-0.073000	-3.160000	-5.475310	6.322179
112	4	0.010000	-1.870000	-6.944000	7.191393
112	8	3.240000	-0.680000	-6.135000	6.971243
112	10	-1.610000	0.450000	-6.702000	6.907344
112	12	3.610000	-2.420000	-6.063400	7.460115
112	16	-3.180000	1.169000	-5.592000	6.538304
112	18	0.864000	-3.245000	-6.604000	7.408734
112	20	0.890000	0.030000	-7.230000	7.284635
112	26	-4.260000	0.870000	-5.406000	6.937531
112	28	-0.490000	-4.891900	-2.933000	5.724795
112	1	-1.520000	0.360000	-7.005100	7.177146
112	3	-1.310000	-3.290000	-5.132000	6.235192
112	5	-1.262000	0.740000	-7.094600	7.243866
112	9	-1.740000	1.300000	-6.434000	6.790726
112	11	1.490000	-1.090000	-6.497000	6.754199
112	13	-0.530000	0.000000	-6.940100	6.960308
112	17	-4.350000	-0.530000	-5.481400	7.017774
112	19	-0.010000	-0.220000	-6.265100	6.268969
112	21	-0.420000	-4.750000	-4.944900	6.869566
112	23	1.550000	-2.800000	-5.992000	6.793126
112	29	-0.510000	-2.780000	-6.091000	6.714818
113	0	-5.830000	-0.610000	-4.020000	7.107841
113	2	5.243000	0.300000	-2.900000	5.999087
113	4	1.840000	-4.520000	-4.690000	6.768464
113	8	2.620000	1.290000	-6.531000	7.154192
113	10	-5.100000	0.690000	-4.180000	6.630121
113	12	-0.920000	2.380000	-6.546700	7.026385
113	16	-0.920000	5.799000	-3.096000	6.637772
113	18	5.503000	1.345500	-2.834000	6.334425
113	20	-0.200000	5.160000	-4.886000	7.109050
113	26	-2.640000	-3.110000	-5.665600	6.981456
113	28	-3.500000	1.790000	-6.028900	7.197342
113	1	3.230000	0.990000	-5.839000	6.745882
113	3	-6.560000	-1.080000	-0.826000	6.699424
113	5	-0.523000	-2.370000	-6.241000	6.696306
113	9	3.480000	2.320000	-4.252000	5.964252
113	11	0.930000	3.260000	-5.766000	6.688741
113	13	-5.140000	3.420000	-1.416000	6.334118
113	17	-0.350000	2.250000	-6.767000	7.139838
113	19	1.290000	-1.550000	-2.622000	3.307791
113	21	4.010000	1.810000	-5.041600	6.691332
113	23	-0.240000	4.710000	-3.364000	5.792944
113	29	4.090000	-4.130000	-2.778000	6.442227
114	0	0.320000	3.550000	-6.015000	6.991790
114	2	-1.429000	2.620000	-5.781200	6.506052
114	4	0.720000	1.660000	-7.191000	7.415152
114	8	-1.710000	-0.440000	-6.877000	7.100058
114	10	-4.660000	2.990000	-2.685000	6.153448
114	12	-0.420000	1.220000	-7.225000	7.339307
114	16	-2.590000	-0.600000	-6.501000	7.023610
114	18	-3.116000	2.111400	-5.639500	6.780223
114	20	2.910000	-5.650000	-3.815000	7.412478
114	26	3.160000	0.130000	-6.688000	7.398097
114	28	-2.880000	0.503000	-6.620700	7.237477
114	1	-2.770000	0.580000	-5.996000	6.630333
114	3	-5.150000	1.050000	-4.538000	6.943950
114	5	1.679000	-2.920000	-5.388000	6.354210
114	9	4.680000	3.240000	-3.178000	6.519178
114	11	-2.980000	-0.680000	-5.597100	6.377329
114	13	-0.850000	3.440000	-5.826450	6.819356
114	17	0.860000	2.660000	-6.405000	6.988507
114	19	0.060000	-1.920000	-6.335700	6.620506
114	21	1.720000	0.250000	-6.799880	7.018495
114	23	-0.340000	-5.130000	-3.289600	6.103603
114	29	1.590000	-0.830000	-6.621700	6.860314
115	0	0.020000	3.160000	-6.282000	7.032036
115	2	-4.457000	-2.220000	-5.098000	7.126209
115	4	2.370000	-3.960000	-5.886100	7.479617
115	8	-3.710000	0.540000	-5.857000	6.954146
115	10	-0.440000	-0.430000	-6.789000	6.816819
115	12	2.610000	0.300000	-5.940680	6.495674
115	16	-4.240000	3.795000	-2.740000	6.315633
115	18	2.420000	-0.812800	-6.578000	7.055999
115	20	-1.810000	2.260000	-5.741000	6.429835
115	26	0.080000	-2.300000	-6.616000	7.004845
115	28	5.190000	-1.953200	-2.235000	5.978822
115	1	2.070000	3.590000	-4.979000	6.477919
115	3	0.050000	4.500000	-4.603000	6.437399
115	5	-2.877000	-4.420000	-3.064000	6.099313
115	9	-2.840000	1.790000	-5.790000	6.692817
115	11	4.140000	-0.400000	-5.669400	7.031479
115	13	-1.970000	4.060000	-5.792100	7.342542
115	17	-2.220000	-2.970000	-4.217500	5.615746
115	19	-4.780000	-0.790000	-4.304000	6.480503
115	21	-4.220000	-1.660000	-5.207300	6.905069
115	23	1.700000	2.100000	-5.788000	6.387562
115	29	-5.640000	2.340000	-3.109000	6.852086
116	0	-0.020000	3.470000	-5.913000	6.856010
116	2	0.356000	3.230000	-5.982000	6.807640
116	4	0.300000	1.450000	-6.188600	6.363275
116	10	2.770000	-0.010000	-5.688000	6.326638
116	12	0.890000	4.420000	-5.480000	7.096400
116	16	1.090000	5.589000	-3.244000	6.553515
116	18	0.250000	-0.017000	-7.255000	7.259326
116	20	2.000000	-2.730000	-6.097000	6.973257
116	26	-1.170000	0.630000	-6.724000	6.854048
116	28	-1.680000	-3.492100	-5.566000	6.782147
116	1	-1.600000	3.300000	-4.491000	5.798196
116	3	-3.980000	-1.170000	-5.136000	6.602105
116	5	-1.882000	2.890000	-5.963000	6.888497
116	11	3.470000	-1.940000	-5.316400	6.638419
116	13	-1.780000	-3.450000	-4.626000	6.039104
116	17	-3.900000	-4.390000	-1.757000	6.129368
116	19	2.910000	2.720000	-4.956200	6.358492
116	21	2.270000	3.630000	-3.329000	5.423287
116	23	-0.530000	-0.810000	-6.382000	6.454992
116	29	-0.640000	-2.800000	-6.182900	6.817467
117	0	4.220000	0.910000	-4.723000	6.398690
117	2	1.849000	2.760000	-6.061000	6.911738
117	4	3.370000	-0.100000	-5.908400	6.802653
117	10	2.430000	-1.950000	-5.922000	6.691598
117	12	1.090000	5.260000	-2.629000	5.980580
117	16	-0.830000	-2.575400	-6.315000	6.870285
117	18	-3.253000	-1.668000	-5.581500	6.672134
117	20	-4.240000	-1.940000	-4.803000	6.694028
117	26	3.110000	4.960000	-3.800000	6.979520
117	28	0.250000	-4.128300	-5.328000	6.744846
117	1	0.790000	-5.180000	-4.015000	6.601267
117	3	0.420000	3.540000	-5.718000	6.738214
117	5	3.978000	0.180000	-5.366000	6.682128
117	11	4.430000	-2.130000	-5.020280	7.026024
117	13	-3.270000	0.410000	-6.037300	6.878226
117	17	-2.010000	-1.040000	-6.212000	6.611403
117	19	2.930000	4.930000	-2.988000	6.466680
117	21	-5.080000	2.050000	-4.752000	7.251924
117	23	3.890000	1.750000	-4.163900	5.960928
117	29	-3.270000	2.430000	-5.625100	6.945470
118	0	-0.750000	1.680000	-7.263000	7.492401
118	2	4.149000	-4.110000	-3.350000	6.732667
118	4	-0.880000	-0.570000	-6.990000	7.068196
118	10	0.100000	0.490000	-7.157000	7.174451
118	12	2.550000	0.650000	-5.642900	6.226341
118	16	-0.940000	2.233000	-6.113000	6.575611
118	18	-1.862000	-3.697000	-5.451400	6.844897
118	20	-3.050000	4.190000	-4.937000	7.157693
118	26	3.630000	1.710000	-5.035300	6.438575
118	28	-4.680000	1.600000	-3.650000	6.146942
118	1	0.080000	-3.690000	-6.268000	7.273948
118	3	-2.220000	-3.230000	-6.157000	7.298627
118	5	2.659000	3.740000	-4.751000	6.605292
118	11	3.410000	2.780000	-4.325800	6.170012
118	13	0.130000	-0.500000	-7.378000	7.396065
118	17	0.040000	-0.240000	-6.854000	6.858317
118	19	-1.950000	2.860000	-5.531168	6.525023
118	21	-0.960000	-1.630000	-6.550000	6.817698
118	23	1.270000	2.710000	-6.415000	7.078787
118	29	-0.780000	1.590000	-6.854800	7.079886
119	0	-2.340000	0.580000	-6.335000	6.778217
119	2	-2.454000	-0.550000	-6.488710	6.959021
119	4	-1.410000	-1.810000	-6.479000	6.873255
119	10	-1.640000	3.000000	-5.273000	6.284435
119	12	1.460000	4.070000	-4.854600	6.501049
119	16	-0.150000	2.888000	-5.679000	6.372918
119	18	3.106000	-2.047000	-5.622800	6.741908
119	20	4.500000	-1.410000	-4.257000	6.352964
119	26	-3.640000	2.010000	-5.284400	6.724179
119	28	1.180000	-0.790000	-6.696600	6.845506
119	1	5.390000	0.410000	-1.928000	5.739110
119	3	1.960000	1.840000	-6.454000	6.991517
119	5	1.147000	-3.500000	-4.807000	6.055812
119	11	-0.800000	-3.980000	-5.641000	6.949912
119	13	2.330000	0.670000	-6.280400	6.732104
119	17	-4.620000	-1.450000	-3.837600	6.178517
119	19	2.160000	3.170000	-5.398000	6.622153
119	21	-1.910000	1.210000	-6.905300	7.266042
119	23	5.050000	-1.910000	-4.783300	7.213221
119	29	1.340000	-2.660000	-6.127000	6.812586
120	0	1.940000	5.010000	-3.491000	6.407088
120	2	2.752000	0.500000	-6.112600	6.722156
120	4	4.780000	0.720000	-4.571000	6.652882
120	10	4.330000	0.240000	-5.697000	7.159770
120	12	-1.080000	4.200000	-5.476800	6.985824
120	16	4.910000	0.147000	-2.596000	5.555981
120	18	4.195000	-0.261000	-4.470000	6.135719
120	20	3.950000	0.250000	-5.999000	7.187002
120	26	-3.540000	2.840000	-5.317000	6.990543
120	28	-0.970000	-2.977000	-6.456000	7.175191
120	1	2.310000	0.730000	-5.676000	6.171384
120	3	0.960000	-0.730000	-6.731000	6.838191
120	5	-3.394000	-0.240000	-5.198000	6.212571
120	11	3.490000	-0.150000	-6.125000	7.051115
120	13	-2.700000	-4.010000	-4.939200	6.911280
120	17	-4.090000	1.600000	-5.203000	6.808767
120	19	0.250000	-0.250000	-7.147000	7.155740
120	21	-2.050000	-3.350000	-6.151000	7.297931
120	23	-5.870000	-1.230000	-3.423800	6.905954
120	29	1.300000	3.570000	-5.778000	6.915214
121	0	3.600000	-2.960000	-4.150000	6.240521
121	2	2.088000	5.560000	-3.754000	7.026084
121	4	-0.050000	-3.170000	-6.326500	7.076440
121	10	3.440000	3.780000	-4.327000	6.696636
121	12	2.570000	3.180000	-5.547900	6.891770
121	16	-1.530000	0.612000	-6.701000	6.900641
121	18	5.044000	-2.278000	-2.649000	6.135831
121	20	4.910000	1.890000	-3.728000	6.448115
121	26	2.790000	-0.480000	-6.296600	6.903743
121	28	-2.890000	4.639000	-3.518000	6.499903
121	1	3.870000	-0.720000	-4.494000	5.974223
121	3	0.900000	6.400000	-2.697000	7.003129
121	5	0.675000	-5.240000	-4.735000	7.094607
121	11	-3.830000	-1.180000	-4.263500	5.851387
121	13	-1.820000	-3.270000	-5.761060	6.869870
121	17	-2.190000	-2.400000	-5.861000	6.701300
121	19	-1.270000	-2.960000	-5.637630	6.492871
121	21	2.890000	0.400000	-5.418100	6.153691
121	23	3.480000	0.870000	-5.545300	6.604366
121	29	-3.100000	0.420000	-5.543000	6.364845
122	0	-3.840000	-1.060000	-6.002000	7.203694
122	2	-1.271000	-2.360000	-5.939900	6.516706
122	4	4.280000	0.330000	-4.463000	6.192388
122	10	1.990000	2.540000	-6.298000	7.076475
122	12	2.200000	-0.320000	-6.122600	6.513726
122	16	5.050000	-1.490000	-3.604000	6.380550
122	18	-3.676000	-1.138000	-6.332600	7.410118
122	20	-1.680000	0.280000	-6.258000	6.485627
122	26	0.090000	-2.310000	-6.661900	7.051603
122	28	0.120000	-4.556000	-4.391000	6.328698
122	1	4.220000	2.490000	-3.374000	5.949149
122	3	4.010000	0.660000	-5.116000	6.533694
122	5	-3.692000	1.420000	-4.909000	6.304407
122	11	3.610000	1.620000	-5.025900	6.396575
122	13	1.140000	0.540000	-6.810700	6.926531
122	17	3.610000	1.660000	-6.280000	7.431427
122	19	1.060000	-2.600000	-6.411720	6.999554
122	21	0.670000	0.480000	-6.842000	6.891463
122	23	-3.320000	3.040000	-4.972300	6.707292
122	29	1.580000	-1.870000	-5.836200	6.328865
123	0	-5.290000	-2.590000	-1.993000	6.218058
123	2	0.435000	-0.480000	-6.592900	6.624648
123	4	-1.420000	-0.880000	-6.455300	6.667961
123	10	2.810000	0.400000	-6.490000	7.083516
123	12	3.230000	0.110000	-4.690400	5.696038
123	16	-1.430000	-5.330000	-3.225000	6.391747
123	18	-4.169600	-1.486000	-3.934000	5.922003
123	20	4.840000	4.820000	-2.738000	7.358984
123	26	4.330000	1.470000	-4.324000	6.293391
123	28	1.290000	-1.448000	-7.006000	7.269446
123	1	0.010000	4.810000	-3.696000	6.066021
123	3	3.200000	-4.190000	-3.852000	6.529472
123	5	-3.119000	-0.260000	-5.184000	6.055544
123	11	-1.490000	3.030000	-5.315000	6.296842
123	13	-1.040000	0.640000	-5.979700	6.103115
123	17	-0.810000	-1.740000	-7.137000	7.390566
123	19	0.160000	2.200000	-6.641700	6.998413
123	21	1.730000	1.860000	-6.303000	6.795610
123	23	-2.030000	-4.390000	-3.994500	6.272881
123	29	0.860000	1.280000	-6.886800	7.057338
124	0	-5.210000	1.610000	-5.205000	7.538450
124	2	-3.985000	-2.250000	-5.054000	6.818038
124	4	-0.470000	-4.850000	-4.208000	6.438219
124	10	-1.940000	-4.840000	-1.122000	5.333675
124	12	1.740000	-1.210000	-6.334400	6.679545
124	16	-1.600000	-0.121000	-6.749000	6.937121
124	18	5.425000	-0.960000	-2.829000	6.193179
124	20	2.610000	-0.610000	-6.167000	6.724291
124	26	0.020000	0.960000	-7.120000	7.184455
124	28	-0.560000	-1.556000	-6.903900	7.099195
124	1	-2.330000	1.820000	-6.016000	6.703250
124	3	1.430000	1.680000	-6.299000	6.674182
124	5	-2.708000	-2.510000	-5.689000	6.782189
124	11	4.390000	-3.470000	-4.154000	6.969126
124	13	4.260000	2.810000	-3.560000	6.222323
124	17	-1.110000	-0.870000	-6.792000	6.936877
124	19	3.420000	-4.170000	-3.523000	6.441803
124	21	-1.150000	0.300000	-6.920000	7.021318
124	23	-2.840000	-0.340000	-6.204000	6.831604
124	29	-2.500000	5.680000	-0.987000	6.283834
125	0	0.700000	1.770000	-6.791000	7.052700
125	2	-0.352000	1.040000	-6.572000	6.663084
125	4	0.670000	-3.690000	-6.338600	7.364975
125	10	-2.870000	3.280000	-4.867000	6.533222
125	12	1.450000	0.430000	-6.809000	6.974947
125	16	-1.150000	5.136000	-4.010000	6.616728
125	18	2.912000	-1.076000	-5.962900	6.722626
125	20	-2.620000	-0.400000	-6.686000	7.192148
125	26	-0.550000	-1.290000	-6.634400	6.780993
125	28	-1.030000	1.107000	-6.638000	6.808039
125	1	-2.420000	-1.230000	-6.723000	7.250381
125	3	-1.870000	-2.650000	-6.134000	6.938685
125	5	0.807000	2.640000	-6.689000	7.236268
125	11	1.520000	-2.820000	-6.076000	6.868812
125	13	1.860000	-3.990000	-5.800490	7.281853
125	17	1.070000	0.970000	-6.810000	6.961458
125	19	-0.360000	-1.310000	-7.257000	7.383072
125	21	-1.910000	-4.030000	-4.157890	6.097299
125	23	0.290000	1.510000	-6.184000	6.372288
125	29	-4.780000	-0.960000	-4.844000	6.872724
126	0	4.960000	-1.420000	-1.263000	5.311607
126	2	-5.651600	2.480000	-1.073000	6.264368
126	4	-1.900000	-3.590000	-5.233000	6.624378
126	10	4.510000	-0.170000	-4.910000	6.669115
126	12	-2.000000	0.200000	-6.908000	7.194475
126	16	2.300000	-3.042100	-5.580000	6.758755
126	18	1.651000	-0.421000	-6.898000	7.105311
126	20	0.820000	-4.370000	-5.081000	6.751730
126	26	3.180000	-4.290000	-3.200000	6.225472
126	28	-0.260000	-5.108000	-3.277000	6.074372
126	1	1.170000	1.970000	-6.789000	7.165216
126	3	-2.660000	2.810000	-5.746000	6.927353
126	5	2.329000	4.110000	-3.453000	5.851457
126	11	3.260000	-0.320000	-6.044700	6.875202
126	13	-2.340000	1.590000	-6.822000	7.385349
126	17	-2.860000	4.050000	-4.315800	6.573297
126	19	3.950000	-0.600000	-5.300600	6.637685
126	21	2.150000	0.910000	-6.290000	6.709300
126	23	-0.180000	0.040000	-6.646000	6.648557
126	29	1.050000	-2.820000	-6.264500	6.949738
127	0	-3.220000	2.200000	-5.995000	7.151813
127	2	-1.959000	-4.990000	-3.627000	6.472473
127	4	3.270000	0.820000	-6.331000	7.172647
127	10	3.020000	1.190000	-5.555000	6.433858
127	12	0.280000	-1.410000	-6.537000	6.693196
127	16	0.330000	3.709000	-6.044000	7.098980
127	18	-4.759300	-1.346000	-2.424000	5.508033
127	20	-0.550000	-4.030000	-2.335000	4.689949
127	26	3.120000	-5.860000	-1.779000	6.873052
127	28	-0.920000	0.655000	-6.926500	7.017965
127	1	-4.970000	-0.910000	-3.566000	6.184283
127	3	-1.150000	-0.610000	-7.005200	7.125126
127	5	4.309000	3.920000	-3.297000	6.693586
127	11	3.540000	-0.770000	-5.859600	6.889079
127	13	-3.140000	1.620000	-6.531000	7.425494
127	17	-2.110000	-0.820000	-6.906000	7.267554
127	19	-2.330000	2.321000	-6.577020	7.353444
127	21	3.720000	1.570000	-5.888000	7.139457
127	23	3.810000	-4.060000	-1.398000	5.740567
127	29	-3.990000	-2.300000	-5.368700	7.073404
128	0	2.160000	3.080000	-6.408000	7.430644
128	2	-0.089000	5.330000	-4.513000	6.984554
128	4	4.830000	2.620000	-3.074000	6.296251
128	10	-0.260000	-0.710000	-7.368000	7.406695
128	12	-3.960000	2.920000	-3.497000	6.036308
128	16	-3.290000	-3.352000	-4.705000	6.648085
128	18	4.743000	0.685000	-2.303000	5.316868
128	20	-1.090000	3.050000	-6.173000	6.971121
128	22	1.420000	1.850000	-6.995000	7.373529
128	26	-0.450000	0.020000	-6.868900	6.883654
128	28	-2.660000	1.352000	-6.379200	7.042563
128	1	-4.690000	-2.740000	-2.561000	6.005199
128	3	0.050000	0.150000	-7.003100	7.004885
128	5	-1.413000	-0.940000	-6.909000	7.114383
128	11	-1.880000	-3.440000	-5.723400	6.937241
128	13	-2.710000	-3.000000	-5.881000	7.136544
128	15	-0.900000	1.230000	-6.427000	6.605243
128	17	-2.180000	0.860000	-6.430000	6.843749
128	19	-3.090000	-1.220000	-6.120500	6.963980
128	21	-3.360000	-3.710000	-4.666200	6.843035
128	23	-0.130000	-2.960000	-6.567000	7.204442
128	29	-0.630000	2.730000	-5.649700	6.306260
129	0	-2.140000	0.730000	-6.553000	6.932122
129	2	1.715000	4.190000	-3.586000	5.775528
129	4	3.050000	2.660000	-5.560000	6.876896
129	10	-3.190000	1.870000	-4.357000	5.714582
129	12	0.480000	-1.230000	-7.077000	7.199113
129	16	3.100000	2.665900	-5.769000	7.070954
129	18	0.139000	3.632000	-5.490500	6.584553
129	20	-3.160000	-2.320000	-5.403000	6.675358
129	22	-3.190000	1.720000	-6.428000	7.379274
129	26	-3.600000	-1.100000	-6.082000	7.152673
129	28	0.850000	0.002000	-6.511000	6.566249
129	1	0.880000	-1.830000	-6.929600	7.220987
129	3	-3.380000	-2.070000	-5.410000	6.706519
129	5	0.427000	-1.310000	-6.495000	6.639537
129	11	-2.720000	3.140000	-5.799000	7.133470
129	13	3.060000	-1.030000	-5.193000	6.114879
129	15	1.190000	6.290000	-1.128000	6.500199
129	17	2.350000	0.940000	-6.562000	7.033203
129	19	1.140000	-2.050000	-5.018000	5.539172
129	21	1.830000	-5.150000	-3.126000	6.296291
129	23	-1.560000	3.540000	-4.113500	5.646776
129	29	-1.170000	-4.180000	-4.971000	6.599405
130	0	1.770000	-2.250000	-5.422000	6.131353
130	2	-0.356000	-1.740000	-6.406900	6.648511
130	4	-1.680000	0.680000	-6.910000	7.143732
130	10	3.850000	-1.250000	-5.127000	6.532314
130	12	0.440000	-3.300000	-5.791600	6.680287
130	16	3.100000	0.603000	-6.472000	7.201416
130	18	3.333000	-0.848000	-6.284600	7.164090
130	20	2.640000	1.360000	-5.876000	6.583812
130	22	-3.170000	-1.760000	-5.697000	6.752948
130	26	2.390000	-5.290000	-0.519000	5.827998
130	28	1.010000	0.553000	-6.788400	6.885367
130	1	3.690000	3.180000	-3.927000	6.256982
130	3	-1.240000	-3.020000	-5.873000	6.719385
130	5	3.338000	1.590000	-2.736000	4.599570
130	11	2.540000	0.830000	-6.756000	7.265262
130	13	-3.360000	-0.080000	-5.704000	6.620545
130	15	0.380000	3.580000	-6.427900	7.367408
130	17	-4.870000	0.080000	-2.401000	5.430295
130	19	-2.570000	-5.620000	-1.722000	6.415184
130	21	4.220000	-4.520000	-1.464000	6.354691
130	23	-1.050000	-3.270000	-5.983000	6.898673
130	29	-2.770000	-0.280000	-5.920700	6.542629
131	0	-1.770000	1.650000	-7.272000	7.664032
131	2	-4.715500	0.270000	-5.455000	7.215668
131	4	4.570000	-4.010000	-2.938000	6.752544
131	10	2.960000	-1.330000	-6.054000	6.868873
131	12	-1.120000	4.440000	-4.876300	6.689268
131	16	-3.770000	-1.196300	-5.181000	6.518190
131	20	1.960000	-4.590000	-4.471000	6.700712
131	22	0.090000	-2.430000	-6.671000	7.100369
131	26	-3.500000	-0.750000	-5.851000	6.859060
131	28	0.430000	-0.753000	-6.408100	6.466503
131	1	-1.580000	-0.100000	-6.617000	6.803756
131	3	1.410000	3.270000	-6.243000	7.187214
131	11	-4.610000	-2.400000	-3.538000	6.287253
131	13	-2.040000	-0.230000	-5.917000	6.263018
131	15	1.820000	-0.530000	-6.762000	7.022674
131	17	-3.110000	3.300000	-4.684000	6.519352
131	19	0.220000	1.311000	-6.937700	7.063908
131	21	4.620000	-2.920000	-3.327500	6.398676
131	23	2.490000	-2.050000	-6.065000	6.869267
131	29	4.210000	4.640000	-2.411000	6.713168
132	0	-5.660000	-1.190000	-3.550000	6.786324
132	2	-3.483000	1.870000	-5.645000	6.891605
132	4	6.150000	1.450000	-3.194000	7.080017
132	10	1.430000	-0.750000	-6.882000	7.068898
132	12	-2.920000	-0.060000	-6.111100	6.773149
132	16	5.260000	0.768900	-3.944000	6.619210
132	20	-1.100000	2.040000	-5.928000	6.364965
132	22	4.490000	0.260000	-5.990000	7.490514
132	26	-0.100000	-2.500000	-6.495800	6.960993
132	28	-0.950000	-2.546200	-5.911200	6.505991
132	1	-1.760000	1.500000	-6.504000	6.902870
132	3	0.170000	0.680000	-7.165000	7.199203
132	11	0.420000	1.390000	-6.242900	6.409548
132	13	-3.820000	0.440000	-4.973000	6.286233
132	15	1.860000	4.780000	-3.993000	6.500158
132	17	-1.670000	-1.760000	-5.786000	6.274097
132	19	-1.400000	-0.290000	-6.674600	6.826008
132	21	-2.080000	3.950000	-2.811000	5.275474
132	23	0.920000	1.100000	-7.160000	7.302191
132	29	5.620000	0.190000	-3.563000	6.656986
133	0	-2.930000	0.070000	-4.488000	5.360219
133	2	0.884000	3.630000	-5.745000	6.852983
133	4	1.900000	5.020000	-3.488000	6.401292
133	10	-3.160000	3.410000	-4.798000	6.680906
133	12	3.920000	-4.200000	-1.878000	6.044277
133	16	-1.830000	3.076700	-4.033000	5.392594
133	20	-1.340000	-4.210000	-5.162000	6.794553
133	22	-0.620000	0.170000	-6.522000	6.553608
133	26	0.370000	-4.920000	-4.103000	6.417002
133	28	-0.410000	2.826100	-6.352400	6.964763
133	1	3.560000	-3.240000	-3.898000	6.193997
133	3	2.120000	0.180000	-6.835000	7.158493
133	11	0.070000	3.110000	-6.382000	7.099783
133	13	-3.560000	-1.440000	-5.982000	7.108553
133	15	3.930000	3.800000	-0.907000	5.541439
133	17	-2.300000	-0.680000	-6.851000	7.258691
133	19	0.760000	-1.550000	-5.746800	6.000484
133	21	-1.920000	4.170000	-6.089000	7.625695
133	23	2.230000	1.190000	-6.544000	7.015193
133	29	1.740000	-0.480000	-6.477000	6.723803
134	0	0.830000	-0.290000	-7.072000	7.126443
134	2	-3.795930	3.980000	-4.413000	7.051528
134	4	4.330000	-2.070000	-5.153000	7.041819
134	10	4.510000	2.200000	-4.759000	6.915792
134	12	-3.910000	1.600000	-4.796000	6.391378
134	16	1.280000	-0.519000	-6.213000	6.364678
134	20	-0.200000	1.830000	-6.694000	6.942517
134	26	-2.060000	-0.430000	-6.790000	7.108629
134	28	-5.170000	-2.784000	-3.487000	6.829255
134	1	2.290000	1.380000	-6.671100	7.186938
134	3	0.960000	2.760000	-6.430000	7.062868
134	11	3.080000	4.310000	-4.972200	7.265347
134	13	-1.550000	2.690000	-6.546300	7.245181
134	15	0.310000	1.490000	-6.971000	7.135197
134	17	-1.220000	1.930000	-6.411000	6.805455
134	19	-3.320000	2.680000	-5.125000	6.668615
134	21	-0.400000	0.630000	-7.495000	7.532060
134	29	-1.970000	-2.040000	-5.734000	6.396972
135	0	-4.500000	1.740000	-3.958000	6.240462
135	2	-4.671220	-0.570000	-3.834000	6.069988
135	4	-1.910000	-2.670000	-5.435000	6.349506
135	10	0.570000	3.640000	-5.003000	6.213253
135	12	-2.460000	-2.350000	-5.744900	6.676674
135	16	2.210000	2.063100	-5.924000	6.650884
135	20	2.760000	2.930000	-4.633000	6.137360
135	24	-1.290000	-4.570000	-5.324000	7.134001
135	26	0.960000	-2.480000	-6.890300	7.385678
135	28	0.000000	-2.333200	-6.291200	6.709919
135	1	2.130000	-2.810000	-3.048000	4.660827
135	3	-1.220000	1.340000	-5.506000	5.796554
135	11	-1.570000	1.740000	-6.623000	7.025427
135	13	0.360000	2.150000	-6.638500	6.987259
135	15	-3.700000	0.190000	-6.335000	7.338823
135	17	-0.280000	-2.960000	-5.442200	6.201414
135	19	-2.250000	-4.140000	-4.842000	6.756261
135	21	-2.470000	-5.320000	-3.200000	6.681564
135	25	0.700000	0.100000	-7.461000	7.494433
135	29	-2.150000	-1.850000	-6.747000	7.318949
136	0	-2.780000	0.020000	-6.627000	7.186510
136	2	-3.571600	4.620000	-3.812000	6.973670
136	4	-1.010000	1.000000	-6.448000	6.602788
136	10	-1.850000	0.580000	-6.019000	6.323548
136	12	1.450000	0.520000	-6.860000	7.030825
136	16	1.840000	-5.218000	-4.496000	7.129316
136	20	1.910000	2.260000	-6.005000	6.694455
136	24	-3.460000	-1.290000	-5.984350	7.031937
136	26	1.460000	1.150000	-6.748100	6.999354
136	28	-0.460000	2.473000	-6.697000	7.153820
136	1	1.280000	-0.210000	-6.548260	6.675493
136	3	1.840000	-4.210000	-3.017000	5.496543
136	11	-3.260000	0.910000	-5.992400	6.882191
136	13	-1.110000	-2.970000	-6.526700	7.256088
136	15	-3.370000	-3.050000	-5.472000	7.113521
136	17	-0.710000	-3.190000	-5.169100	6.115537
136	19	-1.580000	2.140000	-6.110500	6.664399
136	21	2.180000	-5.037000	-3.453700	6.484737
136	25	1.470000	3.450000	-5.543000	6.692402
136	29	-1.920000	1.000000	-6.676000	7.018217
137	0	-0.060000	0.270000	-5.983000	5.989390
137	2	-0.686000	-5.340000	-3.461000	6.400369
137	4	-4.350000	-0.410000	-5.956000	7.386781
137	10	-4.070000	0.380000	-5.386000	6.761531
137	12	0.610000	1.320000	-5.659700	5.843518
137	16	-1.420000	-3.040000	-6.352000	7.183725
137	20	-4.290000	1.940000	-4.041000	6.204626
137	24	0.450000	-4.350000	-4.607000	6.352122
137	26	-3.490000	-4.710000	-4.550000	7.420694
137	28	-2.700000	-2.503100	-5.599800	6.701736
137	1	0.700000	-2.560000	-5.444000	6.056462
137	3	3.320000	4.880000	-3.401000	6.812019
137	11	-2.670000	-1.770000	-6.116600	6.904679
137	13	0.910000	5.560000	-3.397000	6.578853
137	15	3.870000	-1.610000	-4.774000	6.352958
137	17	-0.140000	1.890000	-6.910000	7.165180
137	19	0.430000	-2.300000	-6.801900	7.193104
137	21	-0.390000	-1.730000	-7.355000	7.565780
137	25	-0.610000	-2.410000	-5.818000	6.326873
137	29	0.900000	0.230000	-7.203000	7.262652
138	0	-1.260000	-5.870000	-3.533000	6.966103
138	2	-1.792330	-0.720000	-6.751500	7.022364
138	4	2.330000	-3.960000	-5.147000	6.899428
138	10	-1.450000	0.160000	-6.455000	6.617789
138	12	-2.640000	0.350000	-6.690000	7.200569
138	16	3.730000	4.084000	-3.971000	6.808876
138	20	-2.830000	0.210000	-5.670000	6.340497
138	24	4.490000	-2.700000	-1.672000	5.499608
138	26	-2.550000	0.400000	-6.891500	7.359027
138	28	2.000000	3.905300	-4.886000	6.566914
138	1	1.940000	-4.000000	-4.933000	6.640639
138	3	-5.050000	3.990000	-2.053000	6.755547
138	11	-4.690000	-2.960000	-1.836000	5.841969
138	13	3.930000	1.470000	-6.087000	7.393062
138	15	0.150000	0.720000	-6.906000	6.945051
138	17	-2.730000	5.130000	-3.655400	6.865257
138	19	2.030000	-0.930000	-6.136000	6.529647
138	21	0.920000	-1.450000	-6.852000	7.063909
138	25	4.240000	4.110000	-2.887000	6.573011
138	29	-5.070000	1.630000	-4.208000	6.787420
139	0	1.580000	-0.930000	-5.698000	5.985692
139	2	-2.324950	1.710000	-6.554900	7.162137
139	4	0.040000	-5.320000	-1.581000	5.550096
139	10	0.230000	-3.980000	-5.497000	6.790457
139	12	4.260000	2.490000	-4.915700	6.965042
139	16	-1.700000	-4.108000	-4.338000	6.211595
139	20	5.560000	0.100000	-3.143000	6.387648
139	24	2.410000	-2.190000	-6.582000	7.343495
139	26	1.870000	-0.150000	-7.022000	7.268279
139	28	-1.380000	5.005800	-4.044000	6.581517
139	1	-2.750000	-3.430000	-5.303000	6.888339
139	3	2.360000	0.670000	-6.449000	6.899862
139	11	5.460000	-0.430000	-4.391000	7.019785
139	13	2.920000	-2.420000	-5.852200	6.973596
139	15	-3.360000	-2.350000	-5.308100	6.707311
139	17	-4.230000	-0.640000	-3.515000	5.536942
139	19	0.150000	0.760000	-6.924000	6.967200
139	21	1.500000	0.130000	-6.953000	7.114149
139	25	-3.240000	1.940000	-5.723000	6.856670
139	29	-1.080000	2.710000	-5.580000	6.296578
140	0	-4.580000	-4.240000	-3.381000	7.098251
140	2	-0.509000	-3.110000	-6.363400	7.100989
140	4	-1.790000	-4.640000	-3.923000	6.334322
140	10	-4.440000	-0.120000	-3.922000	5.925376
140	12	-2.180000	0.880000	-6.603000	7.009023
140	16	-5.410000	-0.162400	-4.430000	6.994239
140	20	1.270000	-1.850000	-6.625000	6.994714
140	24	1.640000	-1.440000	-5.338000	5.766927
140	26	-0.010000	-5.760000	-3.652000	6.820176
140	28	-0.260000	5.550800	-3.529000	6.582767
140	1	-1.000000	4.760000	-3.666000	6.090743
140	3	2.710000	3.910000	-5.118000	6.987569
140	11	-1.160000	1.260000	-6.489000	6.711209
140	13	-0.260000	-1.790000	-7.014200	7.243666
140	15	2.080000	-1.000000	-6.064500	6.488803
140	17	-1.370000	3.210000	-6.280400	7.185014
140	19	2.380000	0.110000	-6.401200	6.830217
140	21	-4.250000	-2.760000	-4.529500	6.796799
140	25	3.670000	1.350000	-5.029300	6.370656
140	29	4.850000	-0.340000	-3.594000	6.046068
141	0	2.780000	-2.970000	-4.585000	6.129562
141	2	-1.265000	0.230000	-5.685100	5.828678
141	4	-0.830000	-3.970000	-5.459000	6.800771
141	10	3.420000	-1.580000	-5.634000	6.777518
141	12	-0.260000	-4.020000	-5.810000	7.069943
141	16	0.440000	-0.350000	-7.187900	7.209855
141	20	-2.760000	-1.110000	-4.619000	5.494075
141	24	4.890000	-2.310000	-4.064000	6.764931
141	26	-0.290000	0.200000	-6.718800	6.728029
141	28	-0.480000	-2.003000	-6.214900	6.547319
141	1	1.540000	0.450000	-6.685500	6.875319
141	3	-0.010000	2.340000	-6.698000	7.094991
141	11	-0.860000	-1.390000	-6.609000	6.808126
141	13	0.680000	5.880000	-2.757000	6.529766
141	15	0.070000	0.200000	-6.736000	6.739332
141	17	4.860000	2.550000	-3.058000	6.282791
141	19	-0.760000	1.920000	-6.995100	7.293519
141	21	0.370000	-0.610000	-6.774000	6.811467
141	25	-5.700000	-1.040000	-2.496000	6.308852
141	29	0.840000	-4.250000	-4.470000	6.224869
142	0	-2.760000	1.320000	-5.909000	6.654042
142	2	4.010000	0.080000	-5.267420	6.620590
142	4	4.580000	-0.320000	-2.898000	5.429291
142	10	-2.040000	0.020000	-6.853000	7.150217
142	12	2.870000	-2.510000	-5.387300	6.600000
142	16	3.890000	2.105000	-5.245000	6.860988
142	20	-4.340000	-1.980000	-4.668000	6.674296
142	24	4.640000	-1.900000	-4.692000	6.866911
142	26	-0.460000	-4.460000	-3.693000	5.808739
142	28	-3.050000	-0.115000	-5.794000	6.548753
142	1	-0.700000	-0.820000	-7.003680	7.086179
142	3	-1.810000	1.480000	-6.847000	7.235185
142	11	2.200000	4.230000	-4.335200	6.444134
142	13	0.530000	2.160000	-5.531300	5.961693
142	17	-1.340000	1.530000	-6.641000	6.945458
142	19	2.500000	-2.030000	-5.052000	5.991127
142	21	-0.220000	0.130000	-7.533000	7.537333
142	23	-3.160000	-0.900000	-6.136500	6.960764
142	25	-2.910000	0.260000	-5.393800	6.134230
142	29	-1.860000	-4.940000	-4.571000	6.982639
143	0	-2.480000	3.230000	-2.511000	4.784184
143	2	1.445000	2.530000	-6.191500	6.842777
143	4	-3.350000	-0.630000	-5.666000	6.612334
143	10	-0.110000	-5.440000	-4.654000	7.159987
143	12	-2.860000	-3.240000	-5.208800	6.768220
143	16	0.900000	-2.204800	-6.325000	6.758459
143	18	0.610000	2.885000	-6.224000	6.887198
143	20	2.850000	-4.100000	-2.591000	5.625458
143	24	5.010000	0.370000	-3.633000	6.199652
143	26	-0.310000	-4.930000	-5.986000	7.761005
143	28	-6.350000	-1.600000	-2.189000	6.904652
143	1	-0.470000	-3.500000	-5.823600	6.810669
143	3	-3.130000	1.810000	-6.399000	7.349844
143	5	0.756000	2.690000	-6.969000	7.508302
143	11	0.630000	0.270000	-6.710000	6.744917
143	13	-1.100000	-2.140000	-7.069100	7.467381
143	17	-0.250000	2.740000	-6.639000	7.186544
143	19	1.250000	0.300000	-6.668200	6.790979
143	21	-1.240000	-3.110000	-5.445000	6.392005
143	23	-2.830000	2.390000	-6.026000	7.073449
143	25	-0.960000	-1.940000	-6.757000	7.095227
143	29	-2.930000	-1.900000	-5.859000	6.820761
144	0	-1.330000	1.610000	-6.250000	6.589651
144	2	-1.168000	-1.600000	-6.789000	7.072110
144	4	-3.910000	-2.290000	-4.870000	6.652000
144	10	1.720000	-2.360000	-5.899000	6.582264
144	12	0.210000	-4.440000	-5.412100	7.003465
144	16	3.290000	-3.069300	-5.283000	6.939365
144	18	1.563000	-0.690000	-6.517000	6.737237
144	20	-0.930000	4.040000	-5.748000	7.087031
144	24	-3.740000	-1.260000	-5.234000	6.555147
144	26	0.770000	0.010000	-6.414300	6.460359
144	28	-2.900000	0.224000	-6.053500	6.716028
144	1	-0.670000	2.470000	-6.005000	6.527620
144	3	-1.820000	0.860000	-7.101000	7.380799
144	5	-2.822000	-1.840000	-6.199000	7.055274
144	11	0.400000	-0.190000	-7.121000	7.134756
144	13	0.850000	-0.790000	-7.390930	7.481474
144	17	0.750000	2.480000	-6.391000	6.896215
144	19	-0.020000	-1.710000	-6.753400	6.966557
144	21	-5.160000	-1.820000	-2.617000	6.065203
144	23	-0.580000	-0.330000	-7.115000	7.146225
144	25	-2.780000	-0.170000	-6.379000	6.960527
144	29	-3.940000	1.590000	-5.867000	7.243852
145	0	2.000000	3.410000	-5.280000	6.595946
145	2	-1.315000	2.210000	-6.422000	6.917760
145	4	-4.120000	-3.090000	-2.094000	5.559437
145	10	-0.240000	-5.110000	-3.558000	6.231297
145	12	-1.960000	-3.270000	-5.542700	6.727260
145	16	1.010000	-1.376400	-6.547000	6.765928
145	18	1.812000	-1.080000	-6.236700	6.583781
145	20	4.630000	-0.550000	-4.250000	6.308875
145	24	-3.380000	3.740000	-2.971000	5.851396
145	26	-1.960000	-1.700000	-6.386200	6.893123
145	28	-2.970000	4.224000	-3.704600	6.355088
145	1	5.390000	0.930000	-2.784000	6.137398
145	3	-1.660000	4.320000	-4.117000	6.194166
145	5	-3.509500	1.080000	-5.427000	6.552505
145	11	-3.340000	-0.410000	-4.893000	5.938447
145	13	4.870000	1.460000	-4.208000	6.599679
145	17	2.780000	-1.270000	-5.711000	6.477409
145	19	2.510000	3.560000	-4.548100	6.297532
145	21	-1.330000	-4.191000	-4.344000	6.180916
145	23	2.340000	-1.370000	-6.412300	6.962046
145	25	1.950000	1.820000	-6.412000	6.944685
145	29	3.730000	-0.550000	-4.295000	5.715105
146	0	-2.160000	3.480000	-5.822000	7.118405
146	2	1.229000	6.240000	-2.391000	6.794477
146	4	-0.380000	-4.340000	-4.305000	6.124788
146	10	1.410000	-4.420000	-4.066000	6.169024
146	12	0.500000	2.570000	-6.357300	6.875330
146	16	0.530000	0.144600	-6.856600	6.878573
146	18	-4.100200	2.410000	-4.825574	6.775390
146	20	-0.740000	2.580000	-6.538000	7.067492
146	24	4.010000	-0.470000	-4.981000	6.411814
146	26	3.050000	-0.500000	-6.418900	7.124239
146	28	-1.110000	1.448900	-6.681000	6.925834
146	1	-4.690000	-0.680000	-4.840000	6.773780
146	3	-3.770000	3.800000	-0.342000	5.363755
146	5	-2.216000	0.040000	-6.399000	6.771961
146	11	-2.540000	-0.970000	-5.480000	6.117426
146	13	0.410000	-0.670000	-6.367800	6.416064
146	17	-1.270000	-4.390000	-4.599000	6.483502
146	19	4.560000	-1.340000	-3.972000	6.194028
146	21	-2.120000	-3.110000	-4.819900	6.115385
146	23	1.390000	3.970000	-5.684000	7.071128
146	25	-3.710000	1.690000	-5.702000	7.009494
146	29	-3.360000	-0.480000	-6.704000	7.514228
147	0	3.540000	1.380000	-4.891000	6.193374
147	2	-2.182000	4.840000	-4.625100	7.041184
147	4	-2.260000	-4.540000	-2.530000	5.667460
147	10	3.660000	-0.640000	-5.372000	6.531737
147	12	2.990000	-1.470000	-6.046400	6.903619
147	16	0.430000	-1.971500	-5.806000	6.146653
147	18	-2.546700	-2.240000	-3.802000	5.094947
147	20	2.450000	4.430000	-4.629000	6.859668
147	24	-1.650000	-3.520000	-6.021000	7.166962
147	26	3.900000	-2.520000	-4.813000	6.687703
147	28	3.780000	-1.086000	-5.584000	6.829996
147	1	-4.130000	0.600000	-5.355000	6.789177
147	3	-2.510000	-2.270000	-6.107000	6.982009
147	5	-3.176000	0.080000	-6.261000	7.020933
147	11	-0.840000	2.550000	-6.305000	6.852819
147	13	1.540000	-0.660000	-6.760000	6.964539
147	17	1.550000	4.970000	-3.347100	6.189223
147	19	1.760000	-1.540000	-6.113300	6.545352
147	21	-1.280000	-2.540000	-6.236000	6.854028
147	23	-0.080000	-5.360000	-3.868000	6.610403
147	25	1.040000	3.420000	-5.985600	6.971758
147	29	3.960000	1.090000	-4.763000	6.289346
148	0	-3.710000	4.590000	-3.471000	6.846900
148	2	-5.275000	-1.180000	-2.619000	6.006429
148	4	2.810000	-4.080000	-4.285000	6.550094
148	10	-4.380000	-3.640000	-1.400000	5.864640
148	12	4.530000	0.970000	-3.369000	5.728173
148	16	1.390000	0.755600	-6.762500	6.945102
148	18	-4.122000	4.562000	-1.730000	6.387146
148	20	-4.790000	-1.750000	-4.330000	6.689955
148	24	1.920000	-0.050000	-4.870000	5.235055
148	26	2.650000	-4.780000	-4.118000	6.843159
148	28	-0.690000	-4.017800	-4.398000	5.996768
148	1	1.350000	-5.590000	-3.171000	6.567027
148	3	-1.200000	-5.480000	-4.404000	7.132013
148	5	-5.840000	1.195000	-2.801000	6.586291
148	11	2.250000	2.140000	-6.638000	7.328379
148	13	3.440000	1.150000	-4.804000	6.019511
148	17	-5.010000	-1.830000	-4.267400	6.830791
148	19	0.770000	4.750000	-4.428000	6.539311
148	21	1.940000	-3.740000	-5.639000	7.039142
148	23	-1.170000	1.520000	-6.857500	7.120717
148	25	-0.770000	0.990000	-6.783900	6.898862
148	29	-0.720000	-1.120000	-6.791000	6.920295
149	0	-4.800000	4.240000	-2.655000	6.933010
149	2	-0.431400	4.920000	-5.716100	7.554224
149	4	2.580000	-5.450000	-1.853000	6.308130
149	10	-3.690000	-4.590000	-3.307000	6.754291
149	12	0.350000	-2.080000	-6.830000	7.148273
149	16	-3.370000	-1.922000	-4.457000	5.908962
149	20	-2.950000	0.670000	-6.079000	6.790113
149	24	2.790000	0.710000	-6.629000	7.227160
149	26	2.100000	0.410000	-6.033000	6.401187
149	28	-1.136000	-4.934700	-4.363900	6.684713
149	1	-3.800000	1.390000	-3.658000	5.454637
149	3	-3.990000	0.680000	-5.365000	6.720545
149	11	4.770000	1.230000	-3.961000	6.321022
149	13	-0.790000	-4.100000	-4.229000	5.942940
149	17	-3.000000	-1.240000	-4.599200	5.629409
149	19	4.400000	2.100000	-3.899000	6.242772
149	21	3.210000	-2.580000	-3.827200	5.622096
149	23	-0.490000	1.200000	-6.851700	6.973227
149	25	3.700000	2.630000	-5.270000	6.955559
149	29	-2.790000	-2.020000	-5.506000	6.494654
150	0	0.150000	-3.260000	-5.906000	6.747662
150	2	-1.258000	5.720000	-2.620000	6.416024
150	4	-1.210000	4.880000	-4.532000	6.768864
150	10	-0.580000	-3.320000	-6.471000	7.296070
150	12	0.940000	0.280000	-4.944500	5.040841
150	16	-0.510000	1.848000	-7.177300	7.428919
150	20	6.110000	-0.980000	-1.641000	6.401983
150	24	2.460000	3.520000	-5.434000	6.926064
150	26	0.900000	2.310000	-6.044100	6.532782
150	28	-2.997000	-4.605100	-3.799900	6.680434
150	1	1.370000	-2.380000	-6.137000	6.723397
150	3	-3.810000	3.450000	-3.221000	6.065760
150	11	-0.560000	3.410000	-5.029300	6.102095
150	13	-6.310000	2.440000	-2.168000	7.104219
150	17	-0.070000	-2.840000	-6.442000	7.040587
150	19	-1.260000	-3.760000	-5.729600	6.968035
150	21	-0.510000	-3.010000	-6.283000	6.985434
150	23	2.410000	2.200000	-6.625200	7.385213
150	25	-0.660000	3.380000	-6.704400	7.537173
150	29	1.510000	3.190000	-5.698000	6.702492
151	0	-3.800000	1.490000	-5.638000	6.960398
151	2	0.424000	4.930000	-4.861000	6.936425
151	4	1.950000	-2.340000	-6.374000	7.064416
151	10	-1.660000	4.090000	-3.521000	5.646339
151	12	4.690000	-1.150000	-4.839900	6.836902
151	16	4.030000	3.437098	-5.074000	7.334850
151	20	-4.350000	2.350000	-4.110000	6.429393
151	24	-1.660000	-0.170000	-6.289200	6.506807
151	26	4.900000	-1.290000	-3.773000	6.317407
151	28	3.276000	-0.671000	-3.806700	5.066891
151	1	-0.450000	-0.150000	-7.097400	7.113233
151	3	-1.370000	-0.340000	-7.350100	7.484415
151	11	3.640000	2.470000	-4.543900	6.324360
151	13	-1.140000	4.700000	-1.471000	5.055041
151	17	-3.660000	2.540000	-5.304000	6.926732
151	19	2.410000	3.740000	-3.681000	5.774553
151	21	2.610000	-4.110000	-4.949600	6.942819
151	23	-1.830000	-3.880000	-3.457000	5.509460
151	25	-0.510000	-0.060000	-5.970000	5.992045
151	29	-1.100000	-4.360000	-5.002000	6.726039
152	0	-2.930000	-1.610000	-5.918000	6.797038
152	2	0.926000	0.360000	-6.019600	6.101038
152	10	-3.160000	0.300000	-5.987000	6.776413
152	12	3.290000	-0.170000	-5.608000	6.504050
152	16	4.920000	-1.161000	-1.904000	5.401809
152	20	-0.350000	-1.450000	-7.006200	7.163228
152	24	0.210000	-2.480000	-6.051000	6.542866
152	26	-4.310000	-2.080000	-3.768000	6.091004
152	28	-4.187000	1.144100	-5.533600	7.032828
152	1	0.500000	2.670000	-6.670200	7.202116
152	3	2.240000	-4.850000	-4.171000	6.777709
152	13	2.380000	3.930000	-4.285000	6.282557
152	17	-1.190000	6.530000	-2.257000	7.010781
152	19	-3.270000	1.210000	-5.668500	6.654990
152	21	0.660000	-1.250000	-6.777000	6.922848
152	23	2.070000	0.290000	-5.964200	6.319864
152	25	0.650000	0.470000	-6.713500	6.761249
152	29	3.090000	-1.970000	-2.184000	4.266012
153	0	-2.430000	-0.360000	-6.136000	6.609463
153	2	-5.358000	-0.470000	-3.024000	6.170384
153	10	5.030000	2.020000	-0.104000	5.421450
153	12	1.660000	4.210000	-4.753000	6.562828
153	16	0.600000	-1.912000	-6.375000	6.682542
153	20	-3.170000	2.960000	-5.082000	6.681109
153	24	1.540000	-1.690000	-6.421600	6.816498
153	26	-0.010000	3.510000	-4.059000	5.366161
153	28	-2.054000	5.544000	-2.526000	6.429271
153	1	4.920000	1.510000	-4.039000	6.542172
153	3	-1.700000	-4.260000	-4.875000	6.693521
153	13	3.410000	2.650000	-1.986000	4.753398
153	17	3.500000	3.190000	-2.128000	5.191771
153	19	-0.290000	1.610000	-6.767000	6.961931
153	21	-0.740000	2.280000	-5.515000	6.013420
153	23	1.750000	-2.020000	-6.517000	7.043734
153	25	1.390000	3.650000	-4.386000	5.872955
153	29	-1.500000	-2.200000	-5.997000	6.561555
154	0	0.680000	-2.550000	-4.736000	5.421678
154	2	-3.643000	1.400000	-4.648200	6.069367
154	10	-3.140000	-0.970000	-6.522000	7.303217
154	12	-3.300000	3.620000	-3.968000	6.303921
154	14	-3.030000	3.260000	-4.284500	6.177818
154	16	2.050000	4.887000	-4.197000	6.760183
154	20	2.470000	4.130000	-5.404000	7.236091
154	24	3.890000	0.740000	-6.017900	7.203806
154	26	-0.320000	4.420000	-5.308000	6.914743
154	28	3.986000	-2.286600	-5.234600	6.965470
154	1	2.660000	4.760000	-4.878000	7.316289
154	3	-2.390000	-2.920000	-4.035000	5.524466
154	13	-3.330000	-2.370000	-1.617000	4.395508
154	17	-0.800000	-2.060000	-6.696000	7.051242
154	19	0.940000	5.460000	-3.975000	6.818785
154	21	3.420000	-2.550000	-3.194000	5.329215
154	23	-5.130000	-1.290000	-4.089000	6.685875
154	25	-3.350000	2.560000	-5.977700	7.314984
154	27	0.220000	1.790000	-6.999000	7.227621
154	29	0.520000	4.390000	-4.153000	6.065469
155	0	-1.030000	1.830000	-6.863000	7.177086
155	2	0.580000	3.130000	-5.842410	6.653349
155	10	0.050000	-4.500000	-5.636000	7.212281
155	12	-0.930000	-0.090000	-7.085700	7.147037
155	14	-2.070000	0.030000	-6.755000	7.065113
155	16	-0.240000	-1.985000	-6.843000	7.129129
155	20	0.500000	-2.250000	-6.545000	6.938986
155	24	-1.130000	-0.120000	-7.212000	7.300976
155	26	2.840000	2.180000	-5.644000	6.683767
155	28	0.999000	1.122000	-6.359000	6.534047
155	1	-1.580000	0.060000	-6.561500	6.749317
155	3	-3.100000	3.360000	-5.340000	7.029595
155	13	1.430000	-1.770000	-6.702400	7.078133
155	17	2.160000	2.330000	-6.251000	7.012097
155	19	1.520000	0.560000	-6.888000	7.075913
155	21	-2.220000	2.400000	-5.095300	6.053964
155	23	2.220000	3.700000	-5.322500	6.851818
155	25	1.550000	2.640000	-6.247210	6.956992
155	27	2.230000	0.530000	-6.299000	6.703074
155	29	1.100000	-5.050000	-3.226000	6.092584
156	0	0.320000	-0.240000	-6.876000	6.887625
156	2	1.526000	1.180000	-6.549000	6.827187
156	10	1.910000	0.770000	-7.000000	7.296643
156	12	0.150000	2.160000	-6.144700	6.515016
156	14	1.750000	-3.610000	-5.315000	6.659116
156	16	-0.070000	-3.037600	-6.198300	6.902959
156	20	1.330000	0.660000	-6.946800	7.103698
156	24	0.920000	-1.990000	-6.844200	7.186764
156	26	1.080000	3.840000	-5.540000	6.826683
156	28	0.010000	-3.522000	-4.603000	5.795877
156	1	-2.190000	3.830000	-5.582400	7.115349
156	3	-3.330000	-1.960000	-5.196000	6.475254
156	13	-1.800000	1.160000	-5.328000	5.742228
156	17	1.880000	0.660000	-6.960000	7.239586
156	19	-0.640000	-4.010000	-5.147000	6.556013
156	21	-3.510000	3.170000	-4.304500	6.395133
156	23	-1.490000	3.740000	-5.298500	6.654457
156	25	-1.040000	-5.310000	-3.870000	6.652413
156	27	1.850000	-2.110000	-6.251000	6.851978
156	29	4.030000	0.770000	-5.397000	6.779484
157	0	0.350000	-1.300000	-6.872000	7.002634
157	2	-1.846700	1.380000	-7.009000	7.378400
157	8	-0.490000	-1.950000	-6.969000	7.253245
157	10	2.330000	-3.100000	-5.931000	7.086301
157	12	0.500000	2.720000	-6.311000	6.890364
157	14	-3.600000	-1.870000	-4.893000	6.355970
157	16	-3.460000	-0.563400	-5.443000	6.474200
157	20	2.150000	-3.030000	-5.696000	6.800575
157	24	-0.400000	1.740000	-6.561400	6.799968
157	26	-0.550000	-4.400000	-5.213000	6.843820
157	28	-0.574000	5.065000	-4.024000	6.494327
157	1	-1.230000	4.890000	-4.158000	6.535592
157	3	2.270000	-2.140000	-5.781000	6.569053
157	9	-1.670000	3.770000	-5.941600	7.232179
157	13	3.580000	-0.620000	-5.950000	6.971607
157	17	-1.200000	-0.190000	-5.977000	6.099232
157	19	4.580000	-0.920000	-4.959000	6.812817
157	21	-0.120000	-4.520000	-4.135500	6.127574
157	23	-4.550000	-0.660000	-4.561000	6.476173
157	25	-2.590000	0.360000	-6.581000	7.081473
157	27	1.560000	2.540000	-4.881000	5.719210
157	29	0.060000	0.940000	-6.848400	6.912871
158	0	-1.520000	-2.920000	-5.308000	6.245932
158	2	-5.281000	-3.110000	-2.776000	6.728093
158	8	-0.960000	-2.220000	-6.201000	6.656005
158	10	-1.360000	-3.600000	-3.119000	4.953560
158	12	3.750000	1.130000	-6.145100	7.287088
158	14	-2.550000	-1.070000	-6.481000	7.046330
158	16	-1.670000	0.886700	-6.577900	6.844261
158	20	-2.450000	-0.750000	-6.447800	6.938236
158	24	1.780000	-4.180000	-5.117000	6.842842
158	26	-1.280000	-2.860000	-6.516300	7.230502
158	28	-4.594000	-1.906000	-1.078000	5.089180
158	1	-2.700000	-2.670000	-5.342000	6.554072
158	3	-0.830000	1.810000	-6.370000	6.673972
158	9	-2.210000	2.500000	-5.220000	6.195361
158	13	3.510000	0.900000	-5.852140	6.883142
158	17	2.360000	-1.380000	-6.253000	6.824515
158	19	-1.900000	3.830000	-5.129000	6.677241
158	21	0.990000	-1.970000	-6.265000	6.641628
158	23	1.430000	-0.510000	-6.300590	6.480929
158	25	5.180000	-2.310000	-3.787000	6.819814
158	27	4.000000	2.790000	-4.664000	6.748111
158	29	3.800000	3.440000	-1.693000	5.398134
159	0	0.530000	2.180000	-5.885000	6.298137
159	2	-3.710000	3.150000	-3.528000	6.011105
159	8	4.770000	-1.850000	-3.849000	6.402359
159	10	-0.370000	-1.190000	-6.890000	7.001793
159	12	-2.480000	-0.280000	-6.740400	7.187614
159	14	3.770000	-2.480000	-6.065000	7.559598
159	16	4.620000	-2.700200	-3.863000	6.599867
159	20	1.220000	-1.270000	-6.988500	7.206971
159	24	-2.190000	-3.410000	-3.996000	5.691416
159	26	2.310000	-3.180000	-5.897600	7.087326
159	28	0.940000	0.095000	-7.102000	7.164568
159	1	-1.110000	-0.800000	-6.111300	6.262594
159	3	-0.230000	4.470000	-5.249000	6.898246
159	9	-0.180000	-2.732000	-6.376400	6.939359
159	13	-4.000000	3.720000	-3.794000	6.650777
159	17	3.680000	-1.520000	-6.221000	7.386044
159	19	-1.770000	1.500000	-6.686000	7.077111
159	21	-3.410000	-3.570000	-3.977300	6.339709
159	23	1.620000	1.440000	-5.651400	6.052795
159	25	-0.510000	1.150000	-6.643000	6.761069
159	27	1.000000	-0.540000	-7.490000	7.575731
159	29	-0.430000	-0.750000	-7.010000	7.063108
160	0	3.150000	-3.580000	-5.490000	7.271795
160	2	-1.898000	-1.580000	-6.710200	7.150216
160	8	-3.040000	-0.920000	-6.622000	7.344310
160	10	-4.480000	-2.210000	-3.963000	6.376509
160	12	3.900000	0.230000	-4.683000	6.098638
160	14	-1.260000	-3.650000	-5.272000	6.534836
160	16	4.710000	1.907200	-4.226000	6.609129
160	20	2.100000	0.000000	-6.734700	7.054515
160	24	0.150000	-5.820000	-2.336000	6.273101
160	26	3.900000	3.420000	-3.733000	6.390750
160	28	-2.715000	-1.151600	-5.685000	6.404423
160	1	-3.870000	1.100000	-3.920000	5.617232
160	3	1.090000	4.210000	-4.053000	5.944662
160	9	3.730000	1.810000	-4.590000	6.185232
160	13	-2.000000	0.480000	-5.312900	5.697131
160	17	-3.420000	-0.510000	-4.710000	5.842996
160	19	1.640000	4.060000	-5.370000	6.928932
160	21	-3.160000	-1.160000	-5.364000	6.332748
160	23	-0.100000	3.610000	-6.626100	7.546344
160	25	-1.590000	-5.090000	-3.768000	6.529473
160	27	-2.560000	1.010000	-6.490000	7.049383
160	29	-2.200000	0.560000	-6.316000	6.711591
161	0	-5.550000	2.360000	-3.941000	7.204414
161	2	3.102000	1.090000	-5.812600	6.678085
161	8	1.590000	3.600000	-4.693000	6.124733
161	10	-1.530000	-0.170000	-6.457000	6.637970
161	12	3.040000	1.460000	-6.290400	7.137390
161	14	-0.280000	0.940000	-6.821000	6.891157
161	16	-0.200000	2.157000	-6.848300	7.182748
161	20	2.620000	0.250000	-6.538000	7.047861
161	24	-0.030000	-4.690000	-4.737000	6.666046
161	26	3.250000	1.170000	-5.271000	6.301971
161	28	0.301000	5.082000	-4.190950	6.594042
161	1	-1.920000	2.290000	-6.443900	7.103122
161	3	-2.330000	-1.260000	-5.936000	6.500200
161	9	2.800000	3.940000	-3.322000	5.865090
161	13	1.740000	0.630000	-5.175000	5.495919
161	17	3.970000	-2.110000	-4.388500	6.282669
161	19	0.650000	2.290000	-6.193500	6.635212
161	21	1.410000	-2.800000	-5.440000	6.278670
161	23	-2.430000	3.690000	-4.517000	6.318567
161	25	1.340000	-4.440000	-5.514000	7.205095
161	27	2.870000	-2.760000	-5.483000	6.776267
161	29	1.140000	-3.970000	-5.098000	6.561258
162	0	4.720000	-0.390000	-4.404000	6.467280
162	2	-1.680000	1.880000	-5.214200	5.791777
162	8	-1.350000	4.030000	-1.398000	4.474126
162	10	-0.210000	0.320000	-6.782000	6.792792
162	12	0.350000	-0.480000	-6.962000	6.987299
162	16	1.230000	-0.599500	-7.404300	7.529672
162	24	2.760000	-2.110000	-6.176800	7.086788
162	26	1.420000	-0.460000	-6.888000	7.047875
162	28	0.922000	-3.916200	-5.816000	7.071956
162	1	-2.490000	3.170000	-5.801000	7.064036
162	3	-3.680000	-1.090000	-5.700000	6.871717
162	9	3.430000	2.640000	-5.694600	7.152829
162	13	-0.970000	4.990000	-4.470000	6.769188
162	17	1.130000	0.020000	-6.880000	6.972209
162	19	2.690000	5.200000	0.206000	5.858202
162	21	-2.580000	-5.092000	-3.603000	6.750294
162	25	-0.410000	-2.710000	-5.754000	6.373438
162	29	1.510000	-2.240000	-6.754000	7.274216
163	0	-3.050000	-2.800000	-5.780000	7.109916
163	2	2.449000	1.910000	-6.180000	6.916509
163	8	-0.740000	5.060000	-2.489000	5.687383
163	10	-1.850000	3.920000	-5.078000	6.676450
163	12	3.790000	0.410000	-5.280400	6.512666
163	16	3.400000	2.389090	-5.653900	7.016718
163	24	4.750000	1.940000	-3.344000	6.124413
163	26	-3.260000	2.860000	-5.493000	6.998589
163	28	-0.574000	-3.373800	-4.578500	5.716176
163	1	-1.660000	1.210000	-7.496000	7.772369
163	3	-1.730000	-2.230000	-5.513000	6.193462
163	9	-0.440000	-1.644000	-6.446300	6.667167
163	13	-3.820000	2.400000	-4.128000	6.114964
163	17	0.450000	-0.690000	-6.545000	6.596637
163	19	2.590000	3.020000	-5.357000	6.672777
163	21	4.510000	-2.837000	-2.552000	5.907738
163	25	-4.360000	2.880000	-4.380000	6.818240
163	29	-1.710000	-1.060000	-6.717000	7.011832
164	0	2.890000	2.190000	-5.854000	6.886038
164	2	3.298000	3.540000	-2.784000	5.582030
164	8	0.530000	-4.220000	-5.622000	7.049552
164	10	-5.950000	2.750000	-1.894000	6.822920
164	12	-2.460000	-1.200000	-6.547700	7.096758
164	16	-3.140000	-2.997300	-4.340000	6.138323
164	24	-1.010000	-5.680000	-2.597000	6.326682
164	26	2.690000	1.990000	-5.737000	6.641488
164	28	4.414000	-3.162800	-4.566400	7.094978
164	1	-0.530000	-2.370000	-6.246700	6.702168
164	3	0.260000	-0.850000	-6.568000	6.627875
164	9	2.750000	-0.651000	-5.250900	5.963074
164	13	-0.430000	-2.880000	-6.223400	6.870954
164	17	1.560000	5.340000	-4.003000	6.853700
164	19	0.580000	0.650000	-7.079200	7.132599
164	21	4.270000	-3.046000	-3.810800	6.483303
164	25	-0.740000	-0.180000	-6.912600	6.954426
164	29	-0.020000	-0.330000	-7.147000	7.154642
165	0	-2.440000	2.580000	-4.987000	6.122105
165	2	3.037000	-2.220000	-5.000200	6.257297
165	8	-3.860000	2.440000	-3.951000	6.038510
165	10	-3.600000	-2.570000	-3.827000	5.849002
165	12	1.910000	0.000000	-5.791600	6.098420
165	16	2.850000	0.420800	-6.439900	7.054919
165	24	-4.700000	-0.740000	-3.873000	6.134960
165	26	0.130000	1.380000	-7.012000	7.147688
165	28	-0.393000	-3.793200	-5.506000	6.697675
165	1	-3.730000	1.150000	-5.237000	6.531582
165	3	5.070000	-1.360000	-1.466000	5.450106
165	9	2.050000	-4.370000	-3.846060	6.171837
165	13	2.530000	4.170000	-0.341000	4.889385
165	17	2.240000	-0.740000	-5.982200	6.430546
165	19	2.420000	-1.510000	-4.948000	5.711322
165	21	-2.800000	-3.360000	-5.235000	6.821644
165	25	1.580000	-0.990000	-7.380100	7.611989
165	29	0.780000	-5.040000	-3.906000	6.423927
166	0	-3.710000	0.190000	-5.743000	6.839755
166	2	-5.821000	1.830000	-0.500000	6.122331
166	8	4.850000	0.610000	-3.203000	5.844126
166	10	-1.820000	-4.090000	-2.589000	5.171404
166	12	-3.420000	-0.500000	-5.883730	6.823832
166	16	-2.680000	1.766000	-4.711000	5.700410
166	24	-1.570000	3.370000	-5.198000	6.390697
166	26	-2.710000	-0.440000	-6.624900	7.171262
166	28	4.159000	-1.076000	-5.423900	6.919086
166	1	-2.870000	-2.880000	-3.248000	5.203922
166	3	4.580000	3.990000	-2.283000	6.489113
166	9	-0.260000	-0.501000	-6.786000	6.809434
166	13	-0.990000	2.880000	-6.692000	7.352371
166	17	0.210000	1.220000	-6.730000	6.842909
166	19	1.820000	1.430000	-5.777400	6.223797
166	21	-0.630000	1.080000	-6.480000	6.599523
166	25	-3.600000	-2.760000	-3.451000	5.699737
166	29	3.090000	4.680000	-3.979000	6.876259
167	0	-3.240000	-0.960000	-4.498000	5.625940
167	2	1.829000	-2.310000	-6.092000	6.767112
167	6	-0.970000	-1.439000	-6.395600	6.626864
167	8	0.500000	-0.470000	-6.575000	6.610713
167	10	0.510000	4.390000	-4.617000	6.391314
167	12	3.160000	-0.640000	-5.365400	6.259610
167	16	-0.400000	1.437000	-6.848870	7.009421
167	24	-2.800000	1.190000	-6.245700	6.947292
167	26	4.150000	-2.800000	-4.973000	7.056432
167	28	1.356000	0.359000	-6.819000	6.961780
167	1	-5.300000	0.630000	-3.929000	6.627514
167	3	-0.460000	2.020000	-6.541000	6.861245
167	7	-0.240000	1.978800	-6.153000	6.467817
167	9	-0.570000	-1.452000	-6.559000	6.741935
167	13	-5.170000	-1.030000	-2.930000	6.031144
167	17	3.610000	-4.200000	-3.853000	6.746681
167	19	-2.100000	3.490000	-4.524000	6.087419
167	21	0.440000	-0.750000	-6.962000	7.016092
167	25	-0.010000	-5.920000	-4.141000	7.224568
167	29	4.200000	0.980000	-5.488000	6.979867
168	0	-1.890000	-1.980000	-6.083000	6.670486
168	2	-2.479000	-1.800000	-6.452000	7.142391
168	6	-1.650000	-2.953000	-4.975000	6.016090
168	8	2.400000	-0.930000	-5.589000	6.153196
168	10	0.630000	0.840000	-7.304000	7.379086
168	12	1.480000	3.650000	-4.984500	6.352806
168	16	1.750000	1.622000	-6.865900	7.268698
168	24	-1.020000	-0.650000	-6.800200	6.906926
168	26	2.430000	-4.500000	-0.918000	5.195924
168	28	-3.230000	0.943000	-5.705000	6.623381
168	1	1.250000	0.730000	-6.458300	6.618538
168	3	-3.930000	-2.810000	-4.336000	6.491679
168	7	-2.060000	-1.309000	-5.432300	5.955415
168	9	-2.180000	0.990000	-6.925000	7.327218
168	13	-1.220000	2.220000	-6.283300	6.774707
168	17	3.710000	3.330000	-4.516900	6.727212
168	19	-0.440000	-1.540000	-7.275300	7.449509
168	21	3.800000	2.310000	-5.081400	6.752535
168	25	2.950000	-0.100000	-5.773300	6.484095
168	29	-4.130000	-2.440000	-5.514000	7.308536
169	0	5.370000	0.780000	-3.381000	6.393470
169	2	-2.739000	4.170000	-4.169800	6.502173
169	6	-0.930000	-2.221000	-6.693900	7.113792
169	8	-4.240000	-1.880000	-5.463800	7.166946
169	10	0.010000	-0.910000	-7.078000	7.136265
169	12	-0.140000	-2.870000	-5.964400	6.620466
169	16	0.040000	2.386300	-6.959500	7.357355
169	24	-1.670000	-4.910000	-4.500000	6.866367
169	26	0.930000	-0.140000	-6.932100	6.995607
169	28	-4.354000	-0.647000	-4.967500	6.637167
169	1	-0.800000	4.690000	-5.065000	6.949124
169	3	-3.400000	-1.150000	-6.063000	7.045741
169	7	-3.600000	-4.154000	-2.965000	6.245554
169	9	0.830000	3.416000	-5.340500	6.393661
169	13	0.530000	-4.070000	-5.197000	6.622281
169	17	-0.140000	-2.660000	-5.931600	6.502236
169	19	-1.670000	-2.600000	-5.488000	6.298178
169	21	1.720000	2.646000	-6.676000	7.384355
169	25	4.350000	-4.170000	-2.981000	6.722928
169	29	-2.570000	-2.550000	-3.065000	4.743588
170	0	-4.300000	4.550000	-2.526000	6.750791
170	2	-0.795000	-3.810000	-5.435000	6.684860
170	6	2.020000	-3.390000	-5.182000	6.513496
170	8	-3.910000	4.030000	-2.660000	6.213260
170	10	3.660000	1.320000	-6.276000	7.384184
170	12	1.960000	0.990000	-5.259300	5.699293
170	16	2.630000	-1.350000	-6.040000	6.724656
170	24	-3.270000	-0.900000	-5.984700	6.878920
170	26	3.530000	-2.880000	-5.433000	7.090331
170	28	0.365000	-2.436500	-6.968000	7.390723
170	1	-4.260000	-2.610000	-5.062800	7.112780
170	3	1.340000	2.160000	-6.502000	6.981204
170	7	-0.440000	3.296000	-1.412000	3.612611
170	9	0.120000	3.094000	-5.882000	6.647192
170	13	1.530000	-1.670000	-5.982900	6.397257
170	17	-0.660000	-0.920000	-5.965840	6.072335
170	19	-1.710000	-2.820000	-6.336200	7.143104
170	21	-0.170000	2.194000	-5.660300	6.073017
170	25	-1.100000	2.870000	-5.710000	6.484674
170	29	-0.350000	-0.910000	-7.222100	7.287615
171	0	0.400000	2.010000	-6.790000	7.092545
171	2	1.427000	0.260000	-7.183000	7.327989
171	6	1.080000	-0.876000	-7.009800	7.146403
171	8	3.740000	0.690000	-4.824000	6.142856
171	10	-3.280000	2.280000	-6.036000	7.238100
171	12	-0.720000	-0.720000	-6.316800	6.398341
171	16	-1.240000	2.752600	-5.660000	6.414827
171	24	-2.580000	1.600000	-6.118400	6.830170
171	26	3.620000	3.380000	-4.642000	6.788001
171	28	2.465600	0.023000	-6.370000	6.830565
171	1	2.720000	-1.680000	-5.587000	6.437031
171	3	1.430000	1.710000	-7.003700	7.349885
171	7	1.250000	0.072000	-7.009000	7.119955
171	9	2.620000	0.727000	-6.765000	7.290964
171	13	-2.320000	0.650000	-5.352800	5.870040
171	17	2.110000	0.640000	-7.203000	7.532922
171	19	-1.010000	-1.390000	-6.959000	7.167976
171	21	4.230000	-1.109000	-5.810000	7.271787
171	25	-1.090000	0.550000	-6.372900	6.488795
171	29	-0.690000	2.670000	-5.874000	6.489135
172	0	-1.470000	1.180000	-6.482000	6.750528
172	2	0.314000	3.840000	-5.682500	6.865494
172	6	3.340000	3.759200	-4.842000	6.980842
172	8	-1.160000	1.370000	-6.588000	6.828195
172	10	1.470000	-3.710000	-5.777000	7.021305
172	12	0.650000	2.070000	-5.746900	6.142822
172	16	-3.060000	4.801000	-2.919000	6.397950
172	24	-3.300000	-0.300000	-5.841100	6.715538
172	26	1.250000	-1.670000	-6.803900	7.116492
172	28	1.979300	0.231000	-6.572000	6.867472
172	1	2.000000	-0.610000	-6.998000	7.303705
172	3	4.830000	2.660000	-3.092000	6.321785
172	7	4.380000	0.171000	-5.160500	6.770849
172	9	-2.750000	-4.234000	-4.296200	6.629222
172	13	-1.970000	-3.400000	-4.913500	6.291533
172	17	-1.820000	4.450000	-3.687000	6.058784
172	19	-2.660000	-1.990000	-6.273500	7.098768
172	21	1.040000	-4.219000	-3.787400	5.764196
172	25	-3.850000	-4.850000	-2.818000	6.803391
172	29	1.400000	-0.840000	-7.091500	7.277017
173	0	2.130000	-2.240000	-6.098000	6.836673
173	2	-2.468000	0.570000	-6.265600	6.758230
173	8	-4.600000	0.260000	-4.318000	6.314485
173	10	2.460000	-3.140000	-5.711000	6.966112
173	16	-1.630000	3.272500	-5.944000	6.978345
173	24	-3.460000	0.650000	-5.554800	6.576466
173	26	-4.130000	-2.270000	-4.622000	6.600961
173	28	-4.925400	0.576000	-1.249000	5.113838
173	3	3.210000	-0.330000	-6.328000	7.103280
173	9	0.820000	5.209000	-3.963000	6.596321
173	13	-4.800000	-2.120000	-3.899000	6.537324
173	17	3.160000	2.280000	-5.769100	6.961790
173	19	-1.280000	-4.330000	-4.991908	6.731006
173	21	-5.300000	-0.268000	-3.015000	6.103446
173	25	1.140000	-5.280000	-4.564000	7.071640
173	29	5.480000	-1.260000	-4.134000	6.979109
174	0	1.030000	-2.970000	-5.798000	6.595347
174	2	-1.805000	-1.000000	-6.521400	6.840079
174	8	0.570000	-5.140000	-2.306000	5.662344
174	10	-0.410000	0.330000	-7.239000	7.258107
174	16	-2.600000	3.622000	-5.619000	7.173008
174	24	-3.890000	-1.640000	-6.006300	7.341481
174	26	6.100000	-1.580000	-2.288000	6.703831
174	28	-3.870600	1.369000	-5.316000	6.716812
174	3	-3.310000	4.130000	-4.433000	6.903947
174	9	1.110000	4.251000	-5.014000	6.666581
174	13	-2.530000	-3.150000	-5.979000	7.216082
174	17	-1.410000	2.600000	-5.226990	6.005791
174	19	1.630000	-3.480000	-5.698200	6.872902
174	21	-1.440000	-1.957000	-6.793000	7.214451
174	25	-0.780000	3.760000	-5.678000	6.854610
174	29	0.800000	-0.730000	-6.775000	6.861015
175	0	2.690000	0.410000	-6.786000	7.311224
175	2	-1.749000	0.510000	-6.873100	7.110457
175	8	-1.680000	5.790000	-2.735000	6.620176
175	10	-0.590000	-4.500000	-3.959000	6.022606
175	16	-0.820000	-0.128000	-6.070000	6.126474
175	24	-3.310000	-3.690000	-4.189000	6.489986
175	26	-0.200000	3.100000	-5.494000	6.311421
175	28	0.804700	-1.161000	-6.147000	6.307224
175	3	-1.090000	-5.130000	-4.565000	6.953001
175	9	-4.030000	2.778000	-4.856000	6.894847
175	13	0.460000	3.620000	-6.181200	7.177969
175	17	-2.590000	-0.270000	-5.720730	6.285519
175	19	0.590000	5.310000	-3.689000	6.492528
175	21	1.960000	-0.713000	-6.393000	6.724613
175	25	-3.430000	1.760000	-5.609000	6.806128
175	29	0.850000	4.660000	-4.478000	6.518480
176	0	0.820000	-4.190000	-5.227000	6.749076
176	2	-3.697000	-2.050000	-5.461900	6.906711
176	8	-1.710000	2.280000	-4.606000	5.416432
176	10	0.270000	3.030000	-5.627000	6.396634
176	16	-4.020000	-3.319000	-3.321000	6.181036
176	24	4.490000	-1.430000	-5.442000	7.198636
176	26	-1.980000	2.450000	-4.118000	5.184672
176	28	-1.106000	-0.442000	-7.280000	7.376788
176	3	-0.240000	0.620000	-6.604000	6.637380
176	9	-1.420000	-1.564000	-6.556400	6.888315
176	13	0.990000	5.150000	-3.206000	6.146628
176	17	-1.440000	2.340000	-6.381600	6.947951
176	19	-3.480000	-5.070000	-1.830000	6.415933
176	21	-4.010000	-2.817000	-2.822000	5.655022
176	25	0.500000	4.320000	-2.474000	5.003307
176	29	5.350000	4.100000	-1.297000	6.864016
177	0	-4.360000	0.280000	-5.141000	6.746694
177	2	2.386000	2.060000	-6.169500	6.928155
177	8	-0.630000	-3.130000	-6.175000	6.951577
177	10	3.190000	1.380000	-5.965000	6.903747
177	16	-0.830000	-4.990000	-3.798000	6.325647
177	24	3.450000	2.440000	-5.655000	7.059400
177	26	-3.990000	-0.790000	-4.817000	6.304577
177	28	-0.500000	-3.585000	-5.463000	6.553365
177	3	2.550000	0.480000	-4.724000	5.389719
177	9	2.080000	2.724000	-6.159500	7.048831
177	13	-5.630000	-0.100000	-1.768000	5.901925
177	17	2.220000	3.840000	-5.008500	6.690222
177	19	3.880000	3.000000	-5.044000	7.035363
177	21	-1.180000	-2.944000	-2.876000	4.281461
177	25	2.730000	2.300000	-6.099000	7.066873
177	29	-3.260000	-0.870000	-5.571000	6.513105
178	0	-4.490000	4.150000	-3.220000	6.910210
178	2	4.404000	2.530000	-4.593000	6.847756
178	8	3.650000	2.520000	-4.999000	6.683031
178	10	-3.660000	-0.530000	-5.411000	6.554039
178	16	-4.140000	-2.344000	-4.661000	6.660245
178	24	-2.910000	4.380000	-2.449000	5.800871
178	26	1.010000	4.860000	-4.358000	6.605442
178	28	-0.103000	2.103000	-6.265000	6.609345
178	3	-3.960000	2.330000	-5.238000	6.967578
178	9	-1.990000	3.369000	-5.611700	6.841158
178	13	-1.650000	2.090000	-6.133600	6.686677
178	17	-2.060000	2.250000	-5.693700	6.459436
178	19	1.750000	-2.540000	-6.081400	6.818909
178	21	-0.860000	0.960000	-7.126000	7.241621
178	25	-2.220000	4.820000	-3.642000	6.436223
178	29	4.530000	-2.250000	-3.227000	5.999744
179	0	-1.880000	5.230000	-3.512000	6.574302
179	2	0.006000	5.150000	-1.685000	5.418649
179	8	-0.970000	-6.007000	-3.115000	6.835801
179	10	4.530000	-2.770000	-4.161000	6.745941
179	16	-4.420000	0.690000	-5.455000	7.054752
179	20	0.400000	3.680000	-5.771000	6.856154
179	24	1.530000	3.150000	-5.314000	6.364118
179	26	-5.570000	2.870000	-2.332000	6.685808
179	28	4.362000	0.343000	-5.194000	6.791342
179	3	4.240000	-2.500000	-3.642000	6.123052
179	9	-3.810000	2.512000	-4.423000	6.355248
179	13	-1.810000	0.810000	-5.981600	6.301725
179	17	-0.990000	-4.580000	-5.125000	6.944215
179	19	-3.030000	2.300000	-5.386000	6.593929
179	21	4.670000	-1.810000	-3.011000	5.843896
179	23	0.440000	0.360000	-6.780000	6.803793
179	25	4.190000	0.400000	-5.993800	7.324052
179	29	2.360000	0.400000	-6.286000	6.726321
180	0	-4.520000	-1.560000	-3.239000	5.775389
180	2	0.063000	0.030000	-7.506000	7.506324
180	8	-5.330000	1.220000	-3.838000	6.680385
180	10	6.010000	-0.830000	-2.441000	6.539685
180	16	-3.490000	1.427000	-5.180000	6.406936
180	20	-1.260000	0.460000	-7.238000	7.361239
180	24	-3.660000	-1.390000	-5.717000	6.929054
180	26	-1.110000	0.200000	-7.017800	7.107856
180	28	1.907640	1.464000	-5.919000	6.388814
180	3	-3.590000	4.910000	-3.830000	7.187844
180	9	2.800000	4.431000	-4.524000	6.923896
180	13	1.640000	-4.100000	-4.590000	6.369278
180	17	3.850000	3.060000	-2.426000	5.483756
180	19	-0.980000	0.280000	-7.382000	7.452028
180	21	0.830000	-1.310000	-6.403000	6.588126
180	23	2.790000	-4.460000	-4.832400	7.143374
180	25	-0.300000	-0.740000	-7.045770	7.090873
180	29	-1.190000	-2.290000	-5.057000	5.677451
181	0	1.910000	0.710000	-7.377900	7.654124
181	2	-1.968000	-5.110000	-2.090000	5.861162
181	8	0.100000	-1.810000	-6.792700	7.030425
181	10	-1.840000	0.370000	-6.664000	6.923250
181	16	3.420000	1.109000	-5.902600	6.911365
181	20	0.700000	-2.320000	-7.165900	7.564557
181	24	3.090000	-0.100000	-5.913000	6.672456
181	26	0.070000	4.610000	-5.346100	7.059588
181	28	-0.289400	0.309000	-6.958000	6.970868
181	3	-1.710000	-3.700000	-5.087000	6.518563
181	9	0.880000	-3.963000	-4.772000	6.265122
181	13	-3.540000	3.215000	-4.570000	6.614584
181	17	2.830000	3.600000	-4.178000	6.198757
181	19	2.700000	-1.330000	-6.272000	6.956787
181	21	0.180000	-3.610000	-4.631500	5.874972
181	23	-2.800000	2.800000	-5.513300	6.787966
181	25	-2.070000	-0.970000	-6.422000	6.816736
181	29	-0.630000	0.650000	-7.128700	7.185942
182	0	-3.520000	-1.980000	-5.706000	6.990653
182	2	0.878000	-0.200000	-6.561000	6.622507
182	8	0.290000	-3.250000	-5.215800	6.152330
182	10	-0.520000	-3.050000	-6.295000	7.014266
182	16	2.470000	2.454000	-4.997000	6.090404
182	20	-1.630000	0.230000	-6.902000	7.095590
182	24	-0.990000	-0.570000	-6.235000	6.338787
182	26	-0.020000	0.330000	-6.895000	6.902921
182	28	1.336700	-4.311000	-5.216600	6.898145
182	3	-3.860000	-3.520000	-2.483000	5.784055
182	9	2.130000	-3.653000	-5.138600	6.654812
182	13	3.780000	-2.360000	-3.494000	5.662688
182	17	-3.110000	4.090000	-2.725000	5.815997
182	19	-2.230000	-3.600000	-6.007400	7.349949
182	21	1.650000	0.630000	-6.752000	6.979176
182	23	-3.520000	-0.670000	-5.328400	6.421148
182	25	0.450000	4.270000	-4.234000	6.030104
182	29	0.530000	-2.150000	-5.981000	6.377755
183	0	0.870000	-4.040000	-5.654000	7.003300
183	2	-4.517000	-0.550000	-5.453600	7.102643
183	8	0.610000	3.590000	-6.760700	7.679015
183	10	-4.830000	-0.100000	-3.781000	6.134726
183	16	0.620000	3.434000	-5.853000	6.814277
183	20	-3.540000	-2.850000	-4.295000	6.253089
183	24	0.200000	1.710000	-6.429000	6.655535
183	26	0.580000	2.140000	-6.530000	6.896151
183	28	-4.223000	0.478000	-5.261700	6.763705
183	3	-1.160000	-4.000000	-3.990000	5.767642
183	9	-1.070000	-2.385000	-4.650000	5.334381
183	13	-3.360000	-3.720000	-0.525000	5.040201
183	17	1.680000	-0.920000	-6.640500	6.911226
183	19	-1.060000	2.400000	-6.239000	6.768214
183	21	-5.580000	0.280000	-5.002900	7.499587
183	23	-0.560000	-1.410000	-6.605400	6.777390
183	25	0.100000	0.790000	-7.560400	7.602220
183	29	-1.210000	0.530000	-6.897000	7.022365
184	0	1.330000	1.990000	-6.587000	7.008393
184	2	-1.385000	-3.500000	-4.395000	5.786558
184	8	2.220000	4.510000	-4.794000	6.946289
184	10	5.510000	2.300000	-1.039000	6.060497
184	16	-3.180000	0.381000	-6.849600	7.561388
184	20	3.190000	-2.420000	-6.144000	7.333569
184	24	1.310000	-5.170000	-3.928000	6.623759
184	26	-1.120000	-2.060000	-7.170000	7.543666
184	28	-3.350700	1.991000	-5.992600	7.148603
184	3	-3.500000	3.090000	-3.835000	6.041964
184	9	2.700000	-3.614700	-5.833200	7.374434
184	13	-4.160000	0.230000	-4.504000	6.135513
184	17	-2.770000	0.880000	-5.944000	6.616527
184	19	-3.130000	2.680000	-5.269300	6.689157
184	21	-2.970000	3.000000	-4.821700	6.408564
184	23	-1.910000	-2.770000	-5.731900	6.646479
184	25	-4.520000	-1.380000	-4.499000	6.525013
184	29	4.760000	1.120000	0.053000	4.890277
185	0	-0.090000	-0.690000	-7.033400	7.067738
185	2	-0.859000	-0.370000	-7.139000	7.200007
185	8	-3.170000	-1.930000	-5.327600	6.492852
185	10	1.070000	2.790000	-6.574000	7.221252
185	16	-1.210000	-2.181000	-5.748900	6.266635
185	20	-2.400000	-4.640000	-4.633000	6.982427
185	24	-1.830000	-2.260000	-5.725000	6.421225
185	26	-4.870000	1.300000	-4.708100	6.897326
185	28	-1.075200	-3.827000	-5.541700	6.820002
185	3	-4.110000	-1.600000	-4.419000	6.243369
185	9	-2.690000	1.124000	-6.237100	6.884831
185	13	2.740000	0.160000	-6.331600	6.900895
185	17	5.090000	-3.640000	-2.882000	6.889385
185	19	-2.060000	-3.420000	-4.363000	5.914032
185	21	-3.760000	4.110000	-3.348800	6.499551
185	23	1.440000	-2.980000	-5.816400	6.692123
185	25	-4.280000	1.530000	-5.347000	7.017814
185	29	-0.960000	-0.370000	-6.803600	6.880950
186	0	2.780000	-4.370000	-4.035000	6.565556
186	2	-1.129000	3.020000	-5.157000	6.081915
186	8	-5.010000	-3.556000	-1.148000	6.250051
186	10	1.070000	3.630000	-5.345000	6.549109
186	16	-2.610000	1.513000	-4.732000	5.611871
186	20	-0.840000	-2.810000	-5.226000	5.992727
186	24	-3.830000	3.520000	-2.718000	5.869142
186	26	-4.730000	1.360000	-2.277000	5.422843
186	28	-1.793000	1.270000	-7.093000	7.425523
186	3	2.360000	-0.640000	-5.106000	5.661310
186	9	2.340000	-1.369000	-5.358000	6.004825
186	13	-0.780000	2.410000	-5.981300	6.495572
186	17	1.800000	-5.180000	-3.978000	6.774724
186	19	-0.640000	0.870000	-7.051000	7.133239
186	21	0.060000	-0.210000	-6.657000	6.660582
186	23	2.790000	1.100000	-6.148400	6.840828
186	25	-2.400000	-5.010000	-3.625000	6.633304
186	29	-1.320000	-2.080000	-6.148000	6.623194
187	0	-1.330000	1.800000	-6.838000	7.194939
187	2	-0.666000	0.820000	-7.234000	7.310726
187	8	0.850000	1.500000	-6.689900	6.908492
187	10	4.290000	-5.050000	-1.102000	6.717217
187	16	-0.450000	-5.210000	-5.406000	7.521399
187	20	-2.000000	-3.390000	-4.039000	5.639647
187	24	2.470000	-2.200000	-6.019400	6.868339
187	26	0.620000	4.810000	-3.945200	6.251808
187	28	0.239000	-3.074000	-6.067900	6.806321
187	3	1.360000	-0.020000	-6.420900	6.563380
187	9	-2.380000	-1.746000	-6.571100	7.203629
187	13	-2.330000	1.160000	-6.487600	6.990240
187	17	0.690000	0.850000	-7.040400	7.125015
187	19	0.420000	-3.080000	-6.104400	6.850292
187	21	-1.170000	2.830000	-6.738000	7.401246
187	23	5.050000	1.400000	-3.855500	6.505950
187	25	-1.560000	1.750000	-6.590400	6.994960
187	29	5.390000	2.010000	-2.127000	6.133215
188	0	-3.280000	-2.390000	-5.602000	6.917579
188	2	2.913000	2.830000	-5.867300	7.135803
188	4	-1.480000	4.390000	-3.374000	5.731176
188	8	0.370000	0.270000	-7.245000	7.259465
188	10	1.200000	-1.690000	-6.759000	7.069666
188	16	-0.900000	3.927000	-2.946000	4.991016
188	20	2.250000	-0.740000	-5.100000	5.623175
188	24	-1.450000	3.070000	-6.231400	7.096319
188	26	2.870000	3.180000	-5.363600	6.864219
188	28	0.420000	0.140000	-6.856000	6.870279
188	3	3.480000	0.410000	-6.271000	7.183588
188	9	1.420000	-3.516000	-6.044900	7.135788
188	11	-2.330000	-3.600000	-4.729000	6.383756
188	13	-0.380000	-0.490000	-6.943090	6.970724
188	17	3.020000	3.210000	-4.227000	6.106720
188	19	-3.710000	1.440000	-5.382300	6.693792
188	21	-0.830000	-3.580000	-5.447600	6.571274
188	23	0.290000	2.520000	-6.380000	6.865777
188	25	-3.420000	-4.060000	-3.065000	6.129782
188	29	3.170000	-1.630000	-6.162000	7.118711
189	0	5.560000	-0.750000	-3.765000	6.756576
189	2	0.804000	5.800000	-1.799000	6.125587
189	4	-1.110000	-0.590000	-6.747000	6.863105
189	8	0.200000	2.030000	-6.985500	7.277232
189	10	-3.040000	2.400000	-4.499000	5.936548
189	12	-2.570000	1.670000	-6.226000	6.939516
189	16	-3.300000	0.991000	-6.267000	7.151739
189	24	-0.210000	3.710000	-5.391100	6.547683
189	26	2.750000	-3.710000	-3.634000	5.876441
189	28	3.773500	-3.842000	-3.113000	6.220212
189	1	3.480000	-1.130000	-3.440000	5.022041
189	3	-1.180000	-2.120000	-6.881300	7.296512
189	9	-2.560000	-2.340000	-6.174700	7.082099
189	11	3.110000	1.280000	-5.293100	6.271157
189	13	3.240000	4.360000	-4.382500	6.979506
189	17	-1.000000	-0.700000	-6.293000	6.410292
189	19	-3.170000	-1.100000	-5.490500	6.434632
189	21	-3.940000	-0.340000	-4.545200	6.024786
189	25	4.830000	-1.830000	-4.218000	6.668532
189	29	5.120000	-0.330000	-4.444000	6.787668
190	0	-1.870000	-3.850000	-5.625000	7.068241
190	2	-2.539000	3.850000	-4.747000	6.618386
190	4	4.220000	0.870000	-5.631000	7.090378
190	8	-2.330000	1.050000	-4.956800	5.576851
190	10	5.410000	1.000000	-4.320000	6.995034
190	12	-1.810000	4.490000	-3.966000	6.258223
190	16	-0.730000	5.390000	-4.174000	6.856185
190	26	-1.020000	-3.040000	-4.867600	5.828853
190	28	-4.358000	-1.590000	-3.694000	5.930084
190	1	3.630000	2.710000	-5.076400	6.803737
190	3	-3.230000	-5.380000	-2.712000	6.836099
190	9	3.160000	-0.663000	-5.897320	6.723359
190	11	0.280000	-4.500000	-4.441000	6.328577
190	13	2.220000	-2.520000	-6.076900	6.943163
190	17	-1.130000	3.240000	-6.730000	7.554297
190	19	0.610000	1.680000	-6.882000	7.110304
190	21	1.530000	-4.450000	-3.808500	6.053765
190	29	-0.920000	-4.380000	-5.432000	7.038283
191	0	1.230000	2.560000	-6.161000	6.784130
191	2	0.667000	0.220000	-6.903000	6.938638
191	4	3.160000	1.820000	-5.026000	6.209563
191	8	-3.110000	4.090000	-4.269000	6.680162
191	10	-2.120000	-4.670000	-2.458000	5.687272
191	12	-4.730000	1.500000	-3.824000	6.264653
191	16	-2.980000	-2.400000	-5.060000	6.343816
191	26	-2.740000	1.050000	-6.577800	7.202607
191	28	-3.494000	0.650000	-6.251000	7.190656
191	1	1.790000	3.740000	-0.286000	4.156140
191	3	3.000000	0.180000	-5.640500	6.391216
191	9	-0.690000	-3.508000	-3.850000	5.254014
191	11	3.650000	-0.220000	-6.054200	7.072781
191	13	0.480000	-3.310000	-5.101000	6.099730
191	17	-1.890000	-3.590000	-5.880900	7.144591
191	19	1.680000	-1.320000	-5.935310	6.308146
191	21	-5.210000	-1.210000	-3.918200	6.630271
191	29	-0.860000	-3.590000	-4.853000	6.097484
192	0	0.920000	-2.760000	-6.124000	6.779924
192	2	-2.338000	1.430000	-6.886000	7.411352
192	4	1.550000	-4.290000	-5.493000	7.140003
192	8	3.450000	2.500000	-5.156500	6.688946
192	10	-4.970000	-2.640000	-3.603000	6.682223
192	16	3.010000	2.434000	-5.818800	6.988769
192	26	0.660000	-2.230000	-6.637000	7.032657
192	28	0.023000	4.310000	-5.008300	6.607549
192	3	-1.410000	3.820000	-4.921000	6.387233
192	9	0.920000	1.312000	-6.457500	6.653349
192	11	3.700000	2.260000	-3.875000	5.814914
192	13	1.040000	-2.160000	-6.756000	7.168733
192	17	5.330000	-2.750000	-0.801000	6.050868
192	19	-3.260000	-2.660000	-5.901800	7.248065
192	21	-2.770000	-3.300000	-5.489000	6.977967
192	29	1.980000	-1.990000	-6.238000	6.840551
193	0	-3.120000	0.460000	-5.450000	6.296705
193	2	-4.934000	-1.290000	-3.585000	6.233834
193	4	1.750000	2.310000	-6.129000	6.779620
193	8	3.170000	-0.400000	-5.047000	5.973367
193	10	-0.220000	-2.350000	-7.015000	7.401427
193	16	-3.890000	3.005000	-4.005000	6.340517
193	26	3.960000	-3.440000	-3.455000	6.281101
193	28	-3.699130	-1.110000	-5.892000	7.044950
193	3	0.870000	0.360000	-7.211000	7.272209
193	9	-2.600000	-0.171000	-6.437000	6.944365
193	11	-1.240000	0.050000	-5.945200	6.073344
193	13	2.260000	-4.380000	-2.324000	5.449126
193	17	-0.480000	0.790000	-6.372200	6.438900
193	19	-0.440000	0.720000	-7.212700	7.261890
193	21	0.440000	3.610000	-5.675000	6.740276
193	29	0.570000	3.610000	-5.436000	6.550351
194	0	-2.910000	2.960000	-5.427000	6.832425
194	2	0.251000	2.980000	-6.010300	6.713204
194	4	1.480000	3.320000	-5.670000	6.735110
194	8	2.900000	-2.320000	-6.213800	7.239041
194	10	0.080000	4.750000	-3.171000	5.711755
194	16	2.920000	2.060000	-6.063400	7.038098
194	26	0.000000	1.570000	-7.031000	7.204156
194	28	0.952000	-2.080000	-6.572000	6.958727
194	3	-1.390000	1.410000	-6.900800	7.179223
194	9	1.360000	-3.596000	-6.390000	7.457407
194	11	-4.090000	-0.610000	-5.455000	6.845234
194	13	0.650000	-2.840000	-5.391000	6.127886
194	17	1.760000	1.960000	-6.427600	6.946455
194	19	-2.080000	5.490000	-2.184000	6.263893
194	21	-4.950000	-2.291000	-2.829000	6.144463
194	29	5.250000	2.810000	-4.389000	7.397427
195	0	0.600000	-2.090000	-6.262000	6.628781
195	2	-3.548000	-0.450000	-6.215500	7.171000
195	4	-1.580000	1.510000	-6.903400	7.241093
195	8	0.330000	-4.680000	-5.067000	6.905490
195	10	0.520000	-2.890000	-6.405000	7.046029
195	16	3.200000	-4.710000	-2.130000	6.079556
195	26	-0.920000	2.870000	-6.245000	6.934214
195	28	-1.381900	-1.330000	-4.911000	5.272236
195	3	-1.780000	-4.090000	-3.798000	5.858439
195	9	2.430000	-0.644000	-6.434900	6.908515
195	11	1.920000	4.140000	-3.698000	5.873773
195	13	-0.370000	-1.700000	-7.393000	7.594955
195	17	5.960000	-2.900000	-2.875000	7.224765
195	19	3.340000	-0.560000	-5.559000	6.509353
195	21	2.200000	4.550000	-4.459600	6.740218
195	29	-4.780000	0.530000	-5.569000	7.358197
196	0	-1.890000	4.760000	-4.530000	6.837441
196	2	-0.401000	2.700000	-6.715000	7.248588
196	4	-0.590000	2.850000	-5.658000	6.362670
196	8	1.310000	-1.410000	-4.890000	5.255121
196	10	4.810000	2.780000	-4.002000	6.846934
196	16	0.820000	-0.730000	-6.050130	6.148933
196	26	0.090000	1.890000	-6.940600	7.193895
196	28	1.764000	1.420000	-6.754000	7.123525
196	3	0.130000	2.680000	-6.209000	6.763947
196	9	-1.820000	-1.355000	-6.686100	7.060620
196	11	-3.150000	-1.740000	-4.630000	5.864043
196	13	1.580000	3.397000	-6.056900	7.121941
196	17	0.560000	2.480000	-6.734000	7.197969
196	19	-3.710000	-2.280000	-5.696300	7.170100
196	21	2.970000	3.609000	-4.564000	6.532678
196	29	0.920000	-1.590000	-6.455000	6.711298
197	0	-2.070000	4.610000	-3.940000	6.407855
197	2	-0.477000	2.330000	-5.940000	6.398440
197	4	-3.600000	-0.940000	-6.073500	7.122570
197	8	-2.050000	3.080000	-5.283000	6.449728
197	10	4.750000	3.130000	-3.507000	6.682698
197	16	0.200000	0.260000	-6.820000	6.827884
197	26	-0.050000	-2.980000	-6.173900	6.855650
197	28	-2.262190	1.940000	-5.425000	6.189647
197	3	2.860000	-3.880000	-5.394000	7.233895
197	9	1.050000	-1.575000	-7.351600	7.591386
197	11	-0.230000	-2.580000	-6.520000	7.015675
197	13	1.610000	2.389000	-4.629000	5.452253
197	17	0.640000	-1.300000	-6.635700	6.792063
197	19	0.950000	4.670000	-5.441800	7.233574
197	21	3.040000	3.006000	-5.133000	6.680219
197	29	0.350000	-1.910000	-5.990300	6.297166
198	0	2.820000	-4.190000	-4.815000	6.978017
198	2	5.526200	-1.510000	-3.367000	6.644974
198	4	-2.440000	-1.620000	-4.880000	5.691432
198	8	-2.150000	0.890000	-6.149900	6.575399
198	10	0.300000	5.310000	-4.482000	6.955172
198	16	-0.290000	5.594000	-1.498000	5.798357
198	26	3.050000	5.100000	-1.813000	6.212847
198	28	-1.550500	-1.310000	-6.295000	6.614165
198	3	-0.160000	-0.720000	-7.221900	7.259466
198	9	4.380000	-3.356100	-2.223000	5.948911
198	11	-2.450000	-4.260000	-4.715000	6.810384
198	13	3.070000	-3.730000	-3.616000	6.034340
198	17	2.110000	3.790000	-5.438900	6.956855
198	19	-3.710000	2.900000	-3.998000	6.177225
198	21	-2.970000	-3.383000	-4.665000	6.482886
198	29	1.650000	-0.940000	-6.566700	6.835762
199	0	1.220000	0.420000	-7.082000	7.198578
199	2	5.305000	2.380000	-3.862000	6.980148
199	4	0.940000	-4.520000	-3.865000	6.020982
199	8	-4.520000	1.670000	-4.249000	6.424430
199	10	1.620000	-2.750000	-6.258000	7.024917
199	16	-2.450000	-0.930000	-6.382300	6.899359
199	20	-1.930000	3.600000	-1.654000	4.406883
199	26	0.430000	-1.690000	-6.887000	7.104349
199	28	0.499000	1.780000	-4.897000	5.234311
199	3	4.650000	2.010000	-5.016000	7.129015
199	9	0.700000	4.343000	-5.400000	6.965030
199	11	0.400000	0.440000	-6.895630	6.921222
199	13	-0.420000	0.890000	-7.419900	7.484879
199	17	0.580000	0.120000	-7.260000	7.284120
199	19	-0.610000	-0.010000	-7.352000	7.377269
199	21	-0.560000	-2.515000	-5.976900	6.508622
199	23	-0.690000	0.270000	-5.960400	6.006277
199	29	1.460000	-3.350000	-6.072900	7.087610
200	0	-1.470000	-1.490000	-6.299000	6.637650
200	2	1.248000	0.200000	-6.295400	6.421025
200	4	-3.160000	2.850000	-5.689000	7.104423
200	8	-1.360000	2.650000	-6.514300	7.162975
200	10	1.170000	4.960000	-4.579000	6.851112
200	16	3.250000	-3.170000	-5.357000	7.022026
200	20	2.160000	-5.110000	-3.989000	6.832995
200	26	2.060000	-0.400000	-6.734000	7.053393
200	28	0.213000	5.370000	-1.009000	5.468121
200	3	-2.800000	1.390000	-4.339000	5.347805
200	9	-5.360000	-3.019200	-0.565000	6.177734
200	11	2.280000	0.090000	-5.985000	6.405211
200	13	-3.430000	1.020000	-5.851500	6.858961
200	17	3.110000	5.190000	-0.846000	6.109330
200	19	-1.680000	1.650000	-6.510400	6.923165
200	21	-0.540000	-1.705000	-6.483000	6.725170
200	23	2.650000	-2.020000	-5.495800	6.427030
200	29	-2.840000	0.520000	-5.572000	6.275602
201	0	2.720000	-3.090000	-5.017000	6.489745
201	2	0.152000	3.300000	-6.387000	7.190749
201	4	-0.570000	-2.110000	-6.647000	6.997114
201	8	1.100000	-1.420000	-6.857400	7.088747
201	10	-1.570000	1.400000	-6.669000	6.992886
201	16	2.840000	1.997000	-6.191500	7.098470
201	20	-1.960000	1.060000	-6.372000	6.750377
201	26	-2.290000	0.700000	-5.770400	6.247529
201	28	0.211000	0.570000	-6.675000	6.702615
201	3	-4.870000	-2.330000	-4.124000	6.793613
201	9	-2.940000	-3.508000	-5.470900	7.133051
201	11	1.640000	-0.710000	-6.851600	7.080828
201	13	0.100000	0.130000	-6.220900	6.223062
201	17	1.010000	0.090000	-6.884000	6.958280
201	19	1.610000	4.400000	-5.385080	7.138010
201	21	3.070000	-3.060000	-3.708454	5.704483
201	23	0.650000	-2.240000	-6.203100	6.627107
201	29	2.470000	-2.200000	-5.301000	6.248320
202	0	1.740000	1.740000	-6.284000	6.748619
202	2	-2.546000	4.360000	-3.985000	6.432102
202	4	-1.070000	2.880000	-6.221200	6.938489
202	8	4.000000	2.020000	-3.128000	5.464868
202	10	-1.580000	-3.890000	-5.303000	6.763897
202	16	1.070000	-1.911000	-6.758600	7.104611
202	20	-1.570000	3.330000	-4.797000	6.046901
202	26	4.950000	1.580000	-4.020000	6.569574
202	28	-1.904000	-1.160000	-7.136000	7.476183
202	3	-3.060000	3.170000	-4.950700	6.627362
202	9	1.190000	0.124000	-5.151100	5.288223
202	11	4.730000	-2.450000	-4.243000	6.810172
202	13	-0.860000	3.890000	-6.032000	7.228881
202	17	2.620000	3.620000	-2.809000	5.278189
202	19	1.640000	3.830000	-5.007400	6.514028
202	21	-5.250000	1.900000	-2.509000	6.121077
202	23	-3.550000	2.960000	-5.063100	6.855588
202	29	-2.100000	0.720000	-6.013200	6.409912
203	0	1.430000	5.710000	-3.608000	6.904105
203	2	-0.848000	0.850000	-6.837830	6.942444
203	4	3.600000	0.440000	-4.018000	5.412756
203	8	1.030000	-2.450000	-5.831200	6.408299
203	10	0.930000	-5.060000	-3.227000	6.073058
203	16	-1.570000	-1.044000	-7.514000	7.746937
203	20	-2.010000	0.250000	-5.585000	5.940945
203	26	-0.860000	-4.070000	-5.699900	7.056441
203	28	-2.159000	-2.110000	-5.890000	6.618571
203	3	2.880000	0.550000	-6.152500	6.815435
203	9	-1.400000	-5.182000	-3.553000	6.437153
203	11	-1.340000	1.760000	-6.644200	7.002756
203	13	4.730000	-1.750000	-4.637000	6.851071
203	17	0.870000	5.980000	-2.899000	6.702350
203	19	-0.210000	-2.020000	-4.900300	5.304474
203	21	2.620000	1.679000	-5.894700	6.665653
203	23	0.430000	0.980000	-6.711000	6.795794
203	29	1.480000	-1.720000	-6.093586	6.502353
204	0	-3.980000	-0.680000	-5.262000	6.632605
204	2	0.914000	3.280000	-6.557910	7.389180
204	4	-0.100000	-4.980000	-3.779000	6.252299
204	8	4.330000	4.100000	-1.658000	6.189335
204	10	2.510000	3.270000	-5.358000	6.760264
204	16	0.810000	-2.645000	-6.051600	6.653870
204	20	6.190000	0.440000	-3.282000	7.020059
204	26	-3.600000	-2.520000	-3.428000	5.573292
204	28	-2.390000	4.780000	-4.739000	7.142732
204	3	-5.280000	0.780000	-4.813000	7.186917
204	9	5.710000	0.260000	-3.143000	6.523048
204	11	-3.820000	-3.280000	-4.651000	6.854386
204	13	-0.130000	-0.970000	-6.806700	6.876697
204	17	3.080000	4.690000	-2.250000	6.045246
204	19	-5.120000	-0.430000	-1.922000	5.485744
204	21	0.880000	2.402000	-6.403800	6.895844
204	23	-3.500000	4.190000	-3.998000	6.766839
204	29	-1.570000	0.170000	-6.662000	6.846608
205	0	-2.810000	-1.940000	-5.938000	6.849784
205	2	-5.298000	3.170000	-3.234000	6.969681
205	4	-0.910000	-1.070000	-6.928800	7.069743
205	8	3.290000	4.580000	-3.719000	6.755106
205	10	-1.830000	-3.960000	-3.787000	5.776839
205	16	-0.060000	0.817000	-7.285900	7.331809
205	20	5.240000	-1.670000	-1.840000	5.799319
205	26	5.530000	0.420000	-2.130000	5.940892
205	28	-1.523000	1.210000	-6.883000	7.152574
205	3	-3.980000	3.430000	-4.464000	6.894389
205	9	2.280000	0.483000	-5.973800	6.412330
205	11	3.600000	2.170000	-5.628000	7.024477
205	13	-0.880000	0.170000	-6.111600	6.176970
205	17	0.060000	4.510000	-4.431770	6.323313
205	19	1.280000	-5.300000	-2.817000	6.137091
205	21	-3.300000	5.016000	-1.521000	6.193843
205	23	1.730000	-0.200000	-7.166000	7.374582
205	29	-5.430000	2.200000	-3.787000	6.976121
206	0	2.100000	3.200000	-5.725000	6.886627
206	2	-4.781000	0.770000	-5.101000	7.033567
206	4	0.720000	4.300000	-4.185000	6.043395
206	8	-0.580000	2.210000	-6.862000	7.232395
206	10	-1.410000	-5.340000	-4.006000	6.822883
206	16	0.400000	-2.446000	-6.363100	6.828760
206	20	3.560000	-0.240000	-6.171000	7.128285
206	26	-1.960000	-4.760000	-3.722000	6.352361
206	28	0.975000	-1.474000	-6.996000	7.215769
206	3	2.670000	-0.220000	-5.790700	6.380400
206	9	-4.040000	-1.903000	-4.789000	6.548094
206	11	2.250000	-0.040000	-6.710958	7.078210
206	13	-1.150000	1.230000	-6.987100	7.187139
206	17	0.070000	1.410000	-6.074000	6.235902
206	19	-0.980000	-2.570000	-5.908000	6.516883
206	21	-2.070000	3.130000	-5.129000	6.355190
206	23	-3.310000	4.380000	-4.405700	7.039225
206	29	-2.510000	2.130000	-6.524500	7.307948
207	0	1.160000	0.460000	-6.648000	6.764104
207	2	-2.445000	1.740000	-5.868300	6.591098
207	4	1.920000	4.310000	-4.760000	6.702246
207	8	-3.150000	-3.100000	-4.849000	6.560892
207	10	4.390000	-3.900000	-3.346000	6.758537
207	16	0.180000	4.555000	-4.253000	6.234455
207	20	-1.600000	0.350000	-5.542000	5.778950
207	26	1.100000	1.150000	-6.871290	7.053164
207	28	-0.983000	-1.110000	-6.607000	6.771325
207	3	0.580000	-0.880000	-6.850600	6.931199
207	9	-4.270000	-3.911000	-3.501000	6.766522
207	11	0.020000	-0.620000	-7.055500	7.082717
207	13	4.330000	2.680000	-4.290000	6.658483
207	17	-3.670000	4.040000	-4.236000	6.908994
207	19	1.150000	1.290000	-6.276500	6.510073
207	21	2.190000	0.028000	-7.182300	7.508816
207	23	1.580000	1.280000	-6.559000	6.866970
207	29	-2.380000	-1.200000	-5.677400	6.271943
208	0	-0.140000	-1.420000	-6.698000	6.848299
208	2	-0.540000	-2.580000	-5.753220	6.328313
208	4	1.160000	-2.680000	-6.600100	7.217293
208	8	-0.080000	5.830000	-2.019000	6.170224
208	10	0.880000	-1.860000	-6.366000	6.690288
208	16	-1.010000	-1.514000	-4.030000	4.421900
208	20	2.450000	-3.080000	-5.794000	7.004237
208	26	-4.460000	1.300000	-4.317000	6.341773
208	28	1.673000	-2.620000	-5.458000	6.281170
208	3	-2.920000	0.070000	-6.649400	7.262632
208	9	1.810000	4.941100	-4.021000	6.622614
208	11	0.060000	-4.610000	-4.976000	6.783530
208	13	-1.780000	1.860000	-5.161000	5.767488
208	17	2.270000	1.290000	-5.916200	6.466717
208	19	1.330000	-4.090000	-4.924000	6.537796
208	21	-3.920000	-2.168000	-4.075000	6.055762
208	23	-3.690000	3.790000	-2.405000	5.810699
208	29	-2.310000	-1.510000	-6.888000	7.420293
209	0	-0.080000	-0.650000	-7.530000	7.558426
209	2	-1.978000	0.400000	-6.824640	7.116755
209	4	0.130000	-3.810000	-6.037700	7.140506
209	8	-4.190000	2.220000	-5.272000	7.090732
209	10	-1.680000	-0.250000	-6.736000	6.946841
209	16	-1.930000	2.556000	-5.740000	6.573099
209	20	0.620000	5.110000	-4.493000	6.832536
209	26	-4.530000	3.230000	-1.605000	5.790494
209	28	-3.082000	2.930000	-5.013000	6.573720
209	3	0.920000	3.130000	-5.732400	6.595734
209	9	1.670000	2.985000	-6.813000	7.623391
209	11	-4.770000	-2.420000	-4.069000	6.720570
209	13	-2.020000	-3.320000	-4.743000	6.131790
209	17	3.640000	-0.190000	-5.576790	6.662303
209	19	-1.650000	-0.160000	-7.094200	7.285312
209	21	0.780000	-5.199000	-4.279000	6.778484
209	23	3.150000	0.130000	-6.133000	6.895875
209	29	4.090000	2.940000	-3.834000	6.330186
210	0	0.560000	-2.210000	-6.179000	6.586178
210	2	2.769000	3.800000	-4.979000	6.848197
210	4	-1.400000	0.730000	-6.848300	7.027952
210	8	-0.300000	-3.410000	-5.345000	6.347214
210	10	-3.540000	-3.090000	-4.683000	6.634018
210	16	5.930000	1.604000	-0.950000	6.216125
210	20	-2.840000	-4.890000	-2.752000	6.288975
210	26	-0.510000	0.370000	-7.545500	7.571761
210	28	-3.223600	1.790000	-5.779000	6.855110
210	3	-1.240000	-4.710000	-4.045000	6.331171
210	9	1.230000	-1.375000	-6.731700	6.979922
210	11	-0.020000	-3.340000	-5.843000	6.730279
210	13	4.120000	2.560000	-4.528000	6.635570
210	17	-1.260000	2.240000	-5.852000	6.391487
210	19	4.770000	-0.370000	-4.411000	6.507436
210	21	-5.630000	0.004000	-2.931000	6.347257
210	23	-2.830000	-3.540000	-5.516640	7.139595
210	29	-2.960000	2.090000	-6.380500	7.337607
211	0	-4.820000	-1.120000	-3.788000	6.231833
211	2	-3.425000	-1.200000	-4.886000	6.086347
211	4	5.090000	-2.460000	-3.779000	6.800040
211	8	-5.150000	1.380000	-4.877000	7.225789
211	10	2.470000	3.820000	-4.411000	6.336420
211	16	4.900000	-0.530000	-1.582000	5.176256
211	20	5.710000	-1.000000	-3.304000	6.672370
211	26	-5.030000	0.000000	-3.379000	6.059583
211	28	-2.421500	0.200000	-6.055000	6.524315
211	3	-1.020000	-3.630000	-5.709200	6.841949
211	9	0.940000	-1.216000	-5.469170	5.681028
211	11	1.340000	-0.140000	-6.613800	6.749633
211	13	-2.510000	1.940000	-4.942000	5.872569
211	17	-2.600000	-0.770000	-6.969000	7.477958
211	19	2.290000	3.660000	-4.865000	6.504454
211	21	-0.050000	2.684000	-6.608000	7.132462
211	23	1.100000	-1.900000	-6.278000	6.650811
211	29	2.810000	-1.150000	-6.524000	7.195914
212	0	2.010000	-1.850000	-6.510000	7.059936
212	2	-1.739600	1.870000	-6.366500	6.859696
212	4	0.200000	2.440000	-5.583000	6.096186
212	8	4.230000	0.080000	-3.622000	5.569397
212	10	4.330000	1.310000	-4.932000	6.692505
212	20	1.910000	-0.940000	-5.896000	6.268534
212	26	1.860000	-2.090000	-6.258000	6.854944
212	28	-4.642200	0.120000	-2.875200	5.461794
212	3	-3.310000	-2.990000	-4.197000	6.124623
212	9	0.270000	-4.473000	-5.714270	7.261784
212	11	3.880000	-4.420000	-3.529000	6.858910
212	13	0.190000	-3.080000	-5.865000	6.627271
212	17	3.570000	-1.410000	-5.875000	7.017736
212	21	3.820000	-0.551000	-5.422910	6.656122
212	23	-5.260000	1.270000	-2.712000	6.052722
212	29	5.310000	2.180000	-3.194000	6.568876
213	0	0.250000	-1.440000	-7.106000	7.254746
213	2	-0.432000	0.760000	-7.073400	7.127216
213	4	0.270000	-1.170000	-7.082500	7.183565
213	8	-1.930000	2.210000	-6.705500	7.319339
213	10	-2.640000	-2.370000	-4.476000	5.711486
213	12	0.140000	2.320000	-6.489000	6.892686
213	20	3.200000	-1.790000	-3.464000	5.044145
213	26	-0.100000	-3.890000	-5.647000	6.857894
213	28	-0.185350	5.851000	-1.608300	6.070847
213	1	-1.640000	-2.520000	-6.148000	6.843822
213	3	-1.520000	-2.670000	-6.460000	7.153384
213	9	1.190000	2.906000	-5.109300	5.997156
213	11	-4.010000	1.540000	-5.614900	7.069569
213	13	1.930000	-1.320000	-5.214400	5.714654
213	17	0.490000	1.440000	-6.869000	7.035401
213	21	2.780000	-5.219000	-1.397000	6.076016
213	23	1.890000	-3.630000	-4.731700	6.256036
213	29	0.960000	-0.600000	-6.831000	6.924172
214	0	-1.880000	0.220000	-6.779000	7.038298
214	2	-1.187000	5.830000	-2.452000	6.435074
214	4	3.270000	3.010000	-4.414000	6.263896
214	8	-4.800000	1.330000	-2.083000	5.398869
214	10	0.700000	-0.030000	-6.635000	6.671891
214	12	2.590000	4.060000	-4.859000	6.841168
214	20	1.980000	0.750000	-6.772000	7.095272
214	26	-2.500000	3.010000	-6.090000	7.238660
214	28	-2.799000	-3.354000	-5.049000	6.676535
214	1	2.510000	0.130000	-6.718000	7.172763
214	3	4.320000	-2.880000	-4.476000	6.855026
214	9	1.860000	-2.261000	-6.532000	7.158124
214	11	2.600000	2.280000	-5.500800	6.497476
214	13	4.300000	-0.490000	-5.917000	7.330825
214	17	-1.060000	1.290000	-6.839000	7.039859
214	21	-1.890000	-2.656000	-6.130000	6.942862
214	23	1.860000	-3.290000	-4.153000	5.615257
214	29	3.630000	-4.250000	-2.934000	6.312508
215	0	0.760000	2.150000	-6.993000	7.355416
215	2	-0.287000	4.360000	-5.624700	7.122445
215	4	2.650000	-0.880000	-5.535500	6.199892
215	8	-0.750000	-5.070000	-1.836000	5.444107
215	10	1.150000	3.160000	-4.497000	5.615257
215	12	-4.850000	0.850000	-1.173000	5.061712
215	20	-1.450000	-3.020000	-6.516000	7.326743
215	26	-3.590000	-3.550000	-0.561000	5.079894
215	28	-1.965000	1.020000	-6.063000	6.454579
215	1	-2.470000	1.810000	-6.422000	7.114709
215	3	-1.270000	4.620000	-5.073700	6.978519
215	9	3.080000	-2.298000	-5.982000	7.109960
215	11	-2.400000	-2.150000	-5.936600	6.754681
215	13	3.270000	-0.730000	-4.832000	5.879968
215	17	2.850000	-2.150000	-4.876200	6.043370
215	21	-2.710000	-1.514000	-6.200800	6.934423
215	23	-0.200000	1.830000	-6.361000	6.622025
215	29	1.670000	3.290000	-6.142700	7.165596
216	0	3.430000	0.300000	-4.762000	5.876355
216	2	-2.924200	-1.290000	-6.807000	7.519993
216	4	-3.410000	-2.060000	-5.669600	6.929362
216	8	0.430000	-2.840000	-6.061300	6.707448
216	10	3.580000	-1.650000	-4.920000	6.304387
216	12	-4.850000	0.770000	-1.148000	5.043144
216	20	0.620000	-3.080000	-5.534000	6.363643
216	26	-4.230000	-2.960000	-3.582000	6.283727
216	28	-4.115000	-0.790000	-4.718800	6.310658
216	1	-0.610000	-0.170000	-7.122000	7.150097
216	3	4.950000	-1.520000	-4.207000	6.671713
216	9	-3.470000	-2.694000	-5.835600	7.304298
216	11	1.000000	-3.960000	-6.375000	7.571144
216	13	-0.930000	-0.330000	-7.292000	7.358469
216	17	3.190000	3.970000	-2.131000	5.520703
216	21	1.770000	2.611000	-3.792000	4.932493
216	23	-2.950000	-3.700000	-2.669000	5.432869
216	29	2.570000	4.330000	-4.654900	6.857251
217	0	3.600000	-0.510000	-6.207000	7.193535
217	2	-1.821000	1.900000	-6.467000	6.981986
217	4	1.590000	-4.800000	-2.676000	5.720933
217	8	-2.530000	-2.060000	-6.263400	7.062201
217	10	-2.950000	-1.380000	-6.230000	7.029922
217	20	-2.340000	2.530000	-3.971000	5.257884
217	22	2.410000	0.880000	-5.647000	6.202508
217	26	-3.100000	1.140000	-4.882000	5.894364
217	28	4.912900	-0.179000	-4.367000	6.575661
217	3	-0.290000	3.520000	-5.348700	6.409609
217	9	1.260000	4.092000	-4.655500	6.325009
217	11	1.640000	3.130000	-6.265000	7.192825
217	13	1.720000	3.607000	-4.722000	6.185963
217	15	-0.510000	-1.650000	-6.160200	6.397708
217	17	1.870000	4.920000	-3.609000	6.381863
217	21	2.610000	-3.362000	-5.461200	6.923861
217	23	-4.760000	-3.590000	-3.345000	6.836280
217	29	1.290000	2.200000	-6.638200	7.111245
218	0	5.200000	-2.520000	-2.545000	6.314066
218	2	-1.844800	2.840000	-6.406000	7.246083
218	4	-3.900000	-1.710000	-4.750700	6.379910
218	8	1.020000	-3.130000	-5.642000	6.532187
218	10	-2.550000	-4.750000	-3.915000	6.662749
218	20	3.410000	1.040000	-4.506000	5.745758
218	22	-3.260000	-4.030000	-4.787000	7.055768
218	26	3.200000	-0.840000	-5.751100	6.634814
218	28	-3.557000	2.849000	-5.294000	6.985377
218	3	-2.110000	-4.340000	-3.979000	6.254610
218	9	3.320000	0.952000	-5.868750	6.809620
218	11	0.510000	3.140000	-6.045000	6.830939
218	13	-2.250000	4.170000	-4.844000	6.776115
218	15	-2.500000	0.910000	-6.306000	6.844248
218	17	-1.850000	0.280000	-5.123600	5.454556
218	21	-2.230000	4.329000	-4.334000	6.518949
218	23	0.350000	2.450000	-6.062000	6.547736
218	29	3.660000	2.090000	-5.538000	6.959393
219	0	-0.710000	-5.390000	-3.836000	6.653653
219	2	-3.285900	2.670000	-4.989500	6.543787
219	4	4.090000	-0.760000	-4.181000	5.898005
219	8	-3.980000	-1.800000	-3.895000	5.852472
219	10	-4.840000	-2.960000	-4.218000	7.069563
219	20	1.280000	0.420000	-7.226000	7.350502
219	22	-3.380000	2.100000	-4.918000	6.326225
219	26	-5.240000	-3.210000	-3.954000	7.307244
219	28	-1.356000	-1.060000	-6.833000	7.046433
219	3	-2.990000	-2.160000	-5.085200	6.282114
219	9	-3.910000	3.374000	-3.893100	6.467473
219	11	0.650000	-4.770000	-4.504000	6.592527
219	13	-1.510000	-0.020000	-7.053100	7.212955
219	15	-0.170000	3.190000	-5.172000	6.079028
219	17	2.680000	-4.480000	-4.741200	7.052076
219	21	-1.500000	5.051000	-2.891000	6.010032
219	23	-0.080000	1.940000	-6.331000	6.622051
219	29	1.390000	5.590000	-3.397000	6.687287
220	0	0.930000	-1.270000	-6.656000	6.839601
220	2	-5.646000	-1.420000	-3.273000	6.678791
220	4	-0.110000	-3.150000	-6.437400	7.167616
220	8	-1.040000	-0.110000	-5.628000	5.724341
220	10	0.360000	-5.620000	-3.491000	6.625789
220	20	1.460000	-0.570000	-7.194000	7.362753
220	22	2.650000	-4.040000	-4.450000	6.568607
220	26	-2.730000	-2.370000	-5.492000	6.575094
220	28	-2.484000	-0.234000	-6.557000	7.015644
220	3	-1.370000	-0.450000	-6.880900	7.030376
220	9	0.920000	2.360000	-6.368000	6.853278
220	11	0.750000	-1.920000	-6.207000	6.540317
220	13	4.120000	4.010000	-1.603000	5.968594
220	15	1.060000	0.380000	-6.882700	6.974207
220	17	1.690000	-2.690000	-4.454300	5.471105
220	21	-0.110000	2.282000	-6.714000	7.092067
220	23	0.230000	-2.630000	-5.794200	6.367303
220	29	1.470000	2.900000	-6.162500	6.967590
221	0	4.120000	-3.540000	-3.465000	6.442998
221	2	-2.279000	4.510000	-3.320000	6.046184
221	4	1.170000	-1.630000	-6.586200	6.885044
221	8	-0.810000	4.280000	-3.832000	5.801614
221	10	0.210000	-0.480000	-6.905000	6.924848
221	20	-0.700000	-0.210000	-7.087000	7.124582
221	22	-0.680000	1.400000	-6.746000	6.923216
221	26	-2.050000	1.030000	-6.854400	7.228153
221	28	-5.340000	3.447000	-1.317000	6.490909
221	3	3.280000	-1.950000	-4.797000	6.129609
221	9	0.350000	-1.350000	-7.140000	7.274930
221	11	-3.900000	-0.490000	-5.315900	6.611270
221	13	3.820000	2.560000	-4.292000	6.290252
221	15	3.450000	-0.990000	-5.778460	6.802441
221	17	4.170000	-3.090000	-3.524000	6.273402
221	21	-3.780000	4.313000	-4.257900	7.142834
221	23	-2.390000	1.460000	-6.129200	6.738753
221	29	-1.660000	3.150000	-5.933600	6.919950
222	0	-3.700000	-2.800000	-4.121000	6.205855
222	2	-3.088400	-1.180000	-6.622000	7.401452
222	4	4.820000	0.550000	-2.190000	5.322687
222	8	-0.770000	0.410000	-7.181000	7.233793
222	10	2.170000	-2.170000	-6.491000	7.179894
222	14	3.060000	-3.680000	-5.047000	6.955445
222	20	1.450000	-1.670000	-6.270000	6.648631
222	22	0.400000	-3.250000	-5.867000	6.718943
222	26	-1.010000	-2.550000	-6.038000	6.631745
222	28	-5.078000	0.970000	-5.050000	7.226997
222	3	3.150000	3.560000	-4.470800	6.525653
222	9	2.020000	3.957000	-3.975600	5.961849
222	11	-4.030000	2.730000	-4.663800	6.741278
222	13	2.600000	2.720000	-5.697200	6.827627
222	15	-0.900000	-5.130000	-3.232000	6.129659
222	17	1.880000	2.370000	-6.061000	6.773996
222	21	-1.460000	2.685000	-5.655000	6.428052
222	23	1.660000	0.340000	-6.679000	6.890591
222	27	-1.600000	4.070000	-5.493900	7.021954
222	29	-1.830000	-1.800000	-6.327000	6.827871
223	0	4.090000	-1.200000	-3.562000	5.554813
223	2	1.353000	1.970000	-5.942500	6.405062
223	4	-0.890000	-1.150000	-6.851500	7.004117
223	8	2.280000	-1.370000	-6.129000	6.681313
223	10	-4.440000	-2.370000	-3.343000	6.042032
223	20	-4.720000	2.740000	-3.328000	6.392307
223	22	0.370000	-2.400000	-6.821000	7.240369
223	26	0.560000	-6.500000	-2.526000	6.996019
223	28	-2.167000	2.527000	-5.873300	6.751094
223	3	3.740000	0.040000	-5.650100	6.775901
223	9	1.990000	-0.387000	-6.459000	6.769679
223	11	2.510000	-4.390000	-5.060800	7.154292
223	15	-0.260000	-2.940000	-6.462100	7.104220
223	17	3.720000	-0.800000	-4.818100	6.139421
223	21	1.360000	3.588000	-6.017000	7.136360
223	23	2.950000	-1.320000	-5.706100	6.557780
223	27	4.290000	-0.530000	-5.655600	7.118343
223	29	1.140000	1.730000	-6.171300	6.509796
224	0	-3.690000	-1.120000	-5.677000	6.862859
224	2	-2.701600	1.930000	-6.013000	6.868749
224	4	5.790000	0.090000	-4.679000	7.444813
224	8	-5.230000	-2.230000	-3.491000	6.671797
224	10	-4.440000	-2.900000	-3.690000	6.460627
224	20	-5.770000	-1.630000	-1.017000	6.081455
224	22	1.540000	1.700000	-6.523000	6.914559
224	26	2.060000	3.340000	-5.917000	7.100006
224	28	-1.899000	-2.142000	-6.087000	6.726510
224	3	-2.720000	1.800000	-6.387000	7.171622
224	9	-1.770000	-0.957000	-6.844000	7.133659
224	11	1.340000	-2.980000	-5.503500	6.400353
224	15	1.840000	2.650000	-6.504800	7.260890
224	17	-0.370000	1.250000	-7.157000	7.274754
224	21	1.560000	-2.419000	-5.885000	6.551213
224	23	0.480000	-0.360000	-7.203000	7.227946
224	27	-1.760000	3.570000	-5.439500	6.740227
224	29	4.040000	4.040000	-2.267000	6.146746
225	0	4.130000	2.070000	-3.163000	5.598783
225	2	-0.867700	4.790000	-5.218000	7.136142
225	4	5.070000	-2.490000	-3.560000	6.676721
225	8	-1.510000	-1.780000	-6.876000	7.261396
225	10	2.200000	-1.550000	-6.250000	6.804778
225	20	3.050000	-1.680000	-5.587000	6.583272
225	22	5.000000	-0.600000	-0.398000	5.051574
225	26	5.590000	-0.540000	-3.949000	6.865443
225	28	1.232000	-1.097000	-6.602000	6.804971
225	3	-1.420000	4.870000	-3.095000	5.942417
225	9	-1.810000	-0.900000	-5.067000	5.455327
225	11	2.060000	1.460000	-6.682000	7.143131
225	15	-0.950000	0.870000	-7.327000	7.439377
225	17	-4.960000	-1.210000	-3.026000	5.934844
225	21	-2.210000	3.149000	-5.232480	6.494548
225	23	0.230000	-0.240000	-6.967000	6.974926
225	27	-0.520000	5.170000	-4.431300	6.829035
225	29	1.680000	-0.620000	-6.900700	7.129268
226	0	2.700000	0.040000	-5.669000	6.279264
226	2	1.691000	2.910000	-5.789000	6.696275
226	4	1.260000	1.040000	-6.798000	6.991567
226	8	0.490000	-0.890000	-7.011600	7.084824
226	10	-2.110000	-0.900000	-6.612000	6.998617
226	20	2.370000	0.590000	-6.412000	6.861395
226	22	-0.840000	-2.520000	-6.212000	6.756104
226	26	-4.560000	0.520000	-4.487000	6.418502
226	28	-4.424000	3.193000	-1.814000	5.749576
226	3	1.730000	3.300000	-3.943000	5.424956
226	9	0.870000	0.600000	-5.747000	5.843365
226	11	5.280000	3.150000	-1.491000	6.326451
226	15	-3.790000	-2.790000	-3.505000	5.867983
226	17	4.690000	2.870000	-2.615000	6.088614
226	21	4.720000	-1.813000	-4.818000	6.984160
226	23	1.690000	3.350000	-5.074000	6.310632
226	27	-0.740000	-3.370000	-5.455900	6.455335
226	29	-2.520000	0.890000	-6.625600	7.144304
227	0	-0.450000	2.590000	-6.409000	6.927184
227	2	-2.873900	-3.760000	-4.978900	6.869232
227	4	0.750000	-0.800000	-6.583800	6.674498
227	8	-1.270000	3.640000	-5.867000	7.020270
227	10	3.030000	-0.940000	-6.283000	7.038508
227	20	0.450000	-0.740000	-6.875000	6.929338
227	22	0.340000	-1.760000	-6.186000	6.440481
227	26	-0.270000	-2.340000	-6.656400	7.060890
227	28	-0.286000	-2.984000	-6.909000	7.531290
227	3	3.020000	-5.310000	-2.642000	6.655574
227	9	-1.410000	2.139000	-5.649000	6.202791
227	11	3.000000	-3.950000	-3.504000	6.072933
227	15	0.700000	-0.140000	-6.833610	6.870795
227	17	0.460000	1.270000	-6.345000	6.487182
227	21	1.880000	2.281000	-5.063510	5.863147
227	23	-4.490000	-0.680000	-5.311000	6.987791
227	27	-2.980000	3.150000	-4.422000	6.193302
227	29	-3.880000	1.420000	-4.391000	6.029236
228	0	-4.540000	-0.330000	-5.627000	7.237654
228	2	0.171000	1.360000	-7.157000	7.287077
228	4	0.970000	-2.430000	-5.829700	6.389930
228	8	-2.210000	5.210000	-2.043000	6.016814
228	10	-5.510000	-1.610000	-2.592000	6.298465
228	20	-2.760000	-3.140000	-5.125000	6.613836
228	22	-1.450000	-0.930000	-7.054900	7.262163
228	26	-1.230000	-4.690000	-4.794000	6.818463
228	28	1.524000	1.088000	-6.457000	6.723033
228	3	1.220000	-0.770000	-6.807000	6.958200
228	9	-0.560000	-0.038000	-6.953000	6.975618
228	11	-0.460000	1.200000	-6.669000	6.791698
228	15	-0.620000	-1.130000	-7.067500	7.184070
228	17	-3.000000	-4.900000	-1.660000	5.980435
228	21	-1.310000	1.288000	-6.994000	7.231257
228	23	-1.090000	-3.730000	-5.967000	7.120821
228	27	-2.530000	-1.570000	-5.587200	6.331082
228	29	-0.870000	3.210000	-6.439000	7.247187
229	0	0.360000	-3.350000	-6.500000	7.321346
229	2	0.735608	2.050000	-6.483000	6.839072
229	4	3.780000	3.650000	-2.854000	5.979650
229	6	3.020000	-3.155000	-3.866000	5.832699
229	8	2.260000	-1.760000	-6.326000	6.944312
229	10	-4.620000	-2.680000	-4.170000	6.776112
229	20	0.690000	2.790000	-6.111000	6.753112
229	22	1.200000	-2.140000	-7.201100	7.607591
229	26	0.110000	4.000000	-4.328000	5.894377
229	28	1.523000	-1.656000	-6.623000	6.994712
229	3	1.950000	0.060000	-6.698000	6.976339
229	7	0.900000	1.062600	-6.722800	6.865505
229	9	0.610000	-2.416000	-6.447000	6.911799
229	11	-1.140000	-2.790000	-6.561000	7.220140
229	15	1.960000	2.610000	-4.239000	5.350030
229	17	0.030000	-5.170000	-3.601000	6.300556
229	21	0.610000	-4.374000	-5.207220	6.827819
229	23	0.780000	-0.040000	-6.616000	6.661941
229	27	-2.720000	-2.320000	-6.219000	7.173337
229	29	5.220000	2.410000	-3.860000	6.925034
230	0	-2.390000	-2.920000	-4.780000	6.089901
230	2	-0.369680	1.330000	-5.762000	5.925049
230	4	-2.690000	0.680000	-6.081500	6.684545
230	6	-0.440000	1.783000	-7.324800	7.551515
230	8	-5.150000	-1.540000	-3.238000	6.275249
230	10	-2.200000	4.920000	-2.887000	6.114014
230	20	2.580000	4.930000	-2.154000	5.966659
230	22	1.490000	-5.090000	-2.085000	5.698721
230	26	-0.720000	1.190000	-5.012000	5.201408
230	28	-3.539000	0.116000	-5.125600	6.229747
230	3	0.660000	-3.410000	-6.472000	7.345099
230	7	0.580000	-0.466000	-7.047000	7.086167
230	9	-1.740000	1.552000	-5.713600	6.171023
230	11	2.920000	1.550000	-6.327000	7.138615
230	15	-1.030000	4.050000	-3.126000	5.218743
230	17	3.970000	3.160000	-5.003000	7.125764
230	21	-4.290000	1.115000	-5.372600	6.965067
230	23	1.160000	-1.840000	-6.502100	6.856275
230	27	-1.980000	-1.420000	-5.801000	6.291931
230	29	-0.310000	6.100000	-1.769000	6.358888
231	0	-2.280000	0.990000	-6.929000	7.361355
231	2	2.731000	4.320000	-4.665300	6.919956
231	4	1.150000	-2.980000	-6.248000	7.017151
231	6	-0.080000	-2.383850	-6.445400	6.872578
231	8	2.950000	0.130000	-5.887000	6.586059
231	10	1.650000	-0.080000	-6.710000	6.910355
231	20	4.700000	2.270000	-3.202000	6.123374
231	22	2.500000	-3.610000	-5.879900	7.338619
231	26	-4.310000	1.520000	-3.994000	6.069476
231	28	-1.956000	-2.166000	-6.268000	6.914139
231	3	-0.520000	0.840000	-6.834000	6.905038
231	7	-2.110000	3.900000	-5.006900	6.688135
231	9	3.370000	1.177000	-6.186000	7.142046
231	11	0.870000	-1.690000	-6.528000	6.799102
231	15	-0.870000	2.350000	-5.657700	6.187808
231	17	3.050000	-0.540000	-5.852000	6.621178
231	21	1.380000	3.978000	-5.384400	6.835250
231	23	-1.970000	0.480000	-7.071200	7.356165
231	27	-2.120000	4.120000	-4.405700	6.393668
231	29	5.500000	0.500000	-3.230000	6.397882
232	0	-3.130000	-1.460000	-5.276000	6.305924
232	2	1.126000	5.320000	-4.142000	6.835674
232	4	-3.920000	-2.450000	-4.126250	6.196357
232	6	2.620000	-2.736000	-5.098000	6.351354
232	8	-3.580000	-3.010000	-5.150000	6.956939
232	10	-3.310000	0.060000	-6.277000	7.096508
232	20	-2.610000	-5.580000	-0.177000	6.162778
232	22	-0.500000	-3.550000	-4.631000	5.856506
232	26	-1.400000	-1.870000	-6.344400	6.760792
232	28	-2.071000	1.067000	-6.377000	6.789231
232	3	2.250000	-0.420000	-6.163000	6.574304
232	7	3.360000	0.882460	-6.327500	7.218420
232	9	1.320000	-2.074000	-6.776000	7.208193
232	11	1.470000	-0.350000	-6.572000	6.743485
232	15	-4.800000	-1.680000	-4.428000	6.743114
232	17	1.140000	-2.880000	-5.111000	5.976313
232	21	2.010000	-1.086000	-6.590000	6.974783
232	23	-4.920000	-1.190000	-4.803000	6.977916
232	27	0.750000	-3.800000	-5.169940	6.459937
232	29	3.910000	1.610000	-5.318000	6.794213
233	0	5.300000	-0.920000	-3.348000	6.336048
233	2	3.450000	2.950000	-4.309000	6.258792
233	4	-3.320000	-5.720000	0.652000	6.645743
233	6	2.220000	1.196000	-6.151000	6.647828
233	8	-0.980000	-4.360000	-5.269000	6.908861
233	10	-1.820000	-2.420000	-6.183000	6.884642
233	22	3.470000	-2.860000	-4.068000	6.063755
233	26	-0.150000	4.970000	-4.314000	6.582856
233	28	-3.434000	6.206000	-0.608000	7.118740
233	3	0.290000	2.940000	-6.134700	6.808983
233	7	0.530000	2.965900	-6.420000	7.091817
233	9	-2.030000	0.410000	-5.791200	6.150366
233	11	1.730000	2.900000	-5.803000	6.713994
233	15	-1.010000	-1.770000	-6.481300	6.794133
233	21	1.300000	-4.875600	-4.603500	6.830350
233	23	-3.080000	0.040000	-4.779100	5.685754
233	27	3.510000	2.800000	-4.956600	6.687898
233	29	5.440000	-0.790000	-3.600000	6.570974
234	0	1.290000	3.940000	-5.805000	7.133423
234	2	1.704000	-1.550000	-6.056500	6.479761
234	4	2.230000	-4.550000	-4.384000	6.700362
234	6	1.950000	1.288000	-6.164800	6.592890
234	8	1.460000	3.880000	-4.559000	6.162019
234	10	4.030000	-0.510000	-4.581000	6.122627
234	14	3.630000	-2.970000	-4.825000	6.728925
234	22	-3.780000	0.500000	-5.610000	6.783104
234	26	-2.560000	0.190000	-6.246300	6.753219
234	28	0.030000	1.611000	-6.078200	6.288143
234	3	-1.700000	-4.400000	-5.068400	6.923776
234	7	1.140000	-0.539000	-6.532000	6.652604
234	9	-0.360000	2.447400	-6.812000	7.247255
234	11	-3.110000	-3.870000	-5.439000	7.364219
234	13	-3.170000	4.340000	-4.526100	7.026385
234	15	0.000000	1.240000	-7.295800	7.400426
234	21	1.600000	-3.657000	-5.704100	6.962069
234	23	1.660000	3.650000	-5.561200	6.856023
234	27	-4.580000	2.470000	-2.955000	5.984089
234	29	2.930000	3.790000	-3.049000	5.678503
235	0	-2.210000	-1.180000	-5.929300	6.436855
235	2	-0.415000	3.010000	-6.387000	7.072913
235	4	-0.420000	-2.120000	-7.115700	7.436665
235	8	2.490000	1.300000	-6.592000	7.165512
235	10	-1.520000	3.110000	-5.934000	6.869851
235	14	0.540000	-4.150000	-6.178000	7.462023
235	18	5.251000	-0.831000	-3.944400	6.619808
235	22	-2.670000	1.570000	-6.158000	6.893095
235	26	-1.590000	-0.960000	-6.623100	6.878601
235	28	-0.432000	1.300000	-6.646000	6.785716
235	3	-2.780000	4.140000	-3.921000	6.343677
235	5	-4.605000	0.991000	-5.513000	7.251295
235	9	0.960000	4.010700	-5.287500	6.705592
235	11	-0.940000	0.620000	-6.817000	6.909377
235	13	-2.560000	1.890000	-6.035000	6.822531
235	15	0.640000	3.120000	-6.507100	7.244746
235	21	-4.190000	-3.772700	-1.960000	5.969168
235	23	0.290000	-5.490000	-3.722000	6.639088
235	27	-1.250000	6.080000	-4.086500	7.431580
235	29	-1.650000	-4.930000	-4.605000	6.945029
236	0	-4.700000	2.930000	-2.315000	6.002843
236	2	-2.191000	1.050000	-5.802980	6.291070
236	4	4.280000	1.840000	-4.884300	6.749843
236	8	3.390000	1.990000	-5.234000	6.545759
236	10	1.640000	-4.290000	-3.052000	5.514382
236	14	-1.510000	-4.330000	-5.104800	6.862068
236	18	3.276000	0.399000	-6.822000	7.578328
236	22	1.240000	-3.190000	-5.554000	6.523850
236	26	-4.230000	-3.780000	-1.914000	5.987044
236	28	-5.044000	1.179000	-4.531600	6.882396
236	3	0.150000	0.230000	-6.298800	6.304782
236	5	-2.671000	0.391000	-5.394000	6.031779
236	9	-0.370000	4.073000	-5.548400	6.892820
236	11	-1.280000	5.110000	-3.548000	6.351284
236	13	4.120000	2.850000	-3.459000	6.087822
236	15	0.980000	1.630000	-6.677200	6.942788
236	21	0.310000	-2.816000	-5.119200	5.850826
236	23	1.840000	-0.140000	-6.395000	6.655917
236	27	-2.960000	-0.480000	-5.551000	6.309168
236	29	-1.730000	2.860000	-5.357000	6.314266
237	0	-3.000000	-2.510000	-5.175000	6.486966
237	2	-0.607000	3.230000	-5.814300	6.678880
237	4	1.170000	3.740000	-4.542300	5.999082
237	8	-1.490000	4.900000	-4.039000	6.522547
237	10	-4.460000	-0.070000	-3.511000	5.676585
237	14	1.070000	-1.830000	-6.667000	6.995905
237	18	-3.850000	1.299000	-5.850000	7.122668
237	22	1.080000	0.720000	-6.673160	6.798225
237	26	3.280000	-2.440000	-5.612000	6.943093
237	28	-0.571000	3.934000	-5.942000	7.149109
237	3	0.110000	4.280000	-5.754900	7.172822
237	5	-3.192000	0.863000	-6.095700	6.934781
237	9	-4.970000	2.297000	-2.465000	6.004443
237	11	0.990000	-1.900000	-6.331000	6.683686
237	13	-2.880000	-2.420000	-6.012200	7.092062
237	15	2.330000	-0.920000	-6.520400	6.985049
237	21	1.140000	-1.039000	-6.982000	7.150346
237	23	-0.730000	-5.350000	-3.921000	6.673053
237	27	1.500000	1.680000	-6.512000	6.890468
237	29	-1.410000	1.550000	-6.513000	6.841767
238	0	-0.090000	1.900000	-6.911600	7.168564
238	2	1.550000	-0.720000	-6.417020	6.640711
238	4	-1.010000	-1.270000	-6.923000	7.110621
238	8	-3.810000	1.510000	-5.289000	6.691018
238	14	2.640000	0.520000	-6.175000	6.735772
238	18	0.648000	-5.105000	-4.411200	6.777877
238	22	0.920000	2.220000	-6.102700	6.558792
238	26	-3.630000	0.110000	-5.902300	6.930090
238	28	2.585000	1.299000	-6.522000	7.134852
238	3	0.140000	-1.930000	-6.594200	6.872261
238	5	-3.011000	2.362000	-5.342000	6.571311
238	9	1.120000	-1.763000	-6.673000	6.992246
238	13	1.600000	0.440000	-5.886000	6.115439
238	15	0.550000	-5.760000	-2.812000	6.433307
238	21	-3.300000	-0.575000	-5.664300	6.580647
238	23	-0.350000	-0.520000	-6.429900	6.460380
238	27	-1.990000	-5.970000	-3.658000	7.278871
238	29	0.870000	1.400000	-6.928600	7.121966
239	0	0.760000	-2.880000	-5.901000	6.610129
239	2	3.544000	5.690000	-1.168000	6.804429
239	4	0.120000	4.620000	-5.331900	7.056058
239	8	-0.490000	4.920000	-3.638000	6.138529
239	14	1.070000	1.050000	-6.324000	6.499260
239	18	0.163000	-4.109000	-5.666000	7.001000
239	22	2.340000	-2.270000	-6.107000	6.922713
239	26	3.150000	1.110000	-6.007800	6.873737
239	28	-2.186000	-1.443000	-5.933000	6.485471
239	3	-2.690000	5.040000	-3.764000	6.841447
239	5	1.630000	-5.042000	-4.518000	6.963547
239	9	3.650000	1.918000	-4.962300	6.451794
239	13	-1.110000	4.120000	-5.301500	6.805322
239	15	-0.890000	3.310000	-6.161600	7.050781
239	21	-4.250000	2.212000	-4.606900	6.646726
239	23	1.680000	4.790000	-3.300000	6.054461
239	27	1.890000	4.540000	-5.035500	7.038463
239	29	3.890000	-1.810000	-5.028000	6.609764
240	0	-1.420000	0.730000	-6.161000	6.364528
240	2	0.216000	3.120000	-6.461000	7.178132
240	4	-2.250000	-2.180000	-6.010200	6.777714
240	8	-3.460000	2.820000	-5.015000	6.713734
240	14	-0.090000	-1.510000	-6.745000	6.912541
240	18	6.575000	-0.081000	-3.223000	7.322903
240	22	-0.880000	-0.430000	-7.047000	7.114739
240	26	-2.890000	2.270000	-5.204000	6.370763
240	28	-5.145000	-0.593000	-4.413000	6.804208
240	3	3.750000	1.190000	-6.008090	7.181626
240	5	-0.210000	-2.112000	-6.025000	6.387900
240	9	-2.470000	3.069000	-5.554900	6.810035
240	13	1.230000	-4.980000	-4.121000	6.579965
240	15	-0.110000	-1.770000	-7.170500	7.386547
240	21	-4.310000	2.701000	-1.485000	5.298748
240	23	1.910000	1.030000	-6.493100	6.846119
240	27	-3.320000	1.370000	-5.778350	6.803575
240	29	-0.840000	2.980000	-5.519800	6.328838
241	0	0.630000	2.150000	-6.344000	6.727982
241	2	-0.767000	1.420000	-7.214490	7.392804
241	4	-0.750000	2.170000	-5.902400	6.333224
241	8	-1.540000	5.480000	-3.563000	6.715428
241	14	-2.140000	-3.340000	-6.050000	7.234480
241	18	4.491000	-1.700000	-2.810000	5.563738
241	20	-2.520000	0.640000	-5.994000	6.533608
241	22	1.790000	0.460000	-6.790100	7.037127
241	26	-4.260000	-0.200000	-5.653000	7.081243
241	28	1.328000	2.149000	-6.213000	6.706948
241	3	-4.110000	-0.860000	-5.333000	6.787679
241	5	-4.003000	2.557000	-4.599000	6.611585
241	9	-0.520000	1.047000	-7.335000	7.427573
241	13	0.230000	5.696000	-3.855000	6.881740
241	15	-0.760000	-2.030000	-6.472600	6.825910
241	17	1.400000	-0.340000	-6.972000	7.119297
241	21	0.630000	-1.812000	-6.963000	7.222438
241	23	-5.070000	1.060000	-4.850000	7.095844
241	27	3.490000	2.160000	-3.969000	5.709524
241	29	0.270000	1.120000	-6.900900	6.996408
242	0	-1.360000	0.240000	-6.843100	6.981061
242	2	-2.299010	-1.860000	-5.132000	5.923046
242	4	4.140000	2.970000	-4.174000	6.586560
242	8	1.080000	1.510000	-7.020800	7.262102
242	18	-2.505000	3.598000	-3.148000	5.397271
242	20	0.080000	-1.970000	-7.088000	7.357108
242	22	-1.670000	-5.460000	-4.025300	6.985953
242	26	3.550000	-2.520000	-4.504000	6.264097
242	28	0.143000	0.421000	-7.507000	7.520156
242	3	-0.430000	1.320000	-6.579000	6.723878
242	5	1.450000	1.356000	-6.408000	6.708480
242	9	0.170000	4.356000	-3.995000	5.913008
242	15	-2.250000	1.940000	-4.790000	5.636506
242	17	-3.750000	-2.460000	-5.378000	7.002641
242	21	2.680000	0.149000	-6.268000	6.818535
242	23	2.930000	-0.400000	-4.836150	5.668619
242	27	3.320000	2.150000	-4.680600	6.128043
242	29	-2.530000	3.580000	-5.293000	6.872638
243	0	-0.490000	3.310000	-3.244000	4.660444
243	2	0.134000	-3.670000	-5.371000	6.506497
243	4	-3.180000	1.620000	-5.870000	6.869767
243	8	-2.880000	2.310000	-6.072000	7.106313
243	18	-2.641000	3.584000	-5.578900	7.137511
243	20	2.190000	-4.780000	-4.186000	6.720647
243	22	-0.920000	-5.570000	-3.072000	6.427168
243	26	4.170000	1.120000	-5.302000	6.837727
243	28	-1.578000	5.022000	-3.932000	6.570479
243	3	0.640000	-2.860000	-6.742700	7.352088
243	5	1.120000	-3.750000	-4.826000	6.213467
243	9	3.200000	-2.575000	-4.968200	6.446211
243	15	-1.420000	0.950000	-6.938200	7.145454
243	17	-5.180000	1.920000	-3.057170	6.313881
243	21	-5.320000	-2.030000	-3.244000	6.553384
243	23	-4.050000	-1.680000	-6.117700	7.526696
243	27	5.210000	0.100000	-3.180000	6.104629
243	29	-3.380000	-3.360000	-3.262000	5.775348
244	0	2.660000	-1.260000	-6.175900	6.841414
244	2	-4.703000	3.890000	-1.125000	6.206121
244	4	2.030000	3.630000	-5.366000	6.789091
244	8	-3.150000	4.670000	-3.226000	6.491416
244	18	-2.326000	2.660000	-5.663400	6.675326
244	20	4.680000	-0.020000	-2.491000	5.301687
244	22	0.030000	0.450000	-7.104000	7.118301
244	26	-0.780000	4.990000	-4.226000	6.585406
244	28	-0.479000	0.430000	-6.959000	6.988707
244	3	4.810000	2.750000	-3.979000	6.821367
244	5	-1.377000	3.163000	-5.862000	6.801746
244	9	-1.780000	1.578000	-7.016000	7.408289
244	15	-2.140000	-0.460000	-6.674000	7.023779
244	17	1.110000	4.380000	-5.779000	7.335758
244	21	-1.570000	1.126000	-6.600600	6.877550
244	23	-3.880000	-3.390000	-3.369000	6.156026
244	27	1.500000	2.990000	-6.078000	6.937736
244	29	2.520000	2.950000	-6.184000	7.300326
245	0	-5.020000	-1.140000	-2.944000	5.930189
245	2	0.753500	-3.760000	-5.768000	6.926412
245	4	-2.850000	-1.120000	-6.149000	6.869287
245	8	4.300000	-1.420000	-4.979000	6.730293
245	10	1.860000	0.320000	-7.054000	7.302117
245	18	-1.340000	1.000000	-6.446000	6.659318
245	20	4.110000	-0.920000	-2.686000	4.995307
245	22	-2.480000	-0.330000	-6.175200	6.662762
245	26	0.620000	-1.850000	-7.059000	7.323686
245	28	4.040000	-1.880000	-3.894000	5.917705
245	3	3.330000	-1.130000	-5.689900	6.688854
245	5	0.360000	5.108000	-2.309000	5.617183
245	9	4.550000	-1.360000	-3.984000	6.198738
245	11	3.670000	-1.140000	-5.461000	6.677651
245	15	3.110000	0.790000	-5.660000	6.506289
245	17	0.780000	-1.090000	-7.003000	7.130113
245	21	4.700000	2.483000	-2.933000	6.071061
245	23	0.760000	5.040000	-4.231780	6.624739
245	27	-1.720000	-2.690000	-5.599880	6.446174
245	29	4.130000	4.060000	-2.716000	6.396652
246	0	-0.510000	5.230000	-2.469000	5.805942
246	2	-3.721400	-2.290000	-4.267000	6.107390
246	4	-3.470000	-0.520000	-6.127800	7.061249
246	8	0.620000	-0.900000	-7.452600	7.532307
246	18	4.227000	-2.330000	-5.221600	7.110664
246	20	4.690000	3.080000	-1.965000	5.945059
246	22	2.240000	3.750000	-4.777000	6.473008
246	26	-0.880000	1.680000	-7.141000	7.388551
246	28	0.029000	-1.484000	-6.477000	6.644895
246	3	1.530000	3.640000	-5.618051	6.866804
246	5	3.257000	4.609400	-3.475000	6.627989
246	9	-2.250000	-0.167000	-6.774800	7.140610
246	15	2.720000	-1.550000	-4.870000	5.789456
246	17	-0.130000	1.550000	-6.933000	7.105342
246	21	-0.890000	-3.020000	-6.004000	6.779419
246	23	0.900000	0.780000	-7.018000	7.118337
246	27	3.100000	-1.440000	-5.820900	6.750295
246	29	2.700000	2.820000	-6.548800	7.624250
247	0	-2.190000	3.740000	-5.543000	7.036231
247	2	-2.537800	-2.680000	-4.215000	5.602593
247	4	-2.840000	0.490000	-5.871000	6.540210
247	8	-4.050000	-0.410000	-4.649000	6.179304
247	18	-4.939000	-3.660000	-0.926000	6.216655
247	20	0.720000	-2.680000	-6.529000	7.094268
247	22	2.650000	2.730000	-5.654000	6.814919
247	26	-0.120000	5.070000	-2.230000	5.540054
247	28	-0.429000	-0.640000	-7.487000	7.526540
247	3	1.970000	-2.840000	-4.963000	6.047964
247	5	-1.879000	2.571800	-5.864000	6.673177
247	9	1.380000	-1.695000	-6.989600	7.323383
247	15	-1.740000	-1.010000	-6.735600	7.029652
247	17	-0.830000	2.800000	-6.579000	7.198065
247	21	-3.150000	1.632000	-6.309000	7.238053
247	23	0.130000	1.480000	-6.729000	6.891062
247	27	-2.420000	0.560000	-6.425000	6.888441
247	29	-1.390000	-4.270000	-5.527000	7.121287
248	0	1.510000	-5.050000	-3.243000	6.188671
248	2	-1.461200	1.670000	-6.757000	7.112036
248	4	1.950000	-5.390000	-2.974000	6.457498
248	8	1.800000	0.970000	-7.221100	7.505011
248	18	1.385000	-3.590000	-5.463700	6.682690
248	20	-3.570000	-4.570000	-3.704000	6.881091
248	22	0.990000	2.290000	-6.515000	6.976348
248	26	4.930000	1.080000	-4.464000	6.737848
248	28	-4.089000	-1.685000	-4.931500	6.624110
248	3	3.580000	-1.570000	-4.731000	6.137073
248	5	-0.560000	3.451900	-5.364000	6.403258
248	9	-4.780000	1.954000	-3.567000	6.276146
248	15	-4.511000	-2.060000	-5.055000	7.081366
248	17	-2.300000	3.460000	-4.189000	5.899942
248	21	-4.730000	-2.599300	-4.602000	7.092790
248	23	0.210000	-1.670000	-6.620000	6.830622
248	27	-1.110000	0.100000	-7.149000	7.235351
248	29	3.110000	4.040000	-5.113000	7.220559
249	0	2.680000	-0.910000	-6.991000	7.542187
249	2	-0.897000	3.020000	-6.468000	7.194445
249	4	1.260000	5.300000	-2.788000	6.119685
249	8	2.490000	4.870000	-3.175000	6.324368
249	18	-2.269000	-2.060000	-5.455300	6.257177
249	20	3.910000	3.790000	-4.268000	6.918672
249	22	3.950000	3.820000	-3.554000	6.544144
249	26	1.000000	-4.650000	-5.284000	7.109371
249	28	-4.660000	-1.250000	-4.344200	6.492317
249	3	-2.680000	3.690000	-4.763000	6.594291
249	5	5.408000	-1.314000	-3.498000	6.573360
249	9	-3.350000	1.593000	-5.926000	6.991253
249	15	-1.190000	-4.720000	-4.425000	6.578383
249	17	1.380000	3.930000	-5.653000	7.021802
249	21	-3.280000	-4.588000	-3.779100	6.788943
249	23	4.430000	-3.360000	-4.368700	7.071071
249	27	-3.020000	1.370000	-6.298499	7.118173
249	29	4.320000	-3.150000	-3.648000	6.472465
250	0	-1.980000	3.450000	-4.543000	6.038356
250	2	3.576000	3.600000	-3.842000	6.364648
250	4	0.710000	-5.220000	-2.802000	5.966884
250	8	2.350000	1.740000	-6.257000	6.906529
250	10	0.600000	4.430000	-3.586000	5.730994
250	18	-2.647000	2.850000	-5.909000	7.074277
250	20	2.780000	-0.550000	-5.522000	6.206721
250	22	-1.040000	2.540000	-5.791000	6.408501
250	26	0.070000	-4.320000	-5.652950	7.114994
250	28	-1.576000	2.350000	-6.163000	6.781508
250	3	-4.910000	3.500000	-2.491000	6.524046
250	5	1.713000	-3.421000	-2.780000	4.729272
250	9	-5.360000	1.798000	-3.796000	6.809700
250	11	0.410000	1.840000	-7.047000	7.294786
250	15	4.760000	-0.860000	-1.886000	5.191743
250	17	0.010000	2.340000	-6.443000	6.854776
250	21	2.110000	-0.900000	-5.705800	6.149655
250	23	-1.050000	-3.410000	-5.294800	6.384787
250	27	2.380000	-0.160000	-6.266000	6.704682
250	29	0.010000	-0.150000	-6.788000	6.789664
251	0	2.430000	4.500000	-3.188000	6.026462
251	2	0.686500	-3.390000	-6.081000	6.995852
251	4	0.480000	1.260000	-7.140717	7.266900
251	8	1.130000	1.600000	-6.063100	6.371662
251	10	-2.190000	-1.350000	-6.562000	7.048294
251	18	-1.183000	-1.580000	-6.725000	7.008674
251	20	-0.430000	-5.120000	-1.059000	5.246025
251	22	-3.630000	-1.500000	-4.206000	5.754766
251	26	2.270000	-3.960000	-1.196000	4.718571
251	28	-3.148000	-3.060000	-5.260050	6.851396
251	3	-2.270000	3.940000	-4.153000	6.158239
251	5	-0.156000	0.989000	-7.010000	7.081141
251	9	3.630000	1.199000	-6.293700	7.363774
251	11	1.630000	2.540000	-6.696000	7.344720
251	15	1.710000	1.650000	-6.651900	7.063595
251	17	1.910000	1.880000	-6.733000	7.246778
251	21	0.350000	4.345000	-5.170000	6.762427
251	23	-3.220000	-0.980000	-5.892000	6.785607
251	27	-1.110000	0.760000	-6.600000	6.735703
251	29	0.040000	-2.450000	-6.576000	7.017683
252	0	1.990000	-1.890000	-4.917000	5.631082
252	2	2.766000	0.680000	-6.685000	7.266525
252	4	-2.300000	4.200000	-4.372000	6.484164
252	8	-5.880000	0.750000	-4.468000	7.422932
252	10	1.750000	-2.850000	-4.973000	5.992973
252	14	-2.360000	0.190000	-6.741000	7.144703
252	18	1.870000	-0.230000	-6.939000	7.190238
252	20	0.260000	4.920000	-4.857000	6.918414
252	22	4.530000	0.950000	-4.967000	6.789292
252	26	3.250000	-4.120000	-4.293000	6.779878
252	28	-1.767000	-2.470000	-5.603900	6.373922
252	3	0.540000	0.010000	-6.382900	6.405709
252	5	2.274000	-0.784000	-6.702000	7.120571
252	9	0.990000	3.439000	-6.088600	7.062427
252	11	2.130000	-1.210000	-6.492000	6.938809
252	13	0.690000	1.190000	-6.548800	6.691710
252	15	-2.110000	1.490000	-6.793600	7.268095
252	17	-5.530000	-3.540000	-1.779000	6.802745
252	21	-1.010000	0.055000	-6.994000	7.066765
252	23	1.670000	-1.050000	-6.636000	6.922998
252	27	-0.500000	-1.860000	-7.038400	7.297169
252	29	0.580000	-3.120000	-5.574000	6.414069
253	0	2.180000	1.400000	-5.642000	6.208427
253	2	-4.067900	1.910000	-5.236000	6.900116
253	4	4.750000	-2.450000	-2.836000	6.050446
253	8	3.748000	-2.440000	-2.309000	5.033149
253	10	2.070000	-1.770000	-6.198000	6.770008
253	14	-0.720000	-0.800000	-6.873000	6.956761
253	18	5.146000	1.700000	-0.884000	5.491154
253	20	1.810000	0.080000	-6.623000	6.866340
253	22	1.950000	-4.460000	-0.176000	4.870839
253	26	-0.880000	0.050000	-6.964800	7.020352
253	28	-1.442000	3.850000	-5.394700	6.782673
253	3	-3.430000	3.910000	-5.034000	7.238381
253	5	2.592000	-4.318000	-1.342000	5.211962
253	9	-0.420000	-2.022000	-6.737000	7.046421
253	11	-1.670000	3.290000	-5.731000	6.815964
253	13	-2.990000	0.580000	-6.101800	6.819711
253	15	1.390000	-3.420000	-6.272900	7.278583
253	17	4.690000	-0.730000	-4.429700	6.492399
253	21	-1.170000	4.249000	-4.662000	6.415383
253	23	2.060000	-0.560000	-5.804000	6.184142
253	27	-5.390000	0.500000	-2.161000	5.828552
253	29	4.190000	2.170000	-4.771000	6.710249
254	0	-1.280000	-0.780000	-6.643000	6.810011
254	2	3.669000	1.780000	-4.704000	6.225558
254	4	-1.020000	1.810000	-6.818300	7.127813
254	8	-1.291000	2.510000	-7.114000	7.653481
254	10	-1.860000	0.650000	-6.807000	7.086420
254	14	2.670000	0.650000	-6.471700	7.030953
254	18	-0.203000	0.480000	-6.970000	6.989457
254	20	2.600000	2.450000	-5.300000	6.391596
254	22	-1.920000	-1.390000	-6.491000	6.910252
254	26	4.300000	2.100000	-1.619000	5.051847
254	28	1.429000	0.600000	-7.122600	7.289271
254	3	-1.480000	4.410000	-4.093000	6.196059
254	5	-4.035000	-2.297000	-5.051000	6.860761
254	9	0.780000	3.489300	-5.950500	6.942050
254	11	2.980000	2.330000	-5.791000	6.917007
254	13	-1.190000	-4.250000	-5.389100	6.965702
254	15	2.700000	-1.190000	-6.064000	6.743752
254	17	-3.210000	-3.550000	-4.829800	6.799527
254	21	-1.970000	-3.351400	-4.542100	5.978583
254	23	-0.430000	-1.670000	-6.321000	6.552010
254	27	-2.040000	4.440000	-4.099000	6.377852
254	29	4.040000	-2.320000	-5.114000	6.917875
255	0	1.800000	-3.390000	-4.922000	6.241649
255	2	0.035000	1.570000	-7.129000	7.299915
255	4	2.810000	1.050000	-5.332000	6.117910
255	8	3.270000	1.720000	-5.370700	6.518874
255	10	-1.080000	3.200000	-6.010000	6.893947
255	14	3.060000	3.510000	-4.283000	6.326752
255	18	-0.571000	-0.040000	-7.274000	7.296487
255	20	3.020000	2.300000	-5.391000	6.593427
255	22	3.970000	-0.660000	-5.621200	6.913349
255	26	-0.740000	-5.030000	-3.192000	6.003113
255	28	0.593000	-1.400000	-6.538000	6.712458
255	3	-5.190000	0.830000	-4.395000	6.851352
255	5	2.877000	-1.226000	-5.924000	6.698804
255	9	2.780000	-0.375000	-6.460800	7.043505
255	11	4.480000	-2.600000	-3.675400	6.351296
255	13	2.110000	-2.260000	-5.809200	6.580768
255	15	-0.940000	-4.060000	-5.498000	6.898928
255	17	3.820000	-0.230000	-5.377000	6.599805
255	21	5.460000	0.140000	-3.224000	6.342348
255	23	-2.800000	-5.330000	-1.838000	6.295009
255	27	-3.820000	-2.280000	-2.647000	5.176621
255	29	6.340000	0.160000	-1.754000	6.580100
256	0	-0.140000	-2.520000	-6.578000	7.045572
256	2	3.706200	-2.640000	-2.934000	5.414229
256	4	2.250000	3.090000	-5.393000	6.610223
256	8	-6.660000	-1.540000	-1.300000	6.958247
256	10	4.150000	2.230000	-5.073000	6.923202
256	14	2.690000	3.320000	-5.002800	6.579248
256	18	3.370000	2.900000	-4.685900	6.459455
256	20	0.380000	4.130000	-5.496000	6.885297
256	22	3.440000	-2.330000	-6.067900	7.354040
256	26	1.440000	-4.200000	-5.598331	7.145272
256	28	-4.840000	3.590000	-3.108000	6.780366
256	3	-2.280000	3.260000	-5.517000	6.801712
256	5	2.920000	-1.443000	-5.819000	6.668539
256	9	0.550000	-1.836000	-6.868060	7.130473
256	11	-3.300000	4.570000	-3.320200	6.542066
256	13	1.760000	5.419000	-2.107000	6.074752
256	15	1.400000	0.820000	-6.873000	7.061907
256	17	-5.710000	-2.020000	-3.070100	6.790435
256	21	-5.090000	0.466000	-4.039200	6.514629
256	23	1.560000	-3.950000	-2.923000	5.155582
256	27	4.140000	-2.270000	-4.614000	6.601628
256	29	-0.370000	1.060000	-6.762000	6.854571
257	0	3.610000	4.080000	-4.338000	6.963960
257	2	2.642000	-1.780000	-5.944000	6.743864
257	4	-3.390000	3.190000	-5.102000	6.906418
257	8	-0.410000	-0.910000	-6.491300	6.567585
257	10	1.050000	0.060000	-6.862000	6.942128
257	14	3.530000	-2.220000	-5.634800	7.010012
257	18	3.703000	2.580000	-1.837000	4.872697
257	20	-1.490000	-1.350000	-6.148000	6.468424
257	22	2.940000	0.210000	-6.380300	7.028224
257	26	4.860000	0.160000	-4.660000	6.735043
257	28	4.169000	-0.430000	-5.538600	6.945614
257	3	-1.130000	4.260000	-4.329000	6.177762
257	5	1.016000	-4.016000	-4.573600	6.170764
257	9	5.110000	2.874000	-0.938000	5.937324
257	11	2.290000	-0.880000	-5.966000	6.450710
257	13	4.380000	-0.610000	-2.477000	5.068731
257	15	-3.800000	-1.120000	-4.744000	6.180610
257	17	0.940000	-3.910000	-5.782000	7.042956
257	21	-4.450000	3.502000	-1.003000	5.750871
257	23	1.560000	-0.580000	-6.858000	7.057065
257	27	-1.760000	1.130000	-7.056000	7.359459
257	29	2.640000	3.330000	-5.109000	6.645328
258	0	3.470000	1.360000	-4.701000	5.999158
258	2	-1.059000	-0.450000	-6.774000	6.871030
258	4	0.240000	-2.000000	-6.625400	6.924848
258	8	1.400000	-0.680000	-6.534400	6.717201
258	10	1.240000	-3.100000	-6.074000	6.931167
258	14	-1.180000	-2.930000	-4.556000	5.543865
258	18	3.883000	1.750000	-3.152200	5.298731
258	20	2.540000	4.210000	-4.889000	6.933832
258	22	1.830000	3.530000	-5.639260	6.900076
258	26	-0.350000	-2.620000	-6.244700	6.781090
258	28	-1.548000	5.000000	-2.309000	5.720820
258	3	-2.400000	-1.610000	-6.404300	7.026177
258	5	-1.870000	5.845000	-2.539000	6.641344
258	9	-2.290000	-1.365000	-5.553700	6.160431
258	11	2.440000	4.170000	-3.807000	6.151077
258	13	2.260000	-1.770000	-6.536200	7.138796
258	15	4.970000	0.940000	-5.040000	7.140455
258	17	-1.160000	1.030000	-6.630000	6.809067
258	21	1.000000	-4.129700	-2.806000	5.091960
258	23	-0.270000	4.110000	-5.355500	6.756210
258	27	0.170000	4.330000	-5.423850	6.942330
258	29	3.020000	2.110000	-5.989000	7.031402
259	0	3.840000	-3.140000	-4.408000	6.635937
259	2	0.076000	1.680000	-6.936070	7.137033
259	4	-2.560000	1.560000	-6.321000	6.995873
259	8	3.230000	-0.260000	-6.024000	6.840254
259	14	-5.920000	0.330000	-2.888000	6.595138
259	18	-3.440000	-3.660000	-3.882000	6.348159
259	20	-1.750000	2.620000	-6.204000	6.958198
259	22	4.060000	3.090000	-3.865000	6.400775
259	26	-0.410000	2.380000	-6.761367	7.179734
259	28	-1.478000	-0.340000	-6.248830	6.430238
259	3	-0.370000	4.420000	-3.935000	5.929378
259	5	3.270000	-2.170000	-5.424300	6.695135
259	9	1.670000	5.740900	-4.288000	7.357566
259	11	-0.350000	-2.490000	-6.610000	7.072107
259	13	-2.530000	-2.100000	-4.836000	5.847888
259	15	2.210000	2.120000	-6.141000	6.862243
259	17	-4.430000	1.190000	-5.056000	6.826722
259	21	3.440000	3.041000	-5.320700	7.027882
259	23	-0.230000	2.030000	-6.706000	7.010295
259	27	-3.070000	-3.690000	-4.482500	6.567633
260	0	1.920000	-2.040000	-6.802000	7.356304
260	2	-1.038000	2.920000	-6.323200	7.041783
260	4	-0.690000	-0.040000	-6.363000	6.400427
260	8	0.750000	2.430000	-6.505800	6.985187
260	14	2.750000	-0.360000	-5.908700	6.527238
260	18	-1.982000	-3.380000	-4.751000	6.158305
260	20	-1.210000	0.820000	-6.752000	6.908401
260	22	-4.470000	-2.640000	-2.814000	5.905006
260	26	3.050000	-2.610000	-6.000500	7.219460
260	28	-3.151000	-0.330000	-5.992600	6.778566
260	3	-4.390000	3.590000	-1.102000	5.777076
260	5	0.342000	-0.030000	-6.686000	6.694808
260	9	-1.040000	3.809000	-4.573000	6.041722
260	11	2.950000	2.370000	-6.028000	7.117316
260	13	3.000000	-2.920000	-4.140000	5.887784
260	15	-1.960000	2.290000	-6.106000	6.809474
260	17	0.150000	-3.530000	-6.181000	7.119562
260	21	0.630000	5.055000	-2.359000	5.613805
260	23	1.050000	-4.220000	-4.351800	6.152159
260	27	-1.250000	-3.360000	-5.864900	6.873802
261	0	-4.010000	-1.260000	-2.855000	5.081213
261	2	0.482000	5.360000	-4.017000	6.715520
261	4	-2.580000	0.890000	-6.765500	7.295238
261	8	-5.530000	3.340000	-2.093000	6.790961
261	14	1.410000	-2.270000	-6.206700	6.757524
261	18	3.177000	-2.490000	-4.942400	6.381281
261	20	-1.350000	-2.540000	-6.490000	7.098887
261	22	-0.530000	-0.620000	-6.603900	6.654081
261	26	0.550000	-4.570000	-5.048500	6.831892
261	28	4.403000	0.910000	-3.348000	5.605677
261	3	-4.910000	-0.620000	-4.819000	6.907623
261	5	-3.902000	-1.610000	-3.165000	5.275882
261	9	4.420000	1.149000	-4.263000	6.247381
261	11	4.060000	0.660000	-5.075000	6.532597
261	13	-4.560000	1.680000	-5.134800	7.069807
261	15	2.020000	2.390000	-4.629000	5.587499
261	17	-2.430000	3.710000	-3.417100	5.598712
261	21	-0.170000	1.099000	-7.234000	7.318979
261	23	-0.980000	0.400000	-6.983000	7.062768
261	27	-1.950000	-3.430000	-6.068000	7.237957
262	0	5.200000	-1.140000	-4.338000	6.867157
262	2	-1.153000	3.170000	-6.304700	7.150353
262	4	-3.550000	-2.870000	-4.638000	6.507722
262	6	-0.260000	-2.452000	-4.773000	5.372284
262	8	1.870000	4.730000	-5.210000	7.281064
262	14	-5.330000	-0.750000	-4.657000	7.117517
262	16	-2.260000	2.390000	-5.261400	6.205000
262	18	1.872000	1.590000	-6.638000	7.077819
262	22	2.410000	-2.930000	-4.932500	6.222745
262	26	1.230000	-1.970000	-6.392200	6.801031
262	28	0.907000	0.100000	-6.664600	6.726778
262	3	2.100000	-1.950000	-6.378000	6.992237
262	5	-0.740000	-1.770000	-5.842800	6.149700
262	7	0.570000	2.185800	-6.471000	6.853938
262	9	2.630000	-1.488000	-5.775600	6.518328
262	11	0.660000	1.430000	-6.980000	7.155480
262	13	-1.400000	0.230000	-6.372200	6.528234
262	15	-3.271000	-2.710000	-4.170000	5.952516
262	19	1.520000	3.150000	-5.477500	6.498916
262	21	-4.270000	-1.648100	-1.906000	4.958021
262	23	-0.530000	3.610000	-5.792600	6.845963
262	27	-2.770000	-1.900000	-5.992600	6.869800
263	0	-3.060000	2.220000	-4.962000	6.238064
263	2	0.641000	-4.770000	-5.202000	7.086931
263	4	1.540000	-4.470000	-4.461000	6.500232
263	6	1.850000	0.097000	-6.318800	6.584766
263	8	3.990000	-0.070000	-4.733000	6.190823
263	14	-2.690000	-3.642000	-5.318300	6.984596
263	16	-3.450000	4.180000	-4.086000	6.787510
263	18	3.108000	4.704000	-3.767000	6.780676
263	22	-2.350000	-1.110000	-6.105000	6.635181
263	26	0.880000	-2.490000	-6.289600	6.821552
263	28	-0.464000	1.160000	-6.995600	7.106287
263	3	-1.300000	-4.170000	-2.556000	5.060834
263	5	2.291000	3.330000	-5.279000	6.648716
263	7	-4.830000	2.268400	-4.012760	6.676585
263	9	0.660000	0.541000	-6.998200	7.050041
263	11	-0.890000	0.300000	-6.518000	6.585319
263	13	-3.810000	2.720000	-5.411600	7.155412
263	15	-2.300000	-0.250000	-6.219000	6.635395
263	19	2.150000	-2.950000	-4.354600	5.682213
263	21	-2.700000	-0.295000	-5.832000	6.433448
263	23	-2.680000	2.400000	-6.084000	7.068059
263	27	-4.190000	-3.880000	-4.585700	7.323875
264	0	-2.190000	3.720000	-5.344000	6.869704
264	2	-1.123000	-0.100000	-6.573500	6.669485
264	4	-2.960000	2.990000	-5.183000	6.675716
264	6	-0.690000	-1.898000	-6.266600	6.583979
264	8	-2.590000	1.230000	-5.436000	6.145819
264	14	-3.420000	2.103000	-5.382100	6.714612
264	16	1.400000	-1.930000	-5.423900	5.924828
264	18	2.661000	-2.130000	-5.418700	6.401573
264	22	1.270000	-3.740000	-5.688600	6.925364
264	26	-2.700000	-2.600000	-5.159800	6.377581
264	28	-1.211000	2.886000	-6.089900	6.847072
264	3	2.400000	-0.360000	-6.218000	6.674813
264	5	0.064000	-1.310000	-6.556600	6.686494
264	7	-0.480000	0.089500	-6.952000	6.969126
264	9	3.110000	1.122700	-6.343000	7.153056
264	11	-0.690000	4.930000	-4.515000	6.720582
264	13	-5.210000	0.190000	-4.948000	7.187691
264	15	2.520000	-0.810000	-6.620000	7.129579
264	19	1.520000	-4.730000	-4.592200	6.765471
264	21	1.140000	-5.540000	-4.135000	7.006385
264	23	2.660000	2.970000	-5.072500	6.451880
264	27	-4.080000	-2.650000	-3.714000	6.120678
265	0	-0.280000	5.010000	-4.415000	6.683616
265	2	1.338000	4.740000	-5.083000	7.077763
265	4	-1.410000	-1.230000	-5.896800	6.186538
265	6	1.300000	-0.582000	-7.147400	7.287939
265	8	-5.460000	0.890000	-3.639000	6.621633
265	14	0.250000	-1.320000	-6.380600	6.520503
265	16	5.080000	1.580000	-3.123000	6.168949
265	18	-4.490000	4.014000	-3.820000	7.131949
265	22	2.310000	1.050000	-6.693400	7.158226
265	26	5.220000	0.530000	-4.282000	6.772357
265	28	-1.012000	5.465000	-1.436000	5.740424
265	3	-0.440000	2.390000	-7.413900	7.802026
265	5	3.150000	-2.230000	-5.793000	6.960909
265	7	-2.420000	1.158100	-6.105000	6.668480
265	9	4.020000	-1.821000	-6.045700	7.485114
265	11	3.370000	3.380000	-3.425750	5.875122
265	13	-0.560000	-1.990000	-6.820600	7.127011
265	15	1.470000	-1.910000	-7.105590	7.503227
265	19	-0.340000	4.540000	-4.931000	6.711331
265	21	1.560000	1.770600	-6.634000	7.041206
265	23	-2.620000	-3.480000	-5.125900	6.726786
265	27	-2.130000	-1.150000	-6.331520	6.778462
266	0	-2.190000	1.780000	-5.543000	6.220076
266	2	-1.472000	-1.000000	-7.009460	7.231826
266	4	1.820000	2.940000	-5.937000	6.870514
266	6	2.200000	-4.418100	-3.510000	6.056377
266	8	3.040000	1.210000	-6.192000	7.003325
266	14	3.020000	0.830000	-5.945500	6.719990
266	16	-0.200000	2.870000	-5.343000	6.068323
266	18	-5.740000	-0.350000	0.140000	5.752365
266	22	4.720000	-1.550000	-4.358000	6.608560
266	26	4.790000	-0.960000	-4.499000	6.641288
266	28	-1.460000	2.187000	-6.408300	6.926823
266	3	-0.550000	-1.420000	-7.158600	7.318774
266	5	3.270000	-2.640000	-4.885000	6.444046
266	7	4.160000	-1.184000	-4.632700	6.337931
266	9	2.260000	2.865900	-6.341300	7.316630
266	11	-2.920000	0.570000	-6.319000	6.984344
266	13	-1.090000	5.090000	-4.232000	6.708653
266	15	1.750000	2.980000	-5.052000	6.120915
266	19	0.790000	-3.380000	-6.574000	7.434109
266	21	-4.590000	-0.288000	-4.540000	6.462402
266	23	3.800000	-0.690000	-3.728000	5.367875
266	27	-6.040000	0.260000	-1.302000	6.184206
267	0	-3.360000	0.580000	-4.537000	5.675418
267	2	-1.231000	1.180000	-6.654000	6.869023
267	4	-3.430000	-3.740000	-3.366000	6.089537
267	6	-3.410000	-3.389000	-3.356000	5.863118
267	8	-2.450000	0.050000	-6.418000	6.869914
267	14	-0.520000	1.779000	-6.727000	6.977662
267	16	-2.230000	-4.480000	-2.639000	5.657528
267	18	0.730000	4.819000	-4.138300	6.393840
267	20	1.960000	1.490000	-6.077000	6.556800
267	22	2.930000	4.650000	-1.043000	5.594216
267	26	-1.400000	0.870000	-6.511600	6.716981
267	28	-2.029000	1.172000	-6.510000	6.918853
267	3	-1.880000	-3.900000	-5.751000	7.198500
267	5	-3.740000	-3.130000	-5.433000	7.300821
267	7	4.400000	-4.115300	-2.929000	6.698861
267	9	2.560000	-2.727500	-4.269000	5.676021
267	11	0.170000	-4.270000	-5.762000	7.173733
267	13	-4.440000	0.370000	-5.175000	6.828699
267	15	-2.450000	4.040000	-5.234000	7.051160
267	17	-2.340000	4.520000	-5.169000	7.254279
267	19	4.720000	2.090000	-4.930780	7.138564
267	21	2.670000	-3.554000	-4.066940	6.024933
267	23	2.640000	4.910000	-2.240000	6.007936
267	27	0.350000	-2.910000	-6.346000	6.990159
268	0	3.390000	0.740000	-6.232000	7.132848
268	2	-4.487000	1.860000	-5.144000	7.074850
268	4	4.290000	-2.080000	-4.562000	6.598662
268	6	0.530000	0.566000	-6.839100	6.882917
268	8	-4.750000	0.650000	-4.098000	6.307028
268	12	5.360000	-2.240000	-3.978000	7.040716
268	14	0.840000	-5.430000	-1.632000	5.731834
268	16	-4.340000	1.650000	-4.058000	6.166479
268	18	-2.329000	-0.810000	-6.264000	6.731867
268	20	-4.830000	-0.580000	-2.069000	5.286403
268	22	1.140000	2.100000	-6.445900	6.874535
268	26	-2.220000	3.280000	-5.188400	6.527350
268	28	2.876000	1.938000	-5.734300	6.701449
268	1	-0.800000	1.830000	-6.929000	7.211098
268	3	-5.800000	0.810000	-4.256000	7.239450
268	5	4.580000	-2.480000	-4.292000	6.748931
268	7	-0.870000	-4.941900	-3.056000	5.875237
268	9	5.320000	-1.085000	-3.260000	6.333027
268	11	1.690000	3.630000	-4.067130	5.707412
268	13	-4.990000	2.760000	0.208000	5.706222
268	15	0.100000	4.530000	-2.978000	5.422120
268	17	-4.020000	-0.730000	-5.456000	6.816248
268	19	1.020000	1.200000	-6.679000	6.862175
268	21	3.580000	-2.554000	-4.995000	6.655024
268	23	-3.310000	2.870000	-1.759000	4.720920
268	27	0.200000	-1.190000	-6.620300	6.729374
269	0	2.750000	3.030000	-6.151000	7.387706
269	2	2.261000	1.700000	-6.045000	6.674140
269	4	-1.410000	-1.840000	-6.603000	6.998093
269	6	3.820000	-2.624000	-4.025000	6.138273
269	8	-3.800000	-0.550000	-4.465000	5.888864
269	12	-2.280000	1.550000	-6.080300	6.676148
269	14	-2.680000	-2.620000	-4.931800	6.194308
269	16	-2.060000	0.060000	-5.912200	6.261095
269	18	-2.227000	2.660000	-6.219000	7.121172
269	20	2.880000	0.310000	-6.289000	6.924018
269	22	-0.080000	-3.940000	-6.181100	7.330484
269	26	-3.690000	-0.720000	-5.425000	6.600388
269	28	-0.692000	2.800000	-6.737600	7.328992
269	1	-0.540000	-3.130000	-6.069360	6.850229
269	3	-5.260000	1.640000	-3.293000	6.418804
269	5	-4.162000	-1.800000	-5.048000	6.785613
269	7	4.850000	-0.807700	-1.246000	5.072218
269	9	5.410000	3.280800	-2.395000	6.765188
269	11	-0.240000	-3.670000	-5.290500	6.443283
269	13	0.090000	-1.550000	-6.521200	6.703480
269	15	2.800000	3.300000	-5.116000	6.701004
269	17	-2.110000	-2.040000	-6.376000	7.019051
269	19	2.280000	5.440000	-1.769000	6.158032
269	21	0.080000	-2.066000	-6.711000	7.022270
269	23	-6.690000	2.610000	-0.723000	7.217405
269	27	-4.090000	-0.130000	-4.800928	6.308241
270	0	0.750000	-3.540000	-1.551000	3.936966
270	2	-0.757000	-1.850000	-6.431000	6.734487
270	4	1.980000	3.820000	-5.331000	6.850720
270	6	-1.960000	0.234000	-6.550800	6.841735
270	8	-4.450000	1.970000	-3.015000	5.724825
270	12	-4.680000	-1.470000	-3.799000	6.204490
270	14	1.050000	3.730000	-5.756100	6.938882
270	16	0.140000	-1.290000	-6.267300	6.400215
270	18	-0.602000	3.930000	-4.332200	5.880073
270	20	1.500000	-3.870000	-4.504000	6.124779
270	22	-1.620000	1.570000	-6.207800	6.605004
270	26	3.150000	2.070000	-5.574900	6.729555
270	28	-1.851000	2.870000	-5.841000	6.766120
270	1	-1.480000	-2.620000	-5.444100	6.220372
270	3	1.560000	-3.830000	-5.708000	7.048671
270	5	2.460000	-0.920000	-6.598800	7.102265
270	7	3.550000	-4.007800	-4.001000	6.683783
270	9	-2.670000	2.395900	-5.331000	6.425636
270	11	5.340000	0.340000	-1.293000	5.504821
270	13	-3.960000	-1.790000	-4.665000	6.375573
270	15	-5.092000	1.970000	-2.126000	5.859116
270	17	-1.320000	-4.020000	-4.166000	5.937875
270	19	5.340000	1.080000	-3.915200	6.709008
270	21	-2.370000	-5.437000	-4.358600	7.360385
270	23	2.100000	0.890000	-6.546900	6.932820
270	27	-1.540000	2.430000	-6.502000	7.110028
271	0	0.310000	5.150000	-3.345000	6.148791
271	2	-0.360000	-4.330000	-4.956000	6.590936
271	4	-3.160000	2.660000	-5.054000	6.527183
271	6	3.110000	-1.224000	-4.714000	5.778587
271	8	-0.610000	5.130000	-3.600000	6.296745
271	12	-1.290000	-1.680000	-6.860000	7.179561
271	14	-2.280000	-1.040000	-6.105400	6.599690
271	16	-3.060000	-1.420000	-5.760100	6.675234
271	18	-3.255000	3.920000	-4.835600	7.024561
271	20	4.650000	-2.890000	-1.210000	5.607022
271	22	0.600000	4.850000	-3.981000	6.303242
271	26	5.390000	0.480000	-2.792000	6.089151
271	28	-2.194000	2.776000	-6.408000	7.319992
271	1	-0.920000	0.050000	-6.992000	7.052444
271	3	-4.030000	0.530000	-5.757000	7.047329
271	5	0.130000	-3.590000	-5.081000	6.222665
271	7	-2.870000	-3.475800	-4.896000	6.654991
271	9	2.080000	0.580000	-5.833000	6.219862
271	11	0.670000	-5.360000	-3.463300	6.416615
271	13	-1.340000	-1.260000	-6.388200	6.647729
271	15	-2.260000	-1.060000	-6.424000	6.891950
271	17	-3.540000	-2.180000	-5.960000	7.266746
271	19	5.250000	-1.000000	-4.087700	6.728432
271	21	-3.020000	-3.417000	-4.584000	6.466015
271	23	2.740000	-4.040000	-3.287000	5.885029
271	27	-2.990000	-3.700000	-3.650000	5.996049
272	0	-3.370000	1.990000	-5.564000	6.802580
272	2	-0.935000	1.240000	-6.897000	7.069684
272	4	-5.020000	1.830000	-4.868000	7.228190
272	6	0.820000	5.027000	-4.383000	6.719659
272	8	0.520000	-1.320000	-7.133000	7.272722
272	12	2.500000	3.010000	-5.374800	6.648201
272	14	-3.660000	0.580000	-4.825000	6.083800
272	16	4.310000	-0.340000	-4.308000	6.103324
272	18	-0.498000	4.040000	-5.828000	7.108811
272	20	1.770000	0.570000	-6.980000	7.223448
272	22	4.480000	-0.140000	-4.867630	6.616934
272	28	-4.945000	-1.261000	-4.461800	6.778702
272	3	6.070000	-1.270000	-2.699000	6.763313
272	5	4.660000	-1.860000	-4.972000	7.063709
272	7	-2.760000	1.716000	-6.477000	7.246640
272	9	-0.020000	-0.063250	-6.618000	6.618332
272	11	-1.650000	2.090000	-5.933000	6.503160
272	13	-1.640000	-0.190000	-6.419690	6.628584
272	15	3.140000	0.990000	-6.184000	7.005823
272	17	0.610000	-5.550000	-3.201000	6.435915
272	19	0.700000	4.680000	-4.061000	6.235713
272	21	-2.730000	-1.404000	-6.510100	7.197605
272	23	-1.930000	-0.580000	-6.743700	7.038380
272	27	2.200000	-2.710000	-6.157800	7.078319
273	0	-1.780000	-0.110000	-6.394000	6.638052
273	2	-3.630000	1.410000	-4.881000	6.244130
273	4	2.060000	0.970000	-6.549000	6.933535
273	6	2.210000	-2.834000	-5.232000	6.347399
273	8	-5.680000	-0.040000	-2.857000	6.358180
273	12	-2.610000	-0.580000	-6.432000	6.965567
273	14	-2.050000	0.560000	-7.077400	7.389566
273	16	-2.830000	-1.170000	-5.978580	6.717233
273	18	1.226000	0.710000	-6.817000	6.962662
273	20	-0.350000	0.380000	-6.873000	6.892389
273	22	2.600000	-1.530000	-6.139000	6.840192
273	24	4.870000	1.670000	-3.918000	6.469662
273	28	-1.854000	-1.883000	-6.640000	7.146510
273	3	-3.160000	-2.530000	-5.974000	7.216313
273	5	-0.030000	-3.490000	-6.275000	7.180294
273	7	2.990000	-2.537900	-5.807000	7.007302
273	9	-2.080000	0.100000	-6.454610	6.782211
273	11	0.850000	2.980000	-6.221000	6.950089
273	13	-3.310000	3.090000	-5.037000	6.773151
273	15	0.200000	3.280000	-6.696000	7.458875
273	17	-0.390000	-5.610000	-2.199000	6.038195
273	19	-3.200000	-4.150000	-3.114000	6.095859
273	21	1.970000	-1.236000	-6.603590	7.001143
273	23	-2.980000	0.830000	-6.714700	7.393003
273	25	0.170000	-0.750000	-6.746600	6.790288
273	27	-3.610000	2.710000	-4.676000	6.499321
274	0	-0.440000	0.820000	-6.598000	6.663303
274	2	-1.150000	5.480000	-4.429000	7.139254
274	4	-3.820000	-3.210000	-4.952000	7.029851
274	6	-1.290000	-4.084000	-5.119000	6.674378
274	8	-1.180000	-4.310000	-4.741000	6.515027
274	12	0.050000	0.670000	-6.982000	7.014251
274	14	0.820000	-1.381000	-6.115263	6.322658
274	16	0.360000	-1.120000	-6.084000	6.196697
274	18	-4.705000	-1.430000	-2.418000	5.479840
274	20	2.970000	-4.520000	-3.635000	6.516481
274	22	-1.570000	1.970000	-6.943000	7.385868
274	24	-3.100000	3.320000	-2.864000	5.369813
274	28	-1.641000	-3.241000	-4.083300	5.465373
274	3	1.390000	-4.890000	-3.713000	6.295281
274	5	-2.340000	-3.870000	-2.140000	5.003209
274	7	4.790000	2.642000	-2.360000	5.957673
274	9	0.210000	1.415000	-6.933000	7.079040
274	11	-0.920000	-0.060000	-6.300000	6.367103
274	13	3.680000	-0.180000	-6.020000	7.057988
274	15	-2.510000	0.510000	-6.551000	7.033904
274	17	2.310000	0.200000	-4.901900	5.422612
274	19	1.520000	-2.640000	-5.825000	6.573479
274	21	0.500000	-5.554000	-4.176000	6.966771
274	23	1.740000	2.730000	-6.371000	7.146338
274	25	0.330000	1.830000	-6.468300	6.730283
274	27	-3.690000	-0.590000	-4.190000	5.614294
275	0	-1.710000	-1.780000	-6.724000	7.162728
275	2	-4.158000	2.970000	-2.023000	5.495670
275	4	0.070000	-1.000000	-6.450000	6.527434
275	6	1.050000	-2.741000	-5.461300	6.200111
275	8	0.420000	-1.530000	-6.779000	6.962194
275	12	3.960000	0.400000	-6.084000	7.270258
275	14	0.200000	-1.230000	-6.274900	6.397442
275	16	-0.020000	-0.710000	-6.601000	6.639104
275	18	1.380000	0.940000	-6.845000	7.045710
275	20	1.680000	-4.510000	-4.996000	6.937039
275	24	3.060000	-2.120000	-6.221200	7.249919
275	28	1.235000	-3.211000	-5.582000	6.557017
275	5	0.070000	2.440000	-6.166000	6.631595
275	7	-0.100000	-1.001000	-7.205000	7.274890
275	9	-2.420000	-1.306900	-6.688400	7.231810
275	11	-2.060000	2.010000	-6.487000	7.096821
275	13	3.250000	-3.570000	-4.957000	6.919483
275	15	-2.950000	1.940000	-6.292000	7.214940
275	17	3.780000	-0.220000	-5.782000	6.911463
275	19	1.090000	0.590000	-6.858000	6.969101
275	21	2.980000	-4.796000	-1.221000	5.776925
275	23	-5.330000	-0.170000	-4.577100	7.027634
275	25	-2.210000	2.070000	-6.346000	7.031409
275	27	-5.780000	0.400000	-4.133000	7.116888
276	0	-1.270000	0.090000	-7.020000	7.134522
276	2	3.208900	5.580000	-2.077000	6.763680
276	4	-1.700000	-3.100000	-5.823000	6.812292
276	8	-1.510000	2.410000	-6.639000	7.222501
276	12	-3.570000	0.300000	-4.741560	5.942835
276	14	-1.620000	2.792000	-5.923500	6.745926
276	16	4.360000	4.070000	-1.178000	6.079653
276	18	-3.027000	-2.070000	-5.917000	6.961215
276	20	-0.680000	-0.800000	-6.877000	6.956690
276	24	-0.600000	-0.470000	-5.537800	5.590003
276	28	2.070000	2.200000	-5.952500	6.675115
276	5	-2.067000	-0.680000	-7.039700	7.368329
276	9	-4.750000	-3.746000	-3.014000	6.758640
276	11	-2.950000	-4.330000	-3.562200	6.335666
276	13	0.780000	1.140000	-6.689300	6.830427
276	15	1.850000	-3.180000	-5.680000	6.767370
276	17	0.940000	3.850000	-5.560000	6.827862
276	19	-2.100000	-2.390000	-4.923900	5.862328
276	21	-0.180000	-0.438000	-7.139200	7.154888
276	23	-1.970000	-2.950000	-4.757280	5.934232
276	25	3.020000	-3.940000	-3.120000	5.863310
276	27	1.400000	-3.560000	-5.776000	6.927898
277	0	-4.110000	0.030000	-4.977000	6.454729
277	2	-4.512000	0.970000	-3.119000	5.570207
277	4	3.300000	3.030000	-4.942000	6.670402
277	8	-2.250000	-0.580000	-5.112000	5.615287
277	10	0.870000	1.330000	-6.567000	6.756574
277	12	1.050000	-0.330000	-6.811000	6.899357
277	14	1.940000	2.662000	-4.346000	5.453216
277	18	-4.819000	-3.110000	-3.720900	6.836663
277	20	-0.450000	1.930000	-6.912000	7.190490
277	24	0.160000	1.230000	-6.538000	6.654618
277	28	-1.403000	5.950000	-3.919000	7.261506
277	5	2.040000	0.140000	-6.191900	6.520799
277	9	-4.840000	1.749000	-3.162000	6.040103
277	11	-2.960000	0.670000	-6.931000	7.566324
277	13	-4.420000	1.050000	-5.217720	6.918345
277	15	-1.010000	-0.460000	-6.839000	6.928465
277	17	-4.940000	2.820000	-4.312200	7.138002
277	21	-1.070000	0.106000	-7.268100	7.347204
277	23	-0.230000	4.350000	-5.077100	6.689719
277	25	-1.850000	-1.520000	-6.262000	6.704144
277	27	4.330000	-1.500000	-4.050000	6.115668
277	29	1.930000	2.950000	-6.336000	7.250676
278	0	-2.920000	4.840000	-3.209000	6.499975
278	2	-2.961000	3.420000	-5.003000	6.744919
278	4	2.360000	0.770000	-6.619000	7.069205
278	8	-0.480000	1.970000	-5.174000	5.557119
278	10	-4.790000	0.020000	-2.325000	5.324484
278	12	-0.390000	-1.900000	-6.516800	6.799322
278	14	-1.200000	1.437000	-6.428600	6.695660
278	18	-2.102000	-0.380000	-6.440000	6.785013
278	20	-3.570000	2.230000	-5.315000	6.779899
278	24	3.350000	4.520000	-4.130000	6.979241
278	28	4.191600	-2.015000	-5.076000	6.884440
278	5	0.410000	-2.940000	-6.071800	6.758584
278	9	2.500000	3.864300	-3.740000	5.930465
278	11	-0.890000	0.790000	-6.738000	6.842284
278	13	-1.640000	5.090000	-1.579000	5.575925
278	15	2.700000	-2.840000	-4.639000	6.072555
278	17	3.140000	-1.020000	-5.719000	6.603557
278	21	-3.520000	1.592200	-4.236000	5.733166
278	23	3.790000	2.360000	-2.839000	5.290900
278	25	-2.660000	4.610000	-4.090000	6.712362
278	27	2.130000	-3.240000	-5.036500	6.356165
278	29	-2.060000	2.900000	-6.470000	7.383394
279	0	-3.790000	1.970000	-5.214000	6.740237
279	2	0.938000	5.620000	-1.005000	5.785695
279	4	2.600000	-5.540000	-3.359000	6.981009
279	8	2.880000	2.670000	-5.195000	6.512398
279	10	-2.300000	1.910000	-6.227000	6.907505
279	12	0.570000	2.910000	-5.732700	6.454212
279	14	-2.160000	0.782000	-6.725700	7.107191
279	18	1.470000	-1.720000	-6.303000	6.696798
279	20	-3.870000	1.270000	-4.531000	6.092599
279	24	-1.150000	-1.260000	-5.985800	6.224139
279	28	1.423000	2.080000	-6.039000	6.543764
279	5	-5.203000	1.160000	-3.956000	6.638279
279	9	0.780000	0.619600	-6.954000	7.024985
279	11	3.680000	2.290000	-5.692000	7.154395
279	13	2.960000	3.050000	-2.916000	5.154334
279	15	-1.850000	3.680000	-5.483100	6.857790
279	17	-3.470000	0.330000	-6.045000	6.977953
279	21	-1.420000	-2.519000	-6.635600	7.238297
279	23	0.940000	-0.800000	-6.945000	7.053838
279	25	-1.290000	3.380000	-3.963000	5.365992
279	27	-0.690000	3.780000	-5.503300	6.711990
279	29	-0.110000	4.440000	-5.317000	6.927928
280	0	-1.910000	0.860000	-6.875000	7.187025
280	2	-0.989000	-4.100000	-5.720000	7.106794
280	4	4.810000	1.330000	-4.137000	6.482266
280	8	4.570000	-0.520000	-4.863000	6.693584
280	12	-3.030000	2.390000	-5.673300	6.861438
280	14	4.230000	-2.684000	-3.839000	6.311472
280	18	0.150000	1.160000	-6.617000	6.719583
280	20	-0.590000	-3.670000	-5.724000	6.825040
280	24	-1.770000	-4.060000	-5.102000	6.756249
280	28	1.489000	-2.684000	-6.163600	6.885560
280	5	-2.530000	1.210000	-5.226000	5.930942
280	9	1.130000	0.261300	-6.937000	7.033288
280	11	-2.610000	0.640000	-6.190000	6.748170
280	13	-1.770000	1.690000	-5.873300	6.362755
280	15	-2.230000	-0.880000	-6.527000	6.953347
280	17	4.390000	3.330000	-3.443800	6.497750
280	21	-2.790000	-4.656000	-2.139000	5.834189
280	23	-4.160000	0.310000	-5.282000	6.730618
280	25	-2.480000	-3.180000	-5.837700	7.095177
280	27	5.780000	0.690000	-2.664000	6.401671
281	0	-1.570000	2.480000	-6.522000	7.152048
281	2	-4.273000	-3.200000	-3.103000	6.174718
281	4	-5.640000	2.700000	-3.048000	6.956285
281	8	-1.140000	-0.140000	-7.181000	7.272273
281	12	-2.010000	0.170000	-6.449400	6.757497
281	14	1.510000	-2.112000	-6.745600	7.227985
281	18	-2.803000	-2.160000	-5.383400	6.442314
281	20	3.270000	1.470000	-3.511000	5.018059
281	24	-0.970000	-4.890000	-4.863000	6.964321
281	28	2.527000	2.210000	-5.862000	6.755211
281	5	-2.578000	4.160000	-4.877000	6.909183
281	9	-1.890000	-3.699500	-5.184700	6.643758
281	11	-2.350000	-2.080000	-6.968000	7.642115
281	13	-2.480000	-2.920000	-4.114000	5.621547
281	15	-3.927000	-1.040000	-5.512000	6.847268
281	17	2.660000	-3.020000	-4.114800	5.755656
281	21	-4.300000	0.102000	-5.224000	6.766874
281	23	0.810000	0.380000	-6.541100	6.602006
281	25	-1.790000	4.090000	-3.061000	5.413125
281	27	0.100000	-0.350000	-7.118400	7.127701
282	0	-3.700000	-1.760000	-5.694000	7.014930
282	2	-5.718000	2.470000	-0.862000	6.288042
282	4	-3.980000	-3.150000	-5.796000	7.704318
282	8	-0.320000	3.570000	-6.227000	7.184903
282	12	2.200000	6.140000	-1.828000	6.773565
282	14	-1.220000	1.427000	-6.155900	6.435824
282	18	-0.262000	-1.670000	-6.425000	6.643656
282	20	2.810000	-4.520000	-3.189000	6.204532
282	24	-3.990000	-3.180000	-3.815000	6.370771
282	28	-0.746000	-3.100000	-5.615200	6.457320
282	5	3.290000	3.490000	-4.975000	6.910487
282	9	-0.810000	-4.705000	-5.019700	6.927519
282	11	1.070000	3.690000	-5.574000	6.769821
282	13	1.430000	0.850000	-6.716700	6.919643
282	15	-0.300000	-2.630000	-5.567000	6.164283
282	17	0.730000	-0.250000	-6.609000	6.653892
282	21	-0.320000	-6.387000	-1.900000	6.671294
282	23	-3.120000	-2.640000	-4.836000	6.331737
282	25	-5.540000	0.950000	-4.306000	7.080659
282	27	-2.930000	-1.900000	-6.244800	7.154888
283	0	-2.320000	-0.120000	-6.255000	6.672468
283	2	0.445000	4.660000	-4.863000	6.749992
283	4	0.180000	0.960000	-5.624000	5.708185
283	8	1.150000	-0.490000	-6.880200	6.992836
283	12	2.310000	0.210000	-6.694800	7.085234
283	14	-1.000000	1.772000	-7.143900	7.428007
283	18	-3.423000	3.040000	-1.654000	4.867673
283	20	0.430000	-5.160000	-3.369000	6.177432
283	22	-0.290000	-3.610000	-5.530500	6.610796
283	24	-0.170000	-3.620000	-5.127800	6.279143
283	28	-1.093000	-3.490000	-5.811700	6.866630
283	3	-1.090000	5.180000	-2.605000	5.899706
283	5	4.000000	-2.550000	-4.999000	6.891480
283	9	-2.950000	-0.698000	-5.956800	6.683799
283	11	2.080000	1.040000	-6.154000	6.578732
283	13	0.420000	-4.410000	-3.289000	5.517429
283	15	-4.175000	4.000000	-1.925000	6.093952
283	17	3.040000	-2.010000	-5.450000	6.556234
283	21	1.130000	-1.632000	-6.416400	6.716436
283	23	-0.280000	1.670000	-6.960500	7.163509
283	25	0.160000	0.370000	-7.159200	7.170540
283	27	-3.720000	4.830000	-3.734000	7.149130
284	0	3.960000	-0.510000	-5.721000	6.976499
284	2	2.902000	1.100000	-5.568000	6.374498
284	4	3.890000	-3.040000	-3.508000	6.056382
284	8	-1.150000	2.930000	-5.979000	6.756911
284	12	0.650000	-5.830000	-2.643000	6.434038
284	14	2.190000	-5.152000	-1.049000	5.695578
284	18	0.578000	3.840000	-5.807000	6.985766
284	20	0.940000	-0.200000	-6.934000	7.000283
284	22	-2.660000	-1.010000	-6.547000	7.138551
284	24	2.710000	-0.950000	-6.683000	7.273863
284	28	-0.262000	-1.150000	-6.293000	6.402577
284	3	-2.920000	0.140000	-6.157200	6.815945
284	5	-1.090000	-1.530000	-7.277500	7.516050
284	9	-3.990000	2.938000	-3.808000	6.249225
284	11	-2.630000	-1.840000	-6.451000	7.205408
284	13	0.290000	-4.230000	-2.969000	5.176095
284	15	-1.617000	1.430000	-6.363000	6.719178
284	17	1.070000	1.970000	-6.581000	6.952364
284	21	-1.650000	-2.301000	-6.521800	7.109921
284	23	2.880000	-1.130000	-5.615700	6.411504
284	25	-2.900000	2.090000	-5.061000	6.196113
284	27	-0.090000	-0.790000	-6.740800	6.787532
285	0	0.860000	0.470000	-6.874000	6.943513
285	2	3.252000	-3.000000	-4.504000	6.313598
285	4	-0.090000	-2.170000	-6.339000	6.700740
285	8	1.330000	2.450000	-6.310000	6.898369
285	12	-1.220000	-0.690000	-5.684700	5.854939
285	14	3.020000	-4.440000	-1.954000	5.714203
285	18	-1.487000	1.370000	-6.348000	6.662220
285	20	-0.510000	1.650000	-6.445000	6.672378
285	22	0.140000	2.200000	-5.866700	6.267198
285	24	4.430000	-4.550000	-1.972000	6.649525
285	28	1.514100	4.810000	-5.497500	7.459967
285	3	3.250000	-3.300000	-4.403000	6.390533
285	5	-0.760000	0.660000	-6.802800	6.876866
285	9	-1.480000	3.695000	-4.892900	6.307448
285	11	3.460000	0.110000	-5.882000	6.825073
285	13	-4.880000	-1.430000	-2.199000	5.540298
285	15	0.199000	-5.330000	-4.257000	6.824262
285	17	-1.580000	-0.390000	-6.753000	6.946331
285	21	-2.120000	-5.466600	-3.852000	7.015413
285	23	1.940000	0.560000	-6.575000	6.878068
285	25	-2.880000	-3.040000	-5.284800	6.742782
285	27	1.900000	-4.670000	-4.810000	6.968142
286	0	-0.510000	-1.500000	-5.855000	6.065569
286	2	-1.181000	0.430000	-6.446870	6.568241
286	8	-4.890000	-0.210000	-1.480000	5.113375
286	14	-2.730000	-1.941000	-6.274000	7.112205
286	18	-3.162000	-0.410000	-6.534000	7.270454
286	20	1.790000	-2.910000	-5.495000	6.470489
286	22	3.510000	2.560000	-4.971100	6.601934
286	24	0.580000	-3.410000	-6.524300	7.384510
286	28	-4.843600	-2.520000	-2.667000	6.076492
286	3	3.390000	-2.250000	-5.774000	7.063546
286	5	4.090000	-2.810000	-2.565000	5.586003
286	9	2.180000	-2.718400	-5.044000	6.130582
286	13	3.490000	-3.510000	-4.839000	6.922147
286	15	0.621000	5.340000	-1.612000	5.612467
286	17	-0.240000	-5.270000	-3.774900	6.486938
286	21	-3.310000	1.389000	-5.709820	6.744440
286	23	-3.180000	1.680000	-6.457200	7.391227
286	27	-4.940000	2.800000	-3.408000	6.622542
287	0	-0.610000	-1.900000	-6.564000	6.860627
287	2	5.322000	0.680000	-1.241000	5.506920
287	8	2.500000	2.440000	-5.688000	6.675099
287	14	-4.340000	-1.844000	-3.755000	6.027932
287	18	-0.369000	4.230000	-5.598400	7.026460
287	20	-4.660000	-1.090000	-5.072000	6.973441
287	24	4.850000	3.610000	-3.656000	7.065475
287	28	-3.065900	-1.330000	-4.301870	5.447452
287	3	-2.390000	-0.380000	-5.481000	5.991482
287	5	-3.330000	0.870000	-5.847000	6.784778
287	9	-2.030000	5.857100	-2.445000	6.663674
287	13	2.010000	-1.500000	-5.681000	6.209981
287	15	-3.661000	-2.900000	-3.425000	5.791679
287	17	-1.080000	-3.840000	-5.508000	6.800740
287	21	-3.300000	-0.772000	-6.117700	6.993728
287	23	-1.310000	-4.120000	-5.037825	6.638538
288	0	3.520000	4.700000	-2.573000	6.410985
288	2	-0.213000	0.010000	-6.043000	6.046761
288	8	-1.960000	0.500000	-6.887200	7.178100
288	14	0.550000	5.105000	-5.377000	7.434760
288	18	-2.371000	3.900000	-3.869300	5.983571
288	20	2.830000	-4.600000	-2.075000	5.785717
288	24	2.510000	-2.850000	-4.955000	6.242966
288	28	-1.272990	0.460000	-6.372000	6.514176
288	3	0.120000	3.260000	-4.630000	5.663824
288	5	-3.160000	-4.200000	-2.272000	5.726044
288	9	-3.020000	-1.608000	-6.129500	7.019746
288	13	-0.270000	-5.170000	-4.820000	7.073486
288	15	-5.010000	1.600000	-4.536000	6.945171
288	17	2.610000	-0.210000	-3.587100	4.441113
288	21	-5.240000	-0.618000	-3.891400	6.556105
288	23	-4.380000	0.040000	-5.746500	7.225529
289	0	-2.030000	-1.490000	-6.528000	6.996841
289	2	2.912000	-0.230000	-4.398000	5.279683
289	6	2.050000	-1.626000	-5.026000	5.666308
289	8	-3.060000	-4.930000	-3.511000	6.782007
289	14	-0.930000	2.230000	-6.949000	7.357065
289	18	-0.090000	5.450000	-3.266900	6.354781
289	20	3.460000	-2.300000	-5.535000	6.920825
289	24	-3.070000	0.710000	-6.065000	6.834707
289	28	0.133000	-0.580000	-7.118000	7.142829
289	3	1.600000	2.730000	-5.907200	6.701337
289	5	-2.890000	4.590000	-4.315000	6.931048
289	7	3.890000	4.020000	-0.042000	5.594128
289	9	0.180000	-1.240400	-6.266700	6.390815
289	13	-5.550000	-0.050000	-2.316000	6.014055
289	15	2.850000	0.690000	-4.035000	4.987968
289	17	-4.090000	-1.310000	-4.494900	6.216778
289	21	3.710000	-3.644800	-0.518000	5.226566
289	23	1.590000	4.560000	-4.622400	6.684929
290	0	-3.510000	-3.530000	-4.151000	6.481651
290	2	-0.278000	-2.520000	-4.879000	5.498393
290	6	-1.370000	-2.591000	-6.237000	6.891324
290	8	-0.770000	-2.990000	-6.079500	6.818601
290	14	-1.910000	-2.450000	-6.574000	7.271044
290	18	-4.844000	-1.280000	-4.876000	6.991288
290	20	0.340000	-6.420000	-2.421000	6.869734
290	24	1.070000	-0.570000	-5.973000	6.094795
290	28	1.485000	2.060000	-6.533000	7.009202
290	3	-3.430000	-2.300000	-4.817000	6.344950
290	5	2.110000	1.670000	-5.903300	6.487677
290	7	1.350000	2.738000	-6.212000	6.921567
290	9	1.060000	-0.118000	-6.795400	6.878589
290	13	-0.280000	-0.300000	-7.209470	7.221140
290	15	3.466000	3.400000	-2.449000	5.437900
290	17	-3.700000	2.960000	-4.295700	6.395673
290	21	-0.710000	4.749410	-5.235730	7.104496
290	23	0.600000	1.440000	-6.567300	6.750039
291	0	-3.950000	-1.160000	-4.573000	6.153083
291	2	0.826000	-4.310000	-5.438000	6.987862
291	6	-2.530000	0.681000	-6.265000	6.790794
291	8	3.120000	-0.020000	-6.362200	7.086070
291	14	3.310000	2.232000	-5.516000	6.809125
291	18	-1.015000	4.850000	-3.289900	5.947787
291	20	1.020000	-3.220000	-5.729000	6.650582
291	24	-0.160000	-5.700000	-3.117000	6.498561
291	28	-3.726000	-0.370000	-5.570300	6.711797
291	3	-0.720000	-2.460000	-6.557100	7.040281
291	5	-1.240000	1.480000	-6.042000	6.343009
291	7	4.080000	-1.076000	-5.206700	6.701783
291	9	2.330000	0.624000	-6.657000	7.080531
291	13	4.120000	0.060000	-5.818960	7.130098
291	15	3.390000	3.600000	-4.892000	6.955844
291	17	-4.250000	-0.050000	-4.537900	6.217519
291	21	0.660000	3.487200	-6.074000	7.034887
291	23	-2.380000	4.380000	-4.250000	6.550672
292	0	-1.720000	3.690000	-4.764000	6.266594
292	2	0.070000	2.810000	-5.035000	5.766474
292	6	3.720000	-3.665000	-3.848000	6.486735
292	8	1.230000	-3.670000	-3.140000	4.984115
292	14	2.250000	0.033000	-6.701970	7.069653
292	18	-3.929000	-1.810000	-4.862000	6.507856
292	20	0.770000	-4.960000	-3.724000	6.250014
292	24	0.150000	0.490000	-6.843800	6.862958
292	28	4.392000	0.370000	-5.207100	6.822056
292	3	-0.740000	-4.380000	-4.033000	5.999757
292	5	-4.100000	-3.340000	-4.118000	6.702501
292	7	-0.860000	3.279500	-5.778000	6.699254
292	9	1.730000	-2.978000	-4.537300	5.696356
292	13	-0.380000	3.380000	-5.066000	6.101898
292	15	3.298000	1.960000	-5.871000	7.013348
292	17	2.590000	-4.090000	-4.803900	6.820092
292	21	-1.140000	1.555000	-6.387000	6.671686
292	23	-3.900000	-0.890000	-4.977000	6.385345
293	0	-0.360000	2.980000	-5.781000	6.513828
293	2	-2.486000	-2.390000	-5.998000	6.918692
293	6	1.000000	3.394000	-2.867000	4.554001
293	8	-2.630000	5.560000	-1.846000	6.421699
293	14	-2.200000	-2.510000	-5.168000	6.152099
293	18	1.906000	-4.440000	-2.988200	5.681177
293	20	-4.110000	1.980000	-4.656000	6.518500
293	24	2.720000	2.730000	-5.909500	7.055033
293	28	5.427000	2.350000	-2.946000	6.607098
293	3	-1.910000	3.550000	-3.284000	5.199544
293	5	3.830000	-1.070000	-5.955000	7.160714
293	7	1.840000	1.859000	-5.493100	6.084047
293	9	-3.340000	1.870000	-1.022000	3.961942
293	13	-1.720000	-3.780000	-6.042200	7.331779
293	15	-4.401000	-0.970000	-4.660000	6.482692
293	17	-3.060000	-1.130000	-5.848000	6.696238
293	21	-1.210000	-3.169000	-6.173600	7.044146
293	23	-3.020000	-2.900000	-5.590600	6.984641
294	0	-3.440000	-3.220000	-4.492000	6.509997
294	2	3.364000	-3.620000	-2.621000	5.593795
294	6	4.220000	-3.689000	-3.301000	6.504900
294	8	-2.600000	4.940000	-3.795000	6.750231
294	14	0.520000	-2.200000	-6.280000	6.674489
294	18	-3.134000	2.950000	-5.240000	6.781007
294	20	-3.070000	0.510000	-5.417000	6.247311
294	24	3.630000	0.230000	-5.770000	6.820755
294	28	1.133000	-0.680000	-6.799000	6.926218
294	3	-1.960000	2.550000	-6.640500	7.378370
294	5	0.270000	1.290000	-6.765000	6.892186
294	7	-1.930000	-0.886700	-6.747000	7.073411
294	9	-2.930000	0.752000	-6.311000	6.998509
294	13	-1.230000	-0.360000	-6.642700	6.765202
294	15	-0.257000	-3.930000	-5.589000	6.837241
294	17	-0.570000	2.640000	-6.252000	6.810433
294	21	-0.390000	-0.724100	-7.411000	7.456497
294	23	0.370000	-5.650000	-3.854900	6.849792
295	0	-1.830000	-0.130000	-7.129200	7.361474
295	2	-3.370000	3.100000	-5.542000	7.188926
295	6	-0.490000	-1.972000	-6.659200	6.962315
295	8	-1.740000	3.590000	-4.677000	6.147360
295	14	2.330000	1.925000	-5.830000	6.566843
295	18	-2.830000	-2.220000	-4.725000	5.938259
295	20	2.860000	0.890000	-5.141000	5.949923
295	24	1.040000	-3.490000	-6.254500	7.237435
295	28	4.818000	1.980000	-3.915000	6.516191
295	3	-1.290000	4.770000	-3.455000	6.029430
295	5	-0.770000	0.610000	-6.299600	6.375732
295	7	-0.910000	0.853000	-6.580000	6.697172
295	9	-1.140000	1.276000	-5.816500	6.062957
295	13	-0.760000	-0.830000	-6.823200	6.915386
295	15	-0.538000	-3.940000	-4.420000	5.945540
295	17	-2.510000	0.510000	-6.501000	6.987360
295	21	3.700000	-2.291000	-3.646100	5.677387
295	23	-2.880000	2.060000	-6.114700	7.065943
296	0	-0.570000	-3.790000	-5.944000	7.072491
296	2	2.295000	-2.480000	-6.272000	7.124283
296	6	3.350000	0.146000	-6.014000	6.885638
296	8	-3.090000	0.370000	-5.735000	6.524969
296	14	4.350000	-1.280000	-4.662000	6.503472
296	18	-0.523900	-0.270000	-6.846000	6.871324
296	20	-3.820000	-0.300000	-6.077000	7.184172
296	24	2.630000	-1.500000	-6.343400	7.028913
296	28	-1.314300	5.000000	-3.619500	6.310956
296	3	3.190000	-0.470000	-5.719100	6.565448
296	5	-0.860000	1.600000	-6.968000	7.200877
296	7	3.210000	-1.035000	-5.574800	6.515652
296	9	2.610000	0.662000	-6.425000	6.966417
296	13	0.440000	-3.170000	-6.156800	6.938925
296	15	1.087000	-2.680000	-6.313000	6.943914
296	17	-3.110000	-2.260000	-6.169000	7.268856
296	21	-1.290000	0.653000	-6.946000	7.094887
296	23	-1.120000	4.520000	-3.538000	5.848268
297	0	-2.200000	-1.790000	-6.073000	6.702643
297	2	3.300000	4.180000	-3.219000	6.222890
297	6	1.880000	-0.225000	-6.954400	7.207545
297	8	-3.620000	-1.180000	-5.720000	6.871332
297	14	-4.570000	2.020000	-1.932000	5.357044
297	18	0.495000	3.310000	-3.716000	5.000978
297	20	-3.050000	-4.550000	-1.659000	5.723398
297	24	1.770000	1.060000	-6.187300	6.522207
297	28	0.533000	2.610000	-6.609000	7.125663
297	3	-2.900000	-2.120000	-5.331000	6.428372
297	5	-1.120000	2.670000	-6.462300	7.081287
297	7	0.650000	2.220000	-6.288000	6.699988
297	9	5.210000	0.492000	-3.961000	6.563207
297	13	-0.540000	-2.650000	-6.468000	7.010644
297	15	3.136000	-0.350000	-5.174000	6.060303
297	17	3.840000	1.220000	-4.921000	6.360050
297	21	3.330000	-3.396000	-5.048600	6.936143
297	23	2.690000	-5.250000	-4.450000	7.389256
298	0	-4.610000	3.320000	-1.131000	5.792552
298	2	4.673000	2.690000	-4.488000	7.015353
298	6	-2.670000	-2.896000	-5.575000	6.826151
298	8	2.307000	4.440000	-4.258000	6.570115
298	14	-0.560000	3.528000	-5.877700	6.878062
298	18	2.602170	5.770000	-2.900800	6.962674
298	20	3.030000	2.810000	-4.674000	6.238852
298	24	2.180000	-0.630000	-6.594000	6.973531
298	28	0.922000	1.110000	-6.874900	7.024702
298	3	2.720000	-3.850000	-4.456900	6.487284
298	5	-2.090000	-2.730000	-5.901700	6.830158
298	7	-2.580000	0.125000	-5.208000	5.813372
298	9	-2.210000	4.896000	-3.216000	6.260796
298	13	2.410000	-0.180000	-6.638000	7.064244
298	15	3.847000	1.600000	-5.113000	6.595618
298	17	-0.990000	2.780000	-5.029000	5.830895
298	21	0.910000	-4.287000	-4.740990	6.456273
298	23	-0.030000	-1.540000	-6.095800	6.287390
299	0	0.130000	-5.720000	-3.706000	6.816871
299	2	0.500000	2.730000	-6.578000	7.139537
299	6	4.500000	3.077000	-3.998000	6.760320
299	8	-4.170000	0.410000	-4.877000	6.429785
299	14	2.090000	3.107000	-4.490000	5.846507
299	18	4.994200	-1.670000	-3.905700	6.556327
299	20	4.460000	-0.750000	-4.778000	6.579011
299	24	-5.620000	-0.800000	-3.361000	6.597024
299	28	4.083000	0.860000	-5.105600	6.593758
299	3	-4.200000	3.250000	-2.987000	6.093002
299	5	-2.170000	-0.950000	-6.536900	6.952874
299	7	1.230000	1.616000	-6.534000	6.842332
299	9	-1.030000	-0.636000	-6.083000	6.202281
299	13	5.770000	0.740000	-3.169000	6.624429
299	15	-1.378000	-0.730000	-6.717000	6.895642
299	17	-2.500000	-0.730000	-5.472000	6.060172
299	21	2.840000	0.731000	-5.086300	5.871151
299	23	-1.810000	2.600000	-6.470700	7.204586
300	0	2.000000	-2.090000	-6.007810	6.667974
300	2	1.611000	4.150000	-5.331000	6.945314
300	6	4.870000	1.230000	-4.315000	6.621860
300	8	1.900000	4.170000	-4.548000	6.456253
300	14	-5.640000	-0.190000	-2.421000	6.140598
300	16	1.060000	-1.770000	-6.487930	6.808064
300	18	2.732000	-2.770000	-5.484000	6.723911
300	20	3.950000	-0.160000	-3.604000	5.349478
300	24	1.970000	-1.620000	-6.284900	6.782718
300	28	-3.299900	-2.620000	-5.293600	6.765792
300	3	2.650000	-1.340000	-6.308000	6.972013
300	5	3.060000	-3.080000	-4.436000	6.207100
300	7	2.390000	4.877000	-4.208400	6.870798
300	9	-4.820000	-0.349000	-4.818900	6.824661
300	13	-0.060000	3.670000	-5.314900	6.459153
300	15	-3.823000	0.800000	-5.755000	6.955239
300	17	0.410000	0.200000	-7.419000	7.433012
300	19	-2.550000	0.810000	-5.989100	6.559567
300	21	-0.470000	-1.834000	-6.516000	6.785478
300	23	-5.480000	0.880000	-1.158000	5.669723
301	0	3.720000	0.120000	-4.897000	6.150887
301	2	1.145000	0.920000	-7.176700	7.325466
301	6	1.180000	-0.278000	-6.398000	6.511842
301	8	3.140000	-4.480000	-2.963000	6.221685
301	14	-2.020000	4.317000	-4.733000	6.717007
301	16	2.580000	-1.170000	-5.900000	6.544868
301	18	1.929000	-1.980000	-6.252000	6.835857
301	20	4.450000	0.990000	-4.367000	6.312946
301	24	-2.660000	3.170000	-6.053000	7.332347
301	28	2.952200	2.740000	-4.965800	6.393923
301	3	-3.280000	4.150000	-4.242700	6.780959
301	5	-1.320000	-0.400000	-6.823600	6.961603
301	7	1.980000	-0.634000	-6.856000	7.164293
301	9	1.090000	4.324000	-5.650100	7.197826
301	13	-4.190000	0.720000	-4.918800	6.501469
301	15	1.160000	-0.580000	-6.530000	6.657545
301	17	1.540000	1.480000	-6.170000	6.529234
301	19	0.140000	1.840000	-7.049000	7.286536
301	21	0.720000	-0.685000	-6.138100	6.218030
301	23	-3.920000	3.900000	-3.118000	6.348096
302	0	0.010000	-5.110000	-4.218000	6.625989
302	2	5.175400	1.230000	-4.510000	6.974078
302	6	3.070000	-0.698000	-5.428000	6.274973
302	8	3.460000	4.250000	-4.052000	6.815629
302	14	0.520000	-4.870000	-3.520000	6.031393
302	16	-0.010000	1.610000	-6.808500	6.996276
302	18	5.535400	-0.310000	-4.125300	6.910489
302	20	-1.600000	5.200000	-4.517000	7.071300
302	24	-1.630000	1.210000	-6.618100	6.922445
302	28	4.760650	-1.140000	-3.906000	6.262605
302	3	1.490000	2.290000	-5.396800	6.048938
302	5	0.110000	-1.240000	-6.541700	6.659094
302	7	-2.510000	-0.877000	-6.272000	6.812284
302	9	1.190000	3.876000	-5.757000	7.041486
302	13	1.860000	0.690000	-5.590200	5.931782
302	15	2.440000	-1.720000	-5.620000	6.363678
302	17	1.300000	-0.660000	-6.891000	7.043542
302	19	1.600000	1.620000	-6.246100	6.648170
302	21	-1.540000	1.474000	-6.430700	6.774819
302	23	-4.790000	2.670000	-0.053000	5.484142
303	0	-4.790000	-0.930000	-4.955000	6.954209
303	2	1.804000	-3.600000	-4.874000	6.322206
303	6	-1.930000	-0.260000	-6.238400	6.535299
303	8	-2.320000	-2.070000	-6.411900	7.125992
303	14	0.480000	-2.700000	-5.979000	6.577906
303	16	-0.860000	-3.150000	-6.493000	7.267816
303	18	0.018000	4.730000	-5.266000	7.078416
303	20	-2.950000	-0.590000	-6.789000	7.425707
303	24	1.030000	-0.460000	-6.759200	6.852684
303	28	-0.323200	-1.480000	-6.981300	7.143767
303	3	1.550000	4.170000	-5.039000	6.721824
303	5	0.320000	1.180000	-6.608800	6.720940
303	7	2.060000	0.962000	-7.097000	7.452278
303	9	-2.050000	-1.713000	-6.050100	6.613666
303	13	0.590000	1.200000	-6.772000	6.902759
303	15	-3.507000	-0.680000	-5.231000	6.334415
303	17	-1.630000	-2.450000	-6.385000	7.030478
303	19	-3.050000	1.250000	-6.374000	7.175854
303	21	-4.150000	-0.620000	-4.875300	6.432375
303	23	-5.420000	-0.150000	-2.322000	5.898354
304	0	1.730000	-0.760000	-4.919000	5.269446
304	2	1.233000	1.920000	-6.535100	6.922010
304	6	0.470000	5.390000	-3.311000	6.343163
304	8	-1.460000	-3.240000	-5.903800	6.890867
304	14	-1.850000	-1.820000	-4.963000	5.600560
304	16	-3.820000	1.490000	-4.683000	6.224387
304	18	-2.544000	-2.660000	-4.775000	6.028944
304	20	-3.500000	-2.390000	-4.847000	6.438595
304	24	3.910000	2.720000	-4.058000	6.257305
304	28	-0.965200	1.430000	-6.333210	6.563997
304	3	-3.140000	-1.940000	-5.465000	6.594651
304	5	1.570000	3.630000	-4.299000	5.841507
304	7	2.340000	2.947000	-5.807900	6.920413
304	9	2.730000	1.200000	-6.490300	7.142611
304	13	-2.480000	3.440000	-5.039900	6.586698
304	15	1.050000	4.820000	-4.567000	6.722528
304	17	3.740000	-0.580000	-2.349000	4.454414
304	19	3.330000	-1.720000	-6.204700	7.248835
304	21	-2.710000	2.438590	-5.978100	7.002035
304	23	1.720000	-0.180000	-6.270200	6.504322
305	0	-0.730000	4.840000	-3.375000	5.945513
305	2	0.902000	-3.880000	-5.729000	6.977782
305	6	2.590000	2.524000	-5.455000	6.544899
305	8	-0.580000	3.320000	-5.989400	6.872533
305	10	2.050000	0.960000	-6.188000	6.589040
305	14	4.340000	3.010000	-4.150000	6.717008
305	16	1.940000	-4.260000	-5.220000	7.011391
305	18	2.969000	3.150000	-4.562000	6.288824
305	20	-2.640000	-0.570000	-6.847000	7.360429
305	24	4.300000	-2.250000	-4.584000	6.675744
305	28	0.034000	1.210000	-6.611100	6.721004
305	3	4.950000	0.450000	-4.960000	7.021866
305	5	-3.721000	2.290000	-5.971350	7.399119
305	7	-2.810000	1.591000	-5.616000	6.478182
305	9	1.180000	-2.498000	-6.315000	6.892868
305	13	5.450000	0.630000	-3.887000	6.723702
305	15	-0.280000	4.010000	-5.794000	7.051875
305	17	0.020000	4.320000	-5.640000	7.104393
305	19	2.360000	1.540000	-6.313000	6.913405
305	21	1.580000	-3.076000	-5.675300	6.645841
305	23	-1.230000	4.520000	-4.317000	6.370227
305	29	3.670000	5.530000	-2.656000	7.148716
306	0	-0.470000	0.970000	-6.443100	6.532636
306	2	2.481600	-2.080000	-5.676000	6.534655
306	6	4.560000	-0.340000	-4.924800	6.720331
306	8	4.607000	3.440000	-2.479000	6.261269
306	10	0.230000	-2.000000	-6.721000	7.016035
306	14	-1.960000	1.000000	-6.500900	6.863184
306	16	3.020000	3.680000	-3.112000	5.687473
306	18	-0.856000	2.640000	-5.154000	5.853721
306	20	2.280000	-0.640000	-6.299000	6.729443
306	22	-0.690000	0.750000	-6.877000	6.952102
306	24	2.920000	-1.070000	-6.586270	7.283560
306	28	2.470000	5.430000	-2.313000	6.398107
306	3	5.250000	-0.050000	-4.456000	6.886286
306	5	0.920000	3.180000	-6.246000	7.069039
306	7	-1.210000	3.313000	-5.457800	6.498281
306	9	1.480000	-2.238000	-5.950000	6.526986
306	13	-5.120000	-0.750000	-1.971000	5.537304
306	15	4.400000	4.460000	-3.459000	7.156555
306	17	1.990000	1.290000	-5.799000	6.265190
306	19	-0.570000	-1.350000	-6.439600	6.604230
306	21	-1.620000	-0.761000	-6.805300	7.036734
306	23	-4.060000	0.730000	-4.941140	6.436720
306	27	-4.500000	0.590000	-5.213800	6.912439
306	29	-0.180000	1.580000	-7.081000	7.257366
307	0	2.980000	-0.700000	-5.596000	6.378528
307	2	3.744800	3.310000	-4.479000	6.711264
307	6	-0.820000	1.410000	-6.793300	6.986374
307	8	3.461000	3.410000	-4.059000	6.331043
307	10	1.290000	-4.000000	-5.362000	6.812866
307	14	0.490000	-2.030000	-6.688000	7.006450
307	16	0.980000	-2.440000	-6.763200	7.256368
307	18	1.343000	0.570000	-5.667000	5.851789
307	20	-5.040000	-0.130000	-4.066000	6.476948
307	22	1.730000	-2.900000	-5.858000	6.761587
307	24	-1.190000	0.290000	-6.873500	6.981776
307	28	5.644000	-0.620000	-2.663000	6.271420
307	3	-2.960000	1.260000	-6.747000	7.474705
307	5	3.835000	1.060000	-5.045400	6.425487
307	7	0.690000	5.561000	-3.739000	6.736538
307	9	2.200000	4.447000	-5.265050	7.234401
307	13	-3.350000	-1.730000	-5.802000	6.919437
307	15	-1.360000	2.410000	-6.292000	6.873643
307	17	-2.740000	4.360000	-3.949200	6.489482
307	19	0.370000	0.030000	-6.899000	6.908980
307	21	-1.890000	-3.152000	-5.017700	6.219688
307	23	2.330000	3.170000	-5.753500	6.969976
307	27	-3.810000	1.990000	-4.037000	5.896912
307	29	-1.490000	0.050000	-6.796000	6.957601
308	0	-5.150000	-2.950000	-3.910000	7.107257
308	2	0.662000	0.900000	-6.939700	7.029060
308	6	-1.500000	-1.930000	-6.813000	7.238223
308	8	-2.270000	2.920000	-6.197260	7.217017
308	10	-1.500000	-1.410000	-6.993400	7.290113
308	14	-2.850000	-3.160000	-4.547000	6.227625
308	16	0.270000	-5.150000	-4.589000	6.903211
308	18	-3.191000	2.210000	-5.560000	6.780869
308	20	4.320000	-0.670000	-3.959000	5.897879
308	22	5.350000	-1.430000	-2.488000	6.071041
308	24	-2.470000	3.030000	-4.738000	6.142511
308	28	0.468000	-0.810000	-6.903000	6.966099
308	3	-0.320000	-1.180000	-6.928000	7.035054
308	5	2.400000	-3.420000	-4.994940	6.511976
308	7	-0.460000	-1.617000	-5.935000	6.168510
308	9	-5.470000	-2.281000	-2.612000	6.476604
308	13	1.920000	2.950000	-6.018000	6.971745
308	15	-1.570000	-2.210000	-6.660000	7.190591
308	17	-1.230000	-3.780000	-5.343500	6.659902
308	19	-0.490000	1.640000	-6.855000	7.065460
308	21	-1.890000	0.729000	-7.113000	7.395831
308	23	2.360000	3.730000	-3.937000	5.914598
308	27	1.790000	2.460000	-6.470200	7.149768
308	29	5.660000	1.560000	-3.438100	6.803656
309	0	4.140000	4.400000	-2.687000	6.612078
309	2	-2.323000	-0.500000	-6.763300	7.168581
309	6	-3.030000	3.340000	-3.597000	5.768441
309	8	4.876000	1.360000	-4.434000	6.729438
309	10	0.870000	3.380000	-6.471000	7.352220
309	14	1.690000	0.880000	-6.450000	6.725548
309	16	-1.890000	0.650000	-6.013200	6.336653
309	18	-3.966000	0.680000	-5.367000	6.707924
309	20	-2.630000	-3.280000	-5.866000	7.217012
309	22	3.420000	-1.190000	-6.080400	7.076988
309	24	-0.600000	-2.840000	-6.038000	6.699481
309	28	-1.093000	5.390000	-3.412000	6.472132
309	3	-0.390000	0.640000	-6.789000	6.830243
309	5	-4.431000	2.100000	-5.087000	7.065503
309	7	-5.660000	-2.284000	-3.401790	6.987448
309	9	-1.380000	1.780000	-6.458700	6.840147
309	13	-1.010000	-1.390000	-6.624000	6.843214
309	15	-2.820000	2.550000	-5.719000	6.867449
309	17	-3.690000	-1.150000	-5.424300	6.660453
309	19	-2.440000	-3.900000	-5.270400	6.995764
309	21	-1.220000	-1.926000	-6.432000	6.824112
309	23	0.210000	0.430000	-6.701700	6.718763
309	27	-0.850000	-5.270000	-5.116700	7.394323
309	29	2.870000	2.970000	-3.811200	5.619879
310	0	2.710000	2.430000	-5.661000	6.730224
310	2	-1.705000	-1.890000	-5.836700	6.367589
310	6	-3.710000	-0.550000	-4.470000	5.835024
310	8	5.114000	1.740000	-4.225000	6.857931
310	14	-2.740000	1.200000	-6.064200	6.761813
310	16	0.820000	-2.200000	-6.693900	7.093708
310	18	1.309000	1.880000	-6.492000	6.884326
310	20	1.550000	-1.920000	-5.667000	6.180921
310	22	0.510000	-3.380000	-5.914550	6.831281
310	24	1.570000	-2.720000	-6.017000	6.787311
310	28	-1.154000	3.390000	-6.048000	7.028664
310	3	3.140000	-2.070000	-5.014000	6.267750
310	5	-0.818000	1.540000	-5.929000	6.180110
310	7	-3.540000	3.967000	-3.051000	6.130032
310	9	1.760000	-0.219000	-6.613400	6.847088
310	13	-1.310000	2.470000	-6.318000	6.908989
310	15	-0.560000	-2.060000	-5.626000	6.017398
310	17	2.800000	-5.400000	-2.749000	6.675103
310	19	-3.730000	0.490000	-5.184200	6.405383
310	21	-2.760000	0.169000	-4.833800	5.568822
310	23	-2.110000	-0.250000	-6.814000	7.137590
310	27	1.000000	3.000000	-6.281100	7.032227
311	0	-4.120000	0.590000	-5.407000	6.823353
311	2	-1.667000	2.770000	-6.222800	7.012491
311	6	0.800000	3.910000	-5.645300	6.913574
311	8	-0.930000	2.590000	-6.334600	6.906530
311	14	2.800000	-0.730000	-6.080500	6.733898
311	16	-0.860000	2.562000	-6.498900	7.038405
311	18	0.962000	1.600000	-5.837000	6.128296
311	20	-3.580000	-4.320000	-2.390000	6.098434
311	22	-3.090000	0.010000	-5.387000	6.210312
311	24	0.800000	1.540000	-6.782000	7.000509
311	28	-0.299000	1.240000	-7.069200	7.183355
311	3	2.840000	-2.310000	-5.883000	6.929025
311	5	0.360000	2.240000	-6.310000	6.705468
311	7	-2.490000	4.866000	-1.858000	5.773233
311	9	2.410000	0.788000	-6.477000	6.955614
311	13	-1.990000	-0.950000	-6.363000	6.734268
311	15	-1.120000	-1.160000	-6.758000	6.947702
311	17	5.200000	-1.580000	-3.630300	6.535708
311	19	2.500000	-1.020000	-5.123360	5.791305
311	21	1.470000	-1.816000	-5.405040	5.888397
311	23	0.030000	-3.860000	-4.528000	5.950066
311	27	4.220000	-1.430000	-4.171500	6.103664
312	0	-3.630000	3.150000	-3.810000	6.133148
312	2	-0.965300	-3.850000	-4.649000	6.112897
312	6	-2.580000	1.340000	-6.210260	6.857064
312	8	0.868000	-0.210000	-6.867100	6.924925
312	14	4.820000	1.410000	-5.503214	7.450226
312	16	1.600000	-2.500000	-6.549500	7.190685
312	18	0.001000	4.890000	-3.665300	6.111180
312	20	-1.100000	-0.260000	-6.564000	6.660608
312	22	5.920000	-1.450000	-0.328000	6.103809
312	24	1.220000	4.410000	-5.128000	6.872618
312	28	5.374000	-2.090000	-3.544000	6.768154
312	3	-3.450000	-0.360000	-5.666000	6.643467
312	5	4.210000	2.604000	-5.373000	7.305754
312	7	1.630000	4.012000	-5.191400	6.760450
312	9	3.700000	0.003000	-5.114900	6.312861
312	13	0.450000	-0.200000	-7.171000	7.187888
312	15	-3.460000	-1.990000	-5.731000	6.983986
312	17	-1.400000	3.430000	-5.268000	6.440243
312	19	0.070000	3.630000	-4.986700	6.168385
312	21	-3.490000	-3.350000	-4.236600	6.430504
312	23	1.110000	-5.480000	-4.110000	6.939352
312	27	-1.240000	-1.980000	-6.415000	6.827168
313	0	-3.830000	0.660000	-5.711000	6.907968
313	2	2.734000	2.640000	-5.675000	6.830079
313	6	-2.110000	3.920000	-4.641000	6.430970
313	8	-0.250000	2.640000	-6.063300	6.617832
313	14	-1.000000	0.040000	-6.823000	6.896008
313	16	0.460000	-3.310000	-5.929900	6.806718
313	18	-1.101000	2.400000	-6.634000	7.140179
313	20	-0.930000	3.770000	-5.141000	6.442645
313	22	1.390000	0.460000	-7.140000	7.288573
313	24	4.040000	-1.580000	-5.523000	7.022929
313	28	3.536000	-2.130000	-5.285000	6.706073
313	3	3.990000	3.470000	-3.935600	6.591657
313	5	-4.392000	3.046000	-4.698800	7.116636
313	7	3.170000	1.845000	-6.101000	7.118646
313	9	-4.760000	0.665000	-3.803000	6.128836
313	13	1.030000	-2.760000	-6.602000	7.229447
313	15	-0.030000	2.860000	-6.461000	7.065764
313	17	1.250000	1.340000	-6.193000	6.458432
313	19	-3.880000	0.570000	-5.722500	6.937313
313	21	0.120000	1.964000	-6.309000	6.608720
313	23	1.430000	-1.570000	-6.139940	6.496819
313	27	3.630000	-0.500000	-5.581000	6.676411
314	0	1.210000	4.710000	-5.404000	7.269898
314	2	-4.123000	-1.140000	-5.667000	7.100255
314	6	4.860000	4.070000	-2.105000	6.679485
314	8	2.937000	-2.480000	-4.292000	5.761739
314	14	-0.060000	3.007000	-6.128300	6.826545
314	16	3.590000	3.740000	-2.962000	5.970690
314	18	2.009000	1.630000	-6.694000	7.176532
314	20	-3.110000	3.620000	-2.109000	5.217699
314	22	-3.530000	0.760000	-3.334000	4.914678
314	24	0.860000	1.220000	-6.560000	6.727674
314	28	-0.829000	-2.320000	-6.184000	6.656688
314	3	0.960000	2.190000	-6.868000	7.272353
314	5	0.500000	-1.560000	-6.737000	6.933309
314	7	2.300000	2.648000	-4.968400	6.081686
314	9	3.300000	3.397000	-4.500000	6.532963
314	13	-1.270000	3.390000	-5.849000	6.878648
314	15	-3.080000	1.700000	-5.453000	6.489346
314	17	3.850000	2.800000	-3.719000	6.040982
314	19	1.290000	-1.890000	-6.172000	6.582536
314	21	1.010000	1.261000	-7.020000	7.203514
314	23	1.570000	-3.470000	-5.795200	6.934706
314	27	5.290000	-0.280000	-4.556600	6.987496
315	0	3.820000	-1.730000	-5.183000	6.666993
315	2	3.588000	0.270000	-5.118000	6.256242
315	6	1.220000	6.340000	-1.365000	6.599032
315	8	2.713000	-1.390000	-5.888200	6.630488
315	14	-0.500000	6.585000	-2.732000	7.146751
315	16	-1.390000	2.430000	-5.676200	6.329000
315	18	2.526000	-0.650000	-6.007000	6.548834
315	20	-1.810000	0.540000	-6.619000	6.883230
315	22	-0.700000	-0.110000	-6.861800	6.898290
315	24	-3.170000	3.500000	-3.794000	6.057502
315	28	-2.669000	-3.450000	-5.840000	7.289147
315	3	-5.590000	-1.460000	-3.265400	6.636455
315	5	0.740000	-3.540000	-5.348000	6.456029
315	7	-1.980000	2.926000	-6.111000	7.058767
315	9	-2.820000	1.953000	-6.320400	7.191249
315	13	-0.510000	-1.340000	-6.135000	6.300312
315	15	-3.893000	0.280000	-4.683000	6.096256
315	17	2.010000	1.420000	-6.641000	7.082329
315	19	1.550000	0.020000	-6.713000	6.889649
315	21	-3.600000	2.962000	-5.546000	7.245106
315	23	-0.990000	3.080000	-6.079000	6.886272
315	27	-1.990000	1.940000	-5.615200	6.265315
316	0	1.930000	3.640000	-4.657000	6.217889
316	2	-3.535100	0.860000	-5.758400	6.811439
316	6	-0.990000	-1.924000	-5.624300	6.026162
316	8	1.048000	-0.710000	-7.042000	7.154870
316	14	-1.910000	-2.356000	-5.962000	6.689117
316	16	-0.540000	5.930000	-2.617000	6.504244
316	18	-1.506000	0.320000	-6.678000	6.853183
316	20	1.560000	1.230000	-6.631000	6.922186
316	22	0.580000	-0.740000	-6.847700	6.911946
316	24	-1.140000	-6.220000	-2.113000	6.667291
316	28	-4.082000	-0.350000	-5.557000	6.904019
316	3	-1.950000	-4.720000	-3.845700	6.392989
316	5	0.170000	4.609000	-4.291000	6.299560
316	7	-2.860000	-2.847000	-4.248700	5.859732
316	9	-0.150000	-1.880000	-6.150300	6.432969
316	13	-3.580000	-1.670000	-6.079000	7.249796
316	15	1.460000	-0.870000	-5.273000	5.540129
316	17	0.920000	-0.170000	-6.891000	6.954220
316	19	0.110000	-3.070000	-6.739700	7.406791
316	21	-0.370000	5.450900	-3.223300	6.343412
316	23	-1.320000	2.200000	-6.259500	6.764890
316	27	-5.150000	-0.110000	-4.704500	6.976168
317	0	0.200000	-0.310000	-6.773000	6.783040
317	2	-3.730000	-1.900000	-5.114000	6.608774
317	6	-2.470000	-4.155000	-5.444000	7.280251
317	8	5.074000	-0.690000	-4.526000	6.834197
317	14	2.200000	2.577000	-4.998700	6.038868
317	16	-0.580000	0.140000	-6.975300	7.000772
317	18	-0.114000	2.710000	-6.144000	6.716088
317	20	-0.410000	-4.930000	-3.299000	5.946125
317	22	1.470000	-3.170000	-5.510600	6.525068
317	24	4.120000	0.700000	-5.110000	6.601250
317	28	4.452000	3.320000	-4.920000	7.419508
317	3	-0.070000	0.930000	-7.012000	7.073750
317	5	1.010000	1.771000	-6.125000	6.455398
317	7	3.760000	-1.275000	-4.900200	6.306757
317	9	-0.200000	1.910000	-6.689000	6.959226
317	13	5.800000	1.210000	-1.636000	6.146592
317	15	2.030000	-3.070000	-6.053000	7.084110
317	17	-3.510000	2.860000	-1.579000	4.795096
317	19	-2.560000	0.890000	-6.094000	6.669523
317	21	-2.140000	0.122000	-6.871000	7.197578
317	23	0.080000	-0.240000	-7.087200	7.091714
317	27	0.470000	1.470000	-6.856000	7.027555
318	0	-0.290000	3.590000	-6.179000	7.152079
318	2	-1.502500	-4.190000	-3.453000	5.633544
318	6	-2.950000	0.700000	-5.225000	6.040954
318	8	0.347000	-1.990000	-6.687000	6.985448
318	14	0.560000	-2.590000	-6.385000	6.913026
318	16	2.680000	3.728000	-5.182000	6.923403
318	18	-0.101000	3.730000	-6.136000	7.181476
318	20	-0.390000	1.410000	-6.782000	6.937991
318	22	-1.060000	-0.150000	-7.351000	7.428546
318	24	-1.250000	-1.390000	-6.583000	6.843281
318	28	3.281000	3.360000	-5.166000	6.981555
318	3	0.360000	1.570000	-6.462000	6.659726
318	5	-1.270000	2.060000	-5.970300	6.442126
318	7	2.700000	-1.601000	-6.125000	6.882501
318	9	-5.320000	0.142000	-2.935000	6.077564
318	13	-2.920000	-3.720000	-4.627700	6.616676
318	15	-1.274000	-2.960000	-5.992000	6.803583
318	17	2.810000	-0.400000	-6.115500	6.742065
318	19	-0.670000	-2.370000	-6.427900	6.883582
318	21	-1.530000	3.497200	-6.075000	7.174743
318	23	-3.340000	0.740000	-5.919000	6.836502
318	27	5.090000	2.200000	-3.150000	6.377351
319	0	-0.620000	4.030000	-5.779600	7.073124
319	2	-3.328500	1.170000	-6.452900	7.354436
319	6	-0.560000	4.476000	-4.806000	6.591344
319	8	3.518000	2.970000	-3.208000	5.611460
319	14	2.140000	-3.050000	-6.158100	7.197520
319	16	4.500000	-0.952000	-5.261000	6.988163
319	18	-3.662000	2.410000	-3.298300	5.486085
319	20	0.350000	-1.340000	-5.625000	5.792989
319	22	1.710000	-3.980000	-3.463000	5.545888
319	24	-0.360000	-4.510000	-1.964000	4.932240
319	28	-2.251600	2.230000	-6.066500	6.844343
319	3	-0.260000	1.720000	-7.059000	7.270178
319	5	0.920000	0.413000	-6.795900	6.870315
319	7	-4.510000	-0.785000	-4.094700	6.141897
319	9	0.610000	-2.012000	-6.126200	6.476926
319	13	2.790000	2.490000	-5.453300	6.612313
319	15	-1.570000	-4.430000	-5.218000	7.022629
319	17	-1.710000	-1.200000	-5.688500	6.059961
319	19	0.230000	3.570000	-5.881400	6.883943
319	21	1.760000	-3.074400	-4.556800	5.771825
319	23	4.130000	-3.020000	-4.135000	6.578414
319	27	4.930000	1.980000	-2.125000	5.721969
320	0	-2.490000	-1.780000	-5.813500	6.570029
320	2	-1.473000	-5.150000	-4.797500	7.190844
320	6	-2.670000	4.072000	-4.544000	6.660182
320	8	0.760000	-4.610000	-1.285000	4.845712
320	14	3.350000	-0.360000	-5.431600	6.391743
320	16	1.390000	-4.662000	-4.638000	6.721413
320	18	-2.479000	0.140000	-5.347000	5.895375
320	20	-0.340000	1.680000	-6.972000	7.179609
320	22	-1.570000	0.360000	-6.805600	6.993618
320	24	-4.230000	0.450000	-4.145000	5.939396
320	28	0.529000	-1.600000	-6.368400	6.587591
320	3	4.180000	-3.750000	-4.008000	6.899200
320	5	-4.850000	0.211000	-4.997600	6.967283
320	7	-0.530000	4.251000	-5.699500	7.129951
320	9	-3.170000	0.910000	-4.905600	5.911168
320	13	0.010000	2.890000	-6.117000	6.765345
320	15	0.250000	-3.710000	-5.449000	6.596833
320	17	-2.580000	-3.060000	-5.418450	6.736438
320	19	2.950000	2.160000	-6.052700	7.071300
320	21	-0.330000	0.136000	-7.008000	7.017083
320	23	-2.650000	-0.750000	-6.160000	6.747637
320	27	2.420000	3.970000	-2.155000	5.124580
321	0	-1.420000	4.850000	-3.287000	6.028538
321	2	4.240400	1.680000	-3.782000	5.925109
321	6	1.530000	5.245000	-4.317000	6.963290
321	8	-2.389000	0.240000	-6.626000	7.047609
321	14	-1.060000	4.954000	-3.683000	6.263402
321	16	1.550000	-3.270000	-5.917090	6.935947
321	18	1.255000	2.460000	-6.205000	6.791808
321	20	-0.730000	3.070000	-4.819000	5.760257
321	22	4.020000	-1.330000	-5.693000	7.095037
321	24	-4.310000	3.300000	-2.009000	5.788107
321	26	-0.610000	0.700000	-6.844000	6.906695
321	28	2.068000	2.980000	-4.475000	5.760438
321	1	-2.570000	3.240000	-5.717100	7.056042
321	3	-4.030000	-3.430000	-3.919000	6.585162
321	5	2.380000	-2.497000	-6.546500	7.399735
321	7	-1.370000	-5.209000	-2.982000	6.156534
321	9	4.019000	-0.649000	-5.897100	7.165846
321	13	-4.410000	-4.670000	-2.852000	7.027866
321	15	-2.070000	3.060000	-5.993000	7.040209
321	17	1.370000	2.950000	-6.142400	6.950430
321	19	-1.720000	0.700000	-6.920200	7.165024
321	21	-0.640000	3.787000	-5.955000	7.086113
321	23	-2.800000	2.800000	-5.953000	7.149700
321	27	0.230000	1.750000	-6.934000	7.155121
322	0	0.160000	-0.400000	-6.612900	6.626918
322	2	-1.566000	3.820000	-5.544700	6.912919
322	6	1.050000	-2.312000	-6.171300	6.673289
322	8	-2.034000	1.790000	-6.182800	6.750428
322	14	-4.230000	-2.594000	-4.981000	7.030796
322	16	1.100000	-0.370000	-7.051000	7.145873
322	18	-3.512000	0.080000	-5.267000	6.331021
322	20	3.080000	2.500000	-5.583000	6.848817
322	22	1.580000	-0.620000	-6.644800	6.858146
322	24	0.330000	-5.060000	-4.121000	6.534152
322	26	4.790000	-2.300000	-3.521000	6.374287
322	28	-1.834300	0.270000	-6.987900	7.229682
322	1	-1.930000	-1.580000	-5.461150	6.003787
322	3	0.500000	0.980000	-6.482300	6.574999
322	5	4.320000	2.344000	-3.675000	6.136967
322	7	-3.720000	2.495000	-5.382000	7.002096
322	9	3.390000	0.434000	-6.039800	6.939715
322	13	-1.120000	-0.130000	-6.073900	6.177666
322	15	-0.900000	1.460000	-6.706800	6.922627
322	17	-3.000000	1.990000	-4.494000	5.758137
322	19	-1.810000	-2.290000	-6.398400	7.032761
322	21	0.170000	-3.864000	-3.421000	5.163588
322	23	-3.250000	2.020000	-5.864000	7.002099
322	27	-0.620000	-0.360000	-7.123000	7.158989
323	0	-2.620000	-2.630000	-5.584900	6.706147
323	2	1.868000	-0.550000	-5.735300	6.056863
323	6	2.720000	-1.420000	-6.495000	7.183302
323	8	-5.493000	-0.790000	-3.266000	6.439247
323	14	-2.510000	3.501000	-5.345100	6.864925
323	16	3.510000	0.647000	-6.137100	7.099486
323	18	-2.711000	-5.000000	-4.071000	6.994467
323	20	3.370000	2.140000	-4.979000	6.381766
323	22	-4.290000	0.170000	-3.921000	5.814399
323	24	1.250000	-6.240000	-2.739000	6.928364
323	28	2.598000	3.700000	-3.307000	5.601415
323	1	2.390000	-1.570000	-6.086000	6.724314
323	3	2.300000	-2.430000	-5.908900	6.790434
323	5	0.830000	-0.900000	-6.983000	7.089513
323	7	-2.360000	-1.809000	-5.567825	6.312112
323	9	-3.030000	3.270000	-5.550800	7.119353
323	13	-3.810000	0.590000	-5.460000	6.683996
323	15	0.560000	1.950000	-6.829000	7.123998
323	17	-1.830000	-4.530000	-2.318000	5.407673
323	19	-3.390000	-3.610000	-3.799000	6.241522
323	21	-2.230000	5.241990	-3.564000	6.719632
323	23	-2.350000	1.130000	-5.751300	6.314812
324	0	-2.760000	-0.850000	-5.726000	6.413047
324	2	0.071000	5.770000	-4.125000	7.093206
324	4	-3.150000	-3.850000	-3.821000	6.272563
324	6	1.980000	1.501000	-4.367000	5.024350
324	8	0.055000	-2.330000	-6.633000	7.030549
324	14	-0.860000	-1.776000	-6.130800	6.440534
324	16	4.690000	-1.380000	-4.962000	6.965769
324	18	-0.868000	-4.680000	-5.247000	7.084267
324	20	1.020000	1.650000	-6.617000	6.895476
324	22	1.370000	-1.290000	-6.806000	7.061348
324	24	5.560000	-2.090000	-1.585000	6.147676
324	28	0.992000	0.000000	-7.302800	7.369868
324	1	2.450000	0.440000	-6.486000	6.947251
324	3	4.580000	-3.050000	-4.024000	6.816999
324	5	-3.250000	-2.210000	-3.857000	5.506637
324	7	-4.650000	-2.662000	-4.815800	7.204212
324	9	-1.110000	-0.684000	-6.785700	6.909825
324	11	1.870000	-3.050000	-6.549000	7.462493
324	13	2.490000	-1.100000	-6.672000	7.205948
324	15	2.770000	0.940000	-5.869000	6.557565
324	17	2.940000	0.180000	-5.662130	6.382454
324	19	0.760000	-0.880000	-5.956000	6.068438
324	21	-2.330000	1.890200	-6.365000	7.036688
324	23	-1.400000	-5.380000	-1.985000	5.902934
325	0	-2.930000	4.490000	-3.746000	6.540452
325	2	-5.409000	-0.190000	-3.614000	6.508024
325	4	-5.320000	1.000000	-2.241000	5.858710
325	6	-3.960000	0.220000	-5.977400	7.173515
325	8	2.754000	2.640000	-5.161000	6.417946
325	12	-0.200000	1.700000	-4.939000	5.227210
325	14	-0.420000	-5.245000	-5.133900	7.351419
325	16	1.280000	-1.780000	-6.125800	6.506322
325	18	-1.246000	-1.440000	-6.893000	7.151193
325	20	-4.830000	1.740000	-5.033000	7.189408
325	22	1.470000	-2.900000	-5.166000	6.103971
325	24	4.820000	1.640000	-3.954000	6.446403
325	28	-0.673000	-0.280000	-6.699300	6.738839
325	1	5.180000	-2.130000	-3.331000	6.516507
325	3	0.540000	6.000000	-2.961000	6.712609
325	5	-0.320000	-5.780000	-3.696000	6.868130
325	7	-1.220000	3.325000	-5.134800	6.237804
325	9	1.310000	-1.981000	-6.340000	6.770233
325	11	5.110000	-3.320000	-1.194000	6.209681
325	13	2.690000	-0.500000	-6.704000	7.240837
325	15	-2.800000	3.380000	-6.036000	7.463089
325	17	0.850000	0.300000	-6.477300	6.539718
325	19	-3.170000	4.780000	-2.657000	6.321151
325	21	-1.090000	-3.621000	-2.774000	4.689863
325	23	-1.450000	0.490000	-6.636000	6.810220
325	25	-1.630000	-0.970000	-6.119400	6.406626
326	0	-0.220000	2.010000	-6.406100	6.717635
326	2	1.440000	1.370000	-6.014600	6.334502
326	4	0.550000	-6.060000	-3.642000	7.091563
326	6	-1.330000	-1.940000	-6.223500	6.653154
326	8	3.439000	1.770000	-5.060000	6.368926
326	14	-3.410000	1.991000	-5.986000	7.171079
326	16	-1.170000	-1.530000	-5.999200	6.300810
326	18	3.707000	1.280000	-5.682000	6.904011
326	20	0.730000	0.430000	-5.345000	5.411730
326	22	-2.640000	-0.180000	-6.252000	6.788925
326	24	-1.710000	-0.740000	-6.480700	6.743232
326	28	1.946000	0.700000	-6.043000	6.387078
326	1	3.600000	-2.540000	-4.837000	6.542795
326	3	3.310000	-1.020000	-5.502500	6.501846
326	5	-2.560000	0.020000	-6.340700	6.838017
326	7	0.910000	-2.050000	-6.509700	6.885259
326	9	-3.220000	3.791000	-4.893900	6.977846
326	11	1.340000	0.760000	-6.736000	6.909913
326	13	0.620000	-5.610000	-4.355000	7.128992
326	15	1.580000	-3.900000	-5.057000	6.578727
326	17	-3.600000	-1.430000	-5.717830	6.906409
326	19	1.020000	4.270000	-4.343000	6.175350
326	21	-3.300000	3.094800	-1.109000	4.658076
326	23	1.570000	0.660000	-6.858000	7.066305
327	0	-3.730000	4.360000	-3.663000	6.807354
327	2	1.997000	2.480000	-6.076700	6.860371
327	4	-0.970000	-0.290000	-6.840190	6.914709
327	6	4.490000	1.010000	-4.967400	6.771651
327	8	-4.380000	-1.750000	-5.125000	6.965093
327	14	0.710000	0.129000	-6.664000	6.702957
327	16	-1.250000	-1.700000	-5.969300	6.331275
327	18	-0.627000	-2.170000	-6.065000	6.471959
327	20	-0.570000	-1.200000	-6.925000	7.051278
327	22	2.010000	0.720000	-6.630000	6.965300
327	24	3.940000	-0.340000	-6.109000	7.277299
327	26	-0.150000	2.610000	-6.289000	6.810736
327	28	1.315000	1.250000	-5.711500	5.992742
327	1	1.440000	-4.310000	-5.192390	6.900044
327	3	1.460000	0.330000	-5.903700	6.090499
327	5	-1.990000	4.821000	-4.262000	6.735487
327	7	-2.510000	-3.374900	-3.924000	5.752202
327	9	-2.890000	-1.453000	-5.603300	6.469952
327	11	-1.380000	4.620000	-4.274000	6.443281
327	13	-1.150000	-3.460000	-5.955100	6.982644
327	15	-0.230000	5.310000	-2.529000	5.885987
327	17	-3.950000	0.300000	-4.978600	6.362308
327	19	-1.260000	2.400000	-6.614200	7.148094
327	21	-2.130000	0.726000	-6.639000	7.010014
327	23	0.940000	-1.060000	-6.804000	6.949936
327	27	1.140000	0.040000	-6.297200	6.399682
328	0	-3.160000	-3.670000	-3.776000	6.141065
328	2	-1.056500	-1.750000	-7.039000	7.329817
328	4	-0.580000	-4.360000	-5.256000	6.853578
328	6	2.310000	1.500000	-6.583840	7.136739
328	8	1.243000	2.630000	-6.213300	6.860543
328	14	-1.970000	-4.253000	-5.312000	7.084226
328	16	3.690000	2.029000	-5.483600	6.913958
328	18	-4.070000	0.070000	-4.366900	5.969892
328	20	1.290000	-0.870000	-6.536000	6.718653
328	24	-0.500000	3.150000	-6.030000	6.821539
328	26	-2.050000	0.310000	-6.335000	6.665645
328	28	1.100000	0.550000	-6.949100	7.057088
328	3	2.780000	-1.590000	-6.186720	6.966492
328	5	4.550000	0.870000	-4.712000	6.607749
328	7	-1.720000	-5.688000	-3.652000	6.974873
328	9	4.440000	-0.603000	-5.010100	6.721481
328	11	-1.640000	-4.400000	-5.194840	7.002568
328	13	-0.510000	5.720000	-1.499000	5.935107
328	15	0.130000	-1.220000	-7.183200	7.287226
328	17	3.010000	1.140000	-4.554000	5.576613
328	19	-2.560000	0.240000	-6.916000	7.378500
328	21	-5.130000	-1.385000	-4.853500	7.196637
328	23	1.580000	-1.620000	-6.864000	7.227399
328	27	-0.910000	0.970000	-6.670600	6.801904
329	0	1.500000	-3.860000	-6.298900	7.538285
329	2	-0.355710	-1.310000	-6.272700	6.417896
329	4	2.720000	-1.740000	-6.196000	6.986875
329	6	-3.180000	-2.647000	-5.614000	6.973952
329	8	-2.470000	5.450000	-2.425000	6.456317
329	14	-1.210000	-2.770000	-6.202000	6.899406
329	16	4.040000	2.182000	-5.236500	6.964457
329	18	-2.656000	5.900000	-2.537000	6.949871
329	20	-2.090000	-1.700000	-6.345000	6.893267
329	24	4.590000	-0.860000	-5.232000	7.012954
329	26	0.370000	0.320000	-6.907000	6.924301
329	28	2.593000	2.420000	-5.335000	6.406424
329	3	4.470000	3.860000	-1.781000	6.168668
329	5	1.350000	3.000000	-5.801400	6.669238
329	7	3.290000	-4.370300	-2.810000	6.149774
329	9	1.270000	-1.084000	-6.093000	6.317642
329	11	0.520000	4.700000	-2.632000	5.411823
329	13	-1.230000	1.470000	-6.617000	6.889012
329	15	-2.820000	-4.010000	-5.082000	7.061106
329	17	-0.520000	-4.980000	-3.417000	6.061905
329	19	-0.810000	0.250000	-6.845000	6.897291
329	21	-4.320000	-0.923000	-5.801000	7.291497
329	23	0.350000	2.490000	-6.816000	7.265016
329	27	-0.210000	-2.430000	-6.409000	6.857425
330	0	-3.120000	0.570000	-6.419700	7.160436
330	2	5.289700	2.960000	-2.936000	6.735178
330	4	3.250000	1.730000	-6.025900	7.061648
330	6	-1.020000	2.503000	-6.683200	7.209062
330	8	-2.874000	4.260000	-4.914000	7.110195
330	14	-3.610000	-1.501000	-5.765000	6.965653
330	16	0.960000	-0.770000	-6.689000	6.801266
330	18	-5.109000	-2.060000	-3.880700	6.738346
330	20	-2.660000	3.170000	-5.284000	6.711569
330	24	3.660000	1.400000	-5.912000	7.092767
330	26	2.550000	1.490000	-5.399930	6.154823
330	28	4.154000	-0.890000	-4.694000	6.330991
330	3	3.180000	-2.310000	-5.336825	6.627986
330	5	-2.350000	1.120000	-6.262000	6.781559
330	7	-1.880000	-5.618400	-2.208000	6.322664
330	9	2.790000	3.780000	-5.511200	7.241949
330	11	-2.120000	2.920000	-5.963000	6.969804
330	13	2.560000	-0.990000	-5.626000	6.259838
330	15	0.890000	-0.700000	-6.555300	6.652372
330	17	0.560000	-4.590000	-4.841100	6.694621
330	19	2.540000	-0.350000	-6.576500	7.058644
330	21	-1.640000	-4.379000	-5.369000	7.119789
330	23	1.800000	-0.510000	-6.018600	6.302670
330	27	1.480000	-1.620000	-6.092500	6.475597
331	0	4.860000	2.780000	-2.716000	6.222914
331	2	-2.390000	-2.090000	-6.281000	7.037838
331	4	2.080000	-0.090000	-6.292633	6.628102
331	6	-3.210000	-0.538000	-6.009100	6.833947
331	8	1.265000	5.680000	-3.021000	6.556605
331	14	-2.060000	1.950000	-5.395000	6.095254
331	16	2.250000	3.087000	-5.818700	6.960556
331	18	-0.276000	1.240000	-6.781000	6.898966
331	20	1.160000	-4.360000	-1.827000	4.867559
331	24	-0.870000	-2.220000	-6.542100	6.963072
331	26	3.760000	-3.470000	-3.145000	6.005791
331	28	-1.400000	-1.830000	-6.721000	7.104980
331	3	2.120000	0.590000	-6.995000	7.332975
331	5	0.830000	4.128000	-4.893000	6.455287
331	7	-1.450000	-0.876000	-6.436000	6.655221
331	9	3.840000	-2.417000	-5.525700	7.149885
331	11	3.460000	0.140000	-4.863100	5.970003
331	13	1.950000	1.870000	-6.009040	6.588472
331	15	0.910000	-0.370000	-6.924000	6.993338
331	17	2.020000	-2.650000	-4.823000	5.862101
331	19	1.510000	-1.590000	-6.221300	6.596421
331	21	3.730000	3.169800	-4.490400	6.642607
331	23	-2.500000	4.920000	-2.543000	6.076450
331	27	-1.830000	-5.000000	-3.730000	6.500908
332	0	-1.330000	-0.810000	-7.035100	7.205389
332	2	4.701000	2.390000	-2.933000	6.034401
332	4	-2.270000	4.900000	-4.660000	7.132917
332	6	-2.210000	-0.873000	-5.663500	6.141780
332	8	-3.660000	3.350000	-4.495000	6.695007
332	14	0.130000	-1.740000	-6.772000	6.993174
332	16	5.650000	-1.190000	-1.175000	5.892302
332	18	-4.719000	-3.370000	-4.487000	7.332055
332	20	-2.350000	-3.080000	-6.064000	7.195901
332	24	0.030000	-2.360000	-6.129000	6.567735
332	26	0.080000	-0.980000	-6.083000	6.161955
332	28	-0.710000	-0.400000	-7.138200	7.184567
332	3	-3.110000	1.650000	-5.881000	6.854251
332	5	0.870000	5.369000	-3.760600	6.612501
332	7	-4.680000	2.856000	-2.569000	6.054659
332	9	4.160000	-2.504000	-2.517000	5.469086
332	11	-2.120000	-3.660000	-3.672200	5.601344
332	13	-2.430000	-2.730000	-6.095320	7.107090
332	15	-1.470000	-3.880000	-5.428100	6.832245
332	17	-2.580000	-3.690000	-5.500950	7.108653
332	19	-0.940000	3.820000	-5.802300	7.010184
332	21	1.000000	-0.713000	-6.245000	6.364620
332	23	-2.460000	2.720000	-6.316000	7.303551
332	27	3.600000	2.930000	-3.841000	6.024797
333	0	-1.870000	2.690000	-6.438400	7.223987
333	2	4.296000	2.310000	-4.834200	6.867402
333	4	-0.580000	0.760000	-7.129400	7.193215
333	6	-1.250000	-1.851000	-5.676420	6.100036
333	8	2.499000	-0.260000	-6.892700	7.336342
333	14	0.580000	3.142000	-3.600000	4.813373
333	16	-1.330000	4.187000	-5.066000	6.705537
333	18	3.226000	2.560000	-5.731000	7.057268
333	20	4.470000	0.510000	-5.026000	6.745493
333	24	2.980000	1.340000	-5.215000	6.154041
333	26	-0.380000	-1.680000	-5.724400	5.977922
333	28	0.547000	2.610000	-6.276300	6.819329
333	3	-1.840000	-0.750000	-6.506500	6.803135
333	5	3.210000	0.560000	-6.138800	6.950005
333	7	-2.150000	-1.641300	-6.059000	6.635348
333	9	-1.080000	-1.337000	-7.232000	7.433424
333	11	0.860000	2.240000	-6.470000	6.900587
333	13	2.110000	2.500000	-6.439660	7.222972
333	15	-1.520000	-3.860000	-4.324000	5.992243
333	17	-1.640000	0.740000	-6.504600	6.748853
333	19	-2.240000	-1.240000	-2.492000	3.572851
333	21	2.930000	4.462000	-3.785000	6.543743
333	23	2.310000	4.270000	-4.170800	6.400357
333	27	1.180000	0.710000	-6.748000	6.887090
334	0	0.630000	2.190000	-6.513600	6.900724
334	2	-1.699000	-4.777000	-4.613600	6.855044
334	4	-2.170000	0.090000	-6.577100	6.926416
334	6	5.310000	1.610000	-3.495000	6.557684
334	8	-4.812000	-1.280000	-4.048000	6.417168
334	14	-2.320000	-3.910000	-3.959800	6.029139
334	16	-3.630000	-3.942000	-1.702000	5.622550
334	18	-4.559000	1.330000	-2.790000	5.507947
334	20	-1.360000	2.440000	-5.844000	6.477309
334	24	-2.120000	-2.720000	-5.367000	6.379458
334	26	0.460000	-3.140000	-6.493000	7.227050
334	28	4.945000	2.530000	-3.884000	6.777860
334	3	-2.760000	0.170000	-6.490000	7.054545
334	5	-0.910000	2.475000	-5.977200	6.533043
334	7	3.390000	-0.777000	-6.389000	7.274280
334	9	-1.820000	-0.605000	-6.767000	7.033542
334	11	4.910000	2.470000	-3.515000	6.524126
334	13	1.340000	1.880000	-6.715000	7.100790
334	15	-1.150000	-5.590000	-3.975000	6.954942
334	17	0.560000	-5.680000	-2.482000	6.223851
334	19	0.580000	-0.310000	-6.945000	6.976068
334	21	-1.920000	-1.656000	-5.876000	6.399696
334	23	2.460000	4.650000	-3.586000	6.366592
334	27	-3.520000	-2.210000	-4.046000	5.800398
335	0	5.820000	-0.400000	-3.046000	6.581073
335	2	2.202240	0.440000	-6.748000	7.111889
335	4	4.110000	1.600000	-5.542000	7.082786
335	6	-1.120000	-1.648000	-6.324700	6.631149
335	8	-3.978000	-1.740000	-4.497000	6.251007
335	14	-3.960000	-1.650000	-5.171600	6.719341
335	16	-0.440000	2.752000	-6.189000	6.787549
335	18	-1.566000	3.670000	-5.425000	6.734381
335	20	0.800000	2.430000	-6.583000	7.062633
335	24	0.690000	-0.120000	-6.415000	6.453117
335	26	0.640000	-1.640000	-6.977000	7.195674
335	28	-1.905000	3.810000	-3.438000	5.474027
335	3	0.320000	2.010000	-6.681400	6.984526
335	5	0.250000	3.396000	-5.523400	6.488703
335	7	2.070000	0.030000	-6.170000	6.508049
335	9	1.040000	-5.511000	-3.518000	6.620351
335	11	4.070000	3.130000	-3.917000	6.457917
335	13	-1.610000	0.560000	-5.578000	5.832648
335	15	3.750000	0.150000	-5.912300	7.002877
335	17	1.840000	1.150000	-6.371900	6.731212
335	19	3.340000	3.800000	-3.810900	6.333921
335	21	3.810000	-0.722000	-6.631000	7.681637
335	23	3.790000	0.500000	-5.522300	6.716390
335	27	2.230000	-3.240000	-5.447250	6.718856
336	0	4.960000	1.430000	-4.499000	6.847445
336	2	-2.093000	-1.290000	-6.512890	6.961500
336	4	-0.250000	-0.470000	-6.723100	6.744144
336	6	2.140000	4.608000	-4.150000	6.560165
336	8	1.200000	-0.130000	-6.719300	6.826851
336	14	-4.610000	2.760000	-3.178000	6.242546
336	16	-0.450000	2.122000	-6.541000	6.891304
336	18	-3.187000	-2.560000	-4.687700	6.219735
336	20	0.210000	3.200000	-6.591000	7.329760
336	24	4.690000	-2.480000	-2.626000	5.919660
336	26	-2.510000	-4.510000	-1.803000	5.467267
336	28	1.535000	1.830000	-6.636900	7.053621
336	3	-2.100000	-4.340000	-4.171000	6.375174
336	5	-2.088000	1.220000	-6.434900	6.874306
336	7	-1.640000	2.432000	-5.386000	6.132962
336	9	0.390000	3.390000	-6.157600	7.039903
336	11	3.380000	-3.760000	-3.588000	6.199657
336	13	-0.980000	2.420000	-6.280400	6.801487
336	15	-1.710000	-2.040000	-6.466200	6.992671
336	17	5.590000	-0.020000	-3.928000	6.832107
336	19	3.610000	-1.310000	-5.989000	7.114515
336	21	3.830000	3.476000	-4.070000	6.581518
336	23	3.850000	0.570000	-5.632600	6.846428
336	27	-1.290000	-5.420000	-2.239000	6.004467
337	0	0.850000	0.030000	-7.311100	7.360406
337	2	-5.173000	2.550000	-1.145000	5.879920
337	4	-3.340000	1.240000	-5.272000	6.362954
337	6	4.270000	2.895000	-3.273000	6.109538
337	8	-4.650000	2.900000	-3.988000	6.777658
337	10	-4.340000	0.320000	-5.561000	7.061354
337	14	3.770000	-1.710000	-3.983000	5.744675
337	16	-2.110000	0.030000	-7.144000	7.449143
337	18	0.934000	4.540000	-3.743800	5.958187
337	20	4.100000	1.510000	-4.970000	6.617477
337	24	1.650000	-0.790000	-6.650100	6.897132
337	26	0.840000	0.860000	-5.906000	6.027108
337	28	4.466000	2.050000	-1.987000	5.300549
337	3	-3.900000	-1.410000	-4.236300	5.928266
337	5	1.790000	3.914000	-3.636000	5.634181
337	7	3.090000	-0.777000	-5.938000	6.738818
337	9	2.640000	-5.115000	-3.503000	6.738237
337	11	-0.670000	-0.460000	-6.008400	6.063116
337	13	-0.600000	1.130000	-7.001100	7.117043
337	15	2.950000	-0.550000	-5.931000	6.646936
337	17	4.810000	-2.560000	-3.510000	6.481497
337	19	1.410000	2.650000	-5.516000	6.279877
337	21	-3.480000	-1.528000	-6.020000	7.119381
337	23	-2.040000	3.970000	-4.602000	6.410999
337	27	0.600000	-2.720000	-6.034800	6.646594
337	29	-1.120000	1.260000	-6.960400	7.161646
338	0	3.830000	0.580000	-5.920000	7.074723
338	2	-1.671000	1.160000	-6.532900	6.842267
338	4	-3.980000	0.330000	-3.485000	5.300427
338	6	-4.770000	-1.541000	-3.559000	6.147688
338	8	-0.092000	0.890000	-6.870400	6.928417
338	10	2.410000	4.050000	-5.175000	6.999373
338	14	0.940000	-2.810000	-5.196300	5.981742
338	16	-2.790000	-3.240000	-5.238630	6.762022
338	18	3.289000	1.260000	-4.843000	5.988303
338	20	1.930000	-0.320000	-6.877000	7.149855
338	24	0.400000	1.560000	-6.484000	6.681007
338	26	-2.350000	3.540000	-4.636000	6.288608
338	28	0.240000	-1.160000	-7.077000	7.175453
338	3	-3.960000	-0.720000	-5.731100	7.003250
338	5	-3.386000	2.530000	-4.209000	5.965030
338	7	2.460000	0.964000	-5.387900	6.000863
338	9	0.530000	-2.425000	-7.009000	7.435564
338	11	2.610000	-3.280000	-5.645400	7.031432
338	13	3.090000	-2.130000	-5.824600	6.928995
338	15	-4.370000	-2.860000	-4.440000	6.854933
338	17	2.070000	1.310000	-5.391300	5.921749
338	19	-0.880000	2.180000	-6.796000	7.191135
338	21	0.340000	1.514000	-6.779000	6.954325
338	23	0.280000	-0.050000	-6.984000	6.989789
338	27	-1.790000	-0.750000	-7.174500	7.432365
338	29	-4.640000	0.940000	-3.566000	5.927019
339	0	-1.450000	4.790000	-4.456000	6.700935
339	2	3.979600	-0.440000	-4.327000	5.895231
339	4	1.260000	2.070000	-7.260800	7.654523
339	6	-3.600000	2.235000	-4.619000	6.268204
339	8	-5.889000	-2.230000	-3.284000	7.101963
339	14	2.770000	3.250000	-5.248800	6.766484
339	16	1.190000	2.046000	-4.723300	5.283160
339	18	-1.670000	0.860000	-6.834000	7.087458
339	20	0.110000	4.030000	-5.561000	6.868604
339	24	-3.320000	4.250000	-2.321000	5.871281
339	26	0.940000	2.940000	-6.030000	6.774076
339	28	2.800000	-1.730000	-5.917100	6.770892
339	3	2.690000	-0.800000	-6.219700	6.823545
339	5	0.381000	1.210000	-7.068000	7.180939
339	7	2.120000	-0.594000	-6.673000	7.026818
339	9	-0.790000	1.470000	-6.699000	6.903738
339	13	-3.560000	1.490000	-4.549000	5.965493
339	15	-3.840000	2.260000	-4.629000	6.425017
339	17	3.690000	-2.670000	-5.468700	7.116999
339	19	3.330000	-2.720000	-4.726700	6.389757
339	21	-2.810000	2.248000	-5.605000	6.660753
339	23	-2.490000	1.880000	-5.851000	6.630890
339	27	-0.320000	-2.050000	-6.544200	6.865235
339	29	-1.640000	-1.240000	-6.184200	6.517018
340	0	0.770000	-4.820000	-3.519000	6.017363
340	2	1.911000	-0.980000	-6.240300	6.599520
340	4	-1.690000	-0.220000	-6.193000	6.423220
340	6	-2.910000	1.183000	-6.368700	7.101262
340	8	-3.730000	4.640000	-1.421000	6.120600
340	14	-3.740000	0.600000	-5.612000	6.770683
340	16	2.380000	3.398000	-4.852000	6.383785
340	18	-5.100000	-1.310000	-4.226000	6.751679
340	20	-1.180000	1.760000	-6.551000	6.885173
340	24	2.290000	2.230000	-6.303000	7.067164
340	26	-3.030000	1.450000	-5.698000	6.614424
340	28	1.735000	2.470000	-6.354200	7.034698
340	3	1.850000	-4.220000	-4.861700	6.698285
340	5	2.791000	1.020000	-6.132700	6.814697
340	7	3.890000	-0.177000	-5.403000	6.660018
340	9	-1.310000	-0.590000	-6.197900	6.362245
340	13	1.810000	-2.620000	-6.419400	7.165835
340	15	0.960000	2.150000	-6.564700	6.974194
340	17	4.480000	-2.890000	-2.305000	5.808229
340	19	2.590000	0.380000	-5.571500	6.155819
340	21	-0.260000	1.168000	-7.089000	7.189280
340	23	1.520000	0.210000	-7.008000	7.174020
340	27	4.590000	-2.410000	-4.014000	6.556554
340	29	2.120000	-3.260000	-5.638200	6.849182
341	0	-2.800000	2.330000	-4.031000	5.433034
341	2	1.072000	6.040000	-3.925000	7.282610
341	4	-0.750000	2.710000	-6.149500	6.761875
341	6	2.190000	2.347000	-6.412000	7.170652
341	8	-0.311000	-1.440000	-6.677800	6.838372
341	14	-0.050000	0.480000	-7.079000	7.095431
341	16	0.090000	0.325000	-7.039000	7.047074
341	18	-1.520000	-1.200000	-6.696000	6.970424
341	20	1.620000	3.570000	-6.006000	7.172262
341	22	-0.890000	-3.410000	-5.914000	6.884446
341	24	3.050000	2.250000	-5.759000	6.894279
341	26	-2.730000	-0.860000	-6.494000	7.096798
341	28	-0.769000	1.900000	-6.883000	7.181716
341	1	4.470000	-0.030000	-5.893000	7.396570
341	3	-3.220000	1.880000	-5.259930	6.447454
341	5	-2.094000	-1.780000	-6.039660	6.635565
341	7	2.270000	-2.118000	-5.296800	6.139618
341	9	-3.010000	0.500000	-5.781500	6.537266
341	13	3.600000	-3.970000	-2.216000	5.799272
341	15	-0.200000	-3.170000	-6.803230	7.508185
341	17	3.990000	-1.700000	-5.680700	7.147059
341	19	2.550000	3.620000	-4.914200	6.614852
341	21	-2.500000	-4.504000	-4.443400	6.802927
341	23	-1.650000	0.310000	-6.571500	6.782567
341	27	-2.690000	1.740000	-6.923000	7.628344
341	29	1.970000	-2.160000	-6.801000	7.402709
342	0	0.660000	-4.560000	-4.842000	6.683873
342	2	-0.519000	-2.660000	-6.646010	7.177354
342	4	-2.750000	-0.840000	-6.019300	6.670837
342	6	3.310000	1.132000	-3.170000	4.720850
342	8	1.867000	-0.570000	-6.151700	6.453991
342	14	1.140000	0.170000	-6.291000	6.395716
342	16	-2.520000	1.081000	-6.349000	6.915834
342	18	-2.050000	4.020000	-3.391500	5.644924
342	20	2.050000	4.390000	-3.887000	6.211551
342	22	2.550000	-4.050000	-3.046000	5.673016
342	24	1.400000	-3.130000	-6.506000	7.354246
342	26	-1.280000	0.000000	-3.974600	4.175625
342	28	2.084000	-1.310000	-6.504700	6.954874
342	1	0.440000	2.560000	-5.867000	6.416299
342	3	-1.120000	-0.850000	-6.694000	6.840068
342	5	1.712000	2.860000	-5.368000	6.318700
342	7	-0.520000	5.212000	-4.710800	7.044642
342	9	-0.340000	4.300000	-4.416000	6.173059
342	13	-4.090000	3.500000	-4.079000	6.753987
342	15	1.010000	2.480000	-6.508500	7.037832
342	17	-0.730000	4.810000	-4.644300	6.725959
342	19	-3.600000	1.570000	-5.392700	6.671290
342	21	-5.800000	-1.484000	-1.617000	6.201366
342	23	1.190000	-2.540000	-5.061000	5.786313
342	27	2.890000	0.240000	-6.049000	6.708211
342	29	3.090000	0.200000	-6.301000	7.020734
343	0	-5.150000	-0.790000	-3.983000	6.558269
343	2	-2.372000	-5.180000	-3.478000	6.674973
343	4	0.890000	-1.940000	-6.454800	6.798540
343	6	-2.060000	-4.919900	-1.556000	5.556091
343	8	-1.156000	1.610000	-6.270400	6.576196
343	14	-4.420000	-4.210000	-2.301000	6.523427
343	16	5.400000	0.459000	-4.759560	7.212773
343	18	-4.482000	-0.270000	-5.289000	6.937921
343	20	0.540000	3.930000	-5.339000	6.651422
343	22	2.340000	-2.920000	-5.463000	6.621659
343	24	-0.420000	-1.000000	-6.716000	6.803018
343	26	3.170000	4.255000	-3.800000	6.526402
343	28	-3.363000	-0.290000	-5.820300	6.728281
343	1	0.590000	-0.090000	-6.252000	6.280422
343	3	6.260000	0.790000	-0.913000	6.375364
343	5	-2.273000	1.000000	-6.741100	7.183938
343	7	1.060000	-1.265000	-6.689000	6.889597
343	9	-0.190000	-5.292000	-2.622000	5.908997
343	13	-0.600000	1.250000	-6.755000	6.895834
343	15	-3.870000	1.350000	-6.116600	7.362893
343	17	0.220000	-2.120000	-6.555000	6.892810
343	19	-3.170000	-2.940000	-5.939000	7.346034
343	21	-3.780000	-4.500000	-1.161000	5.990519
343	23	-1.770000	-2.600000	-5.969100	6.747078
343	27	1.970000	-3.500000	-5.595800	6.887952
343	29	1.310000	-1.570000	-4.793000	5.210936
344	0	-3.640000	2.520000	-5.615000	7.150400
344	2	-4.919000	1.210000	-4.361000	6.684234
344	4	-2.310000	4.340000	-2.446000	5.491322
344	6	3.170000	0.607000	-6.417500	7.183429
344	8	-2.279000	-0.140000	-7.013500	7.375813
344	12	1.070000	-3.570000	-5.699000	6.809435
344	14	-0.800000	5.260000	-2.969000	6.092829
344	16	0.160000	-1.043000	-7.117000	7.194799
344	18	0.612000	-1.320000	-7.307000	7.450449
344	20	0.360000	6.780000	-1.344000	6.921296
344	24	0.010000	-4.180000	-5.072000	6.572495
344	26	-0.930000	-5.250000	-3.362300	6.303369
344	28	4.800000	3.070000	-4.388000	7.191623
344	1	0.730000	-0.760000	-7.192000	7.268794
344	3	-1.600000	2.350000	-6.744000	7.318746
344	5	5.368000	-1.060000	-3.576000	6.536574
344	7	0.390000	-1.981000	-6.049000	6.377057
344	9	2.800000	-3.485000	-5.207600	6.863259
344	15	5.480000	-1.300000	-3.077000	6.417813
344	17	1.300000	1.100000	-6.773000	6.983805
344	19	1.610000	-2.560000	-5.709000	6.460525
344	21	-2.530000	4.772700	-4.528900	7.049149
344	23	-1.650000	0.910000	-6.067600	6.353453
344	25	3.630000	0.830000	-6.015400	7.074662
344	27	1.240000	2.890000	-6.128000	6.887821
344	29	-0.580000	3.070000	-6.331000	7.059948
345	0	-1.700000	-1.470000	-5.844900	6.262089
345	2	-2.224000	-3.760000	-4.564000	6.317743
345	4	-5.070000	0.350000	-4.283000	6.646163
345	6	-4.640000	-0.003000	-5.431300	7.143433
345	8	0.040000	-1.020000	-6.996000	7.070079
345	12	3.110000	-2.380000	-5.211000	6.518514
345	14	-3.500000	-3.360000	-3.424000	5.938297
345	16	4.310000	-0.710000	-4.653200	6.382199
345	18	4.874000	2.420000	-2.637000	6.046986
345	20	-0.870000	4.720000	-2.969000	5.643604
345	24	4.220000	-1.290000	-5.751600	7.249373
345	26	2.500000	0.531000	-6.155000	6.664532
345	28	-4.110000	3.820000	-2.977000	6.351931
345	1	-1.770000	-3.780000	-4.103160	5.852967
345	3	5.380000	1.690000	-3.598100	6.689307
345	5	3.368000	0.330000	-6.311000	7.161078
345	7	4.740000	-2.938000	-3.483600	6.575326
345	9	-4.000000	4.150000	-3.062000	6.526741
345	15	-3.600000	-2.940000	-4.141000	6.225069
345	17	3.470000	2.630000	-5.602300	7.095320
345	19	1.460000	-2.210000	-6.732000	7.234330
345	21	-4.440000	0.447000	-4.971200	6.680287
345	23	-1.060000	3.550000	-6.386800	7.383584
345	25	3.130000	-0.760000	-6.464000	7.222035
345	27	4.570000	-0.480000	-5.785000	7.387931
345	29	-1.910000	-1.140000	-6.721000	7.079516
346	0	0.010000	-2.260000	-5.038000	5.521698
346	2	4.509000	1.360000	-4.400000	6.445206
346	4	1.710000	2.020000	-6.384900	6.911689
346	6	-1.800000	-1.870000	-6.418500	6.923442
346	8	-3.974000	0.770000	-5.614000	6.921168
346	12	2.870000	1.630000	-6.437000	7.233863
346	14	1.490000	-2.910000	-6.175000	6.987047
346	16	-1.020000	-1.502000	-6.861000	7.097163
346	18	3.540000	-0.950000	-5.820000	6.877972
346	20	0.340000	-5.310000	-4.114000	6.725823
346	24	-0.700000	4.710000	-3.680000	6.018015
346	26	3.090000	2.942000	-4.908090	6.503292
346	28	0.840000	-0.530000	-6.227300	6.306010
346	1	-3.970000	-0.130000	-4.042600	5.667488
346	3	-1.250000	-2.090000	-6.248000	6.705826
346	5	1.898000	-1.950000	-6.134800	6.711235
346	7	-4.510000	-0.112000	-4.039290	6.055453
346	9	-1.360000	3.670000	-5.829900	7.021840
346	15	2.440000	-2.030000	-5.726000	6.546875
346	17	-2.000000	-4.830000	-1.325000	5.393007
346	19	-3.770000	-2.010000	-5.074540	6.633548
346	21	-0.840000	3.074250	-5.811300	6.627807
346	23	-4.760000	-2.210000	-4.603000	6.980638
346	25	0.280000	3.840000	-5.774700	6.940545
346	27	-0.760000	1.940000	-6.694000	7.010766
346	29	-4.180000	-3.610000	-3.488000	6.532277
347	0	3.430000	-3.780000	-3.381000	6.122455
347	2	-2.876000	0.560000	-6.004000	6.680793
347	4	-1.460000	-1.180000	-5.966000	6.254371
347	6	3.460000	-0.454000	-5.790100	6.760397
347	8	-3.436000	-3.620000	-1.838000	5.318716
347	12	6.650000	0.670000	-2.153000	7.021881
347	14	-4.190000	-3.180000	-3.747700	6.458619
347	16	-1.140000	-2.040000	-6.155000	6.583709
347	18	-4.460000	-0.900000	-5.743200	7.327069
347	20	-3.380000	-0.370000	-5.041000	6.080541
347	24	1.200000	2.710000	-5.893000	6.596328
347	26	-0.070000	3.062000	-6.245900	6.956437
347	28	-3.536000	1.880000	-5.877700	7.112317
347	1	2.210000	3.160000	-5.321000	6.571358
347	3	-0.260000	2.780000	-5.743800	6.386489
347	5	-3.986000	0.000000	-5.884000	7.107014
347	7	1.120000	3.074000	-5.477000	6.379765
347	9	-1.230000	-2.040000	-6.307900	6.742707
347	15	-6.238000	2.150000	-2.275000	6.979310
347	17	-1.160000	4.030000	-5.162440	6.651112
347	19	-4.430000	-0.130000	-2.639000	5.158112
347	21	0.350000	4.894000	-5.307800	7.228172
347	23	-4.590000	1.080000	-4.668000	6.635113
347	25	1.770000	-1.220000	-5.944000	6.320794
347	27	2.570000	-1.130000	-6.203000	6.808745
347	29	-3.810000	1.190000	-5.122700	6.494171
348	0	-0.470000	0.430000	-6.519480	6.550528
348	2	2.320200	-2.110000	-6.149000	6.902581
348	4	-2.660000	-0.590000	-6.319000	6.881385
348	6	-0.190000	4.100000	-4.441000	6.047196
348	8	2.572000	0.860000	-6.267000	6.828622
348	12	1.170000	-2.760000	-6.512000	7.168866
348	14	-1.850000	-3.230000	-6.107000	7.151982
348	16	4.930000	-1.485000	-5.087900	7.238567
348	18	-2.810000	4.800000	-3.255000	6.444465
348	20	3.050000	0.970000	-5.484000	6.349619
348	24	3.990000	0.270000	-4.806000	6.252250
348	26	-3.080000	0.730000	-6.396100	7.136483
348	28	0.609000	-1.710000	-6.253000	6.511144
348	1	0.920000	-0.050000	-7.444000	7.500802
348	3	3.730000	3.620000	-4.142600	6.646686
348	5	-3.728000	0.820000	-4.160000	5.645882
348	7	-0.500000	-5.553000	-3.501350	6.583712
348	9	3.400000	3.390000	-4.666000	6.695047
348	15	-5.540000	-0.770000	-4.153000	6.966485
348	17	5.360000	-2.550000	-3.244000	6.764291
348	19	3.620000	3.150000	-3.887000	6.175408
348	21	-0.480000	-1.658000	-6.912100	7.124359
348	23	3.250000	-1.070000	-6.231700	7.109253
348	25	-0.710000	-2.030000	-6.269000	6.627621
348	27	0.750000	0.750000	-6.836000	6.917796
348	29	-1.900000	-2.360000	-4.789000	5.666932
349	0	-1.300000	-4.300000	-3.828000	5.901998
349	2	-1.093000	4.330000	-3.916000	5.939580
349	4	0.050000	-2.270000	-7.083300	7.438316
349	6	2.780000	3.123000	-6.079400	7.378390
349	8	1.674000	2.060000	-5.612000	6.208093
349	12	0.560000	-0.360000	-6.541000	6.574791
349	14	0.210000	1.320000	-6.699000	6.831040
349	16	5.990000	-1.930000	-3.608000	7.254148
349	18	-1.180000	-0.770000	-6.506000	6.656826
349	20	-1.390000	1.930000	-6.551000	6.969405
349	24	2.790000	5.110000	-3.600000	6.845159
349	26	0.970000	2.214000	-6.128000	6.587494
349	28	-1.783000	0.910000	-7.037500	7.316666
349	1	-1.090000	-3.900000	-4.196600	5.831771
349	3	-0.340000	-1.270000	-7.030000	7.151881
349	5	-1.859000	-0.430000	-6.030000	6.324688
349	7	2.770000	-3.903000	-2.503900	5.401465
349	9	2.980000	-1.461000	-5.594100	6.504527
349	15	-4.310000	0.400000	-4.083000	5.950377
349	17	1.880000	2.430000	-6.158000	6.881879
349	19	-1.310000	-2.540000	-6.500100	7.100634
349	21	2.340000	-3.067000	-4.834000	6.184630
349	23	-3.180000	-0.880000	-5.655600	6.547718
349	25	-3.230000	0.140000	-5.125800	6.060225
349	27	-1.660000	4.620000	-4.231000	6.480846
349	29	2.620000	4.110000	-4.865000	6.886561
350	0	-2.470000	-5.170000	-3.166000	6.546247
350	2	-3.865000	2.320000	-4.871000	6.636811
350	4	-1.600000	-0.610000	-6.985900	7.192698
350	6	-0.560000	1.293000	-6.133000	6.292785
350	8	-2.287000	-2.930000	-5.901000	6.974028
350	14	-1.820000	-3.400000	-4.453000	5.890807
350	16	4.650000	-1.750000	-3.433000	6.039080
350	18	-0.540000	-4.880000	-4.046900	6.362657
350	20	-4.350000	-3.380000	-3.954000	6.780930
350	24	1.530000	4.950000	-3.418000	6.206942
350	26	1.310000	-4.930000	-3.161000	6.001077
350	28	-4.498000	-3.120000	-2.762000	6.131480
350	1	-1.700000	3.610000	-4.605900	6.093965
350	3	-3.310000	3.940000	-4.144500	6.607313
350	5	-0.929000	-2.010000	-5.570000	5.994000
350	7	1.680000	3.478000	-4.721000	6.099732
350	9	-2.720000	1.340000	-6.930670	7.564931
350	15	3.370000	-2.820000	-5.363000	6.933330
350	17	-3.730000	-0.210000	-5.662800	6.784121
350	19	-1.210000	-2.220000	-5.354100	5.921055
350	21	0.760000	2.826900	-6.433600	7.068251
350	23	0.030000	1.800000	-5.321400	5.617668
350	27	1.970000	2.250000	-5.981000	6.686984
350	29	0.770000	-3.770000	-4.892000	6.223943
351	0	-0.480000	-1.360000	-6.988400	7.135666
351	2	1.296600	0.220000	-6.889000	7.013408
351	4	-2.440000	3.610000	-4.576000	6.318661
351	6	-3.850000	0.971000	-4.200000	5.779735
351	8	-0.494000	-1.740000	-6.987000	7.217327
351	10	-0.840000	4.600000	-5.505000	7.222924
351	14	0.770000	1.940000	-7.136000	7.434985
351	16	1.340000	-0.340000	-7.024000	7.158755
351	18	-4.086000	0.690000	-5.631800	6.992043
351	20	-1.610000	2.020000	-5.875000	6.417798
351	24	2.080000	-0.230000	-6.583000	6.907618
351	26	4.150000	1.770000	-5.830000	7.371859
351	28	0.319000	0.930000	-5.484000	5.571438
351	1	-3.010000	-4.330000	-4.186700	6.733310
351	3	-1.030000	-5.080000	-4.453000	6.833484
351	5	4.312000	2.880000	-2.850000	5.916945
351	7	2.970000	-2.108000	-6.087000	7.093387
351	9	4.348000	-0.669000	-3.948000	5.910953
351	11	-2.050000	0.860000	-7.191000	7.526791
351	15	-4.254000	-2.030000	-4.847000	6.760978
351	17	3.410000	-2.400000	-5.746100	7.099702
351	19	4.110000	-3.360000	-4.923000	7.240002
351	21	2.090000	-0.214000	-6.302000	6.642974
351	23	-3.130000	1.850000	-5.542600	6.628711
351	27	2.930000	2.980000	-5.482400	6.893621
351	29	3.100000	0.980000	-5.819200	6.665845
352	0	-0.940000	-1.170000	-6.722200	6.887704
352	2	1.946100	1.090000	-5.433000	5.873065
352	4	1.490000	-2.770000	-5.960700	6.739655
352	6	-0.160000	-2.808100	-4.207200	5.060786
352	8	4.295600	2.480000	-3.536000	6.091459
352	10	-0.750000	3.730000	-5.369000	6.580392
352	14	-0.390000	0.780000	-7.530000	7.580330
352	16	2.950000	-3.350000	-5.350500	6.967988
352	18	4.030000	-1.630000	-4.404640	6.188591
352	20	-3.640000	0.290000	-5.956000	6.986246
352	24	4.390000	-3.000000	0.153000	5.319352
352	26	5.170000	-1.600000	-2.451000	5.941069
352	28	2.874000	-3.420000	-3.340000	5.577802
352	1	1.910000	3.300000	-5.794600	6.936533
352	3	2.640000	-3.250000	-5.018700	6.536012
352	5	4.920000	-0.610000	-3.425000	6.025705
352	7	4.130000	1.048000	-4.215200	5.993589
352	9	-0.040000	1.559000	-6.936100	7.109259
352	11	-0.170000	-3.130000	-5.369000	6.217070
352	15	1.190000	2.690000	-6.421000	7.062679
352	17	-3.240000	-1.340000	-5.078900	6.171582
352	19	1.590000	-4.300000	-4.127000	6.168487
352	21	2.560000	3.297000	-5.080000	6.574968
352	23	0.200000	-2.120000	-5.971200	6.339529
352	27	1.430000	-4.500000	-5.250520	7.061364
352	29	-2.500000	-2.860000	-6.706000	7.707142
353	0	-2.270000	3.680000	-4.958000	6.578531
353	2	-4.075000	-4.994000	-2.751000	7.008114
353	4	1.640000	5.730000	-2.286000	6.383439
353	6	-1.210000	-2.289000	-6.963000	7.428795
353	8	3.496800	-3.910000	-3.787000	6.469705
353	10	1.630000	-1.350000	-7.278100	7.579587
353	14	0.850000	-5.920000	-2.951200	6.669219
353	16	5.380000	2.130000	-3.633500	6.832541
353	18	-5.534000	0.460000	-3.781320	6.718269
353	20	-4.050000	-3.170000	-4.081000	6.565513
353	24	0.540000	-3.340000	-5.704000	6.631954
353	26	3.180000	2.409000	-4.383100	5.926824
353	28	-1.354000	-1.170000	-7.060600	7.283837
353	1	2.210000	-0.370000	-6.079000	6.478830
353	3	-2.670000	1.290000	-5.693000	6.418976
353	5	2.495000	2.070000	-6.175200	6.974455
353	7	-1.430000	3.064000	-6.367000	7.209139
353	9	-5.170000	2.183000	-3.228000	6.474131
353	11	-2.250000	0.100000	-6.543100	6.919874
353	15	0.200000	-3.080000	-6.002000	6.749104
353	17	-0.950000	2.900000	-5.687200	6.454204
353	19	2.870000	0.120000	-6.595000	7.193422
353	21	-3.430000	-1.410500	-5.518800	6.649178
353	23	-3.300000	-2.070000	-5.763900	6.956827
353	27	-0.870000	-2.450000	-6.154000	6.680652
353	29	-0.240000	1.310000	-6.772300	6.902010
354	0	-4.970000	3.280000	-1.479000	6.135694
354	2	3.329900	3.670000	-4.825000	6.916485
354	4	0.280000	-5.060000	-4.680900	6.898755
354	6	0.640000	-2.209000	-5.493600	5.955579
354	8	3.551100	-1.200000	-6.276000	7.310163
354	10	-3.830000	1.500000	-4.801000	6.322065
354	14	0.360000	-3.240000	-5.981000	6.811722
354	16	-1.170000	2.280000	-6.498000	6.985077
354	18	-4.060000	-5.230000	-2.645000	7.129693
354	20	-1.000000	1.740000	-6.937000	7.221466
354	24	2.980000	-1.580000	-6.503000	7.325695
354	26	2.870000	-2.100000	-5.696000	6.715007
354	28	-0.627000	-5.183000	-3.474000	6.270988
354	1	-2.690000	-0.070000	-5.747000	6.345787
354	3	2.690000	-2.270000	-6.813000	7.668505
354	5	-4.411000	-2.760000	-3.343000	6.184672
354	7	1.780000	0.593000	-6.597000	6.858605
354	9	-3.250000	4.500000	-4.468000	7.125695
354	11	-3.370000	-2.730000	-4.081000	5.955196
354	15	-3.841000	0.980000	-5.356000	6.663364
354	17	-3.300000	1.610000	-5.528000	6.636331
354	19	2.460000	0.690000	-5.847800	6.381572
354	21	-2.210000	-1.392000	-6.085700	6.622500
354	23	3.160000	2.040000	-4.669000	5.995562
354	27	0.390000	-0.840000	-7.040000	7.100655
354	29	-2.580000	1.610000	-6.254600	6.954748
355	0	-2.420000	2.190000	-6.051000	6.875107
355	2	-1.145000	-1.850000	-5.823000	6.216177
355	4	-0.030000	3.710000	-5.995500	7.050604
355	6	-1.440000	-3.859000	-5.152300	6.596338
355	8	4.279900	-1.470000	-5.030000	6.766043
355	10	-0.080000	3.340000	-5.391000	6.342309
355	12	-2.300000	-1.200000	-5.477000	6.060324
355	14	-0.020000	0.390000	-6.984000	6.994909
355	16	1.540000	3.700000	-5.260000	6.612806
355	18	-2.770000	-3.710000	-5.080600	6.873827
355	20	-2.990000	0.510000	-6.300000	6.992153
355	24	4.560000	0.620000	-5.032000	6.819019
355	26	3.700000	-4.850000	-2.442000	6.570834
355	28	0.699000	-0.330000	-6.867850	6.911213
355	1	1.760000	-2.830000	-4.619500	5.696164
355	3	-3.880000	4.510000	-2.860000	6.601068
355	5	4.849000	-1.160000	-2.755000	5.696352
355	7	-1.700000	-1.524000	-5.442000	5.901520
355	9	0.900000	-2.667000	-5.914800	6.550401
355	11	4.270000	4.330000	-3.317000	6.927069
355	15	-5.612000	-1.780000	-3.260000	6.729825
355	17	5.190000	-3.270000	-1.916000	6.426512
355	19	0.530000	4.460000	-5.640900	7.210565
355	21	2.410000	3.211500	-2.789000	4.888799
355	23	-1.570000	-1.220000	-6.587600	6.881117
355	25	-2.230000	2.230000	-6.618000	7.331011
355	27	-3.090000	-3.090000	-4.188900	6.053353
355	29	3.700000	-3.810000	-3.507000	6.364366
356	0	-4.050000	-1.240000	-4.824400	6.419886
356	2	-0.236000	5.050000	-3.850000	6.354581
356	4	3.030000	0.020000	-5.920200	6.650569
356	6	-3.350000	1.091000	-5.745000	6.739273
356	8	1.970900	2.580000	-6.256000	7.048289
356	10	-5.020000	0.300000	-4.517000	6.759711
356	14	-0.680000	2.460000	-6.684000	7.154709
356	16	-2.220000	-1.630000	-6.215000	6.797906
356	18	3.882000	0.240000	-4.560000	5.993423
356	20	-2.130000	-3.660000	-5.875000	7.242108
356	24	-3.680000	0.710000	-5.371000	6.549362
356	26	2.670000	-2.890000	-6.028100	7.198541
356	28	-4.042000	-3.910000	-3.429000	6.586646
356	1	3.150000	2.130000	-3.784800	5.365083
356	3	-1.240000	-2.500000	-6.515000	7.087512
356	5	0.561000	2.430000	-6.357000	6.828695
356	7	-0.790000	-2.051400	-6.922000	7.262673
356	9	-1.090000	3.495000	-5.186000	6.348049
356	11	-2.570000	1.330000	-6.014000	6.673979
356	15	0.540000	3.240000	-6.395000	7.189244
356	17	0.420000	-4.210000	-5.733900	7.125876
356	19	0.960000	-1.870000	-6.854000	7.169088
356	21	-0.460000	-3.574000	-4.520230	5.780792
356	23	-4.070000	-0.790000	-5.244000	6.684948
356	27	-0.120000	0.050000	-7.263000	7.264163
356	29	4.910000	0.870000	-4.755900	6.890833
357	0	0.710000	5.680000	-3.245000	6.580009
357	2	-1.790000	2.300000	-6.322900	6.962267
357	4	-4.950000	-0.920000	-4.629000	6.839338
357	6	-1.820000	0.625000	-6.978000	7.238474
357	8	1.012000	0.630000	-7.011000	7.111622
357	10	0.050000	-4.790000	-4.856000	6.821095
357	14	1.710000	0.680000	-5.368800	5.675431
357	16	2.680000	0.050000	-6.585000	7.109650
357	18	3.396000	0.820000	-5.895000	6.852462
357	20	1.210000	1.060000	-5.808000	6.026654
357	22	-4.340000	1.200000	-5.467000	7.082633
357	24	2.020000	-0.400000	-5.815000	6.168843
357	26	3.450000	-1.440000	-4.581000	5.912839
357	28	4.090000	-3.222000	-4.379000	6.803310
357	1	-2.660000	3.080000	-5.524300	6.861479
357	3	2.010000	2.910000	-5.927000	6.901995
357	5	-0.696000	-3.300000	-6.255600	7.106824
357	7	-1.500000	2.055000	-6.287000	6.782285
357	9	-1.730000	-4.061000	-4.353000	6.199454
357	11	3.720000	3.660000	-2.912000	5.976098
357	13	-3.240000	2.920000	-5.597900	7.096512
357	15	0.380000	1.120000	-6.739700	6.842686
357	17	5.020000	-0.890000	-3.946120	6.447043
357	19	1.590000	-1.180000	-6.077700	6.392100
357	21	-1.150000	-3.508000	-4.677500	5.958823
357	23	-0.420000	1.390000	-6.906600	7.057593
357	27	-2.110000	0.390000	-6.681000	7.017119
357	29	0.450000	4.610000	-5.107370	6.894913
358	0	1.010000	5.150000	-3.429000	6.269022
358	2	1.469000	2.000000	-5.467000	6.003836
358	4	-2.130000	0.620000	-6.518000	6.885174
358	6	1.200000	5.189000	-3.903000	6.602964
358	8	-1.765000	2.950000	-5.699000	6.655549
358	10	4.990000	0.340000	-5.553000	7.473387
358	14	2.150000	3.250000	-5.394050	6.654380
358	16	1.300000	-4.280000	-5.258000	6.903257
358	18	1.483000	-2.270000	-5.687000	6.300330
358	20	2.300000	-3.780000	-4.681000	6.441286
358	22	2.480000	-3.780000	-3.803000	5.907758
358	24	2.830000	0.260000	-3.895000	4.821569
358	26	-0.600000	-4.550000	-5.610600	7.248540
358	28	-4.309000	3.790000	-3.655000	6.803720
358	1	3.520000	-1.090000	-5.610300	6.712225
358	3	-5.390000	-0.830000	-2.781000	6.121680
358	5	3.949000	-2.760000	-4.936000	6.897557
358	7	1.460000	1.104000	-6.325600	6.585107
358	9	-0.040000	6.090000	-3.096000	6.831904
358	11	0.280000	-0.550000	-6.810000	6.837909
358	13	1.540000	-2.000000	-6.526000	6.997162
358	15	0.390000	4.110000	-5.014000	6.494952
358	17	5.900000	-0.750000	-0.405000	5.961252
358	19	-0.410000	-6.080000	-3.176000	6.871788
358	21	0.050000	5.990000	-2.696000	6.568943
358	23	-5.395000	-0.940000	-3.633000	6.571782
358	27	-3.750000	-1.710000	-5.805000	7.119314
358	29	-0.800000	1.680000	-7.020000	7.262424
359	0	1.340000	1.230000	-6.011000	6.280177
359	2	4.819000	3.420000	-3.173000	6.707242
359	4	0.050000	0.260000	-7.306000	7.310796
359	6	-2.180000	2.716000	-6.356000	7.247606
359	8	0.291000	0.570000	-6.965300	6.994640
359	14	-1.330000	-6.130000	-3.004000	6.954841
359	16	2.300000	-2.610000	-5.734000	6.706777
359	18	-0.643000	2.180000	-5.915000	6.336645
359	20	0.940000	-4.190000	-4.841000	6.471088
359	22	0.940000	-1.900000	-6.876200	7.195535
359	24	-2.780000	2.540000	-5.699000	6.830710
359	26	1.490000	4.470000	-3.976000	6.165191
359	28	1.250000	2.460000	-5.772000	6.397662
359	1	1.430000	-1.530000	-6.383000	6.717774
359	3	-0.880000	-1.430000	-6.806000	7.010060
359	5	-0.505000	-0.860000	-6.475000	6.551355
359	7	-2.450000	3.817000	-5.740000	7.315708
359	9	1.720000	4.060000	-5.075000	6.722918
359	11	2.040000	1.470000	-6.299000	6.782323
359	13	3.460000	1.200000	-5.824000	6.879722
359	15	-3.470000	-1.660000	-4.384000	5.832320
359	17	0.060000	-2.600000	-6.721000	7.206625
359	19	-3.510000	-1.620000	-5.885000	7.041145
359	21	4.190000	0.791000	-5.309600	6.809819
359	23	0.050000	-4.380000	-5.121000	6.738809
359	27	3.740000	-1.320000	-5.021000	6.398472
360	0	2.950000	1.620000	-6.305000	7.147022
360	2	-4.486000	0.340000	-4.385000	6.282358
360	4	-0.320000	-4.180000	-4.765000	6.346655
360	6	-1.240000	2.375000	-5.335000	5.969962
360	8	1.362000	-0.600000	-6.706000	6.869169
360	14	-0.880000	1.490000	-5.888600	6.137598
360	16	5.230000	-0.660000	-4.296900	6.800871
360	18	1.285000	0.280000	-6.128000	6.267536
360	20	-2.340000	-0.480000	-5.985000	6.444084
360	22	-3.830000	0.140000	-5.190600	6.452196
360	24	-3.650000	0.180000	-5.806000	6.860360
360	26	0.500000	-2.470000	-4.497000	5.154989
360	28	-0.560000	3.970000	-6.159000	7.348999
360	1	1.930000	2.630000	-5.789700	6.645482
360	3	-1.140000	-1.930000	-6.296000	6.683122
360	5	-1.000000	-4.860000	-4.890000	6.966470
360	7	-3.500000	2.079700	-3.728000	5.520248
360	9	5.610000	1.280000	-1.847000	6.043336
360	11	3.230000	0.920000	-5.666700	6.587169
360	13	-0.120000	-0.940000	-6.800000	6.865712
360	15	-3.330000	2.180000	-5.870000	7.092122
360	17	-3.240000	-1.350000	-6.039000	6.984957
360	19	0.480000	2.850000	-6.702000	7.298610
360	21	0.140000	4.696000	-5.233200	7.032667
360	23	-1.306000	0.290000	-7.134000	7.258353
360	27	-1.230000	1.140000	-6.625000	6.833968
361	0	-0.400000	2.270000	-6.814000	7.193295
361	2	0.200760	5.510000	-2.146000	5.916563
361	4	0.500000	1.010000	-7.047000	7.136547
361	6	-5.100000	-1.928000	-4.270000	6.925322
361	8	3.574300	4.260000	-1.487000	5.756248
361	14	-0.390000	-4.830000	-4.932300	6.914375
361	16	1.510000	-2.990000	-6.083000	6.944285
361	18	0.949000	-3.180000	-4.442000	5.544760
361	20	3.250000	-1.260000	-6.006000	6.944216
361	22	-1.050000	-3.190000	-6.374700	7.205234
361	24	-1.980000	1.980000	-5.945000	6.571440
361	26	-0.900000	4.390000	-5.037100	6.741994
361	28	4.430000	2.840000	-4.832000	7.144139
361	1	2.610000	2.730000	-5.338000	6.539055
361	3	-4.530000	1.320000	-4.672900	6.640730
361	5	-0.371000	-3.530000	-6.335000	7.261595
361	7	2.170000	2.433000	-5.891000	6.732924
361	9	-4.030000	3.020000	-3.458000	6.108933
361	11	-0.900000	-0.350000	-6.677200	6.746666
361	13	-4.320000	-3.310000	-5.013200	7.399370
361	15	2.700000	-1.950000	-6.624000	7.414167
361	17	-2.230000	-4.960000	-4.520800	7.071926
361	19	-1.020000	-0.840000	-6.875000	7.000830
361	21	-3.500000	1.506900	-5.559000	6.739676
361	23	2.440000	0.010000	-6.633000	7.067559
361	27	-0.250000	-5.610000	-2.669000	6.217569
362	0	1.390000	-1.950000	-6.368700	6.804038
362	2	-0.814100	3.960000	-5.456000	6.790603
362	4	0.450000	5.470000	-4.903000	7.359539
362	6	-5.730000	0.034000	-2.657000	6.316146
362	8	1.760000	0.200000	-6.778000	7.005632
362	14	-1.400000	-0.430000	-6.699000	6.857223
362	16	2.990000	1.550000	-5.313000	6.290514
362	18	-1.399000	0.680000	-6.499000	6.682560
362	20	1.580000	-0.550000	-6.722000	6.927062
362	22	-0.740000	4.220000	-4.389000	6.133459
362	24	2.310000	1.510000	-6.740000	7.283117
362	26	-4.620000	0.300000	-4.993600	6.809584
362	28	-4.960000	-3.470000	-1.654000	6.275206
362	1	3.830000	3.760000	-4.881300	7.254901
362	3	0.750000	-2.070000	-6.882000	7.225602
362	5	1.001000	2.279000	-6.958600	7.390396
362	7	1.780000	-2.707000	-6.173000	6.971526
362	9	0.290000	-5.077000	-3.947000	6.437301
362	11	-4.010000	-1.100000	-5.149900	6.619031
362	13	1.080000	3.200000	-6.094000	6.967298
362	15	3.180000	2.640000	-4.244000	5.923980
362	17	3.820000	-1.730000	-5.525200	6.936363
362	19	2.820000	-3.560000	-5.264600	6.952842
362	21	-4.420000	-2.016000	-2.736000	5.575514
362	23	-1.170000	-4.130000	-5.627000	7.077353
362	27	-5.320000	-1.750000	-2.356000	6.075824
363	0	1.970000	5.300000	-4.024000	6.939991
363	2	-0.574800	4.470000	-1.800000	4.852968
363	4	-3.700000	-3.860000	-2.723000	6.000361
363	6	-0.570000	-2.021000	-6.437000	6.770843
363	8	1.674000	-0.140000	-7.137500	7.332515
363	14	-1.660000	-3.690000	-5.528400	6.850906
363	16	-1.790000	-2.190000	-6.301000	6.906721
363	18	-4.925000	0.250000	-4.973000	7.003489
363	20	-5.480000	-1.200000	-4.029000	6.906753
363	22	1.970000	-3.400000	-3.984000	5.595816
363	24	-0.820000	-1.560000	-6.658000	6.887305
363	26	1.540000	-4.020000	-4.899000	6.521672
363	28	2.030000	3.710000	-5.433000	6.884947
363	1	1.960000	3.180000	-5.652000	6.774888
363	3	2.150000	3.800000	-5.269500	6.843254
363	5	0.596000	-0.470000	-7.027800	7.068670
363	7	-2.900000	2.579000	-6.069000	7.203749
363	9	-1.280000	-3.250000	-5.500000	6.515436
363	11	1.140000	2.540000	-6.893000	7.434020
363	13	-3.920000	-2.490000	-5.387000	7.112402
363	15	-1.950000	-1.670000	-5.381000	5.962094
363	17	2.880000	2.240000	-5.819000	6.868243
363	19	3.100000	-0.720000	-5.653200	6.487455
363	21	2.080000	1.984100	-6.239000	6.869365
363	23	2.000000	-4.200000	-5.348000	7.088096
363	27	-0.060000	5.400000	-2.616000	6.000588
364	0	-4.320000	-2.480000	-4.337000	6.604723
364	2	1.114400	-1.310000	-6.818900	7.032452
364	4	-2.390000	-5.700000	-2.004000	6.497547
364	6	2.170000	5.357000	-1.657000	6.012653
364	8	-2.888000	-4.720000	-2.709000	6.160976
364	14	1.870000	1.860000	-6.634000	7.139079
364	16	4.520000	-4.050000	-2.840000	6.700634
364	18	5.075000	0.500000	-2.891600	5.862335
364	20	-3.590000	-0.320000	-5.913000	6.924888
364	22	2.210000	-2.000000	-5.719800	6.449823
364	24	3.120000	-0.470000	-6.746000	7.447403
364	28	0.860000	-2.570000	-6.099500	6.674459
364	3	0.030000	-2.680000	-6.199000	6.753584
364	5	-1.263000	-0.510000	-7.035600	7.166236
364	7	-3.400000	2.881000	-4.155000	6.092962
364	9	4.370000	0.990000	-4.597000	6.419456
364	11	4.180000	-4.560000	-2.985000	6.868495
364	13	1.830000	2.850000	-6.292000	7.145674
364	15	3.960000	3.570000	-3.384000	6.314900
364	17	1.010000	3.150000	-6.227000	7.051108
364	19	1.750000	-2.310000	-6.676000	7.277883
364	21	1.040000	2.211700	-6.460000	6.906867
364	23	1.530000	0.600000	-7.151600	7.338003
364	27	-1.700000	2.810000	-4.393400	5.485259
365	0	-0.950000	3.500000	-5.335000	6.450948
365	2	-3.293000	0.500000	-5.968000	6.834535
365	4	-0.410000	2.880000	-5.695800	6.395673
365	6	-1.830000	5.793000	-3.326000	6.926040
365	8	-1.276000	2.050000	-6.733100	7.152993
365	14	1.720000	2.500000	-5.837600	6.579208
365	16	-0.760000	-1.830000	-6.682000	6.969622
365	18	-1.299000	1.429000	-6.521000	6.800947
365	20	-4.100000	2.790000	-4.697000	6.830513
365	22	-4.950000	0.210000	-4.939000	6.995736
365	24	1.060000	-0.450000	-7.211000	7.302371
365	28	-2.710000	-0.880000	-6.450900	7.052135
365	3	1.270000	0.840000	-6.610000	6.783111
365	5	-1.470000	-5.010000	-4.128000	6.655928
365	7	-2.520000	-3.255930	-5.805000	7.116847
365	9	3.300000	0.630000	-5.855000	6.750402
365	11	-1.440000	-2.580000	-6.454000	7.098177
365	13	3.750000	2.210000	-4.480500	6.246718
365	15	3.020000	2.660000	-6.047000	7.263760
365	17	-2.150000	-5.680000	-3.875500	7.204471
365	19	3.970000	4.190000	-3.871000	6.949938
365	21	-1.970000	1.357200	-6.538000	6.961920
365	23	1.570000	-3.070000	-5.512000	6.501688
365	27	-1.970000	0.840000	-6.507000	6.850369
366	0	1.900000	-2.840000	-6.850500	7.655387
366	2	-3.823000	-4.010000	-3.710000	6.667798
366	4	2.280000	3.010000	-4.383000	5.785256
366	6	-0.840000	1.977000	-6.254000	6.612613
366	8	-3.230000	-3.010000	-4.752000	6.486486
366	14	3.550000	2.240000	-5.161000	6.652520
366	16	-1.990000	-3.490000	-5.925000	7.158619
366	18	-0.725000	3.764000	-3.841000	5.426472
366	20	1.510000	-4.270000	-5.291000	6.964746
366	22	-0.340000	-4.930000	-4.954600	6.997754
366	24	-1.570000	-2.480000	-6.144000	6.809114
366	28	-1.500000	1.620000	-5.968000	6.363287
366	3	0.080000	-2.650000	-6.125700	6.674811
366	5	-2.729000	1.080000	-6.604600	7.227350
366	7	0.820000	2.666000	-6.707000	7.263870
366	9	-4.440000	-0.960000	-5.801070	7.368013
366	11	3.820000	1.330000	-5.596000	6.904818
366	13	-1.380000	-0.820000	-5.557000	5.784207
366	15	-4.020000	1.920000	-4.962000	6.668451
366	17	-3.600000	4.280000	-4.296000	7.052235
366	19	-4.270000	1.350000	-5.732800	7.274641
366	21	2.920000	1.018000	-4.376000	5.358367
366	23	-0.213000	5.280000	-2.834000	5.996276
366	27	0.290000	1.260000	-6.464000	6.592040
367	0	1.540000	1.090000	-6.713900	6.973963
367	2	-1.505100	-4.150000	-5.221000	6.837153
367	4	-3.650000	3.030000	-4.588000	6.599481
367	6	2.410000	-1.473000	-5.921000	6.560188
367	8	-0.660000	1.650000	-6.881100	7.106873
367	14	1.920000	-3.910000	-4.929000	6.577959
367	16	-0.020000	2.200000	-6.090000	6.475222
367	18	-3.406000	1.436000	-6.165000	7.188196
367	20	3.100000	-0.860000	-5.426000	6.308017
367	22	-4.300000	3.130000	-1.470000	5.517953
367	24	3.570000	-3.640000	-4.602000	6.868253
367	28	5.370000	2.420000	-4.097000	7.174866
367	3	-1.860000	2.830000	-6.339000	7.186892
367	5	0.059000	-4.488000	-3.194000	5.508835
367	7	-4.680000	-0.136600	-4.406600	6.429555
367	9	2.940000	-3.384000	-5.034000	6.740639
367	11	0.990000	-3.580000	-1.129000	3.882157
367	13	0.470000	2.790000	-6.339000	6.941752
367	15	-0.730000	2.900000	-6.315000	6.987283
367	17	-1.220000	-5.460000	-4.050800	6.907169
367	19	2.700000	-0.410000	-6.356400	6.918231
367	21	-3.490000	3.114000	-4.339200	6.380106
367	23	3.240000	-4.020000	-3.047000	5.995182
367	27	4.300000	-0.540000	-3.760900	5.738115
368	0	-1.110000	-1.760000	-6.696900	7.012715
368	2	1.853000	-0.660000	-6.675700	6.959467
368	4	5.910000	-0.960000	-3.249000	6.812173
368	6	0.130000	2.126000	-6.940000	7.259502
368	8	3.128000	-2.030000	-5.253000	6.441994
368	14	5.310000	2.540000	-1.657000	6.115010
368	16	-4.300000	-2.310000	-4.884400	6.905321
368	18	-3.877000	-1.890000	-5.513000	6.999743
368	20	-5.230000	2.260000	-4.501000	7.260820
368	22	4.620000	2.640000	-4.061000	6.693708
368	24	4.100000	1.550000	-5.349000	6.915512
368	28	3.010000	3.230000	-4.745000	6.481360
368	3	2.370000	-0.970000	-6.624000	7.101773
368	5	-3.525000	-0.562000	-3.807000	5.218689
368	7	-1.650000	0.985000	-6.760000	7.027825
368	9	3.820000	3.590000	-4.448000	6.874969
368	11	4.460000	0.960000	-4.697000	6.547901
368	13	-0.880000	0.470000	-6.893000	6.964822
368	15	-2.000000	5.690000	-1.236000	6.156606
368	17	-4.310000	-5.130000	-2.577400	7.178857
368	19	4.670000	-2.740000	-2.500000	5.963766
368	21	-3.660000	0.454000	-5.482700	6.607701
368	23	-3.508000	0.510000	-5.564000	6.597292
368	27	2.620000	4.640000	-4.878300	7.224390
369	0	4.120000	-3.210000	-2.396000	5.746244
369	2	0.930000	3.770000	-5.921000	7.080681
369	4	0.190000	1.580000	-6.705100	6.891362
369	6	-2.500000	-1.904000	-5.800000	6.596606
369	8	1.084000	-3.650000	-5.705600	6.859404
369	14	2.720000	-2.320000	-5.148900	6.268331
369	16	4.550000	-1.690000	-4.430000	6.571415
369	18	-1.537000	0.910000	-6.820000	7.050026
369	20	0.400000	-0.210000	-6.866000	6.880847
369	22	1.670000	-0.410000	-6.597000	6.817434
369	24	-5.050000	-0.890000	-4.500000	6.822360
369	28	-3.230000	2.710000	-5.336000	6.800728
369	3	-3.400000	-1.240000	-3.519000	5.047867
369	5	-1.842000	-0.109000	-6.240500	6.507587
369	7	-4.390000	-2.203300	-3.683700	6.139729
369	9	-1.260000	3.300000	-5.975900	6.941828
369	11	-2.540000	0.860000	-5.337100	5.972925
369	13	2.580000	5.350000	-3.920300	7.116716
369	15	-2.710000	0.890000	-6.319000	6.932962
369	17	-3.860000	-4.350000	-1.243000	5.947029
369	19	0.710000	-6.050000	-2.943000	6.765194
369	21	-1.140000	-2.437300	-6.847900	7.357565
369	23	-0.154000	-0.370000	-6.403600	6.416129
369	27	2.110000	1.570000	-6.043000	6.590512
370	0	-3.350000	-0.690000	-5.306000	6.312863
370	2	2.592000	4.530000	-3.771000	6.438929
370	4	-0.960000	-3.520000	-4.435000	5.742928
370	6	0.380000	0.383000	-7.002000	7.022755
370	8	2.813000	-0.870000	-5.792000	6.497471
370	14	0.500000	-2.940000	-6.373000	7.036244
370	16	-3.790000	0.340000	-5.050200	6.323308
370	18	0.330000	3.229000	-5.643000	6.509899
370	20	-3.790000	-1.410000	-5.322000	6.684002
370	22	-0.410000	-2.950000	-6.134050	6.818883
370	24	1.400000	3.590000	-5.995000	7.126579
370	28	1.640000	-1.280000	-6.044000	6.392021
370	3	2.240000	1.350000	-6.314000	6.834230
370	5	3.142000	-0.106000	-4.512000	5.499231
370	7	2.890000	-2.682000	-5.329300	6.629228
370	9	-3.130000	-2.570000	-3.117000	5.110527
370	11	-1.930000	-2.540000	-6.048000	6.837748
370	13	4.960000	0.110000	-4.036500	6.395861
370	15	-1.590000	-5.620000	-1.610000	6.058432
370	17	-4.230000	-1.480000	-3.001000	5.393450
370	19	3.530000	-3.080000	-3.496000	5.845453
370	21	-3.330000	0.151000	-5.789250	6.680353
370	23	-0.459000	5.470000	-3.190000	6.348833
370	27	-3.310000	0.810000	-5.986400	6.888337
371	0	0.510000	0.650000	-6.251800	6.306156
371	2	-2.535000	-0.920000	-7.001000	7.502441
371	4	-1.910000	1.980000	-6.633500	7.181352
371	6	-3.330000	2.137000	-6.177000	7.335598
371	8	-4.686000	-0.810000	-4.826000	6.775321
371	14	-3.900000	-0.210000	-5.315000	6.595705
371	16	-2.370000	-1.700000	-5.190000	5.953402
371	18	1.531000	-3.250000	-5.783000	6.808050
371	20	-5.780000	-0.860000	-2.695000	6.435140
371	22	2.960000	-5.100000	-3.276000	6.745649
371	24	-1.580000	-0.440000	-6.438000	6.643632
371	28	-1.550000	1.720000	-5.831000	6.273871
371	3	3.180000	2.930000	-2.964000	5.242385
371	5	-2.687000	0.646000	-6.856700	7.392673
371	7	-0.480000	3.082000	-5.639300	6.444442
371	9	1.560000	3.160000	-5.820600	6.804306
371	11	5.460000	-0.070000	-2.736700	6.107866
371	13	4.810000	-0.610000	-3.584000	6.029366
371	15	-2.280000	-1.910000	-5.760400	6.482955
371	17	1.620000	-4.770000	-1.931500	5.395182
371	19	0.310000	-2.000000	-6.778300	7.073998
371	21	4.970000	-2.548400	-4.673200	7.282447
371	23	-3.451000	0.010000	-5.355000	6.370677
371	27	0.760000	-0.870000	-7.100000	7.193365
372	0	-4.190000	-1.580000	-4.709000	6.498244
372	2	0.539000	4.420000	-5.326100	6.942209
372	4	1.630000	4.260000	-3.691000	5.867536
372	6	5.640000	-2.251000	-3.322000	6.921870
372	8	-2.576000	3.880000	-4.893000	6.755118
372	14	-4.560000	3.580000	-2.332000	6.248858
372	16	0.890000	1.500000	-6.783000	7.003655
372	18	0.835000	-5.650000	-2.189000	6.116490
372	20	-4.040000	1.250000	-5.063400	6.597130
372	22	-0.490000	-2.250000	-7.300000	7.654580
372	24	-2.270000	-1.010000	-6.865000	7.300769
372	28	4.700000	0.140000	-5.379400	7.144756
372	3	1.990000	-1.480000	-5.858200	6.361526
372	5	-4.927200	1.177000	-1.679000	5.336822
372	7	-1.400000	-2.318600	-6.794800	7.314726
372	9	4.752000	1.810000	-2.562000	5.693983
372	11	4.790000	1.950000	-4.803000	7.058003
372	13	-1.990000	1.370000	-6.377100	6.819414
372	15	-0.490000	4.090000	-5.497000	6.869149
372	17	-5.120000	1.580000	-3.550000	6.427542
372	19	-2.690000	2.180000	-6.070900	6.988872
372	21	-5.310000	2.531300	-2.859000	6.540448
372	23	-0.902000	1.890000	-6.031000	6.384251
372	27	1.280000	3.550000	-5.924200	7.024033
373	0	6.080000	0.620000	-2.560000	6.626040
373	2	-2.815000	2.340000	-6.022000	7.047291
373	4	-2.260000	-4.810000	-3.929000	6.609141
373	6	-3.130000	-2.143000	-3.383000	5.082720
373	14	-0.600000	-3.830000	-5.183100	6.472513
373	16	0.400000	2.244000	-7.021000	7.381733
373	18	-0.200000	4.323000	-5.348000	6.879639
373	20	0.520000	0.190000	-7.111000	7.132519
373	22	-3.030000	-5.410000	-2.571000	6.712603
373	24	-0.720000	4.350000	-5.945000	7.401616
373	28	-3.870000	-2.490000	-4.207000	6.235050
373	3	-0.200000	4.380000	-5.611200	7.121093
373	5	-3.731100	-2.040000	-5.502000	6.953755
373	7	2.000000	0.587800	-5.695800	6.065282
373	11	-0.020000	-2.240000	-4.917000	5.403229
373	13	3.540000	-1.980000	-2.959000	5.020725
373	15	-2.320000	-2.200000	-6.101000	6.888004
373	17	2.710000	4.360000	-5.011000	7.173829
373	19	2.130000	5.870000	-2.009000	6.559717
373	21	-3.690000	3.132000	-3.792000	6.148560
373	23	-2.634000	-2.560000	-5.246000	6.404067
373	27	-1.160000	-1.180000	-6.680000	6.881889
374	0	-0.960000	-3.410000	-4.283000	5.558218
374	2	-3.938000	3.590000	-4.271000	6.829157
374	4	1.840000	-0.300000	-6.853000	7.102057
374	6	3.790000	0.566000	-6.299000	7.373049
374	14	3.380000	-1.350000	-5.927100	6.955387
374	16	2.110000	1.169000	-6.767000	7.184076
374	18	-0.637000	-3.489000	-5.178000	6.276191
374	20	0.100000	1.880000	-5.437100	5.753821
374	22	2.250000	-3.140000	-5.055000	6.362006
374	24	-1.900000	2.810000	-6.634000	7.450910
374	28	3.230000	3.240000	-4.638000	6.514717
374	3	-3.970000	-0.090000	-4.674000	6.133129
374	5	1.198000	5.418000	-3.924000	6.796154
374	7	1.600000	-1.882400	-6.075900	6.558963
374	11	3.500000	-4.040000	-4.605900	7.055913
374	13	-0.160000	3.720000	-5.654300	6.770163
374	15	-0.500000	1.410000	-6.836800	6.998567
374	17	3.310000	-0.200000	-6.427000	7.232042
374	19	-5.090000	0.440000	-3.868000	6.408051
374	21	-4.350000	3.230000	-3.840000	6.640858
374	23	-1.633000	0.250000	-6.966000	7.159214
374	27	0.950000	-3.850000	-6.106100	7.280759
375	0	1.290000	-2.530000	-6.851000	7.416279
375	2	0.024000	0.460000	-7.059600	7.074612
375	4	1.530000	1.990000	-6.737000	7.189448
375	6	-0.980000	-0.107000	-7.135000	7.202782
375	14	0.790000	-0.170000	-6.956000	7.002781
375	16	-3.670000	3.100000	-5.076100	6.988969
375	18	0.785000	-3.070000	-6.044000	6.824299
375	20	-0.910000	0.970000	-7.315000	7.434933
375	22	-1.220000	0.220000	-6.853200	6.964420
375	24	-3.890000	3.430000	-1.854000	5.507660
375	28	-3.900000	0.090000	-5.279222	6.564167
375	3	-0.410000	-1.230000	-7.094900	7.212393
375	5	-1.852700	0.410000	-7.093600	7.343007
375	7	-0.380000	-4.549000	-3.901300	6.004827
375	11	-0.910000	-1.470000	-6.370000	6.600447
375	13	1.940000	-4.750000	-1.899000	5.471042
375	15	4.120000	-1.990000	-5.416000	7.089962
375	17	-2.320000	-3.620000	-5.089000	6.662186
375	19	3.950000	-0.970000	-5.942130	7.200855
375	21	-2.020000	-1.087000	-6.713000	7.094106
375	23	4.797000	-1.920000	-2.947000	5.948312
375	27	-3.240000	1.950000	-5.780800	6.907803
376	0	0.340000	4.080000	-4.952600	6.425749
376	2	1.306000	1.430000	-6.646200	6.922609
376	4	4.730000	0.420000	-4.566000	6.587690
376	6	4.170000	3.267330	-4.111800	6.706060
376	14	-2.420000	-3.330000	-5.546300	6.907007
376	16	-3.420000	1.730000	-4.233200	5.710454
376	18	-4.313000	-0.430000	-5.106500	6.698001
376	20	1.260000	-3.690000	-5.698200	6.904577
376	22	-2.930000	-1.970000	-6.748100	7.615947
376	24	1.900000	1.450000	-5.710000	6.190040
376	28	3.460000	-1.300000	-5.232000	6.405890
376	3	-0.840000	-1.400000	-5.377100	5.619502
376	5	-1.413000	4.282000	-4.671000	6.492329
376	7	3.050000	0.586000	-6.965000	7.626082
376	11	-4.270000	-1.090000	-4.080000	6.005614
376	13	3.920000	2.730000	-5.023300	6.932016
376	15	-0.760000	0.000000	-6.764000	6.806563
376	17	4.260000	-0.340000	-4.653000	6.317722
376	19	-0.150000	3.580000	-5.210400	6.323541
376	21	-2.560000	-2.878000	-5.579300	6.779755
376	23	2.506000	1.110000	-5.541000	6.181813
376	27	-3.260000	-0.770000	-6.756700	7.541452
377	0	1.620000	-0.730000	-7.042000	7.262717
377	2	-1.099900	0.060000	-6.529800	6.622059
377	4	-2.470000	4.060000	-4.941000	6.855507
377	6	2.660000	-4.324000	-2.431000	5.628707
377	14	-1.600000	-1.880000	-6.770000	7.206060
377	16	-1.520000	4.410000	-3.149000	5.628028
377	18	-4.256000	1.350000	-4.723200	6.499589
377	20	-2.040000	2.260000	-6.699000	7.358383
377	22	-1.600000	-1.680000	-6.506210	6.907472
377	24	1.480000	-0.340000	-6.854000	7.020208
377	28	-0.150000	3.810000	-4.594900	5.970905
377	3	2.580000	-4.190000	-4.302000	6.536031
377	5	4.397000	2.830000	-2.312000	5.717329
377	7	-0.740000	1.428000	-6.679000	6.869922
377	11	1.510000	-3.060000	-6.172100	7.052554
377	13	-1.140000	6.120000	-2.469000	6.697011
377	15	1.220000	-4.700000	-4.809000	6.834097
377	17	3.970000	1.040000	-5.642000	6.976723
377	19	4.100000	-0.610000	-3.074000	5.160579
377	21	-1.890000	-1.773000	-3.982000	4.750995
377	23	1.158000	3.200000	-5.748000	6.679855
377	27	0.810000	-0.150000	-7.357000	7.402976
378	0	0.720000	1.150000	-6.501100	6.641175
378	2	-0.438160	1.340000	-6.970600	7.111740
378	4	-2.630000	-1.070000	-5.941000	6.584625
378	6	-1.930000	3.869000	-5.161900	6.733444
378	14	-2.420000	1.850000	-4.903000	5.772201
378	16	-0.920000	-2.230000	-6.202000	6.654630
378	18	2.346000	-0.890000	-6.582000	7.044043
378	20	4.270000	-2.450000	-5.148000	7.123012
378	22	1.070000	1.110000	-6.375000	6.558782
378	24	-2.370000	2.420000	-5.897000	6.800582
378	28	-4.819000	1.470000	-4.801990	6.960084
378	3	0.540000	5.650000	-4.079000	6.989445
378	5	-2.991360	-1.380000	-5.805100	6.674715
378	7	2.100000	-3.099000	-4.709000	6.015686
378	11	2.080000	3.470000	-5.652100	6.950794
378	13	3.360000	3.690000	-4.752000	6.891096
378	15	0.430000	3.000000	-5.029000	5.871605
378	17	0.140000	5.290000	-3.957000	6.607689
378	19	-0.130000	-3.490000	-4.712600	5.865629
378	21	0.800000	2.236000	-6.092000	6.538514
378	23	1.630000	3.750000	-3.437000	5.341570
378	27	-1.780000	-2.570000	-6.569500	7.275413
379	0	0.350000	-0.010000	-7.003000	7.011748
379	2	3.190000	0.800000	-5.503000	6.410859
379	4	4.310000	-2.410000	-2.352000	5.469562
379	6	-2.440000	4.937000	-4.693700	7.235910
379	14	-2.190000	4.330000	-2.731000	5.568066
379	16	0.320000	5.188000	-4.176700	6.668026
379	18	1.339000	-5.060000	-1.964000	5.590511
379	20	1.040000	0.840000	-6.564700	6.699439
379	22	-1.670000	0.640000	-6.724200	6.957971
379	24	2.650000	1.130000	-6.608000	7.208680
379	28	-5.171000	0.990000	-4.240000	6.759951
379	3	0.050000	3.840000	-5.304500	6.548727
379	5	5.259000	-1.461000	-4.286000	6.939841
379	7	3.310000	-1.025000	-5.498000	6.498825
379	11	-3.650000	0.940000	-5.926000	7.023075
379	13	-0.630000	-1.360000	-6.005200	6.189421
379	15	4.030000	2.480000	-1.761000	5.049002
379	17	1.690000	0.830000	-7.281000	7.520503
379	19	-3.440000	2.260000	-4.732200	6.271755
379	21	-4.280000	-0.831000	-4.412000	6.202798
379	23	-4.846000	-1.800000	-2.671000	5.818759
379	27	4.070000	2.550000	-5.228040	7.099282
380	0	-0.610000	-0.550000	-6.657000	6.707477
380	2	2.587050	4.950000	-2.077000	5.958964
380	4	-2.350000	1.750000	-3.447000	4.524026
380	6	-1.570000	2.531500	-5.524400	6.276336
380	14	2.480000	-0.860000	-6.514470	7.023412
380	16	1.120000	-1.300000	-6.962000	7.170345
380	18	-1.327000	3.460000	-4.053000	5.491752
380	20	0.380000	-3.390000	-5.126000	6.157303
380	22	0.490000	-0.820000	-7.492900	7.553546
380	24	3.080000	-5.190000	-2.005000	6.359444
380	28	-3.972000	-2.680000	-3.265000	5.798225
380	3	-4.220000	0.410000	-4.494000	6.178393
380	5	-0.912000	-3.264000	-6.025100	6.912834
380	7	0.280000	-3.114000	-5.534300	6.356404
380	11	-1.660000	0.060000	-6.980000	7.174929
380	13	1.910000	1.720000	-5.389000	5.970580
380	15	0.560000	2.480000	-6.836000	7.293483
380	17	-1.480000	-0.190000	-6.507000	6.675893
380	19	1.480000	6.190000	-1.947000	6.655622
380	21	2.340000	1.046000	-5.804800	6.345504
380	23	3.461000	-1.680000	-3.378000	5.119747
380	27	-1.980000	-4.700000	-3.208000	6.025086
381	0	-4.560000	2.090000	-1.602000	5.265748
381	2	-5.355000	2.890000	-0.263000	6.090755
381	4	2.890000	-0.730000	-6.034200	6.730273
381	6	-1.660000	3.951000	-3.456000	5.505446
381	14	1.210000	0.200000	-5.957000	6.081936
381	16	2.070000	-0.541000	-4.451500	4.938971
381	18	-1.840000	-1.670000	-6.272000	6.746294
381	20	0.740000	4.350000	-4.792000	6.514090
381	22	4.430000	-3.800000	-1.951000	6.153966
381	24	-0.300000	2.590000	-5.748600	6.312250
381	28	-0.540000	4.030000	-5.962600	7.217001
381	3	-0.240000	2.010000	-7.014000	7.300267
381	5	0.272000	-5.440000	-4.217000	6.888445
381	7	-0.170000	-0.905000	-7.145000	7.204093
381	11	4.740000	-1.340000	-4.401200	6.605586
381	13	2.230000	0.520000	-5.116900	5.605887
381	15	-2.801000	-1.540000	-6.524400	7.265328
381	17	2.370000	-1.840000	-5.979000	6.689614
381	19	2.430000	3.540000	-5.977000	7.359418
381	21	-1.300000	2.614000	-6.309500	6.952179
381	23	-0.472000	0.620000	-7.339700	7.380947
381	27	-0.710000	-0.780000	-6.958000	7.037490
382	0	-2.510000	-3.250000	-5.389300	6.775482
382	2	-0.692000	0.570000	-6.849800	6.908221
382	4	-4.190000	2.720000	-3.041000	5.848263
382	6	0.270000	-5.636000	-3.387000	6.580970
382	14	1.230000	-1.440000	-6.382600	6.657633
382	16	-1.060000	-1.680000	-6.664000	6.953768
382	18	0.184000	1.610000	-6.411000	6.612630
382	20	0.070000	-0.490000	-6.700000	6.718259
382	22	4.440000	-4.290000	-2.849000	6.799596
382	24	-1.750000	4.780000	-2.935000	5.875808
382	28	-1.280000	1.110000	-7.260000	7.455072
382	3	2.920000	3.690000	-4.455200	6.480070
382	5	-5.085900	-1.063000	-4.394000	6.804674
382	7	-2.420000	1.620000	-6.137000	6.792906
382	11	1.210000	-0.940000	-7.121000	7.283978
382	13	1.090000	1.640000	-6.808000	7.087070
382	15	-3.930000	1.980000	-4.529000	6.314835
382	17	-2.280000	-4.480000	-4.305900	6.618880
382	19	1.140000	-5.070000	-4.530500	6.894195
382	21	-1.390000	0.840000	-5.155400	5.405169
382	23	-4.687000	-1.090000	-4.457000	6.559033
382	27	-4.990000	-2.280000	-3.923900	6.745035
383	0	-3.650000	-3.160000	-5.739000	7.499615
383	2	0.134000	1.300000	-6.910500	7.032991
383	4	4.780000	2.500000	-4.065000	6.754452
383	6	-4.770000	-3.044000	-2.594000	6.224763
383	14	-3.660000	-0.250000	-4.885000	6.109118
383	16	-0.380000	-5.360000	-3.329000	6.321095
383	18	4.549300	-1.770000	-2.454300	5.463755
383	20	-0.930000	2.820000	-5.609000	6.346509
383	22	0.160000	0.300000	-6.809000	6.817483
383	24	-2.830000	3.900000	-2.866000	5.606501
383	28	-3.880000	0.680000	-6.105000	7.265523
383	3	-1.680000	-1.400000	-6.602000	6.954768
383	5	-3.095000	2.497000	-4.770000	6.210228
383	7	-2.740000	2.194000	-5.921400	6.883619
383	11	3.210000	0.660000	-6.602000	7.370624
383	13	-2.390000	-5.400000	-2.646000	6.470967
383	15	-1.710000	4.840000	-3.956000	6.480713
383	17	1.770000	-3.570000	-5.766000	7.008891
383	19	-1.430000	-1.920000	-6.727000	7.140296
383	21	-0.830000	4.178000	-5.138000	6.674101
383	23	1.570000	3.640000	-6.369000	7.501910
383	27	1.900000	-1.300000	-6.086500	6.507341
384	0	1.880000	-1.430000	-7.214000	7.590856
384	2	-0.933000	4.330000	-5.345670	6.942303
384	4	-0.490000	1.650000	-7.521700	7.716124
384	6	-0.190000	2.516000	-6.158700	6.655520
384	10	2.040000	3.090000	-5.394600	6.543043
384	14	-1.020000	-0.190000	-6.781500	6.860411
384	16	-1.050000	0.930000	-6.353000	6.505998
384	18	-0.492000	-2.070000	-6.184000	6.539787
384	20	4.240000	-2.370000	-5.025000	6.988929
384	22	-0.670000	3.820000	-5.503000	6.732333
384	24	0.860000	-4.910000	-4.353000	6.617878
384	28	-3.080000	4.300000	-4.511200	6.951786
384	3	1.970000	-1.680000	-6.348000	6.855684
384	5	-5.276000	-2.624000	-2.590000	6.436587
384	7	-2.450000	5.559000	-3.292000	6.909576
384	11	1.280000	2.300000	-5.984000	6.537328
384	13	0.310000	-4.500000	-4.423000	6.317359
384	15	2.920000	-4.730000	-3.917000	6.800161
384	17	-1.450000	2.630000	-6.133000	6.828842
384	19	-1.210000	-1.390000	-6.971000	7.210481
384	21	-1.260000	-1.365000	-6.443800	6.706220
384	23	-2.552000	3.880000	-3.831000	6.020271
384	27	0.130000	-0.110000	-7.324000	7.325980
384	29	-2.820000	-1.520000	-5.398000	6.277038
385	0	-2.350000	-1.960000	-6.224000	6.935580
385	2	2.520000	3.780000	-2.231000	5.061241
385	4	-2.700000	3.670000	-5.019000	6.778588
385	6	4.020000	-0.335000	-4.643100	6.150691
385	10	1.250000	1.130000	-6.965000	7.165935
385	14	5.050000	-0.660000	-4.283000	6.654486
385	16	3.070000	-0.070000	-6.370000	7.071542
385	18	-3.708000	1.060000	-5.322000	6.572408
385	20	-3.400000	-1.900000	-5.819900	7.002945
385	24	-1.450000	-0.030000	-6.764000	6.917738
385	28	-2.090000	0.270000	-5.113900	5.531092
385	3	1.360000	-3.460000	-5.662000	6.773437
385	5	-3.823000	1.347000	-4.050200	5.730084
385	7	-3.320000	-2.301000	-5.300400	6.664176
385	11	2.610000	1.890000	-6.792000	7.517677
385	13	2.390000	-2.540000	-5.314400	6.356614
385	15	1.730000	3.560000	-4.837000	6.250046
385	17	-0.080000	4.250000	-5.133000	6.664577
385	21	-4.700000	0.076000	-2.313000	5.238869
385	23	-2.520000	4.810000	-4.106000	6.807770
385	27	4.230000	3.410000	-4.020300	6.758980
385	29	-0.160000	1.590000	-6.801200	6.986417
386	0	-0.190000	-3.110000	-6.363000	7.084911
386	2	-0.875200	-2.120000	-6.552000	6.941835
386	4	-1.970000	-3.850000	-4.213000	6.037613
386	6	-4.020000	1.110000	-2.532000	4.878886
386	10	-0.290000	-2.520000	-6.703400	7.167292
386	14	-3.430000	-1.270000	-5.674400	6.751046
386	16	-5.140000	0.430000	-2.544000	5.751212
386	18	-5.887000	-1.870000	-3.028000	6.879132
386	20	-0.400000	3.060000	-5.748000	6.524040
386	22	2.800000	-4.420000	-4.688000	7.025222
386	24	0.560000	4.420000	-5.143000	6.804443
386	28	0.740000	-2.690000	-5.974500	6.593812
386	3	-0.980000	5.360000	-4.366200	6.982385
386	5	0.883000	-5.450000	-2.557000	6.084442
386	7	-0.040000	4.269000	-4.666000	6.324359
386	11	-2.210000	0.920000	-6.152200	6.601520
386	13	3.470000	-1.090000	-5.757900	6.810463
386	15	0.630000	-4.100000	-3.186000	5.230439
386	17	3.610000	0.270000	-5.587000	6.657294
386	19	-0.520000	-3.700000	-6.040000	7.102253
386	21	1.440000	1.591000	-5.866400	6.246561
386	23	1.620000	0.470000	-6.623000	6.834430
386	27	-1.700000	2.580000	-5.996000	6.745251
386	29	1.560000	2.520000	-5.408000	6.166884
387	0	-0.240000	2.440000	-6.536000	6.980723
387	2	3.828000	0.470000	-5.610700	6.808409
387	4	-3.370000	-0.690000	-5.719080	6.673895
387	6	1.820000	3.457000	-5.506600	6.751733
387	10	0.150000	-2.380000	-6.371600	6.803248
387	14	5.140000	-0.480000	-4.783000	7.037549
387	16	-0.550000	2.850000	-6.554000	7.167979
387	18	-4.758700	-0.190000	-4.635200	6.645781
387	20	0.210000	-3.690000	-5.230000	6.404147
387	22	3.350000	3.460000	-4.732000	6.751735
387	24	0.440000	0.320000	-6.083000	6.107282
387	28	-1.430000	2.570000	-6.053000	6.729681
387	3	0.510000	4.310000	-5.428000	6.949776
387	5	3.379000	1.990000	-4.154700	5.713079
387	7	-4.600000	-2.803000	-3.237000	6.284503
387	11	5.100000	-1.130000	-3.503000	6.289508
387	13	3.810000	-2.490000	-4.440000	6.358443
387	15	-4.515000	-0.210000	-5.045000	6.773577
387	17	5.680000	2.010000	-2.696100	6.600868
387	19	0.980000	-0.770000	-7.175000	7.282439
387	21	-4.590000	0.389000	-5.209150	6.953752
387	23	5.860000	1.740000	-2.757000	6.705837
387	27	-3.530000	3.850000	-3.260000	6.157191
387	29	-3.720000	-2.150000	-4.925000	6.535788
388	0	0.360000	-5.650000	-2.260000	6.095876
388	2	-3.096000	2.830000	-5.784900	7.145571
388	4	1.100000	-2.630000	-6.338500	6.950071
388	6	-0.170000	6.152000	-1.811000	6.415273
388	10	2.610000	0.450000	-6.198700	6.740807
388	14	2.420000	-3.560000	-5.372400	6.884234
388	16	-3.440000	2.970000	-5.677000	7.272058
388	18	1.367000	0.480000	-6.159100	6.327211
388	20	-2.910000	-1.060000	-6.363000	7.076685
388	22	-2.460000	-5.280000	-3.186000	6.639322
388	24	0.470000	5.650000	-3.790000	6.819641
388	28	-0.230000	3.700000	-5.770900	6.859022
388	3	1.310000	-4.960000	-3.775750	6.369771
388	5	1.941000	1.301000	-6.580000	6.982584
388	7	-1.160000	-2.086000	-5.692740	6.172867
388	11	1.160000	3.480000	-4.965500	6.173507
388	13	0.200000	-1.630000	-7.028000	7.217318
388	15	-2.020000	1.120000	-6.976000	7.348427
388	17	-0.060000	1.550000	-6.635000	6.813907
388	19	0.350000	1.750000	-6.054000	6.311570
388	21	-3.210000	-2.627000	-5.138460	6.603711
388	23	3.880000	-0.820000	-6.181000	7.343811
388	27	-3.240000	-2.330000	-6.318000	7.472859
388	29	-3.120000	0.820000	-6.247400	7.031131
389	0	-3.850000	-1.280000	-5.789000	7.069188
389	2	1.323000	-1.440000	-6.097900	6.403773
389	4	-2.630000	3.240000	-5.466000	6.876893
389	6	1.980000	2.100000	-6.415000	7.034389
389	10	-2.380000	1.220000	-5.616500	6.220761
389	14	3.170000	-1.520000	-5.669500	6.671022
389	16	-4.560000	3.659000	-3.431000	6.778912
389	18	-1.386700	0.150000	-6.174300	6.329883
389	20	0.310000	-1.590000	-6.914410	7.101638
389	22	-0.510000	-5.240000	-3.706000	6.438333
389	24	-1.020000	0.110000	-6.708000	6.785998
389	26	-3.140000	1.510000	-6.430300	7.313580
389	28	-1.490000	-4.230000	-2.824000	5.299809
389	1	-0.470000	-3.570000	-5.618000	6.672910
389	3	2.250000	-4.060000	-3.343000	5.720293
389	5	-3.676000	-2.994000	-5.515100	7.272781
389	7	-2.300000	-3.841000	-2.664000	5.209623
389	11	-1.750000	1.560000	-6.310000	6.731434
389	13	-0.780000	2.590000	-5.908900	6.498584
389	15	2.940000	-1.170000	-6.048000	6.825746
389	17	-2.680000	-2.340000	-4.611008	5.824036
389	19	-1.450000	-3.830000	-5.964000	7.234687
389	21	2.290000	0.645000	-6.668000	7.079714
389	23	0.290000	1.380000	-7.216800	7.353278
389	27	1.480000	0.160000	-6.752000	6.914152
389	29	-0.710000	-4.930000	-4.519000	6.725352
390	0	0.330000	4.560000	-4.301300	6.277235
390	2	-1.128000	0.260000	-5.876600	5.989525
390	4	-4.560000	-0.930000	-3.114000	5.599598
390	6	0.940000	-4.151000	-5.129200	6.665065
390	10	2.520000	-3.040000	-5.872000	7.076184
390	14	0.970000	1.400000	-7.096200	7.297736
390	16	1.870000	-4.610000	-3.196000	5.912987
390	18	-0.296000	-4.430000	-4.524000	6.338698
390	20	-1.920000	1.490000	-6.402120	6.847893
390	22	1.890000	2.190000	-6.419000	7.040722
390	24	-2.360000	-4.370000	-4.510000	6.708696
390	28	1.420000	1.410000	-6.393790	6.699631
390	3	1.310000	-1.020000	-5.944000	6.171518
390	5	1.926000	0.332000	-6.696000	6.975394
390	7	5.290000	-1.932000	-2.278000	6.075032
390	11	3.320000	0.260000	-5.669800	6.575457
390	13	-1.550000	3.450000	-6.559000	7.571359
390	15	-1.970000	1.750000	-6.667000	7.168842
390	17	-1.200000	-0.720000	-6.655000	6.800546
390	19	-3.960000	2.520000	-4.348000	6.398211
390	21	0.430000	2.054000	-6.581900	6.908344
390	23	-0.450000	4.710000	-3.096000	5.654363
390	27	-2.550000	0.040000	-6.414000	6.902427
390	29	-1.200000	2.900000	-5.691000	6.499037
391	0	0.890000	4.340000	-3.468000	5.626253
391	2	0.494000	-2.140000	-6.380800	6.748203
391	4	-4.150000	-2.410000	-4.807000	6.792485
391	6	-3.130000	0.760000	-5.898500	6.720625
391	10	-0.780000	0.970000	-6.758000	6.871671
391	14	-1.470000	-0.710000	-7.034400	7.221342
391	16	-3.710000	-0.080000	-1.865000	4.153158
391	18	-2.780600	-3.760000	-4.088000	6.211367
391	20	-3.100000	3.490000	-4.733000	6.647660
391	22	-0.890000	3.360000	-5.828000	6.785815
391	24	0.630000	1.680000	-7.059500	7.283944
391	28	-2.390000	-5.090000	-3.916000	6.852391
391	3	0.490000	-0.980000	-6.785000	6.872898
391	5	-4.555000	-0.513000	-4.388500	6.345875
391	7	-1.090000	4.440000	-5.187200	6.914387
391	11	2.200000	-1.240000	-6.210000	6.703857
391	13	0.130000	1.690000	-7.006000	7.208123
391	15	-2.415000	-1.130000	-5.218000	5.859748
391	17	-0.600000	-2.360000	-7.050000	7.458693
391	19	1.870000	1.080000	-6.961000	7.288266
391	21	-3.110000	1.328000	-6.152000	7.020170
391	23	-5.750000	-0.510000	-3.853000	6.940332
391	27	-2.050000	4.810000	-4.255200	6.741315
391	29	-3.960000	-1.740000	-4.164000	6.004007
392	0	-1.910000	1.280000	-6.445000	6.842845
392	2	1.974000	0.530000	-6.473100	6.788122
392	4	3.720000	-0.340000	-4.877000	6.143218
392	6	2.520000	3.159000	-3.213000	5.162659
392	10	2.030000	-0.280000	-5.836400	6.185698
392	14	1.640000	5.600000	-3.570000	6.840651
392	16	-2.660000	1.670000	-6.230000	6.976919
392	18	3.591000	2.220000	-5.232100	6.722987
392	20	-0.710000	-4.600000	-5.536000	7.232662
392	22	-2.160000	4.350000	-4.086000	6.346928
392	24	-4.190000	-2.720000	-3.581000	6.146386
392	28	-0.030000	3.280000	-6.039000	6.872323
392	3	2.530000	-0.570000	-6.217000	6.736237
392	5	-2.752000	3.567000	-5.749500	7.304365
392	7	-1.800000	4.592000	-4.702000	6.814343
392	11	4.860000	3.690000	-3.692400	7.132287
392	13	-0.570000	-3.210000	-5.864000	6.709359
392	15	-3.554000	3.500000	-3.662000	6.187985
392	17	-3.990000	-1.660000	-4.906100	6.538006
392	19	1.980000	4.530000	-5.142000	7.133124
392	21	2.300000	3.937000	-2.974000	5.443771
392	23	0.700000	2.910000	-6.002000	6.706870
392	27	-6.160000	2.530000	-2.398000	7.077917
392	29	-5.240000	-0.390000	-4.167000	6.706235
393	0	2.270000	0.400000	-6.174000	6.590233
393	2	5.941000	-1.000000	-2.458000	6.506708
393	4	1.040000	-1.840000	-6.899900	7.216358
393	6	4.470000	0.351000	-4.658000	6.465374
393	10	1.020000	-3.120000	-6.109000	6.935033
393	14	0.700000	2.760000	-5.885700	6.538277
393	16	0.200000	1.340000	-6.331000	6.474346
393	18	1.327000	-1.590000	-6.557000	6.876284
393	20	-1.110000	-1.360000	-6.772600	6.996414
393	22	0.530000	1.170000	-6.706000	6.827901
393	24	-4.240000	-3.480000	-3.487000	6.499782
393	28	1.380000	-3.100000	-5.703000	6.636159
393	3	-2.110000	-5.120000	-3.373000	6.484106
393	5	0.237000	-1.028000	-7.381000	7.456012
393	7	-0.550000	1.814000	-6.641200	6.906420
393	11	-1.280000	-2.520000	-6.404000	7.000001
393	13	3.960000	1.540000	-5.707000	7.114988
393	15	-1.733000	1.700000	-6.444000	6.886104
393	17	0.010000	3.230000	-6.305000	7.084210
393	19	-0.550000	0.330000	-7.041000	7.070154
393	21	-1.470000	-1.225000	-6.463200	6.740510
393	23	-0.640000	4.360000	-4.585000	6.359357
393	27	-4.300000	3.100000	-3.189500	6.186510
393	29	0.120000	3.750000	-5.952000	7.035851
394	0	4.200000	-1.260000	-5.219000	6.816565
394	2	1.189000	-0.020000	-6.865300	6.967529
394	4	-2.770000	-2.120000	-6.359000	7.252874
394	6	-0.970000	-1.067000	-7.298200	7.439295
394	10	1.330000	-0.450000	-6.580000	6.728135
394	14	-0.560000	-2.410000	-6.358200	6.822639
394	16	2.270000	0.900000	-6.542000	6.982884
394	18	-0.583000	3.290000	-5.729300	6.632410
394	20	-4.720000	0.330000	-4.864000	6.785705
394	22	-0.110000	-2.020000	-6.028000	6.358403
394	24	-3.490000	-3.610000	-0.929000	5.106392
394	28	1.660000	-0.780000	-6.307000	6.568276
394	3	-3.120000	-3.430000	-5.581700	7.256354
394	5	0.816000	-2.877000	-6.415200	7.077978
394	7	-1.750000	-2.539000	-5.396400	6.215316
394	11	1.950000	2.300000	-5.350000	6.141254
394	13	-2.020000	1.630000	-6.768000	7.248664
394	15	0.679000	-1.170000	-6.513000	6.652000
394	17	-0.650000	4.790000	-3.765700	6.127569
394	19	2.820000	-0.700000	-6.237000	6.880594
394	21	0.060000	-4.009600	-5.918700	7.149231
394	23	-2.450000	4.320000	-4.003000	6.378786
394	27	-0.400000	2.350000	-7.080000	7.470535
394	29	-0.650000	0.220000	-6.953000	6.986781
395	0	-0.050000	4.040000	-2.674000	4.845036
395	2	0.511000	0.050000	-6.639700	6.659522
395	4	-1.950000	-2.120000	-5.967800	6.626578
395	6	-2.050000	1.386000	-6.657100	7.102146
395	10	-2.630000	-4.350000	-1.715000	5.364758
395	14	-1.160000	-0.720000	-6.903700	7.037405
395	16	-2.400000	-2.830000	-3.405000	5.036162
395	18	-2.729500	-2.420000	-6.091000	7.099778
395	20	-1.240000	1.900000	-6.596600	6.975868
395	22	0.570000	-5.090000	-4.190000	6.617333
395	24	-0.710000	1.490000	-6.986700	7.179009
395	28	3.920000	2.890000	-4.047000	6.332196
395	3	-2.600000	-4.120000	-4.721000	6.783969
395	5	4.880000	3.605000	-1.164000	6.177809
395	7	3.440000	1.192000	-5.449000	6.553325
395	11	-1.030000	-2.690000	-5.605400	6.302183
395	13	3.330000	3.170000	-2.815000	5.390921
395	15	-1.077000	-2.690000	-5.998000	6.661234
395	17	-3.740000	1.120000	-4.762500	6.158198
395	19	-1.840000	3.660000	-5.739000	7.051051
395	21	0.560000	1.906000	-6.095200	6.410764
395	23	1.350000	-0.430000	-7.079000	7.219393
395	27	0.520000	3.470000	-5.709000	6.701043
395	29	-2.870000	1.820000	-6.222000	7.089611
396	0	-1.760000	2.600000	-4.620900	5.586619
396	2	4.776000	3.490000	-0.519000	5.937983
396	4	0.230000	-3.920000	-4.875000	6.259786
396	6	-2.720000	-3.117000	-5.614000	6.973599
396	10	-1.140000	5.210000	-4.605600	7.046648
396	14	-1.230000	-5.610000	-2.286000	6.181488
396	16	2.080000	0.570000	-6.584000	6.928229
396	18	-0.025000	-2.990000	-5.780500	6.508065
396	22	-2.990000	-3.500000	-5.445000	7.130086
396	24	2.340000	1.030000	-6.516000	6.999625
396	28	-1.010000	-0.350000	-7.141700	7.221252
396	3	4.750000	3.010000	-3.568000	6.659822
396	5	-2.053000	-2.135000	-6.532000	7.172172
396	7	2.050000	4.010000	-4.814000	6.592207
396	13	2.690000	1.330000	-5.978000	6.688908
396	15	-6.157500	0.120000	-3.077000	6.884558
396	17	1.060000	0.480000	-6.655000	6.755962
396	19	3.570000	4.980000	-1.717000	6.363442
396	21	1.950000	-0.138000	-6.592900	6.876618
396	23	-2.560000	-3.170000	-5.461000	6.813591
396	27	-3.130000	-1.630000	-4.492000	5.712431
396	29	-0.480000	4.170000	-5.012000	6.537541
397	0	2.880000	-1.550000	-6.519000	7.293440
397	2	2.006000	3.670000	-5.679100	7.053022
397	4	-3.000000	2.650000	-5.034000	6.431458
397	6	-2.030000	1.110000	-6.687090	7.076028
397	10	-2.590000	-2.820000	-5.611900	6.793668
397	14	-1.410000	-0.600000	-7.312400	7.471231
397	16	2.770000	4.370000	-4.808400	7.063321
397	18	2.057000	0.260000	-6.899000	7.203822
397	22	4.520000	-1.850000	-3.272000	5.878680
397	24	-4.060000	3.780000	-3.906000	6.784455
397	28	1.100000	2.570000	-7.094705	7.625598
397	3	-4.050000	-0.810000	-4.840700	6.363252
397	5	-0.650000	2.408000	-6.005700	6.503030
397	7	1.800000	3.380000	-5.254000	6.501455
397	13	-0.670000	4.830000	-4.359000	6.540541
397	15	1.432000	-3.070000	-5.670000	6.604879
397	17	-3.560000	-0.310000	-4.681400	5.889415
397	19	-2.460000	0.770000	-6.807000	7.278719
397	21	-1.340000	-2.769660	-6.158900	6.884669
397	23	-3.950000	3.660000	-3.562000	6.456465
397	27	-1.110000	-2.860000	-6.319000	7.024348
397	29	-1.800000	4.780000	-4.929000	7.098129
398	0	-2.260000	-2.350000	-5.119000	6.069124
398	2	-0.978000	3.300000	-5.732100	6.686064
398	4	-2.380000	1.820000	-6.459200	7.120257
398	6	3.650000	2.888000	-4.436000	6.429708
398	10	-1.220000	-3.440000	-6.061200	7.075319
398	14	-1.090000	1.800000	-6.695800	7.018678
398	16	-2.950000	-4.120000	-5.323800	7.349813
398	18	1.047000	2.640000	-6.096500	6.725557
398	22	-2.980000	3.920000	-4.900000	6.946711
398	24	-0.090000	-1.910000	-6.576400	6.848740
398	28	0.360000	4.080000	-4.690000	6.226725
398	3	2.430000	-1.660000	-5.905700	6.598317
398	5	-0.567000	2.599000	-6.552100	7.071514
398	7	0.190000	-5.304000	-3.340000	6.270894
398	13	-3.620000	-4.130000	-2.346000	5.972019
398	15	0.128000	-5.680000	-2.719000	6.298551
398	17	-1.920000	-2.570000	-3.402000	4.675992
398	19	0.940000	-3.480000	-6.009000	7.007288
398	21	2.360000	-2.958100	-4.992200	6.264345
398	23	1.540000	-3.620000	-5.287000	6.590020
398	27	-4.700000	3.780000	-1.067000	6.125103
398	29	-0.050000	-0.910000	-7.270400	7.327299
399	0	-3.920000	2.310000	-4.179700	6.178381
399	2	-4.930900	0.800000	-5.182000	7.197701
399	4	-2.880000	-2.490000	-5.623700	6.791208
399	6	1.980000	1.419700	-6.724000	7.151792
399	10	-4.070000	-1.210000	-5.471700	6.925930
399	14	-0.530000	-3.120000	-6.443600	7.178808
399	16	0.950000	-2.960000	-6.786000	7.464174
399	18	-4.175000	2.960000	-5.072800	7.205937
399	22	-2.390000	-4.620000	-4.758000	7.049473
399	24	2.880000	2.620000	-5.593000	6.814723
399	28	2.990000	-0.650000	-6.777700	7.436385
399	3	-0.830000	2.180000	-6.833000	7.220193
399	5	-3.074000	-3.214000	-5.793000	7.303295
399	7	0.930000	3.450000	-6.048000	7.024650
399	13	1.890000	0.090000	-5.763400	6.066051
399	15	-0.653000	-0.040000	-6.988000	7.018558
399	17	0.110000	-0.030000	-6.672000	6.672974
399	19	-0.820000	3.450000	-6.281000	7.212895
399	21	-0.920000	-0.501000	-6.667500	6.749293
399	23	-3.590000	4.210000	-3.457000	6.524036
399	27	-3.180000	-2.350000	-4.944000	6.330722
399	29	-1.660000	-0.600000	-7.356100	7.564906
400	0	-0.150000	4.220000	-2.522300	4.918628
400	2	1.008000	-2.390000	-6.322200	6.833621
400	4	-3.980000	2.750000	-2.577000	5.481225
400	6	5.170000	-1.147000	-4.056300	6.670688
400	10	-0.470000	-1.100000	-6.613300	6.720613
400	14	-1.150000	4.520000	-4.241000	6.303886
400	16	2.230000	0.920000	-5.677180	6.168442
400	18	-0.967000	-3.580000	-5.050000	6.265300
400	22	-3.420000	-1.410000	-5.475000	6.607581
400	24	1.560000	-2.410000	-5.381000	6.098923
400	28	-4.040000	3.530000	-3.800000	6.574382
400	3	-3.890000	-0.520000	-1.657000	4.260064
400	5	5.270000	-1.144000	-3.422000	6.386840
400	7	5.180000	1.820000	-3.262000	6.386348
400	13	-3.390000	-1.240000	-5.730500	6.772616
400	15	-1.759000	-2.080000	-6.189000	6.761967
400	17	2.380000	3.340000	-3.611000	5.464368
400	19	0.950000	-2.720000	-6.200000	6.836732
400	21	2.910000	-0.485000	-6.467500	7.108578
400	23	-5.360000	-1.380000	-2.728000	6.170574
400	27	1.850000	0.240000	-6.879000	7.127464
400	29	3.930000	1.940000	-4.653000	6.392097
401	0	-1.690000	3.560000	-4.988000	6.356874
401	2	1.586000	3.980000	-3.190000	5.341526
401	4	-4.530000	-2.010000	-4.479200	6.680137
401	6	-1.830000	-2.241000	-6.387000	7.011758
401	10	-3.440000	-1.270000	-5.784800	6.849118
401	14	-4.160000	1.260000	-4.836000	6.502315
401	16	2.920000	-1.210000	-6.115000	6.883584
401	18	2.899000	3.140000	-4.206200	5.996325
401	22	-2.680000	-3.330000	-5.107000	6.659786
401	24	1.390000	1.070000	-6.323800	6.562579
401	28	4.080000	0.060000	-5.603200	6.931511
401	3	0.020000	5.290000	-3.789500	6.507289
401	5	-1.558000	-2.771000	-5.594000	6.434178
401	7	-3.810000	-3.128000	-3.819000	6.235803
401	13	-3.390000	2.150000	-4.089000	5.730141
401	15	5.530000	2.290000	-1.636000	6.204957
401	17	-1.930000	-0.220000	-6.250250	6.545145
401	19	-3.680000	0.230000	-5.622000	6.723257
401	21	0.720000	-5.985000	-2.141000	6.397070
401	23	5.100000	0.100000	-3.457000	6.162049
401	27	-1.800000	-6.210000	-2.438000	6.909989
401	29	0.450000	4.450000	-5.906000	7.408498
402	0	0.620000	-4.940000	-3.555900	6.118204
402	2	5.495000	-1.750000	-3.033000	6.515874
402	4	1.330000	-1.430000	-5.932800	6.245952
402	6	1.620000	-2.021000	-5.269070	5.871281
402	10	-1.700000	-0.090000	-6.831000	7.039933
402	14	-0.200000	-2.840000	-6.098000	6.729874
402	16	3.140000	-1.980000	-5.754200	6.847687
402	18	1.405000	1.960000	-6.297000	6.742984
402	22	1.700000	0.900000	-6.721000	6.990840
402	24	0.650000	1.420000	-6.650000	6.830915
402	28	3.490000	5.450000	-2.243000	6.849354
402	3	-2.410000	-2.140000	-5.398800	6.287666
402	5	0.097000	-5.568000	-3.348000	6.497779
402	7	-4.160000	-1.109000	-5.381000	6.891345
402	13	-2.320000	-0.630000	-6.404000	6.840359
402	15	4.060000	0.960000	-5.798000	7.142969
402	17	-4.280000	1.620000	-4.819870	6.646348
402	19	-4.630000	-1.140000	-4.228000	6.372792
402	21	-2.140000	2.147000	-6.615800	7.277226
402	23	3.760000	0.260000	-5.834000	6.945557
402	27	1.900000	-5.960000	-2.450600	6.718411
402	29	-0.650000	-0.220000	-7.219400	7.251940
403	0	-2.710000	1.250000	-6.709000	7.342839
403	2	-0.285000	3.010000	-5.688300	6.441900
403	4	1.740000	6.110000	-1.445000	6.515192
403	6	2.290000	-4.358000	-4.397000	6.600748
403	10	1.220000	-4.010000	-5.020300	6.540024
403	14	-1.520000	0.440000	-6.950800	7.128648
403	16	2.350000	1.990000	-6.013100	6.755736
403	18	4.610000	-0.950000	-3.363000	5.784840
403	22	-3.440000	0.370000	-6.005000	6.930406
403	24	0.260000	-3.190000	-5.877000	6.691997
403	28	2.450000	-2.970000	-5.642000	6.830488
403	3	-2.070000	-3.950000	-5.545900	7.116488
403	5	-2.594000	-1.505000	-4.186000	5.149413
403	7	-0.670000	0.312000	-6.653000	6.693927
403	13	-0.210000	-3.990000	-2.855000	4.910726
403	15	1.830000	-3.440000	-6.009000	7.161744
403	17	-2.850000	-5.370000	-2.405000	6.537846
403	19	-3.720000	0.660000	-3.757000	5.328137
403	21	-2.070000	0.656000	-6.540600	6.891639
403	23	-2.170000	-2.300000	-1.760000	3.618909
403	27	-0.400000	-3.730000	-3.908300	5.417353
403	29	-1.440000	-4.750000	-4.501000	6.700381
404	0	1.510000	-3.750000	-2.823140	4.930793
404	2	0.657000	6.130000	-2.938000	6.829377
404	4	-2.910000	-4.000000	-4.361500	6.594754
404	6	1.770000	-0.177000	-6.953000	7.176938
404	10	4.490000	-3.670000	-1.143000	5.910622
404	14	-2.440000	-1.470000	-6.549900	7.142527
404	16	1.980000	1.490000	-6.346900	6.813490
404	18	0.934000	0.810000	-7.133000	7.239347
404	22	3.040000	4.140000	-4.579000	6.881020
404	24	2.370000	-1.180000	-4.531000	5.247786
404	28	-0.850000	2.010000	-5.160300	5.602794
404	3	-2.000000	0.590000	-6.935000	7.241707
404	5	0.790000	-4.605000	-4.446000	6.449577
404	7	-0.340000	2.130000	-6.364500	6.720071
404	13	1.900000	-1.310000	-6.458000	6.857978
404	15	3.924000	-1.280000	-5.641000	6.989782
404	17	1.480000	1.570000	-6.012400	6.387821
404	19	0.560000	-2.380000	-6.596000	7.034573
404	21	0.750000	-1.725000	-6.949000	7.199078
404	23	2.230000	-2.370000	-6.246000	7.042891
404	27	4.830000	0.260000	-0.807000	4.903850
404	29	-4.600000	-1.910000	-4.610000	6.786767
405	0	-0.900000	-0.850000	-7.054000	7.161803
405	2	-0.431000	2.230000	-6.634000	7.012034
405	4	2.020000	2.370000	-6.398000	7.115596
405	6	-2.960000	3.830000	-5.271900	7.157055
405	10	-3.200000	0.180000	-5.968600	6.774702
405	14	-0.790000	4.200000	-2.637000	5.021740
405	16	2.610000	1.330000	-6.575800	7.198760
405	18	0.950800	-4.580000	-3.918300	6.101926
405	22	-2.840000	-1.170000	-4.784000	5.685170
405	24	2.480000	-1.150000	-5.432000	6.081079
405	28	2.930000	-0.660000	-5.793200	6.525463
405	3	-1.700000	2.890000	-5.572000	6.503021
405	5	0.650000	2.428000	-5.618000	6.154641
405	7	2.320000	-0.560000	-6.784400	7.191946
405	13	-3.220000	1.220000	-6.481900	7.339743
405	15	1.364000	-0.200000	-7.121000	7.253216
405	17	2.340000	4.510000	-4.350000	6.688662
405	19	-1.370000	-5.210000	-2.983000	6.157864
405	21	1.560000	-3.949000	-4.664400	6.307522
405	23	-1.300000	-0.920000	-6.867000	7.049262
405	27	-3.490000	1.850000	-4.789500	6.208213
405	29	-3.360000	-2.840000	-5.742070	7.233711
406	0	-2.810000	1.310000	-5.646000	6.441236
406	2	-5.950000	0.610000	-3.172000	6.770243
406	4	-2.410000	-1.330000	-6.622000	7.171324
406	6	4.590000	1.215000	-2.134000	5.205601
406	10	0.130000	-3.560000	-5.752300	6.766052
406	14	2.330000	-1.220000	-6.426000	6.943398
406	16	0.450000	2.910000	-6.130300	6.800822
406	18	-0.800000	-0.010000	-6.388000	6.437907
406	20	0.390000	5.050000	-4.019000	6.465830
406	22	1.850000	-5.100000	-3.623000	6.523697
406	24	-2.500000	1.810000	-5.918000	6.674491
406	28	-2.270000	5.170000	-3.467000	6.625850
406	3	-1.430000	-0.060000	-6.555000	6.709436
406	5	0.910000	2.953000	-6.198200	6.925748
406	7	-3.160000	-0.736000	-6.050000	6.865114
406	11	-3.320000	-0.590000	-5.842000	6.745329
406	13	0.480000	0.790000	-7.059000	7.119268
406	15	1.030000	-4.770000	-3.575000	6.049333
406	17	3.020000	0.140000	-6.703300	7.353518
406	19	3.280000	0.960000	-6.310000	7.176078
406	21	3.620000	3.115000	-4.789000	6.763294
406	23	5.010000	2.910000	-2.543000	6.327326
406	27	0.270000	-4.390000	-4.321400	6.165995
406	29	-0.040000	1.770000	-6.332346	6.575189
407	0	3.130000	1.890000	-4.822000	6.051503
407	2	4.506000	1.800000	-4.613000	6.695058
407	4	-3.840000	2.100000	-4.337820	6.162165
407	6	3.930000	-2.011000	-4.844740	6.554428
407	10	2.280000	0.040000	-6.599000	6.981891
407	14	1.120000	4.570000	-4.140000	6.267288
407	16	2.900000	3.730000	-5.211100	7.034093
407	18	-1.642000	0.420000	-5.923000	6.160722
407	20	2.660000	-5.170000	-3.918000	7.011079
407	22	-2.280000	0.010000	-6.617000	6.998799
407	24	1.410000	-4.930000	-4.149000	6.595999
407	26	-2.060000	-0.760000	-6.517000	6.876953
407	28	-3.090000	5.210000	-1.032000	6.144691
407	1	-0.200000	-1.430000	-6.829400	6.980373
407	3	0.800000	4.770000	-4.310500	6.478681
407	5	-1.290000	-1.008000	-6.960900	7.150825
407	7	-1.720000	-2.568000	-6.036000	6.781321
407	11	-3.370000	-2.030000	-5.866000	7.063127
407	13	-0.950000	0.090000	-7.265000	7.327402
407	15	4.434000	3.150000	-3.888000	6.685761
407	17	0.580000	0.180000	-6.910400	6.937033
407	19	-0.990000	-3.630000	-5.124000	6.357073
407	21	2.220000	4.808000	-3.803000	6.519822
407	23	-0.490000	2.500000	-5.649000	6.196878
407	27	0.000000	-0.390000	-6.798000	6.809178
407	29	-2.900000	-3.680000	-4.893000	6.774500
408	0	0.720000	-0.500000	-6.869000	6.924707
408	2	2.810000	0.180000	-6.366500	6.961381
408	4	3.850000	2.020000	-4.953200	6.590682
408	6	3.040000	3.208000	-5.143000	6.781100
408	10	-1.120000	-1.240000	-6.675800	6.881737
408	14	-1.270000	4.190000	-5.171000	6.775562
408	16	3.260000	2.780000	-3.914000	5.803051
408	18	0.297000	-0.650000	-7.104000	7.139855
408	20	-2.120000	1.840000	-6.458800	7.042450
408	22	-0.250000	-2.820000	-5.797000	6.451365
408	24	3.425000	-6.240000	-1.197000	7.218105
408	26	-3.620000	-0.620000	-6.338200	7.325406
408	28	-1.390000	3.950000	-4.168000	5.908200
408	1	3.660000	2.160000	-3.637000	5.593654
408	3	2.500000	2.870000	-4.699686	6.047640
408	5	3.710000	0.890000	-5.719000	6.874821
408	7	-1.990000	4.425000	-2.780000	5.591880
408	11	4.400000	3.350000	-3.025000	6.303422
408	13	-0.520000	2.180000	-6.428700	6.808156
408	15	-0.297000	-5.050000	-4.988000	7.104284
408	17	0.290000	2.040000	-6.827000	7.131173
408	19	-0.130000	-2.150000	-6.406000	6.758420
408	21	1.380000	3.785000	-6.179000	7.376359
408	23	2.020000	0.250000	-5.857000	6.200593
408	27	3.240000	3.100000	-5.168400	6.842511
408	29	5.000000	-2.310000	-3.848000	6.718869
409	0	-4.400000	-1.000000	-5.122000	6.826045
409	2	4.478000	4.160000	-3.700000	7.144794
409	4	3.710000	2.840000	-3.448900	5.807289
409	6	2.850000	-0.985000	-5.825300	6.559485
409	10	5.260000	1.630000	-4.144000	6.891824
409	14	-1.490000	2.300000	-6.360000	6.925294
409	16	0.470000	-1.510000	-7.120000	7.293518
409	18	-0.799000	-3.080000	-6.470000	7.210111
409	22	-2.630000	1.600000	-5.869000	6.627372
409	24	4.472000	-1.370000	-5.844000	7.485187
409	26	5.660000	0.740000	-2.865000	6.386816
409	28	-1.560000	2.900000	-6.627000	7.400049
409	1	-0.260000	4.240000	-5.891800	7.263505
409	3	-3.920000	-1.950000	-4.890000	6.563612
409	5	-1.610000	-0.130000	-6.485100	6.683227
409	7	0.070000	2.617000	-6.233000	6.760464
409	13	-2.160000	-4.630000	-4.637000	6.899585
409	15	-1.992000	4.180000	-4.982000	6.801528
409	17	-1.630000	4.320000	-5.600300	7.258282
409	19	3.690000	0.030000	-5.087800	6.285118
409	21	-2.250000	-4.834000	-3.667000	6.471240
409	23	-2.660000	0.310000	-6.025000	6.593355
409	27	-1.040000	3.010000	-6.038000	6.826357
409	29	0.270000	0.080000	-6.073000	6.079525
410	0	0.840000	4.390000	-4.405000	6.275486
410	2	-2.775200	5.410000	-1.314000	6.220646
410	4	-3.290000	4.380000	-3.424300	6.460211
410	6	-0.780000	-0.547000	-6.922000	6.987252
410	10	-0.090000	-1.730000	-6.187000	6.424949
410	14	-2.910000	2.480000	-6.238000	7.316498
410	16	-4.170000	1.890000	-4.743300	6.592412
410	18	-4.334000	1.710000	-4.948440	6.796669
410	22	-2.120000	2.170000	-6.639000	7.299289
410	24	0.870000	-1.720000	-5.393000	5.727107
410	26	0.840000	-2.630000	-6.547700	7.105975
410	28	-1.780000	0.330000	-6.995600	7.226045
410	1	1.210000	-2.430000	-6.880000	7.396175
410	3	-2.720000	-1.330000	-6.038700	6.755235
410	5	-1.940000	2.155290	-6.766800	7.361960
410	7	-2.670000	2.388000	-5.966000	6.958779
410	13	-5.180000	-3.620000	-1.613000	6.522160
410	15	3.158000	2.090000	-6.198000	7.263351
410	17	0.480000	3.930000	-4.945200	6.334848
410	19	-1.010000	1.530000	-7.059000	7.293180
410	21	-0.830000	1.231000	-6.780600	6.941239
410	23	1.460000	3.730000	-5.186000	6.552793
410	27	-0.390000	4.880000	-4.711000	6.794117
410	29	1.040000	2.990000	-5.259000	6.138304
411	0	-0.210000	3.580000	-5.704000	6.737664
411	2	0.397000	2.830000	-6.399000	7.008117
411	4	-1.770000	-1.160000	-6.662000	6.990046
411	6	-3.000000	-0.859000	-6.583000	7.285175
411	10	0.370000	0.030000	-7.128000	7.137660
411	14	2.400000	3.690000	-3.695000	5.747097
411	16	0.420000	0.580000	-7.065000	7.101199
411	18	-4.135000	3.740000	-2.557000	6.133847
411	20	-0.250000	3.850000	-2.753000	4.739621
411	22	-4.010000	-4.790000	-3.562000	7.191109
411	24	2.130000	-3.730000	-5.131000	6.691559
411	28	-4.130000	1.100000	-5.578000	7.027160
411	3	-2.880000	-4.330000	-5.103100	7.285941
411	5	2.070000	1.285000	-6.699300	7.128587
411	7	1.070000	1.314000	-6.772590	6.981366
411	11	0.180000	0.120000	-6.706200	6.709688
411	13	-3.090000	-0.310000	-5.460230	6.281585
411	15	-1.546000	-0.440000	-6.349000	6.549314
411	17	-4.560000	2.530000	-4.617200	6.965130
411	19	-0.970000	0.380000	-6.871000	6.949528
411	21	3.440000	2.729000	-5.567900	7.091019
411	23	-4.200000	3.120000	-3.705000	6.411039
411	27	-1.700000	-1.420000	-6.027000	6.421147
411	29	3.020000	-0.650000	-6.364000	7.074136
412	0	-1.160000	2.440000	-5.904000	6.492797
412	2	-1.748000	-1.109000	-5.104800	5.508572
412	4	1.810000	2.050000	-6.730000	7.264399
412	6	1.810000	2.520000	-6.640000	7.329127
412	10	2.200000	-3.370000	-4.219000	5.830683
412	14	-0.990000	3.170000	-6.506900	7.305392
412	16	0.950000	-4.020000	-4.286300	5.952753
412	18	1.794100	-3.370000	-4.078300	5.586432
412	20	0.140000	-1.350000	-7.099000	7.227579
412	22	-0.420000	-3.930000	-5.767000	6.991394
412	24	-1.900000	-5.680000	-2.288000	6.411501
412	28	2.480000	2.890000	-5.454000	6.651963
412	3	-5.220000	-0.830000	-4.581700	6.994946
412	5	0.770000	0.735000	-7.209000	7.287167
412	7	-0.910000	4.244000	-3.945000	5.865378
412	11	3.920000	-2.740000	-5.401000	7.214208
412	13	0.200000	0.770000	-6.967000	7.012274
412	15	0.365000	-3.970000	-5.331000	6.656853
412	17	-0.300000	-3.100000	-5.767800	6.554961
412	19	-3.270000	-0.190000	-5.962220	6.802725
412	21	1.340000	-2.344000	-5.683000	6.291774
412	23	4.290000	-0.600000	-4.311000	6.111368
412	27	-0.500000	-1.080000	-6.779000	6.882677
412	29	2.180000	1.640000	-6.480000	7.030818
413	0	-3.290000	2.360000	-6.089000	7.312292
413	2	1.550000	-1.267000	-7.221000	7.493372
413	4	-3.330000	3.380000	-4.926600	6.839933
413	6	-3.100000	3.864000	-4.246360	6.524728
413	10	2.390000	0.760000	-6.460900	6.930579
413	14	2.760000	2.770000	-5.455600	6.712233
413	16	-1.360000	-0.750000	-6.875000	7.048243
413	18	-1.754000	-2.210000	-5.169340	5.889201
413	20	-2.290000	3.660000	-4.691000	6.375357
413	22	-2.700000	2.880000	-5.102000	6.450954
413	24	0.700000	-1.490000	-6.020000	6.241034
413	28	2.460000	-0.760000	-6.728500	7.204298
413	3	-0.870000	4.140000	-0.894000	4.323857
413	5	1.640000	1.445000	-7.049000	7.380110
413	7	-1.000000	1.403000	-5.893000	6.139695
413	11	-0.510000	-2.240000	-6.069340	6.489575
413	13	1.670000	5.810000	-2.347000	6.484860
413	15	4.503000	2.440000	-3.652000	6.290287
413	17	1.660000	-4.600000	-3.850000	6.223994
413	19	0.400000	6.660000	-1.780000	6.905360
413	21	-2.700000	2.883000	-5.025000	6.391581
413	23	-1.610000	4.410000	-3.218000	5.691724
413	27	-1.340000	1.580000	-6.391000	6.718399
413	29	0.910000	-3.560000	-4.969000	6.180021
414	0	3.330000	-2.960000	-2.096900	4.924174
414	2	-3.375000	-5.241000	-1.620000	6.440738
414	4	1.680000	-3.140000	-6.097600	7.061354
414	6	-0.580000	5.254000	-1.743000	5.565875
414	10	3.010000	-0.230000	-6.157300	6.857503
414	14	3.460000	-3.170000	-4.372000	6.413648
414	16	3.330000	2.670000	-5.551000	7.002243
414	18	-1.982000	2.370000	-5.222400	6.067840
414	20	3.140000	1.620000	-2.996000	4.632496
414	22	-3.770000	-1.830000	-5.629000	7.017652
414	24	-2.330000	5.180000	-4.030000	6.964352
414	28	-1.690000	3.280000	-4.934000	6.161076
414	3	-2.530000	3.810000	-5.135480	6.876784
414	5	2.250000	4.698000	-4.537000	6.907827
414	7	2.240000	4.260000	-4.901000	6.869134
414	11	-0.360000	0.290000	-7.002000	7.017243
414	13	-1.160000	3.430000	-5.834900	6.867063
414	15	-3.665000	0.710000	-6.165000	7.207187
414	17	-4.210000	-1.180000	-3.935000	5.882238
414	19	-0.280000	5.220000	-3.377000	6.223418
414	21	4.600000	0.107000	-4.765000	6.623947
414	23	-2.180000	0.900000	-6.867000	7.260722
414	27	-0.910000	6.700000	-2.056000	7.067194
414	29	0.680000	2.070000	-6.563500	6.915695
415	0	-1.920000	4.000000	-5.325000	6.931235
415	2	2.125000	0.628000	-5.485700	5.916326
415	4	2.900000	2.920000	-4.679000	6.231327
415	6	1.900000	0.744000	-6.641000	6.947404
415	10	1.590000	2.470000	-6.598100	7.222460
415	14	-3.310000	-3.410000	-4.757000	6.724080
415	16	4.180000	2.470000	-3.429000	5.944017
415	18	4.066840	0.540000	-4.633800	6.188933
415	20	-1.730000	-0.780000	-5.879000	6.177697
415	22	-1.970000	-2.440000	-6.275000	7.014993
415	24	1.120000	1.290000	-6.648000	6.863993
415	28	-1.020000	1.820000	-6.871000	7.180769
415	3	-2.810000	-1.760000	-4.895200	5.912418
415	5	-1.871000	-2.408000	-5.907200	6.647866
415	7	3.070000	-3.388000	-3.798000	5.943757
415	11	4.750000	-3.410000	-2.399000	6.320269
415	13	1.420000	0.380000	-7.071000	7.222177
415	15	0.385000	-0.810000	-6.872000	6.930275
415	17	-3.730000	-1.820000	-2.875000	5.048854
415	19	2.560000	1.270000	-6.274100	6.894261
415	21	-0.520000	-1.375000	-6.644200	6.804882
415	23	-1.190000	0.880000	-5.547000	5.741055
415	27	1.040000	4.550000	-4.808600	6.701249
415	29	-2.360000	-1.070000	-6.454000	6.954755
416	0	-0.040000	2.510000	-6.898000	7.340579
416	2	-0.350000	-0.722000	-7.449000	7.492088
416	4	5.410000	-0.230000	-2.552000	5.986126
416	6	-1.840000	4.670200	-2.804000	5.749677
416	10	-1.790000	-4.070000	-3.524000	5.673410
416	14	4.350000	3.190000	-4.093000	6.771355
416	16	-1.940000	4.110000	-6.127000	7.628619
416	18	-0.447000	-1.380000	-6.832800	6.985082
416	20	3.160000	-2.490000	-2.656000	4.820792
416	22	-0.080000	-3.490000	-6.344000	7.241052
416	24	2.800000	-1.460000	-6.316000	7.061406
416	28	4.690000	3.110000	-3.265000	6.506030
416	3	-1.840000	0.220000	-6.849000	7.095266
416	5	0.480000	0.845400	-7.201200	7.266525
416	7	-1.840000	3.120000	-5.410000	6.510614
416	11	-1.510000	-1.230000	-6.317000	6.610408
416	13	-2.680000	2.070000	-5.169300	6.179722
416	15	-3.319000	0.980000	-5.957000	6.889268
416	17	0.810000	-0.360000	-6.443100	6.503786
416	19	0.700000	0.380000	-6.705000	6.752142
416	21	-2.660000	2.590000	-6.073200	7.118108
416	23	-5.410000	1.210000	-2.638000	6.139320
416	27	3.390000	-4.700000	-3.091000	6.567829
416	29	1.480000	-1.370000	-6.612000	6.912731
417	0	-2.960000	-0.430000	-5.845000	6.565861
417	2	-4.879000	-0.930000	-2.763000	5.683635
417	4	-0.800000	-1.870000	-7.045200	7.332922
417	6	-2.210000	3.467300	-3.931000	5.688500
417	10	-1.040000	-3.120000	-5.654900	6.541704
417	14	1.750000	-0.220000	-6.037300	6.289665
417	16	-0.510000	-0.130000	-7.006000	7.025741
417	18	0.392000	-3.250000	-6.390700	7.180335
417	20	0.870000	-4.300000	-4.640000	6.385648
417	22	-1.920000	-0.190000	-6.888600	7.153692
417	24	-1.070000	-6.140000	-0.750000	6.277500
417	28	-2.279000	-2.220000	-6.197890	6.966784
417	3	-3.610000	-3.020000	-4.908000	6.800071
417	5	4.414000	0.772100	-4.715500	6.505035
417	7	-2.610000	-2.045000	-5.633000	6.536422
417	11	1.000000	-4.250000	-2.902000	5.242528
417	13	-2.490000	3.050000	-5.947000	7.132279
417	15	-3.852000	4.960000	-2.788000	6.871131
417	17	4.120000	-2.630000	-4.817000	6.862564
417	19	-0.900000	0.640000	-6.639000	6.730224
417	21	1.370000	1.825000	-6.364000	6.760771
417	23	-2.250000	-1.910000	-6.118000	6.792682
417	27	1.500000	2.150000	-6.061000	6.603652
417	29	4.480000	-3.170000	-1.822000	5.782645
418	0	-5.380000	0.910000	-1.084000	5.563053
418	2	-3.709000	-1.925000	-5.162100	6.641505
418	4	0.680000	0.460000	-6.663800	6.714181
418	6	-1.480000	-0.352000	-6.837000	7.004204
418	10	2.190000	3.400000	-5.539300	6.858567
418	14	-1.560000	-4.840000	-4.344000	6.688014
418	16	1.830000	2.620000	-6.521000	7.262007
418	18	1.133000	3.520000	-5.726600	6.816747
418	20	-3.490000	2.380000	-5.489000	6.926299
418	22	-1.110000	-4.880000	-4.278000	6.583903
418	24	-2.100000	-2.260000	-5.758000	6.532393
418	28	5.470000	0.060000	-3.145000	6.309954
418	3	2.090000	-1.540000	-6.244000	6.762192
418	5	-0.866000	3.652000	-5.367500	6.549589
418	7	-1.360000	0.352000	-6.417500	6.569460
418	11	-2.780000	-0.020000	-6.640000	7.198500
418	13	-3.360000	2.630000	-5.151000	6.688744
418	15	-3.258000	-5.280000	-3.083000	6.928048
418	17	-2.790000	2.230000	-6.227450	7.179006
418	19	2.040000	3.520000	-5.068000	6.498971
418	21	-1.800000	2.590000	-6.115000	6.880503
418	23	-3.580000	2.190000	-1.051000	4.326327
418	27	-2.030000	-3.270000	-5.254800	6.513580
418	29	-3.280000	1.130000	-4.722000	5.859401
419	0	1.560000	-5.410000	-1.355000	5.791176
419	2	-0.987000	2.340000	-6.939000	7.389147
419	4	0.840000	4.740000	-4.738000	6.754394
419	6	3.130000	1.773000	-5.783000	6.810545
419	10	-2.740000	2.780000	-5.229100	6.525296
419	14	0.430000	4.010000	-5.950300	7.188259
419	16	0.160000	-2.450000	-6.112000	6.586702
419	18	0.704400	-3.900000	-1.693000	4.309574
419	20	-2.140000	-2.620000	-5.406000	6.377212
419	22	3.200000	0.800000	-6.349700	7.155326
419	24	-4.232000	-2.360000	-1.106000	4.970177
419	28	0.770000	0.190000	-7.028500	7.073105
419	3	0.030000	1.490000	-6.831000	6.991678
419	5	1.267000	0.595000	-7.124000	7.260213
419	7	-0.440000	0.142000	-6.889000	6.904497
419	11	1.700000	2.670000	-5.859000	6.659338
419	13	-1.380000	5.130000	-4.259800	6.809346
419	15	-0.601000	2.290000	-6.302000	6.732051
419	17	-4.500000	0.170000	-3.869000	5.937008
419	19	-0.570000	2.320000	-6.905000	7.306595
419	21	-2.920000	-1.747000	-6.367000	7.219217
419	23	-4.820000	3.030000	-2.826000	6.356066
419	27	-1.450000	2.960000	-6.555000	7.337038
419	29	2.540000	2.270000	-5.584000	6.541067
420	0	4.500000	3.010000	-4.381200	6.964554
420	2	1.307000	-0.550000	-7.076500	7.217174
420	4	-0.530000	1.770000	-7.092000	7.328729
420	6	-1.720000	3.623100	-5.523100	6.825679
420	10	-1.310000	-0.510000	-6.682400	6.828665
420	14	2.290000	1.840000	-6.517300	7.148769
420	16	2.450000	4.030000	-5.073700	6.927181
420	18	1.739000	0.960000	-6.659400	6.949340
420	20	-0.200000	-0.240000	-7.119400	7.126251
420	22	4.950000	-2.850000	-3.894000	6.912904
420	24	-0.340000	-1.890000	-6.206000	6.496317
420	28	0.830000	-1.980000	-6.773600	7.105699
420	3	0.790000	-4.060000	-4.699504	6.260434
420	5	3.601000	-2.987900	-4.522000	6.507168
420	7	2.250000	-3.121000	-2.654000	4.674062
420	11	1.090000	4.620000	-5.657200	7.384877
420	13	-3.440000	3.030000	-4.392000	6.348556
420	15	-0.600000	-2.980000	-6.382000	7.068969
420	17	0.380000	-0.620000	-7.128000	7.164997
420	19	-2.900000	1.780000	-5.885000	6.797913
420	21	0.550000	3.952000	-5.268000	6.608527
420	23	-2.260000	-4.100000	-3.444000	5.811948
420	27	-2.050000	-0.060000	-6.544000	6.857845
420	29	-0.620000	1.470000	-6.268400	6.468241
421	0	4.600000	2.230000	-4.707400	6.949282
421	2	-0.380000	2.070000	-5.826000	6.194479
421	4	1.200000	-1.750000	-6.563500	6.897973
421	6	3.030000	-1.977000	-6.134900	7.122249
421	10	-0.010000	-0.690000	-6.856800	6.891437
421	14	0.930000	-4.020000	-4.653000	6.218980
421	16	2.970000	-4.490000	-3.197000	6.261135
421	18	2.695000	2.290000	-4.922000	6.060793
421	20	-5.380000	-0.350000	-4.731000	7.172814
421	22	3.820000	2.120000	-5.654000	7.145244
421	24	-3.700000	-2.850000	-4.793000	6.692186
421	28	-1.030000	0.930000	-6.803300	6.943392
421	3	-0.140000	2.650000	-6.723000	7.227782
421	5	0.039000	-2.351300	-5.292000	5.790975
421	7	1.000000	-4.035000	-5.281000	6.720877
421	11	0.870000	0.710000	-7.280000	7.366098
421	13	-0.560000	1.430000	-6.698000	6.871805
421	15	1.510000	0.750000	-7.406000	7.595488
421	17	-1.660000	1.770000	-6.842900	7.260426
421	19	1.310000	1.540000	-7.031000	7.315918
421	21	-2.330000	-2.616000	-5.262400	6.321804
421	23	-0.210000	-3.380000	-5.547000	6.499054
421	27	-2.460000	-4.890000	-3.958900	6.755486
421	29	-2.130000	-3.320000	-5.458000	6.734171
422	0	1.980000	-0.960000	-6.718000	7.069195
422	2	1.060000	-1.760000	-6.846200	7.147843
422	4	-5.280000	2.000000	-2.316000	6.102643
422	6	1.630000	1.918000	-5.539600	6.084636
422	10	-0.420000	4.080000	-3.413000	5.335857
422	14	0.360000	1.780000	-5.583500	5.871411
422	16	0.340000	-0.080000	-6.903000	6.911831
422	18	2.101000	2.160000	-6.520100	7.182723
422	20	-0.040000	3.850000	-6.066200	7.184907
422	22	-3.350000	-0.740000	-5.326000	6.335328
422	24	4.720000	1.090000	-2.127000	5.290617
422	28	-0.490000	0.660000	-7.114200	7.161532
422	3	-1.530000	3.980000	-4.975900	6.552929
422	5	0.918000	-3.431000	-4.826000	5.992058
422	7	3.460000	0.811000	-6.386200	7.308411
422	11	-3.830000	-1.330000	-5.514000	6.844121
422	13	-0.560000	3.500000	-6.066000	7.025664
422	15	-4.045000	3.580000	-3.861000	6.639710
422	17	3.010000	3.160000	-3.889800	5.846045
422	19	1.640000	-1.820000	-6.264000	6.726046
422	21	-2.350000	2.474000	-6.030400	6.928846
422	23	3.100000	1.340000	-5.609000	6.547250
422	27	0.850000	2.590000	-6.008700	6.598112
422	29	-0.020000	-3.450000	-5.925300	6.856536
423	0	0.270000	2.130000	-6.903000	7.229191
423	2	2.590000	3.850000	-4.710000	6.611709
423	4	0.400000	2.430000	-6.164000	6.637755
423	6	4.070000	-1.622000	-5.453000	6.995069
423	10	-2.780000	-2.740000	-6.055600	7.204602
423	14	0.180000	0.710000	-7.257000	7.293871
423	16	4.190000	-1.460000	-5.479600	7.050795
423	18	0.388000	-2.310000	-6.782800	7.175864
423	20	0.080000	3.630000	-5.873700	6.905335
423	22	-2.660000	-5.640000	-2.122000	6.586963
423	24	3.170000	-3.160000	-4.847000	6.597568
423	28	-2.680000	0.730000	-6.978300	7.510790
423	3	-1.180000	2.800000	-6.336000	7.026898
423	5	-0.855000	-3.891500	-4.063000	5.690586
423	7	4.220000	1.919000	-5.225000	6.985097
423	11	-3.110000	1.290000	-5.279300	6.261566
423	13	1.460000	-4.940000	-5.446600	7.496709
423	15	-2.855000	2.000000	-6.666000	7.522405
423	17	-0.210000	-3.550000	-5.666000	6.689556
423	19	-0.160000	-1.620000	-6.662000	6.858006
423	21	3.940000	1.008000	-5.452300	6.802003
423	23	4.600000	1.510000	-3.790000	6.148512
423	27	-0.020000	-1.520000	-6.253000	6.435123
423	29	1.290000	1.590000	-6.757000	7.060400
424	0	-0.010000	0.990000	-6.335000	6.411897
424	2	-2.955000	1.170000	-6.105800	6.883438
424	4	0.400000	-3.340000	-5.852000	6.749926
424	6	1.120000	4.986500	-4.457000	6.781182
424	10	0.980000	-1.420000	-6.831000	7.045521
424	16	-1.590000	4.290000	-3.659000	5.858368
424	18	2.689000	0.330000	-5.841000	6.438703
424	20	-4.790000	2.400000	-4.709000	7.132936
424	22	1.880000	4.190000	-3.727000	5.914476
424	24	5.560000	-2.170000	-0.640000	6.002674
424	28	4.330000	-0.500000	-4.489000	6.256998
424	3	-0.360000	-5.540000	-2.511000	6.093137
424	5	1.708000	-1.489200	-6.638650	7.014746
424	7	3.930000	2.812000	-4.967000	6.929887
424	11	2.190000	4.200000	-5.393200	7.177932
424	13	0.010000	2.890000	-6.182000	6.824172
424	15	-2.850000	-2.350000	-5.464000	6.595475
424	17	1.610000	5.490000	-1.950000	6.044394
424	19	-1.250000	-4.780000	-3.751410	6.203546
424	21	-1.240000	2.419000	-6.371000	6.926673
424	23	-2.540000	4.400000	-2.907000	5.853396
424	29	-0.760000	0.660000	-6.642000	6.717839
425	0	-4.360000	-1.910000	-5.275300	7.105385
425	2	0.990000	1.370000	-6.573490	6.787324
425	4	4.510000	0.190000	-5.359600	7.007247
425	6	-1.930000	1.755000	-6.174000	6.702477
425	10	-2.810000	1.710000	-6.279000	7.088444
425	14	-0.660000	5.160000	-4.163000	6.662715
425	16	1.490000	3.740000	-4.959000	6.387439
425	18	1.346000	4.820000	-4.522000	6.744820
425	20	-1.050000	6.180000	-3.013000	6.955075
425	22	-3.080000	-1.490000	-5.949200	6.862906
425	24	-2.687000	1.040000	-6.050000	6.701050
425	28	-0.020000	1.360000	-7.078660	7.208150
425	3	4.780000	-3.310000	-3.870000	6.984368
425	5	2.700000	2.405300	-4.488000	5.763472
425	7	3.550000	5.219000	-3.272000	7.109602
425	11	-1.260000	3.720000	-5.752000	6.965020
425	13	-2.500000	4.450000	-3.618000	6.256391
425	15	-5.554000	1.070000	-4.109000	6.991116
425	17	-0.780000	4.730000	-5.081300	6.985765
425	19	0.410000	4.580000	-5.479000	7.152897
425	21	0.390000	-2.810000	-6.540000	7.128801
425	23	0.940000	-3.710000	-5.640000	6.815959
425	27	-1.110000	2.840000	-6.363000	7.055882
425	29	-1.370000	-5.590000	-3.058000	6.517389
426	0	0.740000	1.600000	-6.619000	6.849727
426	2	-3.323000	1.260000	-5.602500	6.634601
426	4	-1.470000	1.820000	-7.009000	7.389139
426	6	0.670000	0.043000	-6.844100	6.876951
426	10	-0.710000	2.570000	-5.102700	5.757304
426	14	0.760000	3.280000	-5.539900	6.482784
426	16	0.380000	-2.410000	-6.283000	6.740073
426	18	3.496100	-0.470000	-6.418400	7.323897
426	20	1.930000	3.090000	-4.485000	5.778254
426	22	3.140000	0.640000	-6.410200	7.166580
426	24	2.690000	-0.420000	-6.997100	7.508123
426	28	1.950000	0.270000	-6.756500	7.037449
426	3	0.190000	-3.400000	-5.583000	6.539571
426	5	5.181000	-1.054400	-2.634000	5.906985
426	7	0.530000	1.843000	-6.642800	6.914068
426	11	4.130000	0.030000	-5.343400	6.753497
426	13	-5.070000	1.920000	-4.808000	7.246252
426	15	-0.720000	-1.840000	-6.436000	6.732466
426	17	-3.350000	-2.670000	-1.700000	4.608839
426	19	-3.270000	4.940000	-2.936194	6.611939
426	21	4.350000	2.893000	-4.410300	6.836863
426	23	1.140000	-4.920000	-4.309000	6.638786
426	27	-3.510000	-2.250000	-4.939000	6.463460
426	29	-0.430000	-4.920000	-4.157000	6.455381
427	0	0.070000	-4.430000	-5.294400	6.903656
427	2	-1.510000	1.310000	-6.864000	7.149174
427	4	1.130000	-1.470000	-7.210000	7.444589
427	6	-5.170000	-0.974000	-3.785000	6.481034
427	10	4.640000	-0.980000	-4.975900	6.873833
427	14	1.570000	2.290000	-6.002800	6.613819
427	16	1.390000	1.570000	-6.546200	6.873844
427	18	2.975700	-0.140000	-5.333000	6.108623
427	20	0.580000	-1.770000	-6.325710	6.594233
427	22	-1.640000	-0.040000	-6.570800	6.772489
427	24	0.400000	0.690000	-6.878000	6.924087
427	28	3.380000	2.900000	-5.801900	7.314126
427	3	-1.880000	-1.470000	-6.163000	6.608923
427	5	-2.252000	1.508800	-5.984000	6.569341
427	7	-3.470000	5.086000	-0.531000	6.179827
427	11	-1.110000	1.120000	-6.477000	6.666185
427	13	-0.470000	3.410000	-5.417200	6.418337
427	15	0.640000	-1.920000	-6.732000	7.029639
427	17	-2.410000	3.970000	-4.696000	6.604651
427	19	-0.660000	-2.370000	-6.172000	6.644252
427	21	-0.070000	-3.126000	-6.245000	6.984039
427	23	-0.440000	4.770000	-5.555000	7.335157
427	27	2.410000	1.830000	-5.013000	5.855525
427	29	-1.590000	-2.340000	-6.363100	6.963673
428	0	-0.530000	-3.850000	-5.757000	6.945966
428	2	-1.430000	-3.800000	-5.065100	6.491544
428	4	-0.640000	-3.170000	-3.475000	4.747012
428	6	3.030000	0.217000	-6.830000	7.475085
428	10	-4.850000	-4.120000	-3.487000	7.256450
428	14	0.090000	2.970000	-5.956400	6.656403
428	16	0.610000	5.285000	-4.141000	6.741751
428	18	1.838100	-1.560000	-6.654770	7.078006
428	20	3.020000	4.020000	-4.506000	6.751654
428	22	4.250000	1.060000	-5.393000	6.947701
428	24	5.910000	-0.010000	-2.641000	6.473259
428	28	-5.011000	-0.840000	-3.906000	6.408787
428	3	-2.250000	3.970000	-4.015000	6.078127
428	5	-2.638000	-1.111900	-6.504000	7.106151
428	7	-0.180000	2.569000	-6.653500	7.134509
428	11	3.080000	-0.220000	-5.549300	6.350554
428	13	3.330000	-3.790000	-2.787000	5.763711
428	15	-1.548000	0.970000	-6.950000	7.186077
428	17	2.530000	-1.170000	-6.239420	6.833752
428	19	3.770000	-2.780000	-5.371000	7.126636
428	21	2.810000	-2.053000	-5.251600	6.300017
428	23	4.450000	-1.330000	-4.820000	6.693564
428	27	-2.880000	3.890000	-3.600600	6.032480
428	29	1.180000	0.400000	-6.694000	6.808967
429	0	-2.770000	-1.660000	-5.146400	6.075684
429	2	-1.890000	-0.160000	-6.699000	6.962349
429	4	2.690000	4.030000	-4.421020	6.559148
429	6	-3.730000	2.056000	-5.606900	7.041119
429	10	1.070000	3.130000	-4.945000	5.949355
429	14	-4.420000	0.760000	-5.561400	7.144450
429	16	-2.580000	-0.690000	-5.609000	6.212357
429	18	4.269000	0.780000	-4.570000	6.302195
429	20	4.140000	-0.840000	-4.169000	5.935129
429	22	4.990000	-4.070000	-1.594000	6.633689
429	24	0.610000	-0.440000	-6.131000	6.176962
429	28	2.370000	1.480000	-6.022900	6.639475
429	3	-1.030000	-1.450000	-4.305000	4.657942
429	5	3.850000	0.703500	-3.531000	5.271183
429	7	-2.830000	0.322000	-6.735500	7.312971
429	11	0.780000	2.690000	-5.819000	6.457961
429	13	-1.510000	-3.150000	-4.562800	5.746455
429	15	2.660000	-2.920000	-2.901000	4.900796
429	17	2.590000	0.920000	-5.303200	5.973142
429	19	-4.850000	0.180000	-4.080000	6.340450
429	21	2.240000	1.212000	-6.821000	7.280974
429	23	0.910000	1.580000	-6.734000	6.976479
429	27	0.980000	3.260000	-4.864600	5.937368
429	29	3.770000	3.160000	-5.637400	7.481897
430	0	-2.490000	-2.560000	-6.487000	7.405057
430	2	-2.420000	0.360000	-6.440000	6.889093
430	4	-0.990000	-2.520000	-6.477000	7.020116
430	6	-2.940000	-1.289000	-5.558900	6.419228
430	10	-0.290000	-0.470000	-7.137600	7.158934
430	14	-1.170000	0.660000	-6.941300	7.070088
430	16	5.640000	-0.690000	-2.812000	6.339798
430	18	3.437000	-1.440000	-5.002000	6.237513
430	20	1.630000	3.700000	-5.710000	6.996499
430	22	4.130000	3.510000	-3.731000	6.580073
430	24	3.410000	2.560000	-3.972000	5.827391
430	28	-5.953000	0.100000	-1.838000	6.231088
430	3	0.980000	-2.790000	-6.103000	6.781674
430	5	0.950000	0.519100	-6.806000	6.891560
430	7	-0.210000	3.392000	-5.345500	6.334361
430	11	-0.260000	-5.130000	-4.374500	6.746907
430	13	-1.440000	-2.940000	-6.112900	6.934317
430	15	3.780000	4.320000	-3.190000	6.567107
430	17	-2.620000	-0.210000	-6.458000	6.972393
430	19	2.440000	0.140000	-6.606000	7.043610
430	21	-4.350000	-1.741000	-4.882900	6.767296
430	23	-1.780000	0.650000	-6.980000	7.232655
430	27	-3.690000	2.240000	-5.123000	6.699166
430	29	-2.690000	3.060000	-5.973300	7.230492
431	0	1.690000	0.780000	-6.776000	7.026996
431	2	3.470000	-2.510000	-5.072000	6.638237
431	4	1.830000	-3.140000	-5.473800	6.570463
431	6	3.200000	1.744600	-5.660700	6.732544
431	10	-0.210000	4.010000	-4.741800	6.213603
431	14	1.860000	1.790000	-5.928200	6.465853
431	16	-5.030000	-0.090000	-4.823000	6.969242
431	18	0.026000	-1.520000	-5.237000	5.453187
431	20	4.560000	-1.760000	-5.035000	7.017295
431	22	0.520000	-0.870000	-6.950000	7.023518
431	24	2.550000	-3.350000	-5.507000	6.931959
431	28	-3.350000	4.540000	-3.046000	6.411881
431	3	-0.620000	2.430000	-5.685000	6.213576
431	5	2.760000	0.641100	-6.332100	6.937154
431	7	-5.000000	-2.214400	-1.080000	5.574044
431	11	-5.600000	1.860000	-2.485100	6.402759
431	13	-1.360000	1.230000	-6.113000	6.382105
431	15	-3.269000	4.330000	-3.879000	6.669475
431	17	-2.460000	-0.130000	-6.800000	7.232462
431	19	2.530000	-3.870000	-4.913000	6.746508
431	21	-1.620000	-0.420000	-6.740000	6.944667
431	23	-1.340000	0.800000	-6.426000	6.612796
431	27	-0.580000	-2.030000	-6.430000	6.767732
431	29	-3.750000	2.160000	-5.887000	7.306495
432	0	3.210000	-3.130000	-5.560300	7.142684
432	2	-0.060000	-3.510000	-6.622000	7.494971
432	4	0.080000	-6.030000	-2.019000	6.359533
432	6	-2.210000	1.700600	-4.655000	5.426340
432	10	2.510000	-2.560000	-6.163000	7.129956
432	14	0.410000	0.090000	-7.151670	7.163978
432	16	3.320000	-0.760000	-5.696000	6.636597
432	18	-2.282000	-3.600000	-2.737000	5.065441
432	20	-0.140000	1.880000	-6.148680	6.431195
432	22	-0.080000	-1.540000	-6.593000	6.770942
432	24	-3.276000	-3.690000	-4.455000	6.647955
432	28	4.780000	-0.050000	-4.280000	6.416331
432	3	-1.500000	2.610000	-6.166000	6.861607
432	5	0.040000	3.795600	-5.720000	6.864880
432	7	2.120000	4.850000	-3.683000	6.448363
432	11	-1.880000	-3.160000	-4.836700	6.075662
432	13	-3.240000	-0.550000	-6.198300	7.015627
432	15	-1.058000	-4.380000	-2.035000	4.944187
432	17	-6.070000	-0.520000	-1.924000	6.388824
432	19	-4.150000	5.200000	-2.344000	7.053853
432	21	-0.750000	3.511000	-5.951900	6.950880
432	23	1.000000	0.680000	-6.936000	7.040632
432	27	2.930000	0.810000	-5.749000	6.503230
432	29	2.380000	0.650000	-6.960000	7.384342
433	0	-4.270000	-3.590000	-3.683400	6.684941
433	2	-1.140000	-4.318000	-5.023600	6.721702
433	4	2.800000	-2.010000	-5.790000	6.738264
433	6	3.190000	-2.101000	-4.835182	6.161922
433	10	-4.130000	0.660000	-5.117500	6.609183
433	14	-1.990000	3.350000	-4.897000	6.258052
433	16	-0.030000	2.078000	-5.493100	5.873085
433	18	0.493000	-2.760000	-6.127000	6.738010
433	20	-1.280000	2.870000	-6.332200	7.069092
433	22	-2.130000	3.360000	-6.011000	7.208233
433	24	1.090000	-3.740000	-5.301000	6.578473
433	28	4.210000	-1.230000	-5.683400	7.179000
433	3	3.300000	5.370000	-2.635170	6.831619
433	5	0.320000	1.587200	-6.306900	6.511420
433	7	0.970000	-1.026000	-6.989000	7.130196
433	11	2.860000	0.930000	-5.765000	6.502286
433	13	2.580000	-2.270000	-5.275900	6.296382
433	15	-1.275000	1.320000	-6.628000	6.877384
433	17	2.200000	0.570000	-6.344850	6.739586
433	19	-0.370000	2.600000	-6.690000	7.187002
433	21	-3.230000	-4.731000	-3.394000	6.658416
433	23	-0.350000	3.340000	-5.560000	6.495514
433	27	-0.910000	3.990000	-4.304000	5.939075
433	29	2.720000	3.700000	-4.549400	6.464166
434	0	-0.320000	-5.970000	-3.737000	7.050423
434	2	-2.730000	2.130000	-5.868200	6.813631
434	4	-4.250000	-0.280000	-5.276900	6.781340
434	6	-3.070000	1.768000	-5.529700	6.567214
434	10	-4.060000	-3.640000	-2.578000	6.031524
434	14	0.850000	-0.360000	-6.640400	6.704253
434	16	3.720000	-3.010000	-4.761000	6.750231
434	18	-1.654000	2.080000	-6.664100	7.174423
434	20	3.840000	4.390000	-1.925000	6.141932
434	22	-2.730000	-5.160000	-2.429000	6.322859
434	24	0.350000	-4.320000	-5.307000	6.851945
434	26	2.850000	3.240000	-5.288200	6.825332
434	28	0.970000	2.110000	-6.816300	7.201038
434	1	-3.100000	1.470000	-5.964300	6.880681
434	3	3.260000	4.380000	-4.044000	6.794552
434	5	-3.010000	-0.440000	-6.157250	6.867709
434	7	2.530000	0.086000	-6.748000	7.207205
434	11	-4.460000	-4.460000	-2.869000	6.929240
434	13	2.390000	-3.520000	-5.364100	6.846610
434	15	-0.512000	-2.960000	-6.490000	7.151492
434	17	-1.910000	-3.290000	-5.037000	6.312176
434	19	-5.940000	0.570000	-2.672000	6.538202
434	21	-1.780000	2.179000	-6.562100	7.139860
434	23	-5.240000	1.790000	-2.848000	6.226781
434	27	-2.460000	0.980000	-6.149000	6.694938
434	29	-2.840000	-3.280000	-3.954000	5.870104
435	0	-0.240000	-2.780000	-5.427700	6.102944
435	2	2.770000	4.760000	-3.564000	6.559923
435	4	4.870000	-3.440000	-2.976000	6.663863
435	6	-2.220000	1.309000	-6.401000	6.900339
435	10	-3.750000	-4.080000	-3.089000	6.344353
435	12	2.430000	3.420000	-5.603000	6.999636
435	14	-4.190000	-0.870000	-4.036000	5.882372
435	16	2.490000	-1.450000	-6.248700	6.881050
435	18	4.807000	2.040000	-4.636000	6.982932
435	20	2.160000	1.370000	-6.426900	6.917192
435	22	0.600000	1.360000	-7.117000	7.270577
435	24	-2.070000	1.820000	-5.610000	6.250552
435	28	-1.190000	-2.350000	-5.740100	6.315643
435	3	-0.020000	-0.300000	-6.673000	6.679770
435	5	1.040000	0.430200	-6.948100	7.038662
435	7	1.370000	-0.197000	-6.267000	6.418021
435	11	3.490000	3.250000	-5.250400	7.092905
435	13	-4.880000	0.220000	-5.103100	7.064307
435	15	0.619000	-1.300000	-6.977000	7.124022
435	17	-2.270000	3.190000	-3.665000	5.362949
435	19	1.850000	1.210000	-6.521000	6.885495
435	21	-0.940000	-1.228000	-6.853400	7.025715
435	23	-0.330000	3.090000	-6.017000	6.772096
435	25	5.360000	-0.960000	-1.985000	5.795811
435	27	1.710000	-5.430000	-3.001000	6.435449
435	29	-3.600000	0.010000	-4.146600	5.491301
436	0	-0.150000	-4.890000	-2.052000	5.305215
436	2	2.460000	3.530000	-4.820900	6.461701
436	4	3.820000	-3.430000	-4.888500	7.089057
436	6	1.120000	-5.145000	-4.903000	7.194778
436	10	-0.290000	3.050000	-6.289800	6.996298
436	12	5.070000	-0.030000	-5.365000	7.381668
436	14	-0.070000	1.880000	-6.760700	7.017575
436	16	3.090000	2.194000	-2.479000	4.528485
436	18	-4.531000	0.100000	-5.284000	6.961366
436	22	-4.580000	-1.350000	-4.813000	6.779666
436	24	1.200000	0.580000	-6.728600	6.859334
436	28	-0.160000	-3.230000	-6.402800	7.173169
436	3	-3.550000	3.730000	-3.841000	6.424070
436	5	2.430000	0.256000	-5.844200	6.334438
436	7	-0.860000	4.564000	-3.917000	6.075573
436	13	-4.770000	-3.150000	-3.607000	6.759131
436	15	4.273000	-0.600000	-5.280000	6.818866
436	17	1.210000	-3.130000	-6.217900	7.065641
436	19	-2.510000	3.920000	-4.271100	6.317341
436	21	-0.570000	-1.725000	-6.252100	6.510705
436	23	2.910000	1.410000	-6.587000	7.337899
436	25	2.170000	3.400000	-4.434000	5.994102
436	27	0.630000	-4.970000	-4.010400	6.417251
436	29	3.070000	0.120000	-5.807400	6.570022
437	0	-3.220000	0.830000	-5.636700	6.544439
437	2	3.840000	3.330000	-3.653000	6.259306
437	4	4.450000	2.210000	-5.246100	7.225522
437	6	2.090000	-1.219000	-6.170000	6.627440
437	10	1.500000	5.300000	-3.983000	6.797374
437	14	-0.380000	-3.370000	-5.629000	6.571677
437	16	4.000000	-1.076000	-5.738400	7.077218
437	18	-2.209000	-2.400000	-6.124500	6.938961
437	22	2.570000	-4.690000	-0.917000	5.426038
437	24	2.060000	-2.190000	-6.514000	7.174392
437	28	-3.240000	-3.240000	-5.028000	6.802645
437	3	2.130000	2.030000	-6.177000	6.842012
437	5	2.880000	3.222000	-3.747000	5.719763
437	7	1.550000	5.978000	-3.829000	7.266376
437	13	-0.080000	-1.460000	-7.264700	7.410389
437	15	2.599000	-2.770000	-5.249000	6.479174
437	17	-1.910000	3.230000	-5.809000	6.915597
437	19	-0.760000	3.790000	-5.615000	6.816885
437	21	-0.870000	-5.086000	-3.221000	6.082692
437	23	-0.090000	3.140000	-5.989000	6.762826
437	27	-1.170000	4.510000	-4.705500	6.621988
437	29	0.360000	-4.130000	-4.992000	6.488957
438	0	1.520000	-0.940000	-6.675000	6.910110
438	2	-4.290000	-1.810000	-5.284100	7.042863
438	4	-0.030000	2.860000	-5.522300	6.219027
438	6	0.350000	1.057900	-6.394000	6.490369
438	10	-0.210000	-4.070000	-4.389000	5.989351
438	14	-1.760000	0.930000	-6.664400	6.955338
438	16	-2.550000	-0.890000	-6.766000	7.285146
438	18	2.224500	4.240000	-4.873000	6.831700
438	22	-4.230000	-2.710000	-4.650000	6.845400
438	24	0.870000	-1.780000	-6.318000	6.621361
438	28	-2.380000	2.800000	-5.902560	6.953029
438	3	1.950000	0.800000	-6.722000	7.044699
438	5	-3.140000	3.922000	-4.230000	6.567692
438	7	3.340000	4.044000	-4.739000	7.068780
438	13	-0.700000	3.630000	-5.211000	6.389164
438	15	-1.266000	-1.350000	-6.171000	6.442554
438	17	3.580000	-3.640000	-1.712000	5.384881
438	19	3.170000	-0.510000	-5.954000	6.764548
438	21	-1.420000	-3.590000	-4.461000	5.899578
438	23	-0.660000	-0.880000	-6.892000	6.979231
438	27	-0.870000	-0.820000	-6.121000	6.236661
438	29	3.620000	2.850000	-3.810000	5.978545
439	0	4.900000	3.910000	-0.608000	6.298235
439	2	-3.550000	0.960000	-5.667800	6.756335
439	4	0.900000	-0.060000	-6.853000	6.912106
439	6	-5.010000	0.207000	-2.773000	5.729963
439	10	-3.070000	-1.030000	-6.592300	7.344673
439	14	2.420000	1.880000	-5.798000	6.558018
439	16	-5.770000	-1.810000	-2.364000	6.492880
439	18	0.929300	0.410000	-7.133000	7.204956
439	22	3.920000	-3.680000	-3.663000	6.505872
439	24	3.020000	-0.430000	-6.440000	7.125932
439	28	0.370000	-1.570000	-6.698000	6.889485
439	3	1.340000	-0.260000	-6.463000	6.605571
439	5	1.630000	4.172000	-5.096000	6.784667
439	7	-1.050000	-3.578700	-6.202300	7.237273
439	13	3.620000	2.840000	-5.139200	6.897926
439	15	-1.787000	0.410000	-6.635000	6.883654
439	17	0.490000	0.760000	-7.349000	7.404424
439	19	-1.260000	-2.780000	-7.038000	7.671339
439	21	1.930000	-1.108000	-7.294000	7.625943
439	23	0.930000	-3.390000	-4.602000	5.790976
439	27	-5.020000	2.470000	-1.769000	5.867765
439	29	0.750000	-3.730000	-4.236000	5.693777
440	0	3.980000	0.620000	-5.054400	6.463108
440	2	-2.190000	3.260000	-5.497000	6.755791
440	4	3.030000	-2.370000	-4.837000	6.180159
440	6	-1.440000	0.726000	-6.780000	6.969152
440	10	1.070000	4.470000	-4.861000	6.689927
440	14	1.250000	-1.020000	-5.054000	5.305263
440	16	-5.540000	2.805000	-2.724000	6.780841
440	18	-0.812000	3.110000	-5.121000	6.046163
440	22	4.800000	0.690000	-3.806000	6.164555
440	24	-3.865000	2.440000	-5.149000	6.885058
440	28	-3.810000	3.830000	-4.365000	6.945374
440	3	3.220000	-0.900000	-5.920000	6.798882
440	5	0.030000	2.915000	-5.927400	6.605467
440	7	2.520000	-3.139600	-4.233000	5.841727
440	13	-1.390000	-3.810000	-5.329000	6.696749
440	15	0.850000	-1.620000	-6.365000	6.622698
440	17	-1.900000	2.320000	-5.460200	6.229461
440	19	2.100000	2.790000	-5.303000	6.349481
440	21	-1.850000	-3.261000	-5.372000	6.550955
440	23	0.040000	-1.940000	-7.074000	7.335303
440	27	-1.270000	-2.790000	-5.805000	6.564680
440	29	4.850000	1.740000	-4.745600	7.005057
441	0	1.910000	-3.470000	-3.376000	5.204457
441	2	3.040000	1.270000	-6.205700	7.026038
441	4	-2.660000	0.240000	-6.466000	6.995881
441	6	-1.360000	-1.223000	-6.668000	6.914301
441	10	5.340000	3.250000	-2.099000	6.594232
441	14	-4.740000	1.640000	-5.200000	7.224763
441	16	-0.240000	-2.948000	-6.260000	6.923576
441	18	-1.862000	-5.280000	-4.002000	6.881965
441	22	0.500000	-0.450000	-6.606700	6.640857
441	24	-1.260000	-1.580000	-6.502000	6.808818
441	28	0.020000	2.270000	-6.134300	6.540867
441	3	4.010000	1.450000	-4.418000	6.140140
441	5	0.620000	-1.545000	-6.893800	7.091960
441	7	-1.890000	2.859000	-6.023900	6.930610
441	13	3.350000	-2.610000	-5.455000	6.913149
441	15	-3.495000	3.840000	-3.193000	6.095562
441	17	4.840000	-0.750000	-4.129000	6.405993
441	19	-5.590000	-0.110000	-4.100000	6.933268
441	21	3.600000	-1.931000	-5.252000	6.653741
441	23	1.700000	-0.150000	-7.232000	7.430634
441	27	-4.950000	-0.550000	-4.117100	6.461851
441	29	2.950000	4.190000	-4.638000	6.911559
442	0	3.290000	-3.100000	-4.706500	6.525737
442	2	0.140000	-3.829000	-6.198000	7.286703
442	4	4.500000	-2.440000	-4.808000	7.022853
442	6	-0.330000	4.605100	-5.361000	7.075038
442	10	2.190000	-1.380000	-5.483550	6.063812
442	14	1.660000	3.750000	-4.837000	6.341504
442	16	-0.720000	-3.890000	-5.670000	6.913711
442	18	3.806000	2.570000	-3.802000	5.962025
442	22	4.310000	-2.530000	-4.951000	7.034870
442	24	-1.620000	-4.190000	-5.546000	7.137129
442	28	-0.160000	-1.660000	-6.263500	6.481715
442	3	-2.050000	3.450000	-5.114000	6.500615
442	5	2.830000	0.007000	-6.675260	7.250382
442	7	-5.380000	-1.392600	-3.347000	6.487383
442	13	-1.470000	-3.120000	-5.351000	6.366200
442	15	-0.162000	-4.190000	-5.460000	6.884326
442	17	2.840000	0.060000	-3.991000	4.898702
442	19	-3.700000	-4.180000	-1.825000	5.873076
442	21	1.120000	3.002000	-6.125100	6.912543
442	23	-0.640000	-4.360000	-5.234000	6.842072
442	27	4.830000	0.260000	-3.900390	6.213658
442	29	2.400000	5.580000	-2.166000	6.448872
443	0	-0.260000	-1.330000	-6.839000	6.971974
443	2	0.950000	0.520000	-7.053000	7.135665
443	4	0.750000	-1.620000	-5.963000	6.224489
443	6	-2.920000	-4.698000	-3.442100	6.515033
443	10	2.760000	-2.730000	-5.246500	6.526581
443	14	2.840000	-2.070000	-5.610000	6.619864
443	16	0.300000	-0.479000	-5.596000	5.624469
443	18	-0.782000	1.850000	-6.438100	6.744120
443	22	-1.490000	-0.410000	-6.878000	7.049474
443	24	0.000000	-4.960000	-3.995000	6.368801
443	28	3.060000	-1.580000	-5.648800	6.615810
443	3	3.790000	1.400000	-4.328500	5.921150
443	5	1.690000	2.262000	-5.726000	6.384342
443	7	-0.810000	-2.343000	-5.462000	5.998266
443	13	-4.470000	-0.970000	-3.912000	6.018766
443	15	-3.041000	-0.540000	-6.209000	6.934765
443	17	-1.880000	2.550000	-5.876000	6.675648
443	19	-1.200000	2.420000	-6.229000	6.789465
443	21	-1.370000	3.488000	-5.726780	6.843906
443	23	-2.930000	-0.130000	-6.284000	6.934728
443	27	3.070000	-1.410000	-5.618000	6.555526
443	29	2.510000	0.380000	-6.938000	7.387851
444	0	-5.420000	0.730000	-3.585700	6.539613
444	2	-0.710000	-0.170000	-6.316000	6.358054
444	4	4.800000	-3.680000	-4.274600	7.406389
444	6	0.980000	3.569000	-5.304000	6.467656
444	10	-1.840000	0.300000	-6.881000	7.129079
444	14	0.670000	-2.350000	-5.945540	6.428129
444	16	1.030000	4.339800	-2.857400	5.297122
444	18	-0.174000	0.940000	-7.036700	7.101340
444	22	4.250000	-2.420000	-5.584000	7.422934
444	24	-2.050000	-2.520000	-5.764000	6.616388
444	28	0.280000	1.040000	-6.999000	7.081384
444	3	0.850000	-2.350000	-6.983000	7.416690
444	5	2.010000	-2.955000	-5.814000	6.824567
444	7	-2.210000	4.491000	-4.233000	6.555263
444	13	-2.800000	-4.700000	-3.636000	6.568904
444	15	-4.261000	0.890000	-5.308000	6.864626
444	17	-0.350000	-2.570000	-6.475400	6.975543
444	19	3.250000	0.520000	-6.022000	6.862753
444	21	1.540000	3.710000	-4.592000	6.100997
444	23	-2.970000	-3.290000	-5.074000	6.737245
444	27	-0.440000	-0.750000	-6.597000	6.654060
444	29	5.480000	0.150000	-3.739000	6.635738
445	0	-0.560000	-3.980000	-5.373000	6.709928
445	2	2.370000	-0.850000	-6.521000	6.990196
445	4	-3.960000	0.730000	-4.737680	6.217726
445	6	3.130000	-1.514800	-5.635000	6.621536
445	10	1.620000	-2.790000	-5.560300	6.428486
445	14	-1.040000	-2.660000	-6.483000	7.084242
445	16	-2.590000	-0.212000	-6.269000	6.786266
445	18	1.155000	0.000000	-6.849900	6.946593
445	22	0.480000	0.450000	-6.937000	6.968132
445	24	-2.130000	1.780000	-6.062000	6.667319
445	28	0.200000	-2.500000	-6.906000	7.347301
445	3	-0.310000	4.950000	-4.541170	6.724643
445	5	0.350000	-3.413000	-4.959000	6.030153
445	7	2.540000	-0.207000	-6.374000	6.864570
445	13	4.070000	-1.780000	-3.973000	5.959700
445	15	-6.017000	1.210000	-2.179000	6.512790
445	17	-1.370000	-1.320000	-6.016800	6.310403
445	19	3.030000	-1.310000	-5.935000	6.791261
445	21	3.320000	-1.054000	-6.152400	7.070031
445	23	1.850000	-3.600000	-5.286000	6.657649
445	27	-2.480000	3.140000	-4.443400	5.979448
445	29	-1.680000	2.850000	-6.327100	7.139825
446	0	2.630000	2.090000	-5.200300	6.190971
446	2	-1.490000	3.030000	-6.169000	7.032607
446	4	-4.940000	2.030000	-2.865000	6.060753
446	6	0.370000	-3.192000	-5.824000	6.651672
446	10	-0.480000	3.380000	-6.066000	6.960686
446	14	-4.270000	-2.320000	-4.962100	6.945339
446	16	-1.440000	-5.309000	-3.248600	6.388465
446	18	0.146000	-0.570000	-7.124300	7.148557
446	22	-0.980000	3.500000	-6.170000	7.160957
446	24	-0.540000	3.370000	-6.309200	7.173180
446	28	0.730000	-2.530000	-6.595000	7.101255
446	3	-5.010000	2.570000	-3.962800	6.885404
446	5	4.210000	2.411000	-4.604000	6.688336
446	7	-2.780000	-2.279600	-5.750000	6.781407
446	13	-0.540000	-0.050000	-6.805700	6.827273
446	15	3.350000	-3.000000	-3.992000	6.013199
446	17	3.230000	-4.610000	-3.404000	6.578162
446	19	-4.130000	-3.820000	-3.334200	6.539586
446	21	5.120000	4.057000	-1.595000	6.724409
446	23	-2.250000	-0.560000	-6.450000	6.854094
446	27	-2.140000	5.510000	-2.778700	6.531529
446	29	2.280000	0.800000	-6.451800	6.889421
447	0	3.220000	0.270000	-6.522000	7.278584
447	2	-1.790000	0.100000	-6.581600	6.821404
447	4	1.950000	-1.700000	-6.961000	7.426171
447	6	1.710000	-4.709000	-2.591800	5.640586
447	10	0.250000	-2.890000	-5.610700	6.316214
447	14	2.420000	4.260000	-4.056000	6.360435
447	16	1.080000	-3.940000	-4.442700	6.035527
447	18	-0.264000	-0.610000	-6.840300	6.872518
447	22	0.530000	1.440000	-6.707000	6.880287
447	24	1.490000	-0.930000	-6.908800	7.128571
447	28	0.480000	-4.700000	-4.339000	6.414618
447	3	-2.690000	-0.510000	-5.586500	6.221349
447	5	-0.240000	-4.023000	-4.237000	5.847589
447	7	-2.330000	-2.659000	-5.616500	6.636584
447	13	2.330000	1.830000	-6.215000	6.885058
447	15	0.583000	-2.780000	-6.279000	6.891599
447	17	-3.370000	-0.930000	-6.512300	7.391336
447	19	3.770000	-1.800000	-5.796000	7.144684
447	21	3.950000	0.556000	-4.534000	6.038940
447	23	-1.250000	0.550000	-6.819000	6.954406
447	27	-1.420000	-1.780000	-6.853000	7.221386
447	29	1.870000	4.740000	-1.631000	5.350202
448	0	2.660000	3.790000	-4.970000	6.792687
448	2	2.410000	-2.990000	-5.795100	6.952078
448	4	-1.370000	2.820000	-6.451000	7.172496
448	6	-2.810000	-1.386000	-5.272000	6.132787
448	10	-2.340000	3.130000	-5.469100	6.721871
448	14	0.920000	-3.120000	-6.188200	6.991038
448	16	0.340000	-3.043000	-6.325000	7.027167
448	18	-1.588000	-0.030000	-6.787200	6.970562
448	22	-0.930000	-1.190000	-6.617000	6.787171
448	24	-1.650000	1.340000	-6.004200	6.369342
448	26	0.860000	1.330000	-6.647500	6.833576
448	28	-0.220000	-2.380000	-6.473100	6.900277
448	1	-1.160000	1.290000	-7.091700	7.300816
448	3	-2.130000	-0.390000	-6.628000	6.972760
448	5	-0.700000	-2.840000	-6.371200	7.010548
448	7	1.570000	-4.384000	-5.430000	7.153269
448	13	4.770000	1.310000	-4.713000	6.832377
448	15	1.332000	2.250000	-6.416000	6.928332
448	17	-4.090000	-3.450000	-3.608000	6.453547
448	19	-1.740000	-2.450000	-6.423000	7.091194
448	21	0.180000	-0.205000	-6.269900	6.275832
448	23	-3.080000	-4.010000	-1.292000	5.218790
448	27	-1.000000	-2.600000	-6.214000	6.809831
448	29	-3.430000	0.190000	-4.448000	5.620116
449	0	0.020000	-2.870000	-7.249000	7.796493
449	2	-4.200000	0.120000	-4.338000	6.039259
449	4	-2.270000	3.770000	-5.175000	6.793116
449	6	3.790000	-3.489000	-2.987400	5.954979
449	10	1.910000	0.010000	-7.145600	7.396472
449	14	4.050000	-2.490000	-2.613000	5.424976
449	16	3.370000	-2.868000	-5.116300	6.764529
449	18	2.511200	1.690000	-6.643700	7.300752
449	22	1.940000	0.150000	-6.010000	6.317135
449	24	2.640000	3.890000	-2.597000	5.370857
449	26	1.600000	-1.020000	-6.411000	6.685905
449	28	-0.200000	2.850000	-6.610700	7.201656
449	1	-4.850000	1.650000	-4.530000	6.838560
449	3	3.030000	-3.180000	-4.394000	6.212933
449	5	-2.210000	-1.950000	-4.318000	5.227975
449	7	-3.850000	1.850200	-5.439000	6.915812
449	13	-2.230000	-2.070000	-6.650400	7.313386
449	15	-1.898700	5.190000	-3.601000	6.596087
449	17	-4.810000	3.420000	-4.359000	7.337123
449	19	-3.790000	3.530000	-5.130000	7.289849
449	21	2.130000	-1.851000	-6.517000	7.101717
449	23	-0.390000	-3.140000	-6.276000	7.028505
449	27	-2.160000	-0.530000	-6.779000	7.134518
449	29	-2.810000	-3.810000	-4.621430	6.615876
450	0	2.240000	3.750000	-4.082200	5.978667
450	2	-1.140000	-1.000000	-6.709200	6.878442
450	4	0.220000	2.990000	-6.726000	7.363938
450	6	0.220000	-0.143000	-6.692000	6.697142
450	10	-1.110000	-2.040000	-6.750400	7.138739
450	14	3.980000	0.110000	-5.734000	6.980778
450	16	1.340000	2.361000	-6.171000	6.741748
450	18	1.194500	4.770000	-5.402000	7.304884
450	22	-1.190000	2.340000	-6.615000	7.116876
450	24	-3.320000	-2.680000	-4.681000	6.333764
450	26	2.530000	-5.750000	-2.976000	6.951257
450	28	-1.830000	-2.510000	-2.229000	3.823276
450	1	-0.210000	-1.740000	-6.548600	6.779075
450	3	-1.580000	-1.510000	-6.266000	6.636208
450	5	-0.430000	2.590000	-6.496860	7.007295
450	7	-2.740000	-2.295800	-6.172100	7.132539
450	13	-2.370000	-3.790000	-5.897800	7.400341
450	15	0.824400	-0.970000	-7.307000	7.417060
450	17	-3.580000	3.720000	-4.723000	6.997252
450	19	-1.690000	1.940000	-6.642000	7.122911
450	21	-0.400000	-5.188000	-3.174000	6.095049
450	23	-2.490000	-1.020000	-6.426000	6.966633
450	27	2.680000	1.380000	-5.321200	6.115715
450	29	-0.930000	-3.630000	-5.786700	6.894033
451	0	-4.440000	2.840000	-4.450000	6.897949
451	2	-3.180000	2.390000	-6.176700	7.346844
451	4	-3.650000	-1.040000	-4.197289	5.658740
451	6	-0.850000	1.209000	-6.523000	6.688326
451	10	-3.210000	0.970000	-6.297700	7.134846
451	14	1.270000	2.620000	-5.596300	6.308397
451	16	-1.030000	-0.972000	-6.775000	6.921438
451	18	3.253000	3.320000	-5.238000	7.002932
451	22	2.860000	0.510000	-6.349000	6.982084
451	24	-1.030000	3.750000	-5.226000	6.514175
451	26	-1.340000	-0.480000	-6.789700	6.937292
451	28	4.680000	-1.410000	-4.129000	6.398370
451	1	2.830000	-3.830000	-4.607000	6.625877
451	3	2.630000	4.240000	-5.100896	7.135379
451	5	-4.197000	-1.850000	-4.600000	6.495946
451	7	-3.530000	-2.429000	-3.110000	5.294624
451	13	-4.060000	2.730000	-4.300000	6.513563
451	15	-0.168000	2.850000	-6.798000	7.373163
451	17	0.650000	1.790000	-6.346900	6.626442
451	19	1.640000	4.680000	-3.713200	6.195148
451	21	-5.100000	-0.921000	-4.903000	7.134259
451	23	0.410000	-1.340000	-6.537000	6.685512
451	27	0.340000	1.280000	-7.027000	7.150715
451	29	-3.860000	2.050000	-3.271000	5.459079
452	0	4.250000	3.210000	-4.629000	7.056503
452	2	-1.300000	-1.500000	-6.656400	6.946054
452	4	1.290000	0.360000	-7.065000	7.190822
452	6	4.740000	-1.433000	-5.120000	7.122885
452	10	4.930000	1.900000	-3.398000	6.281823
452	14	-2.900000	1.210000	-5.806800	6.602502
452	16	0.590000	4.042500	-6.033000	7.286082
452	18	2.395200	3.700000	-5.667100	7.179346
452	22	1.430000	-0.810000	-6.548000	6.751097
452	24	-0.620000	-3.570000	-5.822580	6.857969
452	26	3.250000	-0.040000	-5.693000	6.555482
452	28	1.530000	-3.460000	-4.293000	5.722093
452	1	-4.960000	1.720000	-3.830000	6.498377
452	3	-0.080000	-5.230000	-3.658000	6.382810
452	5	2.200000	1.026000	-6.717100	7.142276
452	7	1.250000	-3.748000	-4.593000	6.058519
452	13	1.730000	-5.140000	-0.909000	5.498980
452	15	0.923000	3.090000	-6.421000	7.185351
452	17	-2.320000	0.300000	-6.748900	7.142832
452	19	4.600000	-0.440000	-3.585600	5.848942
452	21	0.980000	2.489300	-6.538100	7.064260
452	23	-2.460000	-3.850000	-1.861000	4.933297
452	27	-3.310000	1.290000	-5.946000	6.926407
452	29	1.960000	-2.930000	-6.027900	6.982985
453	0	-2.410000	-2.150000	-6.006000	6.819284
453	2	-3.540000	0.410000	-4.603000	5.821281
453	4	-0.730000	-4.840000	-3.921600	6.271957
453	6	2.130000	-4.717000	-4.489000	6.851139
453	10	-0.790000	2.430000	-5.262000	5.849585
453	14	0.510000	0.470000	-6.350500	6.388259
453	16	2.770000	-4.143000	-2.619000	5.629965
453	18	1.208000	0.060000	-6.994000	7.097810
453	22	-0.730000	-0.270000	-7.038000	7.080907
453	24	-2.060000	-1.660000	-6.496500	7.014536
453	26	1.800000	-3.050000	-5.607900	6.632574
453	28	-2.010000	-2.400000	-5.832500	6.619528
453	1	3.100000	3.053000	-5.569000	7.067147
453	3	1.440000	0.590000	-6.576000	6.757624
453	5	2.900000	0.710000	-6.277700	6.951519
453	7	-2.380000	-0.278000	-6.744000	7.157040
453	13	2.640000	1.170000	-6.730000	7.323346
453	15	0.955000	1.480000	-6.639000	6.868679
453	17	-4.190000	-0.940000	-4.659500	6.336453
453	19	3.120000	3.650000	-4.908000	6.866248
453	21	1.330000	3.392300	-5.783300	6.835434
453	23	0.230000	-0.860000	-6.711000	6.769787
453	27	4.390000	-1.600000	-5.279000	7.049819
453	29	-3.890000	0.880000	-5.237000	6.582755
454	0	2.830000	0.750000	-6.484000	7.114328
454	2	-2.990000	1.470000	-4.425000	5.539100
454	4	0.940000	-3.120000	-5.832000	6.680586
454	6	-3.850000	2.288000	-5.076600	6.769735
454	10	-2.660000	-3.440000	-5.498000	7.009793
454	14	-1.730000	-1.090000	-6.843740	7.142673
454	16	-3.700000	0.227000	-5.901000	6.968739
454	18	-2.794000	2.030000	-5.546600	6.533920
454	22	-3.290000	3.060000	-5.207000	6.877539
454	24	-3.060000	-2.280000	-6.318100	7.381083
454	26	-0.230000	-2.510000	-6.141000	6.638138
454	28	-1.740000	-0.060000	-6.902200	7.118396
454	1	1.280000	2.019000	-6.233000	6.675706
454	3	0.100000	3.710000	-5.995000	7.050824
454	5	-2.915000	0.140000	-5.825000	6.515171
454	7	4.850000	-2.063000	-4.999500	7.264535
454	13	4.270000	-2.660000	-4.482000	6.737717
454	15	2.865000	-4.110000	-4.057000	6.446672
454	17	1.220000	-2.890000	-6.375000	7.105007
454	19	2.680000	0.490000	-6.637000	7.174418
454	21	5.750000	0.796900	-4.433000	7.304043
454	23	-2.260000	2.350000	-6.478000	7.252212
454	27	1.160000	2.380000	-6.825000	7.320562
454	29	0.310000	-1.200000	-6.225700	6.347869
455	0	-2.890000	-1.080000	-5.289000	6.123073
455	2	2.710000	3.230000	-4.847500	6.424582
455	4	1.220000	-3.860000	-5.257000	6.635062
455	6	5.140000	-2.274000	-2.770500	6.266286
455	10	1.850000	0.770000	-6.635600	6.931565
455	14	4.850000	-1.430000	-3.918000	6.396728
455	16	0.510000	-0.204000	-6.691000	6.713509
455	18	-2.534000	0.190000	-6.582800	7.056239
455	22	4.040000	0.400000	-5.662000	6.967054
455	24	0.970000	1.340000	-6.614600	6.818316
455	26	-2.500000	3.250000	-5.081000	6.529093
455	28	1.300000	-3.397000	-5.439500	6.543529
455	1	-5.310000	-1.000000	-3.815000	6.614403
455	3	0.530000	5.110000	-3.716200	6.340595
455	5	-3.016000	0.610000	-6.177700	6.901618
455	7	-4.340000	1.804000	-4.655000	6.615062
455	13	-0.850000	1.290000	-6.773000	6.946951
455	15	-4.558000	-3.220000	-1.041000	5.676922
455	17	-5.620000	1.900000	-4.040000	7.177465
455	19	0.010000	-1.000000	-6.606000	6.681268
455	21	-0.130000	1.273000	-6.693400	6.814619
455	23	-1.100000	-4.580000	-4.849000	6.760118
455	27	2.610000	-1.640000	-5.475000	6.283098
455	29	0.670000	0.650000	-6.969000	7.031242
456	0	2.570000	3.040000	-4.818000	6.249770
456	2	5.100000	1.010000	-0.938000	5.282986
456	4	-3.050000	2.670000	-4.159000	5.807640
456	6	-0.780000	0.644000	-6.854000	6.928236
456	10	-0.830000	4.060000	-4.618000	6.204710
456	14	1.810000	-0.560000	-6.979000	7.231607
456	16	2.080000	-4.727000	-2.226000	5.623700
456	18	0.548000	4.760000	-4.698000	6.710373
456	22	5.210000	-2.310000	-2.700000	6.306362
456	24	-1.910000	-1.030000	-6.886600	7.220406
456	26	4.370000	0.280000	-2.995000	5.305217
456	28	-3.110000	-2.375000	-5.065400	6.400859
456	1	-1.810000	4.873000	-3.776000	6.424983
456	3	-3.480000	3.970000	-4.774000	7.117751
456	5	-1.142000	-4.378000	-4.668000	6.500867
456	7	-2.700000	1.083000	-6.611800	7.223489
456	13	-1.590000	-3.400000	-4.748400	6.052719
456	15	0.024000	4.950000	-4.165000	6.469181
456	17	-0.480000	-4.270000	-5.021000	6.608611
456	19	3.990000	-1.280000	-5.664000	7.045523
456	21	2.110000	0.136000	-6.646100	6.974327
456	23	-5.280000	1.150000	-3.660000	6.526599
456	27	2.510000	-3.010000	-5.475000	6.733188
456	29	0.170000	3.050000	-6.009400	6.741238
457	0	3.640000	-2.940000	-5.630000	7.320526
457	2	3.860000	3.540000	-4.316000	6.786682
457	4	-4.390000	-0.140000	-4.135400	6.032680
457	6	5.330000	-2.032000	-2.672000	6.299008
457	10	-1.490000	2.830000	-4.621000	5.619844
457	14	-5.320000	-0.910000	-3.355000	6.355039
457	16	2.400000	-1.216000	-6.020300	6.594139
457	18	0.953000	-1.700000	-6.674900	6.953596
457	22	2.570000	-1.560000	-4.938000	5.781206
457	24	-1.780000	1.340000	-6.798700	7.154462
457	26	3.420000	1.800000	-4.491000	5.924988
457	28	0.880000	-5.058000	-4.128000	6.587727
457	1	-0.200000	-1.520000	-7.416120	7.572928
457	3	-4.800000	-0.130000	-5.091000	6.998227
457	5	0.343000	-2.570000	-6.806000	7.283144
457	7	-3.660000	3.876000	-1.624000	5.572823
457	13	-0.720000	1.300000	-6.397610	6.567938
457	15	-2.250000	0.030000	-6.944000	7.299489
457	17	-2.280000	-4.540000	-4.191000	6.585931
457	19	-3.820000	-1.150000	-5.383800	6.700761
457	21	-4.550000	-3.648000	-2.528000	6.356193
457	23	1.680000	2.010000	-6.081000	6.621258
457	27	0.060000	0.780000	-6.830000	6.874656
457	29	-2.890000	-2.320000	-5.953100	7.012410
458	0	2.480000	-5.800000	-0.732000	6.350293
458	2	2.570000	2.680000	-4.792000	6.062224
458	4	-0.070000	-4.590000	-5.617000	7.254219
458	6	3.060000	3.886000	-5.226000	7.195531
458	10	0.650000	2.270000	-6.670500	7.076084
458	14	3.580000	2.280000	-4.495000	6.182218
458	16	-2.500000	3.317000	-5.271500	6.711274
458	18	1.416000	5.240000	-4.115000	6.811452
458	22	-0.410000	3.530000	-5.611000	6.641711
458	24	0.550000	0.920000	-6.333700	6.423757
458	26	0.090000	-4.400000	-3.458000	5.596951
458	28	1.060000	2.090000	-4.710000	5.260779
458	1	0.580000	2.020000	-6.729100	7.049652
458	3	3.190000	-0.420000	-6.071000	6.870920
458	5	-1.558000	2.245000	-5.902800	6.504647
458	7	-5.500000	1.403000	-3.442000	6.638206
458	13	1.900000	1.090000	-6.931100	7.268992
458	15	1.924000	-0.170000	-6.709000	6.981501
458	17	1.960000	-2.610000	-5.821700	6.674271
458	19	1.270000	0.290000	-7.102000	7.220485
458	21	3.530000	-4.384500	-3.326000	6.538120
458	23	-0.990000	-3.880000	-5.580000	6.868107
458	27	4.260000	1.080000	-4.332600	6.171339
458	29	2.710000	-2.320000	-5.681300	6.708477
459	0	-2.950000	-4.520000	-0.760000	5.450734
459	2	-2.740000	0.440000	-6.091800	6.694119
459	4	-4.520000	2.500000	-4.978000	7.173624
459	6	-0.540000	1.824000	-6.321000	6.601032
459	10	2.700000	-4.940000	-3.493000	6.625304
459	14	-1.050000	-0.770000	-7.174300	7.291501
459	16	1.650000	0.149000	-6.214900	6.431927
459	18	-4.241000	0.580000	-4.945000	6.540299
459	22	0.150000	2.540000	-5.388000	5.958577
459	24	0.340000	2.220000	-6.330900	6.717462
459	26	1.790000	1.000000	-7.044300	7.336638
459	28	0.980000	-1.535000	-6.435000	6.687739
459	1	-5.850000	1.410000	-3.928000	7.186083
459	3	4.050000	-1.110000	-5.263000	6.733036
459	5	1.194000	-3.711000	-6.057900	7.203840
459	7	-5.700000	1.152000	-4.336000	7.253827
459	13	1.250000	0.580000	-7.029900	7.163686
459	15	-1.071000	0.890000	-6.919000	7.057741
459	17	-1.970000	-2.200000	-6.083000	6.761937
459	19	-1.840000	-0.330000	-6.591000	6.850969
459	21	2.940000	-4.147300	-4.639000	6.882152
459	23	-0.380000	-0.790000	-6.442200	6.501572
459	27	-2.970000	5.050000	-4.090000	7.145033
459	29	-2.730000	-3.120000	-5.675000	7.028010
460	0	3.000000	1.530000	-5.351000	6.322507
460	2	1.790000	2.770000	-5.982700	6.831522
460	4	-0.570000	-0.650000	-6.657000	6.712902
460	6	0.650000	-1.311000	-6.025000	6.200149
460	10	-0.660000	2.020000	-6.580400	6.915032
460	14	-3.410000	-3.320000	-4.965000	6.877625
460	16	3.800000	-4.016000	-2.976000	6.278920
460	18	4.342000	2.210000	-3.414000	5.949156
460	22	-4.300000	-0.820000	-5.021000	6.661294
460	24	-1.780000	0.360000	-6.437000	6.688271
460	26	-1.940000	-3.470000	-4.742000	6.187977
460	28	-0.100000	1.730000	-6.596200	6.820026
460	1	2.470000	4.644000	-3.542000	6.341404
460	3	-2.120000	-1.430000	-5.641700	6.194197
460	5	3.124000	-0.171000	-5.064000	5.952538
460	7	1.770000	-2.284200	-6.199700	6.840084
460	13	-4.920000	0.440000	-4.190000	6.477353
460	15	3.434000	0.150000	-6.140000	7.036651
460	17	-2.880000	1.150000	-3.296000	4.525540
460	19	-3.830000	4.610000	-3.557500	6.969706
460	21	3.660000	-2.094400	-4.417000	6.106718
460	23	-4.550000	0.540000	-4.304000	6.286375
460	27	-1.090000	-3.350000	-5.192859	6.275061
460	29	-4.320000	3.620000	-3.206000	6.484230
461	0	-0.350000	0.920000	-6.908000	6.977776
461	2	1.350000	0.270000	-6.591000	6.733252
461	4	-0.040000	4.430000	-4.292110	6.168363
461	6	-0.610000	-0.069000	-7.011000	7.037825
461	10	0.940000	-3.330000	-5.867100	6.811414
461	14	0.740000	-0.650000	-7.222000	7.288853
461	16	-2.170000	1.480000	-5.526000	6.118495
461	18	-2.218000	0.610000	-6.686600	7.071226
461	22	-1.480000	2.690000	-6.686000	7.357248
461	24	5.610000	-0.380000	-2.172000	6.027776
461	26	2.030000	3.790000	-5.081000	6.655942
461	28	-2.540000	-3.051000	-4.661200	6.122662
461	1	2.090000	0.020000	-6.457000	6.786851
461	3	1.550000	1.170000	-6.744000	7.018044
461	5	-4.579000	1.986000	-4.434000	6.676211
461	7	-2.530000	2.660500	-5.522400	6.631445
461	13	2.480000	-2.440000	-4.540000	5.719755
461	15	0.971000	5.930000	-2.670000	6.575457
461	17	1.830000	-4.480000	-3.919000	6.227187
461	19	-3.750000	0.280000	-4.797000	6.095253
461	21	0.990000	4.097300	-5.458000	6.896211
461	23	-1.730000	5.140000	-3.166000	6.279813
461	27	3.230000	4.010000	-4.507000	6.842956
461	29	-1.480000	1.820000	-5.830500	6.284706
462	0	3.210000	-0.980000	-5.892000	6.780867
462	2	0.180000	3.780000	-5.487300	6.665678
462	4	-0.890000	-2.350000	-6.387000	6.863554
462	6	5.220000	0.118000	-3.952000	6.548330
462	10	-0.100000	4.710000	-3.650000	5.959581
462	14	1.870000	3.480000	-5.344500	6.646125
462	16	-5.520000	-0.772000	-3.279000	6.466701
462	18	-1.653000	4.120000	-4.564000	6.366860
462	22	-3.410000	-0.060000	-2.956000	4.513273
462	24	2.790000	-0.510000	-4.989000	5.738843
462	26	-5.030000	-0.380000	-4.218000	6.575471
462	28	1.010000	-0.868000	-7.197600	7.319766
462	1	-0.070000	-4.730000	-2.593000	5.394576
462	3	-2.420000	-1.610000	-4.816000	5.625154
462	5	-3.419000	0.975000	-5.679600	6.700600
462	7	-1.060000	-3.811000	-3.369000	5.195910
462	13	-3.220000	-4.160000	-3.220000	6.167852
462	15	-1.585300	-0.490000	-6.214000	6.431724
462	17	-3.990000	-1.940000	-4.171000	6.089412
462	19	-1.670000	-1.020000	-6.769000	7.046181
462	21	-1.180000	1.755000	-7.131000	7.437983
462	23	1.450000	-0.400000	-6.353280	6.528910
462	27	2.430000	-5.530000	-2.798000	6.656922
462	29	1.320000	-5.980000	-2.312000	6.545849
463	0	4.470000	-4.240000	-2.426000	6.621478
463	2	-0.390000	-3.487000	-5.156300	6.236882
463	4	-1.150000	-1.040000	-7.224000	7.388523
463	6	-1.000000	-3.168000	-5.593000	6.505219
463	10	-3.960000	-1.140000	-5.458000	6.838930
463	14	0.920000	-1.750000	-7.021800	7.294832
463	16	-2.090000	1.263000	-6.497000	6.940769
463	18	3.285000	3.180000	-3.871000	5.990682
463	22	0.580000	0.310000	-6.940600	6.971688
463	24	3.070000	0.260000	-6.010000	6.753710
463	26	1.670000	-2.820000	-4.422000	5.504124
463	28	2.510000	3.132000	-5.558600	6.856206
463	1	4.960000	1.950000	-4.559000	7.013457
463	3	0.970000	-5.530000	-4.409000	7.138703
463	5	-3.908000	2.932000	-5.451000	7.320006
463	7	1.000000	-2.537380	-5.862200	6.465577
463	13	4.630000	2.210000	-2.838000	5.863041
463	15	-4.883000	-1.040000	-4.562000	6.762923
463	17	-1.300000	0.030000	-6.903800	7.025194
463	19	-1.210000	-3.280000	-5.241000	6.300046
463	21	2.320000	3.330300	-5.274000	6.654951
463	23	-1.520000	-1.860000	-4.349000	4.968279
463	27	-2.300000	-0.130000	-6.633000	7.021651
463	29	-1.590000	2.840000	-6.166000	6.972321
464	0	-3.730000	-0.860000	-5.395180	6.615169
464	2	-4.100000	0.535000	-4.895600	6.408052
464	4	2.710000	1.190000	-5.869000	6.573079
464	6	1.490000	-2.311000	-6.380500	6.947777
464	10	-2.300000	1.280000	-6.061700	6.608525
464	14	-1.340000	-3.390000	-5.054000	6.231422
464	16	2.230000	-2.128000	-6.404000	7.107215
464	18	3.816000	0.960000	-3.953900	5.578242
464	22	5.420000	1.680000	-4.336000	7.141407
464	24	-0.550000	5.060000	-4.828000	7.015389
464	26	0.700000	-0.860000	-6.827000	6.916468
464	28	-3.390000	2.349000	-4.758000	6.296703
464	1	-2.480000	4.554000	-4.500000	6.865808
464	3	3.300000	1.210000	-5.656000	6.659162
464	5	-5.917100	0.298000	-1.823000	6.198726
464	7	0.820000	-2.189000	-6.230700	6.654753
464	13	3.490000	-2.360000	-5.505900	6.932866
464	15	-0.797000	-1.310000	-6.802000	6.972698
464	17	0.750000	-0.900000	-6.884800	6.983765
464	19	1.790000	-4.520000	-3.589000	6.042799
464	21	3.180000	2.894000	-5.815500	7.232405
464	23	4.310000	-2.010000	-5.255000	7.087399
464	27	-0.890000	0.440000	-7.131000	7.199782
464	29	-3.110000	-1.760000	-6.137150	7.101712
465	0	2.180000	3.210000	-4.883810	6.237636
465	2	-1.070000	-1.045000	-6.428000	6.599705
465	4	-1.940000	-4.950000	-3.940400	6.617617
465	6	-0.940000	-1.337000	-6.798100	6.991805
465	10	-2.970000	2.210000	-6.163900	7.190178
465	14	1.610000	4.210000	-4.134000	6.116057
465	16	-0.880000	-2.829000	-6.244000	6.911236
465	18	-3.142000	-0.050000	-6.340000	7.076034
465	22	1.540000	2.980000	-5.751000	6.657777
465	24	1.570000	-0.630000	-7.295000	7.488580
465	26	2.150000	-4.770000	-3.049000	6.055725
465	28	0.280000	4.517000	-4.146000	6.137671
465	1	1.930000	0.110000	-6.931000	7.195538
465	3	-3.670000	0.580000	-5.810000	6.896477
465	5	-0.284000	4.446000	-5.089900	6.764219
465	7	1.760000	2.296100	-5.054000	5.823452
465	13	2.240000	0.220000	-6.242000	6.635402
465	15	-0.481000	3.750000	-3.973000	5.484395
465	17	-1.410000	4.980000	-3.505000	6.250882
465	19	1.600000	-2.160000	-6.661000	7.182933
465	21	-2.490000	-0.729000	-5.737800	6.297133
465	23	-4.170000	1.380000	-5.901600	7.356778
465	27	-2.220000	-5.560000	-3.090000	6.737218
465	29	1.760000	5.130000	-2.765000	6.087670
466	0	-2.780000	-4.860000	-4.438000	7.144497
466	2	1.550000	-1.890000	-6.209300	6.673081
466	4	3.910000	-4.220000	-1.674000	5.991559
466	6	3.740000	1.073000	-5.205400	6.498855
466	10	-3.690000	-0.070000	-5.172000	6.353785
466	14	-3.470000	-0.860000	-4.780000	5.968995
466	16	0.140000	-5.480000	-2.533000	6.038716
466	18	-1.561000	-5.020000	-2.884000	5.996214
466	22	-2.050000	3.940000	-5.601000	7.148238
466	24	1.090000	-0.100000	-5.908000	6.008541
466	26	-0.020000	-0.110000	-6.974000	6.974896
466	28	-4.880000	1.213000	-4.257000	6.588461
466	1	-3.580000	-0.040000	-6.071900	7.048828
466	3	-2.140000	4.120000	-3.822770	6.013948
466	5	2.466000	-3.880000	-3.256000	5.633568
466	7	4.430000	2.502600	-3.613000	6.240327
466	13	-1.490000	-0.650000	-6.516000	6.715717
466	15	3.387000	0.480000	-5.817000	6.748308
466	17	0.190000	4.380000	-4.779500	6.485686
466	19	-3.500000	-1.400000	-4.647000	5.983695
466	21	0.080000	4.535000	-2.413000	5.137625
466	23	1.950000	0.870000	-6.265000	6.618884
466	27	-5.790000	-2.730000	-3.481600	7.286874
466	29	0.340000	-0.950000	-6.709800	6.785243
467	0	1.720000	-1.750000	-6.966000	7.385530
467	2	-2.600000	-1.019000	-6.364500	6.950196
467	4	-1.010000	1.550000	-6.299000	6.565059
467	6	2.500000	-1.951000	-6.454400	7.191362
467	10	-2.320000	3.300000	-2.228000	4.608295
467	14	-4.230000	0.770000	-4.035000	5.896357
467	16	0.450000	1.405000	-6.944000	7.098990
467	18	-3.424000	1.320000	-6.133600	7.147533
467	22	-0.560000	-2.840000	-5.851000	6.527894
467	24	-2.380000	-2.000000	-5.362000	6.198019
467	26	1.860000	-2.890000	-6.043000	6.951946
467	28	0.770000	-3.749000	-3.960000	5.507223
467	1	2.370000	-0.985000	-6.521200	7.008079
467	3	-1.980000	1.670000	-6.586000	7.077054
467	5	-3.235000	-3.205000	-4.963000	6.735623
467	7	-4.310000	-2.198000	-5.184100	7.090994
467	13	-2.710000	1.370000	-6.232400	6.932807
467	15	4.740000	-2.820000	-2.669000	6.127280
467	17	-4.370000	2.490000	-4.066000	6.467562
467	19	-3.120000	0.030000	-6.007000	6.768999
467	21	2.360000	0.659000	-5.383000	5.914437
467	23	-4.190000	2.110000	-5.501000	7.229744
467	27	-0.600000	0.050000	-6.551000	6.578609
467	29	1.960000	-1.270000	-6.765000	7.156796
468	0	-2.950000	-1.450000	-6.513800	7.296204
468	2	-5.040000	-1.740000	-3.926000	6.621380
468	4	1.570000	0.420000	-6.227000	6.435591
468	6	-0.390000	1.896000	-6.312600	6.602714
468	10	3.620000	1.590000	-3.867000	5.530478
468	14	-4.300000	-3.370000	-4.183000	6.880726
468	16	-1.420000	-4.489000	-4.011000	6.185115
468	18	-2.126000	4.390000	-5.235000	7.155222
468	22	-4.280000	3.360000	-4.107000	6.817290
468	24	-1.870000	-1.390000	-5.955000	6.394609
468	26	-2.000000	-3.370000	-4.920000	6.289936
468	28	3.140000	-2.965000	-4.704000	6.385800
468	1	0.740000	-1.880000	-5.691000	6.038997
468	3	3.480000	-3.490000	-5.207700	7.170121
468	5	3.438000	2.928000	-4.852700	6.628856
468	7	2.630000	1.494800	-6.243000	6.937318
468	13	-4.460000	0.330000	-4.914200	6.644536
468	15	3.307000	2.070000	-5.269000	6.556181
468	17	1.610000	-1.740000	-6.785800	7.187961
468	19	-3.100000	-2.530000	-4.196200	5.798189
468	21	0.060000	0.790000	-6.618760	6.666010
468	23	0.240000	0.830000	-6.196500	6.256446
468	27	-3.010000	-3.870000	-5.290000	7.212565
468	29	0.990000	2.270000	-6.762000	7.201225
469	0	-1.070000	-2.850000	-4.611500	5.525697
469	2	3.160000	1.504000	-5.929000	6.884814
469	4	4.980000	-0.490000	-1.650000	5.269061
469	6	1.860000	1.782000	-5.756100	6.306172
469	10	2.960000	1.600000	-6.125400	6.988714
469	14	-2.740000	-0.140000	-6.606000	7.153072
469	16	1.010000	4.306000	-5.096800	6.748267
469	18	-0.989000	1.710000	-6.620200	6.908637
469	22	-3.100000	2.990000	-5.586000	7.053616
469	24	-3.040000	-1.080000	-6.292000	7.070874
469	26	1.610000	-3.090000	-6.081000	7.008478
469	28	-3.080000	-2.855000	-4.640000	6.258356
469	1	-0.790000	2.417000	-6.195000	6.696567
469	3	2.800000	3.280000	-4.727300	6.398888
469	5	-0.773000	5.960800	-1.818000	6.279633
469	7	1.160000	3.177000	-6.127000	6.998504
469	13	-2.750000	-1.640000	-6.276000	7.045586
469	15	-2.606000	-0.450000	-5.975000	6.534092
469	17	-2.300000	-1.010000	-6.845000	7.291373
469	19	-5.080000	2.070000	-3.217300	6.359428
469	21	-4.650000	-2.662480	-4.777000	7.178512
469	23	-1.390000	3.910000	-5.202000	6.654397
469	27	3.700000	0.360000	-4.830500	6.095353
469	29	4.960000	1.760000	-3.570000	6.359568
470	0	-3.520000	-3.410000	-4.802400	6.861599
470	2	4.900000	2.365000	-4.058000	6.787532
470	4	-0.020000	-0.940000	-6.800000	6.864692
470	6	1.180000	-3.834000	-2.182000	4.566517
470	10	0.630000	-4.660000	-4.240000	6.331674
470	14	1.030000	-4.620000	-3.288000	5.763354
470	16	1.840000	-2.180000	-6.867000	7.435973
470	18	1.266000	-2.060000	-5.843000	6.323528
470	22	2.760000	1.050000	-6.423000	7.069302
470	24	-2.590000	0.010000	-6.422400	6.924985
470	26	-0.970000	0.370000	-6.534000	6.615962
470	28	-2.710000	1.838000	-6.205890	7.016795
470	1	-0.410000	-1.068000	-5.577220	5.693339
470	3	-2.510000	-4.450000	-4.146177	6.579771
470	5	0.195000	-5.674000	-3.179000	6.506792
470	7	1.550000	1.283500	-6.269200	6.584280
470	13	-3.000000	0.370000	-5.540600	6.311509
470	15	-1.148700	3.260000	-6.452000	7.319523
470	17	-4.760000	0.450000	-2.591000	5.438141
470	19	-0.460000	-2.370000	-6.324000	6.769156
470	21	0.940000	-1.030500	-6.563400	6.709974
470	23	-0.150000	0.470000	-6.931000	6.948537
470	27	4.940000	-1.470000	-3.916000	6.472987
470	29	2.060000	3.950000	-2.657000	5.187075
471	0	3.880000	1.240000	-5.442200	6.797760
471	2	-3.130000	-0.515000	-4.867000	5.809459
471	4	0.930000	-1.500000	-6.914000	7.135706
471	6	-4.340000	1.109000	-3.902670	5.941070
471	10	3.010000	3.260000	-5.656500	7.189137
471	14	3.450000	1.700000	-4.725000	6.092465
471	16	3.060000	-3.927000	-4.770600	6.895183
471	18	-2.205000	-2.570000	-5.485100	6.446181
471	22	1.070000	2.190000	-6.370000	6.820403
471	24	-0.800000	2.540000	-5.089000	5.743650
471	26	1.070000	2.910000	-5.978000	6.734203
471	28	-1.930000	-4.643000	-4.287000	6.607626
471	1	-0.800000	-1.796000	-6.327000	6.625447
471	3	-1.800000	-1.300000	-5.349600	5.792083
471	5	1.890000	-2.858000	-6.146000	7.036589
471	7	-3.340000	4.021000	-4.688300	7.021695
471	13	-1.910000	4.270000	-4.664500	6.605949
471	15	4.062000	1.120000	-5.687000	7.077868
471	17	-0.760000	-4.200000	-5.381700	6.868791
471	19	3.470000	2.770000	-4.671500	6.444898
471	21	-0.940000	-1.251800	-6.448700	6.635988
471	23	1.180000	0.010000	-7.251000	7.346394
471	27	1.260000	-1.390000	-6.095000	6.377204
471	29	-2.050000	0.270000	-6.286100	6.617436
472	0	3.560000	1.280000	-4.146000	5.612603
472	2	1.560000	-1.597000	-6.769300	7.127933
472	4	-4.880000	0.980000	-4.348000	6.609077
472	6	0.100000	3.316000	-5.434000	6.366648
472	10	-4.700000	-1.120000	-3.219000	5.805718
472	14	-2.000000	-1.300000	-6.878700	7.280557
472	16	2.020000	1.439000	-6.389000	6.853499
472	18	0.585000	1.120000	-7.368000	7.475563
472	22	-4.480000	1.390000	-2.294000	5.221584
472	24	-3.887000	-2.180000	-4.262000	6.166507
472	26	4.370000	1.480000	-5.430000	7.125461
472	28	3.590000	1.536000	-4.838000	6.217205
472	1	-2.370000	-0.511000	-6.412700	6.855709
472	3	-0.440000	-3.710000	-5.325000	6.504869
472	5	3.716000	-2.117000	-5.995100	7.364209
472	7	-2.110000	0.245000	-6.386000	6.730016
472	13	0.100000	-4.700000	-4.817700	6.731288
472	15	0.236000	-4.870000	-4.382000	6.555495
472	17	-0.340000	-2.670000	-6.454180	6.992921
472	19	2.790000	3.450000	-5.331000	6.935861
472	21	0.580000	5.712700	-4.190000	7.108266
472	23	-1.440000	-3.580000	-5.612000	6.810620
472	27	1.300000	-3.900000	-5.333200	6.733723
472	29	3.310000	0.300000	-6.833500	7.598870
473	0	-2.610000	5.170000	-3.326000	6.678568
473	2	2.180000	2.347000	-6.376000	7.135418
473	4	0.850000	-0.360000	-7.124570	7.184121
473	6	2.360000	-1.060000	-6.091000	6.617664
473	10	-1.050000	5.650000	-4.022000	7.014377
473	14	-0.680000	3.420000	-5.654000	6.642779
473	16	-1.840000	-2.219000	-6.217000	6.852784
473	18	-4.509000	-1.060000	-1.918000	5.013323
473	22	-4.090000	-0.100000	-3.801000	5.584416
473	24	-0.050000	-2.920000	-6.673000	7.284081
473	26	-1.610000	-1.680000	-6.201000	6.623209
473	28	0.060000	-4.877000	-4.752000	6.809569
473	1	-5.130000	0.164000	-4.508700	6.831703
473	3	-0.610000	-4.550000	-1.194000	4.743441
473	5	-1.511000	-2.707000	-6.130385	6.869686
473	7	-1.340000	-0.359000	-6.690000	6.832319
473	13	0.310000	-1.290000	-6.648000	6.779093
473	15	-2.642900	0.720000	-5.975000	6.572971
473	17	-3.220000	-0.420000	-6.221100	7.017613
473	19	-1.260000	2.970000	-5.815000	6.650017
473	21	0.530000	1.081000	-6.895480	6.999793
473	23	0.170000	0.820000	-6.941000	6.991336
473	27	4.900000	-2.050000	-3.233000	6.218102
473	29	1.050000	1.400000	-7.146600	7.357744
474	0	1.130000	2.390000	-6.424000	6.946710
474	2	1.940000	0.268000	-6.734900	7.013865
474	4	0.960000	3.380000	-6.241700	7.162738
474	6	0.470000	-2.050000	-6.396000	6.732920
474	10	-0.590000	-3.810000	-5.832000	6.991168
474	14	2.260000	-2.540000	-5.397000	6.378621
474	16	2.400000	-2.843000	-5.465000	6.611269
474	18	2.871000	1.380000	-6.238000	7.004262
474	22	-0.280000	-2.110000	-5.834000	6.210157
474	24	1.790000	0.330000	-6.380000	6.634561
474	26	5.310000	-0.850000	-3.172000	6.243411
474	28	-1.760000	3.972000	-4.131000	5.994960
474	1	-0.980000	0.017000	-6.915000	6.984119
474	3	5.680000	1.560000	-3.725000	6.969335
474	5	3.671000	-0.761000	-5.508500	6.663253
474	7	-4.810000	-2.171000	-3.983000	6.611628
474	13	5.140000	-3.100000	-3.957400	7.189619
474	15	-3.459400	1.380000	-4.798000	6.073932
474	17	-5.550000	0.340000	-4.394000	7.086984
474	19	1.220000	-3.950000	-5.695000	7.037324
474	21	4.450000	-2.646500	-4.383000	6.783594
474	23	-0.960000	-4.240000	-5.095900	6.698313
474	27	0.180000	1.070000	-7.122000	7.204178
474	29	4.510000	1.860000	-5.041000	7.015082
475	0	3.420000	-0.730000	-6.568100	7.441051
475	2	0.760000	-5.376000	-4.372000	6.970894
475	4	3.800000	4.460000	-3.225000	6.688215
475	6	5.100000	-0.500000	-4.223800	6.640820
475	10	-1.010000	3.350000	-5.638000	6.635484
475	14	-4.450000	3.250000	-2.098000	5.896321
475	16	-2.330000	2.734700	-4.452000	5.720821
475	18	-0.184000	-0.270000	-6.830000	6.837811
475	22	2.850000	-3.400000	-3.766000	5.819386
475	24	0.590000	-5.190000	-3.517000	6.297102
475	26	-1.580000	-4.220000	-5.019000	6.745010
475	28	4.030000	3.180000	-3.817000	6.397092
475	1	3.680000	1.264000	-5.674300	6.880245
475	3	-3.950000	1.790000	-5.286100	6.837357
475	5	1.008000	-2.231000	-6.107210	6.579623
475	7	-3.910000	-0.756000	-5.876000	7.098381
475	13	-2.900000	-3.770000	-3.883500	6.140397
475	15	1.054000	-3.750000	-5.548000	6.778917
475	17	-1.020000	-3.050000	-5.666540	6.515564
475	19	2.220000	-0.540000	-6.057000	6.473581
475	21	-4.500000	2.901000	-3.832000	6.584074
475	23	-3.840000	2.250000	-5.640000	7.184546
475	27	1.020000	4.670000	-3.557000	5.958318
475	29	1.580000	-0.020000	-7.047600	7.222566
476	0	-1.170000	2.990000	-6.455600	7.209977
476	2	-2.670000	-2.237000	-6.086900	7.013089
476	4	-1.280000	3.520000	-5.783600	6.890488
476	6	1.020000	-2.880000	-6.566100	7.242132
476	10	2.660000	-0.870000	-5.914000	6.542774
476	14	-0.700000	-2.300000	-5.993000	6.457248
476	16	1.970000	0.565000	-6.710000	7.015998
476	18	-2.225000	-0.870000	-6.063100	6.516802
476	22	-4.780000	-2.770000	-3.682000	6.639158
476	24	1.040000	2.120000	-6.477000	6.894021
476	26	3.780000	-3.850000	-4.774000	7.204303
476	28	0.390000	1.702700	-5.325000	5.604187
476	1	0.710000	-0.463000	-7.099000	7.149424
476	3	2.440000	1.570000	-5.933200	6.604647
476	5	3.391000	1.782000	-5.040600	6.331039
476	7	-0.020000	1.093000	-6.916000	7.001864
476	13	-4.090000	0.610000	-5.510200	6.889304
476	15	0.125000	-3.230000	-5.160000	6.088853
476	17	4.410000	2.190000	-4.073000	6.390112
476	19	0.170000	-3.020000	-6.215000	6.911984
476	21	2.000000	3.637000	-5.864400	7.184633
476	23	-2.410000	-5.420000	-1.577000	6.137706
476	27	-2.900000	-3.940000	-3.752000	6.165315
476	29	0.780000	-3.170000	-5.368200	6.282903
477	0	-3.360000	2.110000	-5.626000	6.884299
477	2	1.840000	-2.237000	-6.245000	6.884025
477	4	0.310000	-5.840000	-3.526600	6.829246
477	6	-1.280000	-5.000000	-0.965000	5.250679
477	10	-0.660000	-1.400000	-6.949100	7.119381
477	14	-0.300000	-2.980000	-6.484900	7.143132
477	16	-0.360000	4.418000	-5.510000	7.071663
477	18	2.758000	1.050000	-6.160800	6.831143
477	22	-3.020000	1.840000	-6.413000	7.323426
477	24	1.540000	0.800000	-6.295000	6.529826
477	26	0.770000	-3.910000	-3.857000	5.545940
477	28	-0.010000	-3.384500	-5.636000	6.574149
477	1	0.260000	1.797000	-6.238800	6.497648
477	3	1.180000	1.580000	-6.465000	6.759070
477	5	-2.375000	-3.901000	-3.379000	5.681203
477	7	3.480000	-0.578000	-5.246720	6.322385
477	13	-2.070000	-4.800000	-4.004000	6.584597
477	15	-3.418800	2.050000	-3.802000	5.508711
477	17	1.390000	2.860000	-6.444000	7.185878
477	19	1.450000	3.380000	-5.634300	6.728465
477	21	-5.640000	-0.725000	-4.754000	7.411865
477	23	-2.690000	-0.240000	-6.314000	6.867335
477	27	0.480000	4.300000	-4.969900	6.589409
477	29	1.690000	4.040000	-4.721000	6.439374
478	0	3.690000	1.970000	-5.780800	7.135450
478	2	-0.340000	-3.489000	-6.188700	7.112575
478	4	1.830000	1.580000	-6.359000	6.803101
478	6	-1.630000	1.410000	-5.990000	6.365933
478	10	-2.380000	4.560000	-4.346000	6.733923
478	14	3.000000	1.140000	-5.542300	6.404427
478	16	5.570000	-2.620000	-3.195000	6.935224
478	18	-1.132000	-3.430000	-4.227000	5.560023
478	22	1.350000	2.660000	-5.923000	6.631744
478	24	-2.450000	0.320000	-6.542000	6.993044
478	26	2.840000	1.290000	-6.098000	6.849475
478	28	0.910000	-3.156000	-6.446000	7.234594
478	1	2.960000	-2.414000	-5.902500	7.030541
478	3	-1.620000	1.300000	-6.325000	6.657329
478	5	4.240000	-1.371000	-4.381000	6.249032
478	7	1.320000	3.006000	-5.550200	6.448500
478	13	-1.350000	2.790000	-6.116800	6.857247
478	15	-0.276300	3.120000	-4.971000	5.875507
478	17	1.340000	0.780000	-6.966000	7.136467
478	19	-0.590000	-4.020000	-3.762100	5.537319
478	21	-0.370000	-3.258000	-5.472020	6.379221
478	23	0.770000	-1.610000	-7.128000	7.348019
478	27	-1.110000	3.720000	-5.685100	6.884102
478	29	1.160000	-0.940000	-6.959200	7.117560
479	0	0.980000	4.750000	-4.044000	6.314811
479	2	-0.420000	2.380000	-5.576000	6.077218
479	4	1.630000	3.970000	-5.021700	6.605700
479	6	-3.070000	-0.890000	-6.008000	6.805370
479	10	-1.950000	5.650000	-2.608000	6.521247
479	14	-1.370000	-3.990000	-5.278000	6.756795
479	16	2.370000	0.219000	-6.900000	7.298963
479	18	1.344000	-5.820000	-3.938000	7.154480
479	22	2.070000	-0.470000	-6.543000	6.878710
479	24	1.720000	-3.600000	-5.556000	6.840142
479	26	-2.530000	-2.920000	-5.124000	6.417373
479	28	1.590000	4.710000	-3.252000	5.940345
479	1	-4.590000	0.151000	-5.408000	7.094883
479	3	1.210000	-2.170000	-5.870000	6.374159
479	5	5.060000	0.312000	-4.361600	6.687638
479	7	2.320000	-2.782000	-3.436000	4.992797
479	13	-4.820000	-1.830000	-3.549000	6.259129
479	15	0.321000	-0.600000	-6.448000	6.483806
479	17	-5.400000	-0.790000	-4.695260	7.199275
479	19	-2.700000	-0.400000	-6.570000	7.114415
479	21	-2.580000	2.057000	-5.449700	6.370783
479	23	-0.010000	-4.950000	-2.980000	5.777802
479	27	-5.670000	0.290000	-4.570000	7.288203
479	29	0.510000	-2.920000	-6.273000	6.938085
480	0	-0.760000	-4.420000	-3.012000	5.402420
480	2	-1.090000	4.263000	-4.133000	6.036800
480	4	-3.330000	3.500000	-4.423900	6.550557
480	6	0.760000	-4.880000	-5.257500	7.213412
480	10	1.640000	5.420000	-3.326000	6.567212
480	14	-3.810000	-3.730000	-3.822000	6.560235
480	16	-0.370000	0.967000	-7.008000	7.084070
480	18	1.607000	-1.440000	-7.065200	7.387361
480	22	-2.320000	2.460000	-6.543000	7.365110
480	24	-1.310000	0.780000	-5.963000	6.154825
480	26	0.040000	4.200000	-5.995000	7.319947
480	28	-0.990000	-0.233000	-6.735300	6.811656
480	1	-3.310000	1.511000	-5.979600	6.999631
480	3	0.030000	2.250000	-5.864000	6.280915
480	5	-3.738000	-1.552000	-5.603200	6.912105
480	7	0.980000	-2.752000	-6.222000	6.873659
480	13	-2.600000	4.070000	-4.725000	6.756517
480	15	-1.970900	0.160000	-5.903000	6.225388
480	17	-1.350000	-1.150000	-6.448500	6.687911
480	19	-3.890000	-2.270000	-4.105100	6.094001
480	21	-1.780000	-1.388000	-5.743500	6.171121
480	23	-2.690000	-3.510000	-4.762500	6.499047
480	27	0.740000	2.950000	-5.894000	6.632446
480	29	0.400000	-4.570000	-4.942400	6.743309
481	0	0.840000	-4.120000	-5.226300	6.707772
481	2	3.000000	1.050000	-5.557000	6.401777
481	4	-3.750000	1.700000	-4.388000	6.017229
481	6	-1.920000	-5.550000	-2.100000	6.236898
481	10	-3.880000	-1.470000	-4.258000	5.945239
481	14	-3.370000	2.640000	-4.920000	6.521725
481	16	4.740000	2.924700	-2.462000	6.089574
481	18	3.012000	4.010000	-4.592400	6.800175
481	22	2.220000	5.010000	-2.295000	5.941004
481	24	3.760000	-3.230000	-4.588000	6.754276
481	26	-0.830000	-0.160000	-6.971000	7.022061
481	28	0.470000	-5.093700	-4.827000	7.033250
481	1	-2.350000	-2.000000	-6.236560	6.958246
481	3	4.730000	-3.120000	-4.083100	6.984197
481	5	-1.191000	-2.013000	-6.730000	7.124854
481	7	-2.220000	-1.684000	-6.410600	6.989996
481	13	0.130000	0.780000	-6.820400	6.866087
481	15	2.875000	1.820000	-6.227000	7.096024
481	17	-3.340000	-1.400000	-6.018900	7.024440
481	19	1.850000	-4.630000	-4.824000	6.937606
481	21	-3.510000	-0.345000	-4.349000	5.599368
481	23	-3.840000	0.560000	-6.159800	7.280270
481	27	-0.240000	4.230000	-4.229000	5.986229
481	29	0.080000	-4.320000	-5.462400	6.964669
482	0	5.110000	2.690000	-2.168000	6.168340
482	2	-0.040000	-4.593000	-4.495000	6.426685
482	4	-4.890000	-2.870000	-3.849000	6.853014
482	6	2.530000	-2.480000	-5.676100	6.690995
482	10	-2.070000	-2.450000	-6.283000	7.054324
482	14	-0.070000	0.760000	-6.897830	6.939925
482	16	5.750000	2.831000	-2.659000	6.938829
482	18	1.880000	1.390000	-6.749300	7.142797
482	22	-1.850000	0.670000	-6.310000	6.609652
482	24	0.890000	-2.390000	-7.131000	7.573332
482	26	1.950000	2.250000	-6.426000	7.082265
482	28	-0.990000	-4.511500	-4.167500	6.221076
482	1	-3.640000	4.116000	-1.924000	5.821755
482	3	0.170000	-1.980000	-5.960000	6.282587
482	5	1.087000	-0.651000	-6.742000	6.860024
482	7	-0.810000	-0.138000	-6.691000	6.741263
482	13	-0.660000	-4.110000	-4.471000	6.108808
482	15	3.192000	-0.060000	-3.760000	4.932551
482	17	3.020000	0.710000	-6.132000	6.872112
482	19	-2.340000	4.620000	-3.172000	6.073021
482	21	-0.540000	3.354000	-3.786000	5.086719
482	23	-2.310000	-0.670000	-6.449300	6.883202
482	27	4.010000	-1.220000	-5.457100	6.881020
482	29	-4.600000	0.260000	-4.751000	6.618127
483	0	-0.250000	-0.590000	-6.980000	7.009351
483	2	-3.990000	-0.420000	-5.689000	6.961409
483	4	-3.100000	-3.440000	-4.010300	6.125856
483	6	-0.040000	2.851000	-6.024000	6.664711
483	10	-2.970000	0.930000	-6.080000	6.830242
483	14	-4.230000	1.680000	-4.809000	6.621313
483	16	2.760000	-4.181000	-3.726000	6.243512
483	18	-0.668000	3.740000	-4.978000	6.262133
483	22	2.610000	-1.290000	-5.227000	5.983120
483	24	2.140000	4.230000	-4.681000	6.662151
483	26	1.980000	0.700000	-6.783600	7.101241
483	28	-5.560000	-0.839000	-3.582000	6.666952
483	1	3.060000	-4.203000	-2.478000	5.759279
483	3	-1.330000	2.820000	-4.993800	5.887218
483	5	1.411000	2.544000	-6.368200	7.001202
483	7	-3.220000	4.149000	-4.975300	7.234377
483	13	1.250000	0.620000	-7.003700	7.141338
483	15	4.137000	0.900000	-5.303000	6.785763
483	17	-1.130000	2.180000	-6.120000	6.594217
483	19	-0.980000	-1.770000	-6.278000	6.595952
483	21	0.820000	-4.644000	-4.676000	6.641093
483	23	1.630000	2.990000	-5.506200	6.474198
483	27	2.430000	2.910000	-6.109220	7.189963
483	29	-2.650000	-3.780000	-5.082600	6.866129
484	0	-0.600000	-0.550000	-6.884000	6.931952
484	2	-1.300000	1.220000	-6.684300	6.917967
484	4	0.560000	3.370000	-5.909700	6.826057
484	6	-3.690000	-2.258000	-5.211700	6.773218
484	10	1.850000	0.560000	-6.894000	7.159842
484	14	1.980000	0.570000	-6.194100	6.527800
484	16	-0.850000	0.324000	-6.561000	6.623760
484	18	2.103000	0.640000	-5.257000	5.698092
484	22	0.280000	5.050000	-2.417000	5.605603
484	24	-4.718000	-2.700000	-4.453000	7.027000
484	26	1.100000	0.110000	-6.723400	6.813678
484	28	-2.620000	-0.316000	-6.484300	7.000743
484	1	4.740000	-2.153000	-0.446000	5.225124
484	3	4.180000	3.480000	-3.382200	6.404848
484	5	-0.499000	-3.390000	-6.131800	7.024249
484	7	4.090000	4.570000	-0.230000	6.137255
484	13	-0.680000	0.980000	-6.836300	6.939582
484	15	3.973000	-1.580000	-5.778000	7.187935
484	17	-4.860000	0.220000	-4.896100	6.902159
484	19	-0.880000	0.190000	-6.969000	7.026910
484	21	4.640000	-3.657100	-3.429000	6.830961
484	23	2.550000	-1.510000	-2.588000	3.934507
484	27	3.520000	-1.470000	-4.858000	6.176687
484	29	-0.760000	0.440000	-6.984000	7.038995
485	0	2.300000	-2.130000	-6.120000	6.876140
485	2	-2.190000	3.730000	-4.743000	6.419116
485	4	-2.590000	1.140000	-6.146200	6.766349
485	6	-1.970000	-2.810000	-5.989000	6.902545
485	10	-2.930000	4.420000	-3.280000	6.235359
485	14	0.700000	-5.620000	-3.688000	6.758383
485	16	5.100000	-3.313000	-2.270000	6.491446
485	18	-2.295000	-2.460000	-5.294300	6.272817
485	22	-0.690000	5.330000	-3.304000	6.308836
485	24	-2.590000	-3.850000	-4.828000	6.696281
485	26	4.960000	-0.490000	-4.925000	7.006948
485	28	-2.920000	-0.366000	-6.392800	7.037631
485	1	0.670000	-0.563000	-7.040000	7.094186
485	3	-2.630000	4.060000	-4.455190	6.576414
485	5	0.105000	-4.220000	-6.009702	7.344109
485	7	-1.310000	-4.418000	-3.492000	5.781772
485	13	-0.480000	-2.030000	-6.499500	6.826038
485	15	2.204000	-2.330000	-6.266000	7.039124
485	17	5.190000	0.160000	-3.345000	6.176627
485	19	-0.630000	-4.860000	-4.662100	6.763999
485	21	-1.500000	0.221000	-6.839700	7.005736
485	23	-4.580000	1.620000	-4.448000	6.586767
485	27	2.800000	1.290000	-6.396330	7.100503
485	29	-1.480000	-3.720000	-4.160000	5.773595
486	0	-2.240000	1.570000	-6.655000	7.195243
486	2	3.040000	-0.140000	-4.681000	5.583275
486	4	-1.310000	-1.180000	-6.826900	7.050891
486	6	-1.690000	-1.154000	-6.566000	6.877512
486	10	-4.080000	-1.360000	-4.815000	6.456022
486	14	-2.510000	-2.220000	-6.426300	7.247471
486	16	3.890000	2.329000	-4.862800	6.648546
486	18	1.819000	1.240000	-6.713800	7.065513
486	22	1.100000	-3.550000	-6.396900	7.398164
486	24	-2.843000	2.200000	-5.968000	6.967042
486	26	-1.660000	-2.410000	-5.049000	5.835761
486	3	0.560000	1.030000	-7.041000	7.137940
486	5	1.153000	3.127000	-6.481000	7.287722
486	7	3.610000	-0.518000	-6.334000	7.308897
486	13	3.560000	-2.840000	-5.430000	7.086896
486	15	2.508000	0.100000	-6.725000	7.178140
486	17	2.130000	-4.470000	-4.175000	6.476760
486	19	-2.270000	0.950000	-7.099000	7.513401
486	21	2.270000	1.684000	-6.197600	6.811681
486	23	1.590000	2.700000	-6.376000	7.104328
486	27	-0.830000	-3.260000	-5.908100	6.798687
486	29	-3.600000	2.080000	-5.557300	6.940460
487	0	0.730000	0.780000	-7.148000	7.227393
487	2	2.560000	0.620000	-5.604000	6.192158
487	4	5.150000	-1.250000	-4.329000	6.842897
487	6	-1.810000	-4.671000	-4.682000	6.856782
487	10	-4.060000	-2.580000	-4.424000	6.535425
487	14	-2.120000	2.770000	-6.286980	7.189813
487	16	0.330000	-4.599000	-2.124000	5.076522
487	18	2.359000	-3.610000	-5.522900	7.007097
487	22	-0.980000	3.790000	-5.505000	6.754963
487	24	-1.660000	-2.520000	-6.028000	6.741126
487	26	-1.610000	-3.900000	-3.588000	5.538578
487	3	-3.540000	-0.390000	-5.992300	6.970750
487	5	-0.030000	-2.336000	-6.806100	7.195887
487	7	-3.370000	3.301000	0.212000	4.722123
487	13	-2.450000	-2.860000	-5.775000	6.894398
487	15	1.767400	-2.280000	-6.045000	6.698069
487	17	-0.880000	3.990000	-2.933000	5.029611
487	19	4.280000	-3.140000	-4.899500	7.223787
487	21	-2.480000	0.461000	-6.631400	7.094955
487	23	-2.070000	1.150000	-6.553400	6.968102
487	27	-5.770000	1.310000	-3.406000	6.827140
487	29	1.570000	-0.260000	-6.538300	6.729180
488	0	-2.850000	-0.830000	-5.993700	6.688486
488	2	0.510000	-2.040000	-6.110000	6.461718
488	4	1.620000	-4.690000	-0.924000	5.047205
488	6	-1.450000	-1.590000	-5.457800	5.866701
488	10	-2.050000	4.190000	-5.165000	6.959585
488	14	-2.490000	-0.290000	-6.229000	6.714510
488	16	1.770000	0.514000	-6.681000	6.930574
488	18	3.232000	3.030000	-5.541730	7.094892
488	22	2.450000	3.680000	-5.524000	7.075272
488	24	-1.420000	-4.190000	-4.229000	6.120208
488	26	-3.140000	0.660000	-5.266000	6.166519
488	3	-3.140000	-2.300000	-5.522800	6.756546
488	5	1.842000	3.790000	-5.297200	6.768855
488	7	0.060000	4.777000	-5.202600	7.063312
488	13	-2.330000	1.740000	-5.997000	6.664871
488	15	-4.644000	-0.570000	-3.205000	5.671302
488	17	-1.940000	3.880000	-4.420500	6.193450
488	19	2.250000	-4.070000	-3.119000	5.599604
488	21	4.200000	-1.182500	-4.704000	6.416068
488	23	-0.240000	-1.600000	-6.995000	7.179667
488	27	2.300000	3.560000	-5.130600	6.654822
488	29	-2.660000	1.910000	-6.057800	6.886265
489	0	-3.760000	-2.270000	-4.724000	6.450324
489	2	1.190000	5.700000	-2.875000	6.493976
489	4	-4.140000	-4.140000	-2.470000	6.354534
489	6	0.160000	4.793000	-5.014000	6.938202
489	10	3.040000	2.200000	-6.393000	7.412965
489	14	-2.710000	3.760000	-5.054000	6.857450
489	16	-1.340000	-0.398000	-6.591000	6.737602
489	18	-0.483000	-0.880000	-7.160000	7.230027
489	22	-0.580000	1.320000	-7.208000	7.350787
489	24	1.070000	-4.490000	-3.259000	5.650317
489	26	2.190000	-3.240000	-6.296200	7.411871
489	3	3.000000	2.060000	-5.864000	6.901456
489	5	-2.470000	-0.560000	-5.764700	6.296528
489	7	-2.060000	1.700000	-6.768000	7.275948
489	13	-2.910000	-2.200000	-5.864700	6.906722
489	15	1.517000	-4.420000	-5.321000	7.081718
489	17	3.280000	-4.110000	-4.180600	6.717731
489	19	-0.740000	-5.730000	-3.288200	6.647763
489	21	-1.470000	1.664000	-6.397740	6.772066
489	23	-2.710000	4.790000	-0.111000	5.504591
489	27	-3.420000	-3.360000	-5.404600	7.224659
489	29	-2.430000	-1.080000	-6.416000	6.945240
490	0	0.320000	-4.840000	-3.168000	5.793464
490	2	-4.210000	2.120000	-5.088000	6.935866
490	4	-1.350000	0.110000	-6.816500	6.949768
490	6	1.530000	-4.276000	-4.861400	6.652690
490	10	1.000000	2.740000	-6.020900	6.690205
490	12	0.610000	2.130000	-6.637300	6.997339
490	14	-0.420000	5.540000	-3.576000	6.607252
490	16	-4.120000	0.278000	-5.395800	6.794582
490	18	-0.612000	-5.120000	-2.984000	5.957617
490	22	-3.050000	-1.750000	-5.641000	6.647246
490	24	-2.400000	0.380000	-6.166000	6.627515
490	26	4.280000	1.930000	-5.713000	7.394705
490	3	-1.960000	3.240000	-3.436600	5.113650
490	5	2.118000	-4.250000	-4.442000	6.502291
490	7	-2.760000	3.885000	-4.310000	6.425490
490	13	2.250000	0.700000	-5.705000	6.172481
490	15	3.976000	-1.960000	-2.868000	5.279735
490	17	-2.710000	-1.900000	-6.046800	6.893322
490	19	-4.160000	-1.320000	-3.846000	5.817191
490	21	2.550000	1.375100	-6.125970	6.776497
490	23	-1.050000	-2.550000	-5.539750	6.188201
490	25	-5.670000	-0.590000	-2.795000	6.348939
490	27	-3.110000	-1.160000	-6.129000	6.970103
490	29	3.700000	-2.020000	-6.061000	7.382826
491	0	-5.510000	0.610000	-4.071000	6.877881
491	2	-2.830000	-3.640000	-3.742000	5.938103
491	4	-2.870000	2.360000	-5.928400	6.996601
491	6	-3.530000	-2.750000	-4.660200	6.460717
491	10	-2.630000	-2.780000	-3.902000	5.465428
491	12	-4.880000	2.660000	-1.725000	5.819418
491	14	-2.260000	-1.200000	-6.721700	7.192277
491	16	1.630000	-1.199000	-6.724000	7.021871
491	18	4.715000	1.330000	-5.649000	7.477388
491	22	3.720000	0.170000	-5.798000	6.890871
491	24	-0.600000	3.140000	-5.354000	6.235777
491	26	1.080000	-1.250000	-6.693600	6.894431
491	3	-4.480000	1.020000	-4.774700	6.626353
491	5	-3.223000	2.401000	-5.829300	7.080485
491	7	-1.700000	0.134000	-6.897000	7.104686
491	13	-1.750000	2.820000	-4.932400	5.945037
491	15	1.878000	-0.710000	-6.880570	7.167512
491	17	1.520000	1.620000	-6.945000	7.291627
491	19	0.000000	-3.200000	-5.485400	6.350560
491	21	-3.100000	1.097000	-5.613000	6.505319
491	23	-0.870000	1.000000	-6.726400	6.855754
491	25	-2.940000	-2.390000	-6.056100	7.143672
491	27	3.690000	3.430000	-4.552000	6.789824
491	29	1.510000	2.000000	-5.824000	6.340274
492	0	-3.180000	-4.660000	-3.489000	6.633334
492	2	3.030000	-4.649000	-2.951000	6.285102
492	4	-0.030000	2.390000	-6.091000	6.543186
492	6	-2.740000	-2.145000	-5.659300	6.643516
492	10	-1.920000	1.940000	-5.751200	6.366027
492	12	0.410000	3.300000	-6.197100	7.032933
492	14	-3.820000	1.310000	-5.503800	6.826442
492	16	0.650000	-1.458000	-7.089000	7.266511
492	18	-2.828000	2.640000	-4.581000	5.996061
492	22	3.990000	-4.430000	-2.403000	6.428018
492	24	-2.530000	2.830000	-4.587000	5.954021
492	26	1.980000	-0.680000	-6.312000	6.650124
492	3	-3.680000	2.030000	-3.662500	5.574693
492	5	-2.070000	-4.884000	-4.457500	6.928756
492	7	3.020000	2.213000	-5.824700	6.924226
492	13	-4.520000	5.380000	-1.798000	7.253110
492	15	3.556000	-1.300000	-5.847000	6.965813
492	17	-1.730000	-0.240000	-6.254900	6.494172
492	19	-0.770000	3.700000	-5.098000	6.346062
492	21	-0.860000	-1.348000	-6.842300	7.026647
492	23	-1.480000	-3.490000	-4.711400	6.047131
492	25	2.890000	3.290000	-5.110900	6.730342
492	27	-0.200000	2.810000	-6.571300	7.149691
492	29	2.980000	-3.140000	-2.873100	5.195643
493	0	-2.870000	-1.960000	-5.762600	6.729492
493	2	3.370000	1.940000	-5.831000	7.008642
493	4	-4.380000	0.170000	-4.355000	6.178942
493	6	-3.310000	-3.021000	-5.258500	6.909006
493	10	-1.980000	3.370000	-5.526000	6.768602
493	14	-2.080000	0.070000	-6.734000	7.048266
493	16	-2.790000	2.923000	-2.466000	4.733834
493	18	1.391000	2.330000	-6.573400	7.111496
493	22	3.160000	3.720000	-4.897000	6.914088
493	24	-3.760000	1.360000	-5.631000	6.906183
493	26	1.860000	2.250000	-5.514000	6.239094
493	3	-0.200000	2.990000	-6.643500	7.288086
493	5	-1.412000	1.787000	-5.770800	6.203970
493	7	1.250000	-1.071000	-6.831400	7.026917
493	15	-4.239100	3.960000	-3.620000	6.837834
493	17	1.450000	-0.370000	-6.067800	6.249608
493	19	-1.770000	1.130000	-6.761000	7.079613
493	21	-2.080000	3.539000	-5.955500	7.233181
493	23	-0.680000	2.160000	-6.680300	7.053680
493	25	-2.690000	-4.240000	-4.543000	6.771451
493	27	-2.420000	-0.430000	-6.851800	7.279317
493	29	5.720000	2.200000	-4.295700	7.484079
494	0	0.540000	-1.490000	-6.966000	7.144008
494	2	-1.270000	3.260000	-6.021000	6.963687
494	4	1.340000	1.650000	-5.444000	5.844248
494	6	4.700000	0.629000	-4.945200	6.851324
494	10	2.770000	0.080000	-6.444900	7.015414
494	14	0.980000	-1.880000	-6.221000	6.572339
494	16	-1.030000	-2.220000	-6.115000	6.586541
494	18	0.009000	-3.300000	-6.531700	7.318004
494	22	-0.940000	-2.820000	-5.715000	6.441834
494	24	-5.150000	0.600000	-3.988000	6.541150
494	26	-0.830000	0.250000	-7.311600	7.362805
494	3	5.220000	2.140000	-2.097000	6.018755
494	5	1.052000	0.502000	-6.946500	7.043619
494	7	1.480000	-4.779200	-3.622000	6.176572
494	15	3.243000	1.060000	-5.211000	6.228577
494	17	3.290000	1.470000	-5.576900	6.639790
494	19	-0.500000	-1.890000	-6.472000	6.760835
494	21	1.320000	-3.494700	-5.914800	6.995726
494	23	-2.280000	3.050000	-5.069700	6.340564
494	25	-2.570000	2.370000	-6.272600	7.181038
494	27	-4.500000	1.190000	-5.535450	7.232379
494	29	1.930000	-2.400000	-6.150000	6.878038
495	0	-2.580000	4.410000	-3.051000	5.950891
495	2	-4.220000	3.220000	-1.824000	5.612822
495	4	3.890000	-2.230000	-5.228000	6.887451
495	6	-2.870000	2.879000	-5.673000	6.979145
495	10	0.390000	5.560000	-3.990000	6.854619
495	14	2.470000	0.940000	-5.762000	6.339175
495	16	-2.650000	-1.964000	-4.074900	5.242576
495	18	-2.781000	-1.220000	-6.597700	7.263058
495	22	4.990000	1.680000	-4.404000	6.864235
495	24	3.140000	0.200000	-5.934000	6.716543
495	26	-2.920000	-2.820000	-4.485000	6.049300
495	3	-1.790000	0.890000	-6.434300	6.737686
495	5	-3.945400	-2.001000	-5.561900	7.106681
495	7	-2.760000	0.918000	-5.721300	6.418224
495	15	1.570000	-0.340000	-5.939000	6.152416
495	17	-0.680000	-1.360000	-7.117000	7.277616
495	19	-1.110000	5.560000	-3.537800	6.682943
495	21	-2.940000	4.483000	-3.274000	6.281717
495	23	-0.410000	1.580000	-6.519000	6.720258
495	25	-1.730000	-1.590000	-6.749000	7.146328
495	27	-2.880000	-0.020000	-6.555400	7.160172
495	29	-3.970000	-0.320000	-5.767000	7.008680
496	0	-0.460000	0.750000	-6.710000	6.767437
496	2	4.330000	-2.840000	-3.002000	5.985525
496	4	0.370000	-5.740000	-2.338000	6.208925
496	6	0.480000	0.658000	-7.296000	7.341320
496	10	5.470000	2.710000	-3.349000	6.962816
496	14	-1.430000	-4.670000	-3.851000	6.219646
496	16	-0.160000	3.572000	-5.977100	6.964949
496	18	-1.993100	4.170000	-5.089000	6.874538
496	22	-0.590000	0.520000	-7.345600	7.387580
496	24	0.030000	-4.060000	-5.608000	6.923450
496	26	4.790000	0.160000	-5.241000	7.101956
496	3	3.330000	-1.750000	-3.056000	4.846704
496	5	0.197000	-2.833000	-6.819310	7.386994
496	7	-2.120000	3.074000	-5.271200	6.459832
496	15	0.295000	0.450000	-7.082000	7.102411
496	17	2.380000	-4.730000	-1.105000	5.409097
496	19	-1.780000	4.870000	-4.692100	6.992932
496	21	6.040000	1.978000	-1.784000	6.601268
496	23	-1.440000	1.460000	-6.668000	6.976204
496	25	-4.210000	2.510000	-3.858000	6.237657
496	27	4.680000	-0.330000	-2.591000	5.359532
496	29	4.700000	-0.460000	-3.090400	5.643773
497	0	-0.470000	-3.770000	-6.020100	7.118666
497	2	-2.400000	3.030000	-5.070000	6.375406
497	4	-0.850000	-1.190000	-5.668000	5.853616
497	6	0.010000	-1.635000	-7.049000	7.236140
497	10	-1.960000	0.320000	-7.267900	7.534346
497	14	-4.300000	-1.840000	-5.552810	7.260117
497	16	1.010000	1.096000	-7.279000	7.430017
497	18	-2.146200	-1.890000	-6.732900	7.315068
497	22	1.830000	2.330000	-5.896000	6.598531
497	24	1.670000	-1.660000	-6.259000	6.687270
497	26	2.220000	-2.680000	-5.982000	6.920630
497	3	-3.420000	0.920000	-4.700400	5.885283
497	5	0.150000	0.514000	-7.040700	7.061031
497	7	-3.220000	1.365000	-6.292900	7.199459
497	15	-0.122000	4.710000	-4.651000	6.620482
497	17	-0.060000	-2.070000	-4.455000	4.912792
497	19	-0.130000	-5.160000	-3.473100	6.221328
497	21	-2.850000	-1.133500	-6.425700	7.120179
497	23	-5.950000	-0.350000	-2.418200	6.432161
497	25	1.230000	-1.530000	-5.711200	6.039173
497	27	2.030000	-3.000000	-5.551860	6.629031
497	29	-2.720000	-0.360000	-6.989000	7.508270
498	0	-3.240000	-5.030000	-1.426000	6.150770
498	2	2.240000	-0.100000	-6.290000	6.677702
498	4	-5.620000	3.210000	-3.778000	7.494117
498	6	0.820000	-1.021000	-6.882000	7.005481
498	10	-0.190000	-0.580000	-6.319000	6.348406
498	14	-1.220000	-4.170000	-5.156400	6.742830
498	16	1.530000	-1.766000	-5.951700	6.393934
498	18	-3.633240	1.570000	-5.191000	6.527773
498	22	1.030000	-0.120000	-7.331000	7.403976
498	24	-1.080000	-4.890000	-4.617000	6.811401
498	26	0.400000	3.400000	-6.395000	7.253690
498	3	2.320000	0.380000	-6.749900	7.147584
498	5	-3.111000	-1.654000	-5.052000	6.159281
498	7	-1.560000	3.350000	-6.203000	7.220340
498	15	0.399000	1.930000	-6.325000	6.624932
498	17	-0.520000	2.690000	-6.010200	6.605226
498	19	1.560000	0.660000	-5.855000	6.095098
498	21	-1.230000	-1.884900	-6.847000	7.207438
498	23	-4.190000	2.910000	-4.420180	6.749977
498	25	1.500000	-1.390000	-6.694000	6.999410
498	27	1.460000	0.320000	-6.750000	6.913501
498	29	-4.430000	0.910000	-3.282200	5.588008
499	0	3.010000	0.830000	-6.245800	6.982766
499	2	2.710000	2.070000	-6.717000	7.533066
499	4	-1.910000	-4.410000	-3.935000	6.211314
499	6	3.790000	0.020000	-5.826000	6.950308
499	10	3.190000	2.440000	-5.386000	6.718534
499	14	-3.030000	2.820000	-4.248000	5.931172
499	16	-1.790000	-1.806000	-6.343000	6.833695
499	18	0.165000	3.820000	-5.844000	6.983693
499	22	-3.750000	0.160000	-5.729000	6.849054
499	24	1.550000	2.580000	-5.580000	6.339976
499	26	0.610000	-4.740000	-3.169000	5.734306
499	3	-2.750000	-1.990000	-5.034300	6.071802
499	5	-1.212000	0.675000	-7.009000	7.144974
499	7	-4.510000	0.458000	-5.063000	6.795869
499	15	0.984000	2.190000	-6.647000	7.067317
499	17	-1.400000	0.350000	-7.031000	7.177567
499	19	-3.750000	3.650000	-3.816100	6.476698
499	21	1.740000	2.938900	-5.679800	6.627583
499	23	-0.960000	-0.380000	-6.649000	6.728685
499	25	2.600000	3.010000	-5.005400	6.393288
499	27	-1.950000	2.190000	-5.133000	5.911539
499	29	-2.900000	1.240000	-6.011000	6.788205
